solid OpenSCAD_Model
  facet normal -1 0 0
    outer loop
      vertex -32.5 1 31.5
      vertex -32.5 35 40
      vertex -32.5 35 31.5
    endloop
  endfacet
  facet normal -1 -0 0
    outer loop
      vertex -32.5 35 40
      vertex -32.5 1 31.5
      vertex -32.5 1 40
    endloop
  endfacet
  facet normal -1 0 0
    outer loop
      vertex -32.5 1 1
      vertex -32.5 35 21
      vertex -32.5 35 1
    endloop
  endfacet
  facet normal -1 -0 0
    outer loop
      vertex -32.5 35 21
      vertex -32.5 1 1
      vertex -32.5 1 21
    endloop
  endfacet
  facet normal 0 0 -1
    outer loop
      vertex 31.5 1 0
      vertex 29.05 8 0
      vertex 31.5 35 0
    endloop
  endfacet
  facet normal 0 0 -1
    outer loop
      vertex 31.5 1 0
      vertex -29.05 8 0
      vertex 29.05 8 0
    endloop
  endfacet
  facet normal -0 0 -1
    outer loop
      vertex -29.05 8 0
      vertex -31.5 1 0
      vertex -29.05 28 0
    endloop
  endfacet
  facet normal 0 0 -1
    outer loop
      vertex -31.5 1 0
      vertex -29.05 8 0
      vertex 31.5 1 0
    endloop
  endfacet
  facet normal 0 0 -1
    outer loop
      vertex 29.05 28 0
      vertex 31.5 35 0
      vertex 29.05 8 0
    endloop
  endfacet
  facet normal 0 0 -1
    outer loop
      vertex -29.05 28 0
      vertex 31.5 35 0
      vertex 29.05 28 0
    endloop
  endfacet
  facet normal 0 0 -1
    outer loop
      vertex -29.05 28 0
      vertex -31.5 35 0
      vertex 31.5 35 0
    endloop
  endfacet
  facet normal 0 0 -1
    outer loop
      vertex -31.5 35 0
      vertex -29.05 28 0
      vertex -31.5 1 0
    endloop
  endfacet
  facet normal 1 -0 0
    outer loop
      vertex 32.5 1 21
      vertex 32.5 35 1
      vertex 32.5 35 21
    endloop
  endfacet
  facet normal 1 0 0
    outer loop
      vertex 32.5 35 1
      vertex 32.5 1 21
      vertex 32.5 1 1
    endloop
  endfacet
  facet normal 1 -0 0
    outer loop
      vertex 32.5 1 40
      vertex 32.5 35 31.5
      vertex 32.5 35 40
    endloop
  endfacet
  facet normal 1 0 0
    outer loop
      vertex 32.5 35 31.5
      vertex 32.5 1 40
      vertex 32.5 1 31.5
    endloop
  endfacet
  facet normal 0 -1 0
    outer loop
      vertex -31.5 0 1
      vertex 31.5 0 22
      vertex -31.5 0 22
    endloop
  endfacet
  facet normal 0 -1 -0
    outer loop
      vertex 31.5 0 22
      vertex -31.5 0 1
      vertex 31.5 0 1
    endloop
  endfacet
  facet normal 0 -1 0
    outer loop
      vertex -31.5 0 22
      vertex -31.5 0 30.5
      vertex -41.5 0 30.5
    endloop
  endfacet
  facet normal 0 -1 0
    outer loop
      vertex -31.5 0 30.5
      vertex -31.5 0 22
      vertex 31.5 0 30.5
    endloop
  endfacet
  facet normal 0 -1 0
    outer loop
      vertex -31.5 0 22
      vertex -41.5 0 30.5
      vertex -41.5 0 22
    endloop
  endfacet
  facet normal 0 -1 0
    outer loop
      vertex 31.5 0 22
      vertex 31.5 0 30.5
      vertex -31.5 0 22
    endloop
  endfacet
  facet normal 0 -1 0
    outer loop
      vertex 31.5 0 30.5
      vertex 31.5 0 22
      vertex 41.5 0 30.5
    endloop
  endfacet
  facet normal 0 -1 -0
    outer loop
      vertex 41.5 0 30.5
      vertex 31.5 0 22
      vertex 41.5 0 22
    endloop
  endfacet
  facet normal 0 -1 0
    outer loop
      vertex -31.5 0 40
      vertex -6.25 0 38.9
      vertex -4.67 0 40
    endloop
  endfacet
  facet normal 0 -1 0
    outer loop
      vertex -31.5 0 40
      vertex -6.25 0 31.9
      vertex -6.25 0 38.9
    endloop
  endfacet
  facet normal 0 -1 0
    outer loop
      vertex -6.25 0 31.9
      vertex 12.2195 0 31.1548
      vertex 6.25 0 31.9
    endloop
  endfacet
  facet normal 0 -1 0
    outer loop
      vertex 31.5 0 30.5
      vertex 12.2195 0 31.1548
      vertex -31.5 0 30.5
    endloop
  endfacet
  facet normal 0 -1 -0
    outer loop
      vertex -6.25 0 31.9
      vertex -31.5 0 30.5
      vertex 12.2195 0 31.1548
    endloop
  endfacet
  facet normal 0 -1 0
    outer loop
      vertex -31.5 0 30.5
      vertex -6.25 0 31.9
      vertex -31.5 0 40
    endloop
  endfacet
  facet normal 0 -1 -0
    outer loop
      vertex -4.67 0 40
      vertex -6.25 0 38.9
      vertex -4.67 0 38.9
    endloop
  endfacet
  facet normal 0 -1 0
    outer loop
      vertex 12.8627 0 32.6549
      vertex 12.9387 0 32.5849
      vertex 12.9244 0 32.6549
    endloop
  endfacet
  facet normal 0 -1 0
    outer loop
      vertex 12.8627 0 32.6549
      vertex 12.9571 0 32.5203
      vertex 12.9387 0 32.5849
    endloop
  endfacet
  facet normal 0 -1 0
    outer loop
      vertex 12.8627 0 32.6549
      vertex 12.9796 0 32.461
      vertex 12.9571 0 32.5203
    endloop
  endfacet
  facet normal 0 -1 0
    outer loop
      vertex 12.8627 0 31.1548
      vertex 12.9796 0 32.461
      vertex 12.8627 0 32.6549
    endloop
  endfacet
  facet normal 0 -1 0
    outer loop
      vertex 15.9163 0 32.1586
      vertex 17.7351 0 31.3447
      vertex 16.0667 0 32.1517
    endloop
  endfacet
  facet normal 0 -1 0
    outer loop
      vertex 12.8627 0 31.1548
      vertex 13.5296 0 32.1517
      vertex 13.4537 0 32.1542
    endloop
  endfacet
  facet normal 0 -1 0
    outer loop
      vertex 12.8627 0 31.1548
      vertex 13.4537 0 32.1542
      vertex 13.3831 0 32.1618
    endloop
  endfacet
  facet normal 0 0 0
    outer loop
      vertex 17.7351 0 31.3447
      vertex 19.0191 0 31.3447
      vertex 18.338 0 31.3447
    endloop
  endfacet
  facet normal 0 -1 0
    outer loop
      vertex 12.8627 0 31.1548
      vertex 19.0191 0 31.3447
      vertex 17.7351 0 31.3447
    endloop
  endfacet
  facet normal 0 -1 -0
    outer loop
      vertex 19.0191 0 31.3447
      vertex 12.8627 0 31.1548
      vertex 19.9614 0 31.3447
    endloop
  endfacet
  facet normal 0 -1 -0
    outer loop
      vertex 13.6602 0 32.1586
      vertex 12.8627 0 31.1548
      vertex 17.7351 0 31.3447
    endloop
  endfacet
  facet normal 0 -1 -0
    outer loop
      vertex 13.3178 0 32.1746
      vertex 12.8627 0 31.1548
      vertex 13.3831 0 32.1618
    endloop
  endfacet
  facet normal 0 -1 -0
    outer loop
      vertex 13.258 0 32.1924
      vertex 12.8627 0 31.1548
      vertex 13.3178 0 32.1746
    endloop
  endfacet
  facet normal 0 -1 -0
    outer loop
      vertex 13.2035 0 32.2153
      vertex 12.8627 0 31.1548
      vertex 13.258 0 32.1924
    endloop
  endfacet
  facet normal 0 -1 -0
    outer loop
      vertex 13.1545 0 32.2432
      vertex 12.8627 0 31.1548
      vertex 13.2035 0 32.2153
    endloop
  endfacet
  facet normal 0 -1 -0
    outer loop
      vertex 13.1108 0 32.2763
      vertex 12.8627 0 31.1548
      vertex 13.1545 0 32.2432
    endloop
  endfacet
  facet normal 0 -1 -0
    outer loop
      vertex 13.0718 0 32.3146
      vertex 12.8627 0 31.1548
      vertex 13.1108 0 32.2763
    endloop
  endfacet
  facet normal 0 -1 -0
    outer loop
      vertex 13.0369 0 32.3581
      vertex 12.8627 0 31.1548
      vertex 13.0718 0 32.3146
    endloop
  endfacet
  facet normal 0 -1 -0
    outer loop
      vertex 13.0062 0 32.4069
      vertex 12.8627 0 31.1548
      vertex 13.0369 0 32.3581
    endloop
  endfacet
  facet normal 0 -1 -0
    outer loop
      vertex 12.9796 0 32.461
      vertex 12.8627 0 31.1548
      vertex 13.0062 0 32.4069
    endloop
  endfacet
  facet normal 0 -1 0
    outer loop
      vertex 19.2707 0 32.0805
      vertex 19.3585 0 34.715
      vertex 18.6774 0 34.715
    endloop
  endfacet
  facet normal 0 -1 -0
    outer loop
      vertex 19.3585 0 34.715
      vertex 19.2707 0 32.0805
      vertex 19.3585 0 32.0805
    endloop
  endfacet
  facet normal 0 -1 0
    outer loop
      vertex 18.3 0 37.05
      vertex 16.4877 0 34.6997
      vertex 17.7351 0 34.715
    endloop
  endfacet
  facet normal 0 -1 0
    outer loop
      vertex 16.608 0 34.6508
      vertex 17.7351 0 34.715
      vertex 16.4877 0 34.6997
    endloop
  endfacet
  facet normal 0 -1 0
    outer loop
      vertex 16.7184 0 34.5881
      vertex 17.7351 0 34.715
      vertex 16.608 0 34.6508
    endloop
  endfacet
  facet normal 0 -1 0
    outer loop
      vertex 16.8188 0 34.5114
      vertex 17.7351 0 34.715
      vertex 16.7184 0 34.5881
    endloop
  endfacet
  facet normal 0 -1 0
    outer loop
      vertex 16.9093 0 34.4207
      vertex 17.7351 0 34.715
      vertex 16.8188 0 34.5114
    endloop
  endfacet
  facet normal 0 -1 0
    outer loop
      vertex 16.9886 0 34.3173
      vertex 17.7351 0 34.715
      vertex 16.9093 0 34.4207
    endloop
  endfacet
  facet normal 0 -1 0
    outer loop
      vertex 17.0557 0 34.2025
      vertex 17.7351 0 34.715
      vertex 16.9886 0 34.3173
    endloop
  endfacet
  facet normal 0 -1 0
    outer loop
      vertex 17.1107 0 34.0763
      vertex 17.7351 0 34.715
      vertex 17.0557 0 34.2025
    endloop
  endfacet
  facet normal 0 -1 0
    outer loop
      vertex 17.1534 0 33.9386
      vertex 17.7351 0 34.715
      vertex 17.1107 0 34.0763
    endloop
  endfacet
  facet normal 0 -1 0
    outer loop
      vertex 17.1839 0 33.7895
      vertex 17.7351 0 34.715
      vertex 17.1534 0 33.9386
    endloop
  endfacet
  facet normal 0 -1 0
    outer loop
      vertex 17.2022 0 33.629
      vertex 17.7351 0 34.715
      vertex 17.1839 0 33.7895
    endloop
  endfacet
  facet normal 0 -1 0
    outer loop
      vertex 17.2083 0 33.4571
      vertex 17.7351 0 34.715
      vertex 17.2022 0 33.629
    endloop
  endfacet
  facet normal 0 -1 0
    outer loop
      vertex 17.2022 0 33.2845
      vertex 17.7351 0 34.715
      vertex 17.2083 0 33.4571
    endloop
  endfacet
  facet normal 0 -1 0
    outer loop
      vertex 17.7351 0 31.3447
      vertex 17.2022 0 33.2845
      vertex 17.1839 0 33.1235
    endloop
  endfacet
  facet normal 0 -1 0
    outer loop
      vertex 17.7351 0 31.3447
      vertex 17.1839 0 33.1235
      vertex 17.1534 0 32.9741
    endloop
  endfacet
  facet normal 0 -1 0
    outer loop
      vertex 17.7351 0 31.3447
      vertex 17.1534 0 32.9741
      vertex 17.1107 0 32.8363
    endloop
  endfacet
  facet normal 0 -1 0
    outer loop
      vertex 17.2022 0 33.2845
      vertex 17.7351 0 31.3447
      vertex 17.7351 0 34.715
    endloop
  endfacet
  facet normal 0 -1 0
    outer loop
      vertex 17.0557 0 32.7101
      vertex 17.7351 0 31.3447
      vertex 17.1107 0 32.8363
    endloop
  endfacet
  facet normal 0 -1 0
    outer loop
      vertex 16.9886 0 32.5954
      vertex 17.7351 0 31.3447
      vertex 17.0557 0 32.7101
    endloop
  endfacet
  facet normal 0 -1 0
    outer loop
      vertex 16.9093 0 32.4923
      vertex 17.7351 0 31.3447
      vertex 16.9886 0 32.5954
    endloop
  endfacet
  facet normal 0 -1 0
    outer loop
      vertex 16.8188 0 32.4019
      vertex 17.7351 0 31.3447
      vertex 16.9093 0 32.4923
    endloop
  endfacet
  facet normal 0 -1 0
    outer loop
      vertex 16.7184 0 32.3255
      vertex 17.7351 0 31.3447
      vertex 16.8188 0 32.4019
    endloop
  endfacet
  facet normal 0 -1 0
    outer loop
      vertex 16.608 0 32.2629
      vertex 17.7351 0 31.3447
      vertex 16.7184 0 32.3255
    endloop
  endfacet
  facet normal 0 -1 0
    outer loop
      vertex 16.4877 0 32.2142
      vertex 17.7351 0 31.3447
      vertex 16.608 0 32.2629
    endloop
  endfacet
  facet normal 0 -1 0
    outer loop
      vertex 16.3573 0 32.1795
      vertex 17.7351 0 31.3447
      vertex 16.4877 0 32.2142
    endloop
  endfacet
  facet normal 0 -1 0
    outer loop
      vertex 16.217 0 32.1586
      vertex 17.7351 0 31.3447
      vertex 16.3573 0 32.1795
    endloop
  endfacet
  facet normal 0 -1 0
    outer loop
      vertex 17.7351 0 31.3447
      vertex 16.217 0 32.1586
      vertex 16.0667 0 32.1517
    endloop
  endfacet
  facet normal 0 -1 0
    outer loop
      vertex 13.7846 0 34.7349
      vertex 13.9 0 37.05
      vertex 13.6637 0 34.7556
    endloop
  endfacet
  facet normal 0 -1 0
    outer loop
      vertex 13.9 0 37.05
      vertex 15.9163 0 34.7555
      vertex 16.0667 0 34.7625
    endloop
  endfacet
  facet normal 0 -1 0
    outer loop
      vertex 13.897 0 34.7005
      vertex 13.9 0 37.05
      vertex 13.7846 0 34.7349
    endloop
  endfacet
  facet normal 0 -1 0
    outer loop
      vertex 13.9 0 37.05
      vertex 15.776 0 34.7346
      vertex 15.9163 0 34.7555
    endloop
  endfacet
  facet normal 0 -1 0
    outer loop
      vertex 14.0009 0 34.6524
      vertex 13.9 0 37.05
      vertex 13.897 0 34.7005
    endloop
  endfacet
  facet normal 0 -1 0
    outer loop
      vertex 13.9 0 37.05
      vertex 15.6456 0 34.6997
      vertex 15.776 0 34.7346
    endloop
  endfacet
  facet normal 0 -1 0
    outer loop
      vertex 13.9 0 37.05
      vertex 14.0009 0 34.6524
      vertex 15.5252 0 34.6508
    endloop
  endfacet
  facet normal 0 -1 0
    outer loop
      vertex 13.9 0 37.05
      vertex 15.5252 0 34.6508
      vertex 15.6456 0 34.6997
    endloop
  endfacet
  facet normal 0 -1 0
    outer loop
      vertex 15.4148 0 34.5881
      vertex 14.0009 0 34.6524
      vertex 14.0964 0 34.5905
    endloop
  endfacet
  facet normal 0 -1 0
    outer loop
      vertex 14.0009 0 34.6524
      vertex 15.4148 0 34.5881
      vertex 15.5252 0 34.6508
    endloop
  endfacet
  facet normal 0 -1 0
    outer loop
      vertex 15.3144 0 34.5114
      vertex 14.0964 0 34.5905
      vertex 14.1834 0 34.5148
    endloop
  endfacet
  facet normal 0 -1 0
    outer loop
      vertex 14.0964 0 34.5905
      vertex 15.3144 0 34.5114
      vertex 15.4148 0 34.5881
    endloop
  endfacet
  facet normal 0 -1 0
    outer loop
      vertex 15.224 0 34.4207
      vertex 14.1834 0 34.5148
      vertex 14.2619 0 34.4254
    endloop
  endfacet
  facet normal 0 -1 0
    outer loop
      vertex 14.1834 0 34.5148
      vertex 15.224 0 34.4207
      vertex 15.3144 0 34.5114
    endloop
  endfacet
  facet normal 0 -1 0
    outer loop
      vertex 15.1447 0 34.3173
      vertex 14.2619 0 34.4254
      vertex 14.3308 0 34.3232
    endloop
  endfacet
  facet normal 0 -1 0
    outer loop
      vertex 14.2619 0 34.4254
      vertex 15.1447 0 34.3173
      vertex 15.224 0 34.4207
    endloop
  endfacet
  facet normal 0 -1 0
    outer loop
      vertex 15.0776 0 34.2025
      vertex 14.3308 0 34.3232
      vertex 14.3892 0 34.209
    endloop
  endfacet
  facet normal 0 -1 0
    outer loop
      vertex 14.3308 0 34.3232
      vertex 15.0776 0 34.2025
      vertex 15.1447 0 34.3173
    endloop
  endfacet
  facet normal 0 -1 0
    outer loop
      vertex 15.0227 0 34.0763
      vertex 14.3892 0 34.209
      vertex 14.4369 0 34.0829
    endloop
  endfacet
  facet normal 0 -1 0
    outer loop
      vertex 14.3892 0 34.209
      vertex 15.0227 0 34.0763
      vertex 15.0776 0 34.2025
    endloop
  endfacet
  facet normal 0 -1 0
    outer loop
      vertex 14.98 0 33.9386
      vertex 14.4369 0 34.0829
      vertex 14.474 0 33.9449
    endloop
  endfacet
  facet normal 0 -1 0
    outer loop
      vertex 14.4369 0 34.0829
      vertex 14.98 0 33.9386
      vertex 15.0227 0 34.0763
    endloop
  endfacet
  facet normal 0 -1 0
    outer loop
      vertex 14.5005 0 33.795
      vertex 14.98 0 33.9386
      vertex 14.474 0 33.9449
    endloop
  endfacet
  facet normal 0 -1 0
    outer loop
      vertex 14.5005 0 33.795
      vertex 14.9495 0 33.7895
      vertex 14.98 0 33.9386
    endloop
  endfacet
  facet normal 0 -1 0
    outer loop
      vertex 14.5164 0 33.6332
      vertex 14.9495 0 33.7895
      vertex 14.5005 0 33.795
    endloop
  endfacet
  facet normal 0 -1 0
    outer loop
      vertex 14.5164 0 33.6332
      vertex 14.9312 0 33.629
      vertex 14.9495 0 33.7895
    endloop
  endfacet
  facet normal 0 -1 0
    outer loop
      vertex 14.5217 0 33.4594
      vertex 14.9312 0 33.629
      vertex 14.5164 0 33.6332
    endloop
  endfacet
  facet normal 0 -1 0
    outer loop
      vertex 14.5217 0 33.4594
      vertex 14.9251 0 33.4571
      vertex 14.9312 0 33.629
    endloop
  endfacet
  facet normal 0 -1 0
    outer loop
      vertex 14.5164 0 33.2868
      vertex 14.9251 0 33.4571
      vertex 14.5217 0 33.4594
    endloop
  endfacet
  facet normal 0 -1 0
    outer loop
      vertex 14.5164 0 33.2868
      vertex 14.9312 0 33.2845
      vertex 14.9251 0 33.4571
    endloop
  endfacet
  facet normal 0 -1 0
    outer loop
      vertex 14.5005 0 33.1258
      vertex 14.9312 0 33.2845
      vertex 14.5164 0 33.2868
    endloop
  endfacet
  facet normal 0 -1 0
    outer loop
      vertex 14.5005 0 33.1258
      vertex 14.9495 0 33.1235
      vertex 14.9312 0 33.2845
    endloop
  endfacet
  facet normal 0 -1 0
    outer loop
      vertex 14.474 0 32.9763
      vertex 14.9495 0 33.1235
      vertex 14.5005 0 33.1258
    endloop
  endfacet
  facet normal 0 -1 0
    outer loop
      vertex 14.474 0 32.9763
      vertex 14.98 0 32.9741
      vertex 14.9495 0 33.1235
    endloop
  endfacet
  facet normal 0 -1 0
    outer loop
      vertex 14.4369 0 32.8383
      vertex 14.98 0 32.9741
      vertex 14.474 0 32.9763
    endloop
  endfacet
  facet normal 0 -1 0
    outer loop
      vertex 14.4369 0 32.8383
      vertex 15.0227 0 32.8363
      vertex 14.98 0 32.9741
    endloop
  endfacet
  facet normal 0 -1 0
    outer loop
      vertex 14.3892 0 32.7118
      vertex 15.0227 0 32.8363
      vertex 14.4369 0 32.8383
    endloop
  endfacet
  facet normal 0 -1 0
    outer loop
      vertex 14.3892 0 32.7118
      vertex 15.0776 0 32.7101
      vertex 15.0227 0 32.8363
    endloop
  endfacet
  facet normal 0 -1 0
    outer loop
      vertex 14.3308 0 32.5969
      vertex 15.0776 0 32.7101
      vertex 14.3892 0 32.7118
    endloop
  endfacet
  facet normal 0 -1 0
    outer loop
      vertex 14.3308 0 32.5969
      vertex 15.1447 0 32.5954
      vertex 15.0776 0 32.7101
    endloop
  endfacet
  facet normal 0 -1 0
    outer loop
      vertex 14.2619 0 32.4935
      vertex 15.1447 0 32.5954
      vertex 14.3308 0 32.5969
    endloop
  endfacet
  facet normal 0 -1 0
    outer loop
      vertex 14.2619 0 32.4935
      vertex 15.224 0 32.4923
      vertex 15.1447 0 32.5954
    endloop
  endfacet
  facet normal 0 -1 0
    outer loop
      vertex 14.1833 0 32.4028
      vertex 15.224 0 32.4923
      vertex 14.2619 0 32.4935
    endloop
  endfacet
  facet normal 0 -1 0
    outer loop
      vertex 14.1833 0 32.4028
      vertex 15.3144 0 32.4019
      vertex 15.224 0 32.4923
    endloop
  endfacet
  facet normal 0 -1 0
    outer loop
      vertex 14.096 0 32.326
      vertex 15.3144 0 32.4019
      vertex 14.1833 0 32.4028
    endloop
  endfacet
  facet normal 0 -1 0
    outer loop
      vertex 14.096 0 32.326
      vertex 15.4148 0 32.3255
      vertex 15.3144 0 32.4019
    endloop
  endfacet
  facet normal 0 -1 0
    outer loop
      vertex 14.0001 0 32.2633
      vertex 15.4148 0 32.3255
      vertex 14.096 0 32.326
    endloop
  endfacet
  facet normal 0 -1 0
    outer loop
      vertex 14.0001 0 32.2633
      vertex 15.5252 0 32.2629
      vertex 15.4148 0 32.3255
    endloop
  endfacet
  facet normal 0 -1 0
    outer loop
      vertex 13.8955 0 32.2144
      vertex 15.5252 0 32.2629
      vertex 14.0001 0 32.2633
    endloop
  endfacet
  facet normal 0 -1 0
    outer loop
      vertex 13.8955 0 32.2144
      vertex 15.6456 0 32.2142
      vertex 15.5252 0 32.2629
    endloop
  endfacet
  facet normal 0 -1 0
    outer loop
      vertex 13.7822 0 32.1796
      vertex 15.6456 0 32.2142
      vertex 13.8955 0 32.2144
    endloop
  endfacet
  facet normal 0 -1 0
    outer loop
      vertex 13.7822 0 32.1796
      vertex 15.776 0 32.1795
      vertex 15.6456 0 32.2142
    endloop
  endfacet
  facet normal 0 -1 0
    outer loop
      vertex 17.7351 0 31.3447
      vertex 13.7822 0 32.1796
      vertex 13.6602 0 32.1586
    endloop
  endfacet
  facet normal 0 -1 0
    outer loop
      vertex 13.7822 0 32.1796
      vertex 17.7351 0 31.3447
      vertex 15.776 0 32.1795
    endloop
  endfacet
  facet normal 0 -1 0
    outer loop
      vertex 12.8627 0 31.1548
      vertex 13.6602 0 32.1586
      vertex 13.5296 0 32.1517
    endloop
  endfacet
  facet normal 0 -1 0
    outer loop
      vertex 15.776 0 32.1795
      vertex 17.7351 0 31.3447
      vertex 15.9163 0 32.1586
    endloop
  endfacet
  facet normal 0 -1 0
    outer loop
      vertex 18.3 0 38.95
      vertex 4.67 0 40
      vertex 13.9 0 38.95
    endloop
  endfacet
  facet normal 0 -1 0
    outer loop
      vertex 6.25 0 38.9
      vertex 4.67 0 40
      vertex 4.67 0 38.9
    endloop
  endfacet
  facet normal 0 -1 0
    outer loop
      vertex 4.67 0 40
      vertex 6.25 0 38.9
      vertex 13.9 0 38.95
    endloop
  endfacet
  facet normal 0 -1 0
    outer loop
      vertex 6.25 0 38.9
      vertex 13.9 0 37.05
      vertex 13.9 0 38.95
    endloop
  endfacet
  facet normal 0 -1 0
    outer loop
      vertex 13.6637 0 34.7556
      vertex 13.9 0 37.05
      vertex 13.5344 0 34.7625
    endloop
  endfacet
  facet normal 0 -1 0
    outer loop
      vertex 12.2195 0 34.715
      vertex 13.9 0 37.05
      vertex 6.25 0 38.9
    endloop
  endfacet
  facet normal 0 -1 0
    outer loop
      vertex 13.9 0 37.05
      vertex 13.4613 0 34.7599
      vertex 13.5344 0 34.7625
    endloop
  endfacet
  facet normal -0 -1 0
    outer loop
      vertex 13.3278 0 34.7393
      vertex 13.9 0 37.05
      vertex 12.7701 0 34.7387
    endloop
  endfacet
  facet normal 0 -1 0
    outer loop
      vertex 13.9 0 37.05
      vertex 13.3924 0 34.7522
      vertex 13.4613 0 34.7599
    endloop
  endfacet
  facet normal 0 -1 0
    outer loop
      vertex 13.9 0 37.05
      vertex 13.3278 0 34.7393
      vertex 13.3924 0 34.7522
    endloop
  endfacet
  facet normal 0 -1 0
    outer loop
      vertex 13.9 0 37.05
      vertex 12.2195 0 34.715
      vertex 12.7701 0 34.7387
    endloop
  endfacet
  facet normal 0 -1 0
    outer loop
      vertex 6.25 0 31.9
      vertex 12.2195 0 34.715
      vertex 6.25 0 38.9
    endloop
  endfacet
  facet normal 0 -1 -0
    outer loop
      vertex 12.2195 0 34.715
      vertex 6.25 0 31.9
      vertex 12.2195 0 31.1548
    endloop
  endfacet
  facet normal 0 -1 0
    outer loop
      vertex 4.67 0 40
      vertex 18.3 0 38.95
      vertex 31.5 0 40
    endloop
  endfacet
  facet normal 0 -1 0
    outer loop
      vertex 19.9614 0 34.715
      vertex 18.3 0 38.95
      vertex 18.3 0 37.05
    endloop
  endfacet
  facet normal 0 -1 0
    outer loop
      vertex 13.9 0 37.05
      vertex 16.0667 0 34.7625
      vertex 18.3 0 37.05
    endloop
  endfacet
  facet normal 0 -1 0
    outer loop
      vertex 16.217 0 34.7555
      vertex 18.3 0 37.05
      vertex 16.0667 0 34.7625
    endloop
  endfacet
  facet normal 0 -1 0
    outer loop
      vertex 16.3573 0 34.7346
      vertex 18.3 0 37.05
      vertex 16.217 0 34.7555
    endloop
  endfacet
  facet normal 0 -1 0
    outer loop
      vertex 16.4877 0 34.6997
      vertex 18.3 0 37.05
      vertex 16.3573 0 34.7346
    endloop
  endfacet
  facet normal 0 -1 0
    outer loop
      vertex 18.6774 0 34.715
      vertex 18.3 0 37.05
      vertex 17.7351 0 34.715
    endloop
  endfacet
  facet normal 0 -1 0
    outer loop
      vertex 19.3585 0 34.715
      vertex 18.3 0 37.05
      vertex 18.6774 0 34.715
    endloop
  endfacet
  facet normal 0 -1 0
    outer loop
      vertex 19.9614 0 34.715
      vertex 18.3 0 37.05
      vertex 19.3585 0 34.715
    endloop
  endfacet
  facet normal 0 -1 0
    outer loop
      vertex 18.3 0 38.95
      vertex 19.9614 0 34.715
      vertex 31.5 0 40
    endloop
  endfacet
  facet normal 0 -1 0
    outer loop
      vertex 31.5 0 30.5
      vertex 19.9614 0 34.715
      vertex 19.9614 0 31.3447
    endloop
  endfacet
  facet normal 0 -1 0
    outer loop
      vertex 19.9614 0 34.715
      vertex 31.5 0 30.5
      vertex 31.5 0 40
    endloop
  endfacet
  facet normal 0 -1 0
    outer loop
      vertex 12.8627 0 31.1548
      vertex 31.5 0 30.5
      vertex 19.9614 0 31.3447
    endloop
  endfacet
  facet normal 0 -1 0
    outer loop
      vertex 12.2195 0 31.1548
      vertex 31.5 0 30.5
      vertex 12.8627 0 31.1548
    endloop
  endfacet
  facet normal 0 -1 0
    outer loop
      vertex 12.7701 0 34.7387
      vertex 13.2674 0 34.7214
      vertex 13.3278 0 34.7393
    endloop
  endfacet
  facet normal 0 -1 0
    outer loop
      vertex 12.7701 0 34.7387
      vertex 13.2113 0 34.6983
      vertex 13.2674 0 34.7214
    endloop
  endfacet
  facet normal 0 -1 0
    outer loop
      vertex 12.7701 0 34.7387
      vertex 13.1595 0 34.67
      vertex 13.2113 0 34.6983
    endloop
  endfacet
  facet normal 0 -1 0
    outer loop
      vertex 12.7701 0 34.7387
      vertex 13.1119 0 34.6367
      vertex 13.1595 0 34.67
    endloop
  endfacet
  facet normal 0 -1 0
    outer loop
      vertex 12.7701 0 34.7387
      vertex 13.069 0 34.5982
      vertex 13.1119 0 34.6367
    endloop
  endfacet
  facet normal 0 -1 0
    outer loop
      vertex 12.7701 0 34.7387
      vertex 13.0309 0 34.5545
      vertex 13.069 0 34.5982
    endloop
  endfacet
  facet normal 0 -1 0
    outer loop
      vertex 12.7701 0 34.7387
      vertex 12.9979 0 34.5057
      vertex 13.0309 0 34.5545
    endloop
  endfacet
  facet normal 0 -1 0
    outer loop
      vertex 12.7701 0 34.7387
      vertex 12.9697 0 34.4518
      vertex 12.9979 0 34.5057
    endloop
  endfacet
  facet normal 0 -1 0
    outer loop
      vertex 12.7701 0 34.7387
      vertex 12.9465 0 34.3928
      vertex 12.9697 0 34.4518
    endloop
  endfacet
  facet normal 0 -1 0
    outer loop
      vertex 12.8592 0 34.2593
      vertex 12.9465 0 34.3928
      vertex 12.7701 0 34.7387
    endloop
  endfacet
  facet normal 0 -1 0
    outer loop
      vertex 12.9465 0 34.3928
      vertex 12.8592 0 34.2593
      vertex 12.9282 0 34.3286
    endloop
  endfacet
  facet normal 0 -1 0
    outer loop
      vertex 12.9282 0 34.3286
      vertex 12.8592 0 34.2593
      vertex 12.9149 0 34.2593
    endloop
  endfacet
  facet normal 0 -1 0
    outer loop
      vertex 18.338 0 31.3447
      vertex 18.4258 0 33.9792
      vertex 18.338 0 33.9792
    endloop
  endfacet
  facet normal 0 -1 -0
    outer loop
      vertex 18.4258 0 33.9792
      vertex 18.338 0 31.3447
      vertex 19.0191 0 31.3447
    endloop
  endfacet
  facet normal 0 -1 0
    outer loop
      vertex 12.898 0 33.8121
      vertex 13.354 0 34.1572
      vertex 13.2788 0 34.1538
    endloop
  endfacet
  facet normal 0 -1 0
    outer loop
      vertex 12.9178 0 33.8799
      vertex 13.2788 0 34.1538
      vertex 13.2103 0 34.1437
    endloop
  endfacet
  facet normal -0 -1 0
    outer loop
      vertex 13.7817 0 33.8673
      vertex 13.354 0 34.1572
      vertex 12.898 0 33.8121
    endloop
  endfacet
  facet normal 0 -1 0
    outer loop
      vertex 12.9421 0 33.9395
      vertex 13.2103 0 34.1437
      vertex 13.1488 0 34.1267
    endloop
  endfacet
  facet normal 0 -1 0
    outer loop
      vertex 13.2788 0 34.1538
      vertex 12.9178 0 33.8799
      vertex 12.898 0 33.8121
    endloop
  endfacet
  facet normal 0 -1 0
    outer loop
      vertex 12.9421 0 33.9395
      vertex 13.1488 0 34.1267
      vertex 13.094 0 34.103
    endloop
  endfacet
  facet normal 0 -1 0
    outer loop
      vertex 13.354 0 34.1572
      vertex 13.7817 0 33.8673
      vertex 13.4208 0 34.1536
    endloop
  endfacet
  facet normal 0 -1 0
    outer loop
      vertex 12.9707 0 33.9911
      vertex 13.094 0 34.103
      vertex 13.0461 0 34.0725
    endloop
  endfacet
  facet normal -0 -1 -0
    outer loop
      vertex 13.7537 0 33.9279
      vertex 13.4208 0 34.1536
      vertex 13.7817 0 33.8673
    endloop
  endfacet
  facet normal 0 -1 0
    outer loop
      vertex 12.9707 0 33.9911
      vertex 13.0461 0 34.0725
      vertex 13.005 0 34.0352
    endloop
  endfacet
  facet normal 0 -1 0
    outer loop
      vertex 13.2103 0 34.1437
      vertex 12.9421 0 33.9395
      vertex 12.9178 0 33.8799
    endloop
  endfacet
  facet normal 0 -1 0
    outer loop
      vertex 13.094 0 34.103
      vertex 12.9707 0 33.9911
      vertex 12.9421 0 33.9395
    endloop
  endfacet
  facet normal -0 -1 -0
    outer loop
      vertex 13.7207 0 33.9816
      vertex 13.4828 0 34.1429
      vertex 13.7537 0 33.9279
    endloop
  endfacet
  facet normal 0 -1 0
    outer loop
      vertex 13.5923 0 34.0999
      vertex 13.7207 0 33.9816
      vertex 13.6399 0 34.0676
    endloop
  endfacet
  facet normal 0 -1 0
    outer loop
      vertex 13.6399 0 34.0676
      vertex 13.7207 0 33.9816
      vertex 13.6827 0 34.0282
    endloop
  endfacet
  facet normal 0 -1 0
    outer loop
      vertex 13.5399 0 34.125
      vertex 13.7207 0 33.9816
      vertex 13.5923 0 34.0999
    endloop
  endfacet
  facet normal 0 -1 0
    outer loop
      vertex 13.4828 0 34.1429
      vertex 13.7207 0 33.9816
      vertex 13.5399 0 34.125
    endloop
  endfacet
  facet normal 0 -1 0
    outer loop
      vertex 13.4208 0 34.1536
      vertex 13.7537 0 33.9279
      vertex 13.4828 0 34.1429
    endloop
  endfacet
  facet normal 0 -1 0
    outer loop
      vertex 12.898 0 33.8121
      vertex 13.8046 0 33.7997
      vertex 13.7817 0 33.8673
    endloop
  endfacet
  facet normal 0 -1 0
    outer loop
      vertex 12.8825 0 33.7361
      vertex 13.8046 0 33.7997
      vertex 12.898 0 33.8121
    endloop
  endfacet
  facet normal 0 -1 0
    outer loop
      vertex 12.8825 0 33.7361
      vertex 13.8224 0 33.7251
      vertex 13.8046 0 33.7997
    endloop
  endfacet
  facet normal 0 -1 0
    outer loop
      vertex 12.8715 0 33.652
      vertex 13.8224 0 33.7251
      vertex 12.8825 0 33.7361
    endloop
  endfacet
  facet normal 0 -1 0
    outer loop
      vertex 12.8715 0 33.652
      vertex 13.8351 0 33.6435
      vertex 13.8224 0 33.7251
    endloop
  endfacet
  facet normal 0 -1 0
    outer loop
      vertex 12.8649 0 33.5598
      vertex 13.8351 0 33.6435
      vertex 12.8715 0 33.652
    endloop
  endfacet
  facet normal 0 -1 0
    outer loop
      vertex 12.8649 0 33.5598
      vertex 13.8428 0 33.555
      vertex 13.8351 0 33.6435
    endloop
  endfacet
  facet normal 0 -1 0
    outer loop
      vertex 12.8627 0 33.4594
      vertex 13.8428 0 33.555
      vertex 12.8649 0 33.5598
    endloop
  endfacet
  facet normal 0 -1 0
    outer loop
      vertex 12.8627 0 33.4594
      vertex 13.8453 0 33.4594
      vertex 13.8428 0 33.555
    endloop
  endfacet
  facet normal 0 -1 0
    outer loop
      vertex 12.8627 0 33.4594
      vertex 13.8427 0 33.3669
      vertex 13.8453 0 33.4594
    endloop
  endfacet
  facet normal 0 -1 0
    outer loop
      vertex 12.8652 0 33.359
      vertex 13.8427 0 33.3669
      vertex 12.8627 0 33.4594
    endloop
  endfacet
  facet normal 0 -1 0
    outer loop
      vertex 12.8652 0 33.359
      vertex 13.8348 0 33.2805
      vertex 13.8427 0 33.3669
    endloop
  endfacet
  facet normal 0 -1 0
    outer loop
      vertex 12.8727 0 33.2667
      vertex 13.8348 0 33.2805
      vertex 12.8652 0 33.359
    endloop
  endfacet
  facet normal 0 -1 0
    outer loop
      vertex 12.8727 0 33.2667
      vertex 13.8218 0 33.2003
      vertex 13.8348 0 33.2805
    endloop
  endfacet
  facet normal 0 -1 0
    outer loop
      vertex 12.8852 0 33.1823
      vertex 13.8218 0 33.2003
      vertex 12.8727 0 33.2667
    endloop
  endfacet
  facet normal 0 -1 0
    outer loop
      vertex 12.8852 0 33.1823
      vertex 13.8034 0 33.1262
      vertex 13.8218 0 33.2003
    endloop
  endfacet
  facet normal 0 -1 0
    outer loop
      vertex 12.9026 0 33.106
      vertex 13.8034 0 33.1262
      vertex 12.8852 0 33.1823
    endloop
  endfacet
  facet normal 0 -1 0
    outer loop
      vertex 12.9026 0 33.106
      vertex 13.7799 0 33.0583
      vertex 13.8034 0 33.1262
    endloop
  endfacet
  facet normal 0 -1 0
    outer loop
      vertex 13.7511 0 32.9965
      vertex 12.9026 0 33.106
      vertex 12.9251 0 33.0378
    endloop
  endfacet
  facet normal 0 -1 0
    outer loop
      vertex 12.9026 0 33.106
      vertex 13.7511 0 32.9965
      vertex 13.7799 0 33.0583
    endloop
  endfacet
  facet normal 0 -1 0
    outer loop
      vertex 13.286 0 32.7604
      vertex 12.9251 0 33.0378
      vertex 12.9525 0 32.9776
    endloop
  endfacet
  facet normal 0 -1 0
    outer loop
      vertex 13.354 0 32.7569
      vertex 12.9251 0 33.0378
      vertex 13.286 0 32.7604
    endloop
  endfacet
  facet normal 0 -1 0
    outer loop
      vertex 13.2231 0 32.7707
      vertex 12.9525 0 32.9776
      vertex 12.985 0 32.9255
    endloop
  endfacet
  facet normal 0 -1 0
    outer loop
      vertex 12.9251 0 33.0378
      vertex 13.354 0 32.7569
      vertex 13.7511 0 32.9965
    endloop
  endfacet
  facet normal 0 -1 0
    outer loop
      vertex 13.2231 0 32.7707
      vertex 12.985 0 32.9255
      vertex 13.0224 0 32.8808
    endloop
  endfacet
  facet normal 0 -1 0
    outer loop
      vertex 13.7511 0 32.9965
      vertex 13.354 0 32.7569
      vertex 13.7171 0 32.9409
    endloop
  endfacet
  facet normal 0 -1 0
    outer loop
      vertex 13.2231 0 32.7707
      vertex 13.0224 0 32.8808
      vertex 13.065 0 32.8429
    endloop
  endfacet
  facet normal -0 -1 0
    outer loop
      vertex 13.419 0 32.7607
      vertex 13.7171 0 32.9409
      vertex 13.354 0 32.7569
    endloop
  endfacet
  facet normal 0 -1 0
    outer loop
      vertex 13.2231 0 32.7707
      vertex 13.065 0 32.8429
      vertex 13.1126 0 32.812
    endloop
  endfacet
  facet normal 0 -1 0
    outer loop
      vertex 13.7171 0 32.9409
      vertex 13.419 0 32.7607
      vertex 13.6783 0 32.8921
    endloop
  endfacet
  facet normal 0 -1 0
    outer loop
      vertex 13.2231 0 32.7707
      vertex 13.1126 0 32.812
      vertex 13.1653 0 32.7879
    endloop
  endfacet
  facet normal 0 -1 0
    outer loop
      vertex 13.6783 0 32.8921
      vertex 13.419 0 32.7607
      vertex 13.6352 0 32.8508
    endloop
  endfacet
  facet normal 0 -1 0
    outer loop
      vertex 12.9525 0 32.9776
      vertex 13.2231 0 32.7707
      vertex 13.286 0 32.7604
    endloop
  endfacet
  facet normal 0 -1 0
    outer loop
      vertex 13.6352 0 32.8508
      vertex 13.419 0 32.7607
      vertex 13.5877 0 32.817
    endloop
  endfacet
  facet normal 0 -1 0
    outer loop
      vertex 13.5877 0 32.817
      vertex 13.419 0 32.7607
      vertex 13.5358 0 32.7907
    endloop
  endfacet
  facet normal 0 -1 0
    outer loop
      vertex 13.5358 0 32.7907
      vertex 13.419 0 32.7607
      vertex 13.4795 0 32.772
    endloop
  endfacet
  facet normal 0 -1 0
    outer loop
      vertex 15.7261 0 33.9708
      vertex 16.0655 0 34.1525
      vertex 16.0048 0 34.1488
    endloop
  endfacet
  facet normal 0 -1 0
    outer loop
      vertex 15.7624 0 34.019
      vertex 16.0048 0 34.1488
      vertex 15.9482 0 34.1376
    endloop
  endfacet
  facet normal 0 -1 0
    outer loop
      vertex 15.7261 0 33.9708
      vertex 16.0048 0 34.1488
      vertex 15.7624 0 34.019
    endloop
  endfacet
  facet normal 0 -1 0
    outer loop
      vertex 16.1262 0 34.1488
      vertex 16.3695 0 34.0191
      vertex 16.1829 0 34.1376
    endloop
  endfacet
  facet normal 0 -1 0
    outer loop
      vertex 15.7624 0 34.019
      vertex 15.9482 0 34.1376
      vertex 15.8957 0 34.1191
    endloop
  endfacet
  facet normal 0 -1 0
    outer loop
      vertex 16.1829 0 34.1376
      vertex 16.3695 0 34.0191
      vertex 16.2356 0 34.1191
    endloop
  endfacet
  facet normal 0 -1 0
    outer loop
      vertex 15.8028 0 34.0598
      vertex 15.8957 0 34.1191
      vertex 15.8472 0 34.0932
    endloop
  endfacet
  facet normal 0 -1 0
    outer loop
      vertex 16.2356 0 34.1191
      vertex 16.3289 0 34.0598
      vertex 16.2843 0 34.0932
    endloop
  endfacet
  facet normal 0 -1 0
    outer loop
      vertex 15.7624 0 34.019
      vertex 15.8957 0 34.1191
      vertex 15.8028 0 34.0598
    endloop
  endfacet
  facet normal 0 -1 0
    outer loop
      vertex 16.2356 0 34.1191
      vertex 16.3695 0 34.0191
      vertex 16.3289 0 34.0598
    endloop
  endfacet
  facet normal -0 -1 0
    outer loop
      vertex 16.4061 0 33.9709
      vertex 16.0655 0 34.1525
      vertex 15.7261 0 33.9708
    endloop
  endfacet
  facet normal 0 -1 0
    outer loop
      vertex 16.1262 0 34.1488
      vertex 16.4061 0 33.9709
      vertex 16.3695 0 34.0191
    endloop
  endfacet
  facet normal 0 -1 0
    outer loop
      vertex 16.0655 0 34.1525
      vertex 16.4061 0 33.9709
      vertex 16.1262 0 34.1488
    endloop
  endfacet
  facet normal 0 -1 0
    outer loop
      vertex 15.7261 0 33.9708
      vertex 16.4382 0 33.916
      vertex 16.4061 0 33.9709
    endloop
  endfacet
  facet normal 0 -1 0
    outer loop
      vertex 15.6943 0 33.9158
      vertex 16.4382 0 33.916
      vertex 15.7261 0 33.9708
    endloop
  endfacet
  facet normal 0 -1 0
    outer loop
      vertex 15.6943 0 33.9158
      vertex 16.4654 0 33.8549
      vertex 16.4382 0 33.916
    endloop
  endfacet
  facet normal 0 -1 0
    outer loop
      vertex 15.6674 0 33.8547
      vertex 16.4654 0 33.8549
      vertex 15.6943 0 33.9158
    endloop
  endfacet
  facet normal 0 -1 0
    outer loop
      vertex 15.6674 0 33.8547
      vertex 16.4876 0 33.7876
      vertex 16.4654 0 33.8549
    endloop
  endfacet
  facet normal 0 -1 0
    outer loop
      vertex 15.6454 0 33.7874
      vertex 16.4876 0 33.7876
      vertex 15.6674 0 33.8547
    endloop
  endfacet
  facet normal 0 -1 0
    outer loop
      vertex 15.6454 0 33.7874
      vertex 16.5049 0 33.7142
      vertex 16.4876 0 33.7876
    endloop
  endfacet
  facet normal 0 -1 0
    outer loop
      vertex 15.6283 0 33.714
      vertex 16.5049 0 33.7142
      vertex 15.6454 0 33.7874
    endloop
  endfacet
  facet normal 0 -1 0
    outer loop
      vertex 15.6283 0 33.714
      vertex 16.5173 0 33.6347
      vertex 16.5049 0 33.7142
    endloop
  endfacet
  facet normal 0 -1 0
    outer loop
      vertex 15.6161 0 33.6344
      vertex 16.5173 0 33.6347
      vertex 15.6283 0 33.714
    endloop
  endfacet
  facet normal 0 -1 0
    outer loop
      vertex 15.6161 0 33.6344
      vertex 16.5247 0 33.549
      vertex 16.5173 0 33.6347
    endloop
  endfacet
  facet normal 0 -1 0
    outer loop
      vertex 15.6087 0 33.5487
      vertex 16.5247 0 33.549
      vertex 15.6161 0 33.6344
    endloop
  endfacet
  facet normal 0 -1 0
    outer loop
      vertex 15.6087 0 33.5487
      vertex 16.5271 0 33.4571
      vertex 16.5247 0 33.549
    endloop
  endfacet
  facet normal 0 -1 0
    outer loop
      vertex 15.6063 0 33.4568
      vertex 16.5271 0 33.4571
      vertex 15.6087 0 33.5487
    endloop
  endfacet
  facet normal 0 -1 0
    outer loop
      vertex 15.6063 0 33.4568
      vertex 16.5247 0 33.3647
      vertex 16.5271 0 33.4571
    endloop
  endfacet
  facet normal 0 -1 0
    outer loop
      vertex 15.6087 0 33.3644
      vertex 16.5247 0 33.3647
      vertex 15.6063 0 33.4568
    endloop
  endfacet
  facet normal 0 -1 0
    outer loop
      vertex 15.6087 0 33.3644
      vertex 16.5173 0 33.2787
      vertex 16.5247 0 33.3647
    endloop
  endfacet
  facet normal 0 -1 0
    outer loop
      vertex 15.6161 0 33.2783
      vertex 16.5173 0 33.2787
      vertex 15.6087 0 33.3644
    endloop
  endfacet
  facet normal 0 -1 0
    outer loop
      vertex 15.6161 0 33.2783
      vertex 16.5049 0 33.1989
      vertex 16.5173 0 33.2787
    endloop
  endfacet
  facet normal 0 -1 0
    outer loop
      vertex 15.6283 0 33.1985
      vertex 16.5049 0 33.1989
      vertex 15.6161 0 33.2783
    endloop
  endfacet
  facet normal 0 -1 0
    outer loop
      vertex 15.6283 0 33.1985
      vertex 16.4876 0 33.1253
      vertex 16.5049 0 33.1989
    endloop
  endfacet
  facet normal 0 -1 0
    outer loop
      vertex 15.6454 0 33.1249
      vertex 16.4876 0 33.1253
      vertex 15.6283 0 33.1985
    endloop
  endfacet
  facet normal 0 -1 0
    outer loop
      vertex 15.6454 0 33.1249
      vertex 16.4654 0 33.058
      vertex 16.4876 0 33.1253
    endloop
  endfacet
  facet normal 0 -1 0
    outer loop
      vertex 15.6674 0 33.0577
      vertex 16.4654 0 33.058
      vertex 15.6454 0 33.1249
    endloop
  endfacet
  facet normal 0 -1 0
    outer loop
      vertex 15.6674 0 33.0577
      vertex 16.4382 0 32.997
      vertex 16.4654 0 33.058
    endloop
  endfacet
  facet normal 0 -1 0
    outer loop
      vertex 15.6943 0 32.9967
      vertex 16.4382 0 32.997
      vertex 15.6674 0 33.0577
    endloop
  endfacet
  facet normal 0 -1 0
    outer loop
      vertex 15.6943 0 32.9967
      vertex 16.4061 0 32.9423
      vertex 16.4382 0 32.997
    endloop
  endfacet
  facet normal 0 -1 0
    outer loop
      vertex 15.7261 0 32.942
      vertex 16.4061 0 32.9423
      vertex 15.6943 0 32.9967
    endloop
  endfacet
  facet normal 0 -1 0
    outer loop
      vertex 16.0667 0 32.7617
      vertex 16.4061 0 32.9423
      vertex 15.7261 0 32.942
    endloop
  endfacet
  facet normal 0 -1 0
    outer loop
      vertex 16.0667 0 32.7617
      vertex 15.7261 0 32.942
      vertex 15.7624 0 32.8942
    endloop
  endfacet
  facet normal 0 -1 0
    outer loop
      vertex 16.4061 0 32.9423
      vertex 16.0667 0 32.7617
      vertex 16.3695 0 32.8944
    endloop
  endfacet
  facet normal 0 -1 0
    outer loop
      vertex 16.0057 0 32.7653
      vertex 15.7624 0 32.8942
      vertex 15.8028 0 32.8537
    endloop
  endfacet
  facet normal -0 -1 0
    outer loop
      vertex 16.1271 0 32.7654
      vertex 16.3695 0 32.8944
      vertex 16.0667 0 32.7617
    endloop
  endfacet
  facet normal 0 -1 0
    outer loop
      vertex 16.0057 0 32.7653
      vertex 15.8028 0 32.8537
      vertex 15.8473 0 32.8206
    endloop
  endfacet
  facet normal 0 -1 0
    outer loop
      vertex 16.3695 0 32.8944
      vertex 16.1271 0 32.7654
      vertex 16.329 0 32.8538
    endloop
  endfacet
  facet normal 0 -1 0
    outer loop
      vertex 16.0057 0 32.7653
      vertex 15.8473 0 32.8206
      vertex 15.896 0 32.7948
    endloop
  endfacet
  facet normal 0 -1 0
    outer loop
      vertex 16.329 0 32.8538
      vertex 16.1271 0 32.7654
      vertex 16.2845 0 32.8206
    endloop
  endfacet
  facet normal 0 -1 0
    outer loop
      vertex 16.0057 0 32.7653
      vertex 15.896 0 32.7948
      vertex 15.9488 0 32.7764
    endloop
  endfacet
  facet normal 0 -1 0
    outer loop
      vertex 16.236 0 32.7948
      vertex 16.1271 0 32.7654
      vertex 16.1835 0 32.7764
    endloop
  endfacet
  facet normal 0 -1 0
    outer loop
      vertex 15.7624 0 32.8942
      vertex 16.0057 0 32.7653
      vertex 16.0667 0 32.7617
    endloop
  endfacet
  facet normal 0 -1 0
    outer loop
      vertex 16.2845 0 32.8206
      vertex 16.1271 0 32.7654
      vertex 16.236 0 32.7948
    endloop
  endfacet
  facet normal 0 0 1
    outer loop
      vertex 11.6 5.9 40
      vertex 10.4 5.9 40
      vertex 11.6 2.4 40
    endloop
  endfacet
  facet normal 0 0 1
    outer loop
      vertex 21.8 5.9 40
      vertex 20.6 5.9 40
      vertex 21.8 2.4 40
    endloop
  endfacet
  facet normal 0 0 1
    outer loop
      vertex 30.1 33.6 40
      vertex 32.5 35 40
      vertex 31.5 36 40
    endloop
  endfacet
  facet normal 0 0 1
    outer loop
      vertex 32.5 35 40
      vertex 30.1 33.6 40
      vertex 32.5 1 40
    endloop
  endfacet
  facet normal -0 0 1
    outer loop
      vertex 30.1 2.4 40
      vertex 32.5 1 40
      vertex 30.1 33.6 40
    endloop
  endfacet
  facet normal 0 0 1
    outer loop
      vertex 31.5 36 40
      vertex -30.1 33.6 40
      vertex 30.1 33.6 40
    endloop
  endfacet
  facet normal -0 0 1
    outer loop
      vertex -32.5 35 40
      vertex -30.1 33.6 40
      vertex -31.5 36 40
    endloop
  endfacet
  facet normal -0 0 1
    outer loop
      vertex -31.5 36 40
      vertex -30.1 33.6 40
      vertex 31.5 36 40
    endloop
  endfacet
  facet normal 0 0 1
    outer loop
      vertex 32.5 1 40
      vertex 30.1 2.4 40
      vertex 31.5 0 40
    endloop
  endfacet
  facet normal -0 0 1
    outer loop
      vertex 21.8 2.4 40
      vertex 31.5 0 40
      vertex 30.1 2.4 40
    endloop
  endfacet
  facet normal 0 0 1
    outer loop
      vertex 20.6 2.4 40
      vertex 21.8 2.4 40
      vertex 20.6 5.9 40
    endloop
  endfacet
  facet normal -0 0 1
    outer loop
      vertex 20.6 2.4 40
      vertex 31.5 0 40
      vertex 21.8 2.4 40
    endloop
  endfacet
  facet normal 0 0 1
    outer loop
      vertex 4.67 0 40
      vertex 20.6 2.4 40
      vertex 11.6 2.4 40
    endloop
  endfacet
  facet normal 0 0 1
    outer loop
      vertex 10.4 2.4 40
      vertex 11.6 2.4 40
      vertex 10.4 5.9 40
    endloop
  endfacet
  facet normal 0 0 1
    outer loop
      vertex 4.67 0 40
      vertex 11.6 2.4 40
      vertex 10.4 2.4 40
    endloop
  endfacet
  facet normal 0 0 1
    outer loop
      vertex 4.67 0 40
      vertex 10.4 2.4 40
      vertex 4.67 2.4 40
    endloop
  endfacet
  facet normal 0 0 1
    outer loop
      vertex 20.6 2.4 40
      vertex 4.67 0 40
      vertex 31.5 0 40
    endloop
  endfacet
  facet normal -0 0 1
    outer loop
      vertex -30.1 2.4 40
      vertex -4.67 0 40
      vertex -4.67 2.4 40
    endloop
  endfacet
  facet normal 0 0 1
    outer loop
      vertex -30.1 2.4 40
      vertex -31.5 0 40
      vertex -4.67 0 40
    endloop
  endfacet
  facet normal 0 0 1
    outer loop
      vertex -30.1 33.6 40
      vertex -32.5 35 40
      vertex -30.1 2.4 40
    endloop
  endfacet
  facet normal 0 0 1
    outer loop
      vertex -32.5 1 40
      vertex -30.1 2.4 40
      vertex -32.5 35 40
    endloop
  endfacet
  facet normal 0 0 1
    outer loop
      vertex -30.1 2.4 40
      vertex -32.5 1 40
      vertex -31.5 0 40
    endloop
  endfacet
  facet normal 0 1 -0
    outer loop
      vertex 17.5 36 10.5
      vertex -17.5 36 21
      vertex 17.5 36 21
    endloop
  endfacet
  facet normal 0 1 0
    outer loop
      vertex -17.5 36 21
      vertex 17.5 36 10.5
      vertex -17.5 36 10.5
    endloop
  endfacet
  facet normal 0 1 -0
    outer loop
      vertex -17.5 36 21
      vertex -31.5 36 40
      vertex 17.5 36 21
    endloop
  endfacet
  facet normal 0 1 0
    outer loop
      vertex 31.5 36 22
      vertex 22.5 36 10.5
      vertex 22.5 36 21
    endloop
  endfacet
  facet normal 0 1 0
    outer loop
      vertex 31.5 36 1
      vertex 17.5 36 10.5
      vertex 22.5 36 10.5
    endloop
  endfacet
  facet normal 0 1 0
    outer loop
      vertex 17.5 36 10.5
      vertex 31.5 36 1
      vertex -17.5 36 10.5
    endloop
  endfacet
  facet normal 0 1 0
    outer loop
      vertex -31.5 36 1
      vertex -17.5 36 10.5
      vertex 31.5 36 1
    endloop
  endfacet
  facet normal 0 1 -0
    outer loop
      vertex 31.5 36 1
      vertex 22.5 36 10.5
      vertex 31.5 36 22
    endloop
  endfacet
  facet normal 0 1 0
    outer loop
      vertex 31.5 36 22
      vertex 31.5 36 30.5
      vertex 41.5 36 30.5
    endloop
  endfacet
  facet normal 0 1 0
    outer loop
      vertex 22.5 36 21
      vertex 31.5 36 30.5
      vertex 31.5 36 22
    endloop
  endfacet
  facet normal 0 1 0
    outer loop
      vertex 31.5 36 22
      vertex 41.5 36 30.5
      vertex 41.5 36 22
    endloop
  endfacet
  facet normal 0 1 0
    outer loop
      vertex 31.5 36 40
      vertex 17.5 36 21
      vertex -31.5 36 40
    endloop
  endfacet
  facet normal 0 1 0
    outer loop
      vertex -31.5 36 30.5
      vertex -31.5 36 22
      vertex -41.5 36 30.5
    endloop
  endfacet
  facet normal 0 1 0
    outer loop
      vertex -41.5 36 30.5
      vertex -31.5 36 22
      vertex -41.5 36 22
    endloop
  endfacet
  facet normal 0 1 0
    outer loop
      vertex 17.5 36 21
      vertex 31.5 36 30.5
      vertex 22.5 36 21
    endloop
  endfacet
  facet normal 0 1 -0
    outer loop
      vertex 31.5 36 30.5
      vertex 17.5 36 21
      vertex 31.5 36 40
    endloop
  endfacet
  facet normal 0 1 0
    outer loop
      vertex -31.5 36 40
      vertex -17.5 36 21
      vertex -31.5 36 30.5
    endloop
  endfacet
  facet normal 0 1 -0
    outer loop
      vertex -22.5 36 21
      vertex -31.5 36 30.5
      vertex -17.5 36 21
    endloop
  endfacet
  facet normal 0 1 0
    outer loop
      vertex -31.5 36 30.5
      vertex -22.5 36 21
      vertex -31.5 36 22
    endloop
  endfacet
  facet normal 0 1 -0
    outer loop
      vertex -22.5 36 10.5
      vertex -31.5 36 22
      vertex -22.5 36 21
    endloop
  endfacet
  facet normal 0 1 0
    outer loop
      vertex -22.5 36 10.5
      vertex -31.5 36 1
      vertex -31.5 36 22
    endloop
  endfacet
  facet normal 0 1 0
    outer loop
      vertex -17.5 36 10.5
      vertex -31.5 36 1
      vertex -22.5 36 10.5
    endloop
  endfacet
  facet normal 0.57735 0.57735 -0.57735
    outer loop
      vertex 31.5 35 0
      vertex 31.5 36 1
      vertex 32.5 35 1
    endloop
  endfacet
  facet normal 0 -0.707107 -0.707107
    outer loop
      vertex -31.5 1 0
      vertex 31.5 0 1
      vertex -31.5 0 1
    endloop
  endfacet
  facet normal 0 -0.707107 -0.707107
    outer loop
      vertex 31.5 0 1
      vertex -31.5 1 0
      vertex 31.5 1 0
    endloop
  endfacet
  facet normal 0.707107 0.707107 0
    outer loop
      vertex 32.5 35 21
      vertex 31.5 36 1
      vertex 31.5 36 22
    endloop
  endfacet
  facet normal 0.707107 0.707107 0
    outer loop
      vertex 31.5 36 1
      vertex 32.5 35 21
      vertex 32.5 35 1
    endloop
  endfacet
  facet normal 0.707107 0.707107 -0
    outer loop
      vertex 32.5 35 31.5
      vertex 31.5 36 40
      vertex 32.5 35 40
    endloop
  endfacet
  facet normal 0.707107 0.707107 0
    outer loop
      vertex 31.5 36 40
      vertex 32.5 35 31.5
      vertex 31.5 36 30.5
    endloop
  endfacet
  facet normal -0.707107 0 -0.707107
    outer loop
      vertex -31.5 1 0
      vertex -32.5 35 1
      vertex -31.5 35 0
    endloop
  endfacet
  facet normal -0.707107 -0 -0.707107
    outer loop
      vertex -32.5 35 1
      vertex -31.5 1 0
      vertex -32.5 1 1
    endloop
  endfacet
  facet normal 0.707107 0 -0.707107
    outer loop
      vertex 32.5 1 1
      vertex 31.5 35 0
      vertex 32.5 35 1
    endloop
  endfacet
  facet normal 0.707107 0 -0.707107
    outer loop
      vertex 31.5 35 0
      vertex 32.5 1 1
      vertex 31.5 1 0
    endloop
  endfacet
  facet normal -0.57735 -0.57735 -0.57735
    outer loop
      vertex -31.5 0 1
      vertex -32.5 1 1
      vertex -31.5 1 0
    endloop
  endfacet
  facet normal 0.57735 -0.57735 -0.57735
    outer loop
      vertex 31.5 0 1
      vertex 31.5 1 0
      vertex 32.5 1 1
    endloop
  endfacet
  facet normal 0.707107 -0.707107 0
    outer loop
      vertex 31.5 0 1
      vertex 32.5 1 21
      vertex 31.5 0 22
    endloop
  endfacet
  facet normal 0.707107 -0.707107 0
    outer loop
      vertex 32.5 1 21
      vertex 31.5 0 1
      vertex 32.5 1 1
    endloop
  endfacet
  facet normal 0.707107 -0.707107 0
    outer loop
      vertex 31.5 0 40
      vertex 32.5 1 31.5
      vertex 32.5 1 40
    endloop
  endfacet
  facet normal 0.707107 -0.707107 0
    outer loop
      vertex 32.5 1 31.5
      vertex 31.5 0 40
      vertex 31.5 0 30.5
    endloop
  endfacet
  facet normal 0 0.707107 -0.707107
    outer loop
      vertex 31.5 35 0
      vertex -31.5 36 1
      vertex 31.5 36 1
    endloop
  endfacet
  facet normal 0 0.707107 -0.707107
    outer loop
      vertex -31.5 36 1
      vertex 31.5 35 0
      vertex -31.5 35 0
    endloop
  endfacet
  facet normal -0.707107 0.707107 0
    outer loop
      vertex -32.5 35 31.5
      vertex -31.5 36 40
      vertex -31.5 36 30.5
    endloop
  endfacet
  facet normal -0.707107 0.707107 0
    outer loop
      vertex -31.5 36 40
      vertex -32.5 35 31.5
      vertex -32.5 35 40
    endloop
  endfacet
  facet normal -0.707107 0.707107 0
    outer loop
      vertex -32.5 35 21
      vertex -31.5 36 1
      vertex -32.5 35 1
    endloop
  endfacet
  facet normal -0.707107 0.707107 0
    outer loop
      vertex -31.5 36 1
      vertex -32.5 35 21
      vertex -31.5 36 22
    endloop
  endfacet
  facet normal -0.707107 -0.707107 -0
    outer loop
      vertex -31.5 0 40
      vertex -32.5 1 31.5
      vertex -31.5 0 30.5
    endloop
  endfacet
  facet normal -0.707107 -0.707107 0
    outer loop
      vertex -32.5 1 31.5
      vertex -31.5 0 40
      vertex -32.5 1 40
    endloop
  endfacet
  facet normal -0.707107 -0.707107 0
    outer loop
      vertex -31.5 0 1
      vertex -32.5 1 21
      vertex -32.5 1 1
    endloop
  endfacet
  facet normal -0.707107 -0.707107 0
    outer loop
      vertex -32.5 1 21
      vertex -31.5 0 1
      vertex -31.5 0 22
    endloop
  endfacet
  facet normal -0.57735 0.57735 -0.57735
    outer loop
      vertex -31.5 35 0
      vertex -32.5 35 1
      vertex -31.5 36 1
    endloop
  endfacet
  facet normal 1 0 0
    outer loop
      vertex -30.1 32.0858 36.8
      vertex -30.1 33.6 40
      vertex -30.1 32.0858 39.4
    endloop
  endfacet
  facet normal 1 0 0
    outer loop
      vertex -30.1 33.6 40
      vertex -30.1 27.7142 39.4
      vertex -30.1 32.0858 39.4
    endloop
  endfacet
  facet normal 1 0 0
    outer loop
      vertex -30.1 27.7142 39.4
      vertex -30.1 8.28578 39.4
      vertex -30.1 27.7142 36.8
    endloop
  endfacet
  facet normal 1 0 0
    outer loop
      vertex -30.1 33.6 40
      vertex -30.1 8.28578 39.4
      vertex -30.1 27.7142 39.4
    endloop
  endfacet
  facet normal 1 -0 0
    outer loop
      vertex -30.1 2.4 40
      vertex -30.1 8.28578 39.4
      vertex -30.1 33.6 40
    endloop
  endfacet
  facet normal 1 0 0
    outer loop
      vertex -30.1 3.91422 39.4
      vertex -30.1 2.4 40
      vertex -30.1 3.91422 36.8
    endloop
  endfacet
  facet normal 1 0 0
    outer loop
      vertex -30.1 8.28578 39.4
      vertex -30.1 2.4 40
      vertex -30.1 3.91422 39.4
    endloop
  endfacet
  facet normal 1 0 0
    outer loop
      vertex -30.1 33.6 40
      vertex -30.1 32.0858 36.8
      vertex -30.1 33.6 14.5
    endloop
  endfacet
  facet normal 1 -0 0
    outer loop
      vertex -30.1 32.0362 36.7724
      vertex -30.1 33.6 14.5
      vertex -30.1 32.0858 36.8
    endloop
  endfacet
  facet normal 1 -0 0
    outer loop
      vertex -30.1 31.4326 36.5049
      vertex -30.1 33.6 14.5
      vertex -30.1 32.0362 36.7724
    endloop
  endfacet
  facet normal 1 -0 0
    outer loop
      vertex -30.1 30.8914 36.3305
      vertex -30.1 33.6 14.5
      vertex -30.1 31.4326 36.5049
    endloop
  endfacet
  facet normal 1 -0 0
    outer loop
      vertex -30.1 30.3871 36.2319
      vertex -30.1 33.6 14.5
      vertex -30.1 30.8914 36.3305
    endloop
  endfacet
  facet normal 1 -0 0
    outer loop
      vertex -30.1 29.9 36.2
      vertex -30.1 33.6 14.5
      vertex -30.1 30.3871 36.2319
    endloop
  endfacet
  facet normal 1 0 0
    outer loop
      vertex -30.1 29.4129 36.2319
      vertex -30.1 33.6 14.5
      vertex -30.1 29.9 36.2
    endloop
  endfacet
  facet normal 1 0 0
    outer loop
      vertex -30.1 28.9086 36.3305
      vertex -30.1 33.6 14.5
      vertex -30.1 29.4129 36.2319
    endloop
  endfacet
  facet normal 1 0 0
    outer loop
      vertex -30.1 28.3674 36.5049
      vertex -30.1 33.6 14.5
      vertex -30.1 28.9086 36.3305
    endloop
  endfacet
  facet normal 1 0 0
    outer loop
      vertex -30.1 27.7638 36.7724
      vertex -30.1 33.6 14.5
      vertex -30.1 28.3674 36.5049
    endloop
  endfacet
  facet normal 1 0 0
    outer loop
      vertex -30.1 27.7142 36.8
      vertex -30.1 33.6 14.5
      vertex -30.1 27.7638 36.7724
    endloop
  endfacet
  facet normal 1 0 0
    outer loop
      vertex -30.1 8.28578 36.8
      vertex -30.1 27.7142 36.8
      vertex -30.1 8.28578 39.4
    endloop
  endfacet
  facet normal 1 0 0
    outer loop
      vertex -30.1 27.7142 36.8
      vertex -30.1 8.28578 36.8
      vertex -30.1 33.6 14.5
    endloop
  endfacet
  facet normal 1 0 0
    outer loop
      vertex -30.1 2.4 14.5
      vertex -30.1 8.28578 36.8
      vertex -30.1 8.2362 36.7724
    endloop
  endfacet
  facet normal 1 0 0
    outer loop
      vertex -30.1 2.4 14.5
      vertex -30.1 8.2362 36.7724
      vertex -30.1 7.63259 36.5049
    endloop
  endfacet
  facet normal 1 0 0
    outer loop
      vertex -30.1 2.4 14.5
      vertex -30.1 7.63259 36.5049
      vertex -30.1 7.09141 36.3305
    endloop
  endfacet
  facet normal 1 0 0
    outer loop
      vertex -30.1 2.4 14.5
      vertex -30.1 7.09141 36.3305
      vertex -30.1 6.58711 36.2319
    endloop
  endfacet
  facet normal 1 0 0
    outer loop
      vertex -30.1 2.4 14.5
      vertex -30.1 6.58711 36.2319
      vertex -30.1 6.1 36.2
    endloop
  endfacet
  facet normal 1 0 0
    outer loop
      vertex -30.1 2.4 14.5
      vertex -30.1 6.1 36.2
      vertex -30.1 5.61289 36.2319
    endloop
  endfacet
  facet normal 1 0 0
    outer loop
      vertex -30.1 2.4 14.5
      vertex -30.1 5.61289 36.2319
      vertex -30.1 5.10859 36.3305
    endloop
  endfacet
  facet normal 1 0 0
    outer loop
      vertex -30.1 2.4 14.5
      vertex -30.1 5.10859 36.3305
      vertex -30.1 4.56741 36.5049
    endloop
  endfacet
  facet normal 1 0 0
    outer loop
      vertex -30.1 2.4 14.5
      vertex -30.1 4.56741 36.5049
      vertex -30.1 3.9638 36.7724
    endloop
  endfacet
  facet normal 1 0 0
    outer loop
      vertex -30.1 2.4 14.5
      vertex -30.1 3.9638 36.7724
      vertex -30.1 3.91422 36.8
    endloop
  endfacet
  facet normal 1 0 0
    outer loop
      vertex -30.1 8.28578 36.8
      vertex -30.1 2.4 14.5
      vertex -30.1 33.6 14.5
    endloop
  endfacet
  facet normal 1 0 0
    outer loop
      vertex -30.1 2.4 14.5
      vertex -30.1 3.91422 36.8
      vertex -30.1 2.4 40
    endloop
  endfacet
  facet normal 0 0 1
    outer loop
      vertex 30.1 33.6 14.5
      vertex 27.55 26.5 14.5
      vertex 30.1 2.4 14.5
    endloop
  endfacet
  facet normal 0 0 1
    outer loop
      vertex 30.1 33.6 14.5
      vertex -27.55 26.5 14.5
      vertex 27.55 26.5 14.5
    endloop
  endfacet
  facet normal 0 0 1
    outer loop
      vertex -27.55 26.5 14.5
      vertex -30.1 33.6 14.5
      vertex -27.55 9.5 14.5
    endloop
  endfacet
  facet normal -0 0 1
    outer loop
      vertex -30.1 33.6 14.5
      vertex -27.55 26.5 14.5
      vertex 30.1 33.6 14.5
    endloop
  endfacet
  facet normal -0 0 1
    outer loop
      vertex 27.55 9.5 14.5
      vertex 30.1 2.4 14.5
      vertex 27.55 26.5 14.5
    endloop
  endfacet
  facet normal -0 0 1
    outer loop
      vertex -27.55 9.5 14.5
      vertex 30.1 2.4 14.5
      vertex 27.55 9.5 14.5
    endloop
  endfacet
  facet normal 0 0 1
    outer loop
      vertex -27.55 9.5 14.5
      vertex -30.1 2.4 14.5
      vertex 30.1 2.4 14.5
    endloop
  endfacet
  facet normal 0 0 1
    outer loop
      vertex -30.1 2.4 14.5
      vertex -27.55 9.5 14.5
      vertex -30.1 33.6 14.5
    endloop
  endfacet
  facet normal -1 0 0
    outer loop
      vertex 30.1 33.6 14.5
      vertex 30.1 32.0858 36.8
      vertex 30.1 33.6 40
    endloop
  endfacet
  facet normal -1 0 0
    outer loop
      vertex 30.1 33.6 14.5
      vertex 30.1 32.0362 36.7724
      vertex 30.1 32.0858 36.8
    endloop
  endfacet
  facet normal -1 0 0
    outer loop
      vertex 30.1 33.6 14.5
      vertex 30.1 31.4326 36.5049
      vertex 30.1 32.0362 36.7724
    endloop
  endfacet
  facet normal -1 0 0
    outer loop
      vertex 30.1 33.6 14.5
      vertex 30.1 30.8914 36.3305
      vertex 30.1 31.4326 36.5049
    endloop
  endfacet
  facet normal -1 0 0
    outer loop
      vertex 30.1 33.6 14.5
      vertex 30.1 30.3871 36.2319
      vertex 30.1 30.8914 36.3305
    endloop
  endfacet
  facet normal -1 0 0
    outer loop
      vertex 30.1 33.6 14.5
      vertex 30.1 29.9 36.2
      vertex 30.1 30.3871 36.2319
    endloop
  endfacet
  facet normal -1 0 0
    outer loop
      vertex 30.1 33.6 14.5
      vertex 30.1 29.4129 36.2319
      vertex 30.1 29.9 36.2
    endloop
  endfacet
  facet normal -1 0 0
    outer loop
      vertex 30.1 33.6 14.5
      vertex 30.1 28.9086 36.3305
      vertex 30.1 29.4129 36.2319
    endloop
  endfacet
  facet normal -1 0 0
    outer loop
      vertex 30.1 33.6 14.5
      vertex 30.1 28.3674 36.5049
      vertex 30.1 28.9086 36.3305
    endloop
  endfacet
  facet normal -1 0 0
    outer loop
      vertex 30.1 33.6 14.5
      vertex 30.1 27.7638 36.7724
      vertex 30.1 28.3674 36.5049
    endloop
  endfacet
  facet normal -1 0 0
    outer loop
      vertex 30.1 33.6 14.5
      vertex 30.1 27.7142 36.8
      vertex 30.1 27.7638 36.7724
    endloop
  endfacet
  facet normal -1 0 0
    outer loop
      vertex 30.1 27.7142 36.8
      vertex 30.1 8.28578 36.8
      vertex 30.1 27.7142 39.4
    endloop
  endfacet
  facet normal -1 0 0
    outer loop
      vertex 30.1 33.6 14.5
      vertex 30.1 8.28578 36.8
      vertex 30.1 27.7142 36.8
    endloop
  endfacet
  facet normal -1 0 0
    outer loop
      vertex 30.1 2.4 14.5
      vertex 30.1 8.28578 36.8
      vertex 30.1 33.6 14.5
    endloop
  endfacet
  facet normal -1 0 0
    outer loop
      vertex 30.1 8.28578 36.8
      vertex 30.1 2.4 14.5
      vertex 30.1 8.2362 36.7724
    endloop
  endfacet
  facet normal -1 0 0
    outer loop
      vertex 30.1 8.2362 36.7724
      vertex 30.1 2.4 14.5
      vertex 30.1 7.63259 36.5049
    endloop
  endfacet
  facet normal -1 0 0
    outer loop
      vertex 30.1 7.63259 36.5049
      vertex 30.1 2.4 14.5
      vertex 30.1 7.09141 36.3305
    endloop
  endfacet
  facet normal -1 0 0
    outer loop
      vertex 30.1 7.09141 36.3305
      vertex 30.1 2.4 14.5
      vertex 30.1 6.58711 36.2319
    endloop
  endfacet
  facet normal -1 0 0
    outer loop
      vertex 30.1 6.58711 36.2319
      vertex 30.1 2.4 14.5
      vertex 30.1 6.1 36.2
    endloop
  endfacet
  facet normal -1 -0 0
    outer loop
      vertex 30.1 6.1 36.2
      vertex 30.1 2.4 14.5
      vertex 30.1 5.61289 36.2319
    endloop
  endfacet
  facet normal -1 -0 0
    outer loop
      vertex 30.1 5.61289 36.2319
      vertex 30.1 2.4 14.5
      vertex 30.1 5.10859 36.3305
    endloop
  endfacet
  facet normal -1 -0 0
    outer loop
      vertex 30.1 5.10859 36.3305
      vertex 30.1 2.4 14.5
      vertex 30.1 4.56741 36.5049
    endloop
  endfacet
  facet normal -1 -0 0
    outer loop
      vertex 30.1 4.56741 36.5049
      vertex 30.1 2.4 14.5
      vertex 30.1 3.9638 36.7724
    endloop
  endfacet
  facet normal -1 0 0
    outer loop
      vertex 30.1 2.4 40
      vertex 30.1 3.91422 36.8
      vertex 30.1 2.4 14.5
    endloop
  endfacet
  facet normal -1 -0 0
    outer loop
      vertex 30.1 3.9638 36.7724
      vertex 30.1 2.4 14.5
      vertex 30.1 3.91422 36.8
    endloop
  endfacet
  facet normal -1 0 0
    outer loop
      vertex 30.1 32.0858 39.4
      vertex 30.1 33.6 40
      vertex 30.1 32.0858 36.8
    endloop
  endfacet
  facet normal -1 0 0
    outer loop
      vertex 30.1 27.7142 39.4
      vertex 30.1 33.6 40
      vertex 30.1 32.0858 39.4
    endloop
  endfacet
  facet normal -1 0 0
    outer loop
      vertex 30.1 8.28578 39.4
      vertex 30.1 27.7142 39.4
      vertex 30.1 8.28578 36.8
    endloop
  endfacet
  facet normal -1 0 0
    outer loop
      vertex 30.1 8.28578 39.4
      vertex 30.1 33.6 40
      vertex 30.1 27.7142 39.4
    endloop
  endfacet
  facet normal -1 0 0
    outer loop
      vertex 30.1 2.4 40
      vertex 30.1 8.28578 39.4
      vertex 30.1 3.91422 39.4
    endloop
  endfacet
  facet normal -1 0 0
    outer loop
      vertex 30.1 8.28578 39.4
      vertex 30.1 2.4 40
      vertex 30.1 33.6 40
    endloop
  endfacet
  facet normal -1 0 0
    outer loop
      vertex 30.1 3.91422 36.8
      vertex 30.1 2.4 40
      vertex 30.1 3.91422 39.4
    endloop
  endfacet
  facet normal 0 1 0
    outer loop
      vertex -4.67 2.4 40
      vertex -24.2142 2.4 39.4
      vertex -30.1 2.4 40
    endloop
  endfacet
  facet normal 0 1 0
    outer loop
      vertex -4.67 2.4 40
      vertex -24.2142 2.4 36.8
      vertex -24.2142 2.4 39.4
    endloop
  endfacet
  facet normal 0 1 -0
    outer loop
      vertex -6 2.4 31.4
      vertex -24.2142 2.4 36.8
      vertex -4.67 2.4 40
    endloop
  endfacet
  facet normal 0 1 0
    outer loop
      vertex -25.5 2.4 29.8
      vertex -24.2142 2.4 36.8
      vertex -6 2.4 31.4
    endloop
  endfacet
  facet normal 0 1 0
    outer loop
      vertex -24.2142 2.4 36.8
      vertex -25.5 2.4 29.8
      vertex -24.2638 2.4 36.7724
    endloop
  endfacet
  facet normal 0 1 0
    outer loop
      vertex -24.2638 2.4 36.7724
      vertex -25.5 2.4 29.8
      vertex -24.8674 2.4 36.5049
    endloop
  endfacet
  facet normal 0 1 0
    outer loop
      vertex -24.8674 2.4 36.5049
      vertex -25.5 2.4 29.8
      vertex -25.4086 2.4 36.3305
    endloop
  endfacet
  facet normal 0 1 0
    outer loop
      vertex -6 2.4 31.4
      vertex -4.67 2.4 40
      vertex -4.67 2.4 33.57
    endloop
  endfacet
  facet normal 0 1 -0
    outer loop
      vertex -28.5858 2.4 39.4
      vertex -30.1 2.4 40
      vertex -24.2142 2.4 39.4
    endloop
  endfacet
  facet normal 0 1 -0
    outer loop
      vertex -28.5858 2.4 36.8
      vertex -30.1 2.4 40
      vertex -28.5858 2.4 39.4
    endloop
  endfacet
  facet normal 0 1 0
    outer loop
      vertex -25.4086 2.4 36.3305
      vertex -25.5 2.4 29.8
      vertex -25.9129 2.4 36.2319
    endloop
  endfacet
  facet normal 0 1 0
    outer loop
      vertex -6 2.4 31.4
      vertex -4.67 2.4 33.57
      vertex 6 2.4 31.4
    endloop
  endfacet
  facet normal 0 1 0
    outer loop
      vertex -25.9129 2.4 36.2319
      vertex -25.5 2.4 29.8
      vertex -26.4 2.4 36.2
    endloop
  endfacet
  facet normal 0 1 0
    outer loop
      vertex -26.4 2.4 36.2
      vertex -25.5 2.4 29.8
      vertex -26.8871 2.4 36.2319
    endloop
  endfacet
  facet normal 0 1 0
    outer loop
      vertex -25.5 2.4 29.8
      vertex -6 2.4 31.4
      vertex -6 2.4 29.9
    endloop
  endfacet
  facet normal 0 1 0
    outer loop
      vertex -25.5 2.4 29.8
      vertex -6 2.4 29.9
      vertex 25.5 2.4 29.8
    endloop
  endfacet
  facet normal 0 1 0
    outer loop
      vertex -26.8871 2.4 36.2319
      vertex -25.5 2.4 29.8
      vertex -27.3914 2.4 36.3305
    endloop
  endfacet
  facet normal 0 1 0
    outer loop
      vertex -25.5 2.4 29.8
      vertex -27.9326 2.4 36.5049
      vertex -27.3914 2.4 36.3305
    endloop
  endfacet
  facet normal 0 1 0
    outer loop
      vertex -25.5 2.4 29.8
      vertex -28.5362 2.4 36.7724
      vertex -27.9326 2.4 36.5049
    endloop
  endfacet
  facet normal 0 1 0
    outer loop
      vertex -25.5 2.4 29.8
      vertex -28.5858 2.4 36.8
      vertex -28.5362 2.4 36.7724
    endloop
  endfacet
  facet normal 0 1 0
    outer loop
      vertex -30.1 2.4 14.5
      vertex -28.5858 2.4 36.8
      vertex -25.5 2.4 29.8
    endloop
  endfacet
  facet normal 0 1 0
    outer loop
      vertex -30.1 2.4 14.5
      vertex -25.5 2.4 29.8
      vertex -25.5 2.4 14.8
    endloop
  endfacet
  facet normal 0 1 0
    outer loop
      vertex -28.5858 2.4 36.8
      vertex -30.1 2.4 14.5
      vertex -30.1 2.4 40
    endloop
  endfacet
  facet normal 0 1 0
    outer loop
      vertex -30.1 2.4 14.5
      vertex -25.5 2.4 14.8
      vertex 30.1 2.4 14.5
    endloop
  endfacet
  facet normal 0 1 0
    outer loop
      vertex 24.2142 2.4 39.4
      vertex 30.1 2.4 40
      vertex 28.5858 2.4 39.4
    endloop
  endfacet
  facet normal 0 1 0
    outer loop
      vertex 30.1 2.4 40
      vertex 28.5858 2.4 36.8
      vertex 28.5858 2.4 39.4
    endloop
  endfacet
  facet normal 0 1 0
    outer loop
      vertex 25.5 2.4 29.8
      vertex 26.4 2.4 36.2
      vertex 26.8871 2.4 36.2319
    endloop
  endfacet
  facet normal 0 1 0
    outer loop
      vertex 25.5 2.4 29.8
      vertex 26.8871 2.4 36.2319
      vertex 27.3914 2.4 36.3305
    endloop
  endfacet
  facet normal 0 1 0
    outer loop
      vertex 25.5 2.4 29.8
      vertex 20.6 2.4 34.7
      vertex 21.8 2.4 34.7
    endloop
  endfacet
  facet normal 0 1 0
    outer loop
      vertex 20.6 2.4 34.7
      vertex 25.5 2.4 29.8
      vertex 11.6 2.4 34.7
    endloop
  endfacet
  facet normal -0 1 0
    outer loop
      vertex 6 2.4 29.9
      vertex 11.6 2.4 34.7
      vertex 25.5 2.4 29.8
    endloop
  endfacet
  facet normal 0 1 0
    outer loop
      vertex 4.67 2.4 33.57
      vertex 6 2.4 31.4
      vertex -4.67 2.4 33.57
    endloop
  endfacet
  facet normal 0 1 0
    outer loop
      vertex 10.4 2.4 34.7
      vertex 6 2.4 31.4
      vertex 4.67 2.4 33.57
    endloop
  endfacet
  facet normal 0 1 0
    outer loop
      vertex 10.4 2.4 34.7
      vertex 6 2.4 29.9
      vertex 6 2.4 31.4
    endloop
  endfacet
  facet normal 0 1 0
    outer loop
      vertex 26.4 2.4 36.2
      vertex 25.5 2.4 29.8
      vertex 21.8 2.4 34.7
    endloop
  endfacet
  facet normal 0 1 0
    outer loop
      vertex 6 2.4 29.9
      vertex 25.5 2.4 29.8
      vertex -6 2.4 29.9
    endloop
  endfacet
  facet normal 0 1 0
    outer loop
      vertex 11.6 2.4 34.7
      vertex 6 2.4 29.9
      vertex 10.4 2.4 34.7
    endloop
  endfacet
  facet normal 0 1 0
    outer loop
      vertex 27.9326 2.4 36.5049
      vertex 25.5 2.4 29.8
      vertex 27.3914 2.4 36.3305
    endloop
  endfacet
  facet normal 0 1 0
    outer loop
      vertex 28.5362 2.4 36.7724
      vertex 25.5 2.4 29.8
      vertex 27.9326 2.4 36.5049
    endloop
  endfacet
  facet normal 0 1 0
    outer loop
      vertex 28.5858 2.4 36.8
      vertex 25.5 2.4 29.8
      vertex 28.5362 2.4 36.7724
    endloop
  endfacet
  facet normal 0 1 -0
    outer loop
      vertex 30.1 2.4 14.5
      vertex 28.5858 2.4 36.8
      vertex 30.1 2.4 40
    endloop
  endfacet
  facet normal 0 1 0
    outer loop
      vertex 28.5858 2.4 36.8
      vertex 30.1 2.4 14.5
      vertex 25.5 2.4 29.8
    endloop
  endfacet
  facet normal 0 1 0
    outer loop
      vertex 25.5 2.4 14.8
      vertex 30.1 2.4 14.5
      vertex -25.5 2.4 14.8
    endloop
  endfacet
  facet normal 0 1 0
    outer loop
      vertex 25.5 2.4 29.8
      vertex 30.1 2.4 14.5
      vertex 25.5 2.4 14.8
    endloop
  endfacet
  facet normal 0 1 0
    outer loop
      vertex 30.1 2.4 40
      vertex 24.2142 2.4 39.4
      vertex 21.8 2.4 40
    endloop
  endfacet
  facet normal 0 1 -0
    outer loop
      vertex 24.2142 2.4 36.8
      vertex 21.8 2.4 40
      vertex 24.2142 2.4 39.4
    endloop
  endfacet
  facet normal 0 1 0
    outer loop
      vertex 24.2142 2.4 36.8
      vertex 21.8 2.4 34.7
      vertex 21.8 2.4 40
    endloop
  endfacet
  facet normal 0 1 0
    outer loop
      vertex 24.2638 2.4 36.7724
      vertex 21.8 2.4 34.7
      vertex 24.2142 2.4 36.8
    endloop
  endfacet
  facet normal 0 1 0
    outer loop
      vertex 24.8674 2.4 36.5049
      vertex 21.8 2.4 34.7
      vertex 24.2638 2.4 36.7724
    endloop
  endfacet
  facet normal 0 1 0
    outer loop
      vertex 25.4086 2.4 36.3305
      vertex 21.8 2.4 34.7
      vertex 24.8674 2.4 36.5049
    endloop
  endfacet
  facet normal 0 1 0
    outer loop
      vertex 25.9129 2.4 36.2319
      vertex 21.8 2.4 34.7
      vertex 25.4086 2.4 36.3305
    endloop
  endfacet
  facet normal 0 1 0
    outer loop
      vertex 21.8 2.4 34.7
      vertex 25.9129 2.4 36.2319
      vertex 26.4 2.4 36.2
    endloop
  endfacet
  facet normal 0 1 -0
    outer loop
      vertex 10.4 2.4 34.7
      vertex 4.67 2.4 40
      vertex 10.4 2.4 40
    endloop
  endfacet
  facet normal 0 1 0
    outer loop
      vertex 4.67 2.4 40
      vertex 10.4 2.4 34.7
      vertex 4.67 2.4 33.57
    endloop
  endfacet
  facet normal 0 1 0
    outer loop
      vertex 20.6 2.4 40
      vertex 18.3 2.4 38.95
      vertex 11.6 2.4 40
    endloop
  endfacet
  facet normal 0 1 0
    outer loop
      vertex 20.6 2.4 40
      vertex 18.3 2.4 37.05
      vertex 18.3 2.4 38.95
    endloop
  endfacet
  facet normal 0 1 0
    outer loop
      vertex 18.3 2.4 37.05
      vertex 20.6 2.4 34.7
      vertex 13.9 2.4 37.05
    endloop
  endfacet
  facet normal 0 1 -0
    outer loop
      vertex 20.6 2.4 34.7
      vertex 18.3 2.4 37.05
      vertex 20.6 2.4 40
    endloop
  endfacet
  facet normal 0 1 -0
    outer loop
      vertex 13.9 2.4 38.95
      vertex 11.6 2.4 40
      vertex 18.3 2.4 38.95
    endloop
  endfacet
  facet normal 0 1 -0
    outer loop
      vertex 13.9 2.4 37.05
      vertex 11.6 2.4 40
      vertex 13.9 2.4 38.95
    endloop
  endfacet
  facet normal 0 1 0
    outer loop
      vertex 13.9 2.4 37.05
      vertex 11.6 2.4 34.7
      vertex 11.6 2.4 40
    endloop
  endfacet
  facet normal 0 1 0
    outer loop
      vertex 11.6 2.4 34.7
      vertex 13.9 2.4 37.05
      vertex 20.6 2.4 34.7
    endloop
  endfacet
  facet normal 0 -1 0
    outer loop
      vertex -24.2142 33.6 36.8
      vertex 24.2142 33.6 39.4
      vertex -24.2142 33.6 39.4
    endloop
  endfacet
  facet normal 0 -1 0
    outer loop
      vertex -24.2142 33.6 36.8
      vertex 24.2142 33.6 36.8
      vertex 24.2142 33.6 39.4
    endloop
  endfacet
  facet normal 0 -1 0
    outer loop
      vertex -30.1 33.6 14.5
      vertex -24.2142 33.6 36.8
      vertex -24.2638 33.6 36.7724
    endloop
  endfacet
  facet normal 0 -1 -0
    outer loop
      vertex -24.2142 33.6 36.8
      vertex -30.1 33.6 14.5
      vertex 24.2142 33.6 36.8
    endloop
  endfacet
  facet normal 0 -1 0
    outer loop
      vertex -30.1 33.6 14.5
      vertex -24.2638 33.6 36.7724
      vertex -24.8674 33.6 36.5049
    endloop
  endfacet
  facet normal 0 -1 0
    outer loop
      vertex 30.1 33.6 14.5
      vertex 24.2142 33.6 36.8
      vertex -30.1 33.6 14.5
    endloop
  endfacet
  facet normal 0 -1 0
    outer loop
      vertex -30.1 33.6 14.5
      vertex -24.8674 33.6 36.5049
      vertex -25.4086 33.6 36.3305
    endloop
  endfacet
  facet normal 0 -1 0
    outer loop
      vertex 24.2142 33.6 36.8
      vertex 30.1 33.6 14.5
      vertex 24.2638 33.6 36.7724
    endloop
  endfacet
  facet normal 0 -1 0
    outer loop
      vertex -30.1 33.6 14.5
      vertex -25.4086 33.6 36.3305
      vertex -25.9129 33.6 36.2319
    endloop
  endfacet
  facet normal 0 -1 0
    outer loop
      vertex 24.2638 33.6 36.7724
      vertex 30.1 33.6 14.5
      vertex 24.8674 33.6 36.5049
    endloop
  endfacet
  facet normal 0 -1 0
    outer loop
      vertex -30.1 33.6 14.5
      vertex -25.9129 33.6 36.2319
      vertex -26.4 33.6 36.2
    endloop
  endfacet
  facet normal 0 -1 0
    outer loop
      vertex 24.8674 33.6 36.5049
      vertex 30.1 33.6 14.5
      vertex 25.4086 33.6 36.3305
    endloop
  endfacet
  facet normal 0 -1 0
    outer loop
      vertex -24.2142 33.6 39.4
      vertex -30.1 33.6 40
      vertex -28.5858 33.6 39.4
    endloop
  endfacet
  facet normal 0 -1 0
    outer loop
      vertex -30.1 33.6 40
      vertex -28.5858 33.6 36.8
      vertex -28.5858 33.6 39.4
    endloop
  endfacet
  facet normal 0 -1 0
    outer loop
      vertex 25.4086 33.6 36.3305
      vertex 30.1 33.6 14.5
      vertex 25.9129 33.6 36.2319
    endloop
  endfacet
  facet normal 0 -1 -0
    outer loop
      vertex -26.8871 33.6 36.2319
      vertex -30.1 33.6 14.5
      vertex -26.4 33.6 36.2
    endloop
  endfacet
  facet normal 0 -1 -0
    outer loop
      vertex -27.3914 33.6 36.3305
      vertex -30.1 33.6 14.5
      vertex -26.8871 33.6 36.2319
    endloop
  endfacet
  facet normal 0 -1 -0
    outer loop
      vertex -27.9326 33.6 36.5049
      vertex -30.1 33.6 14.5
      vertex -27.3914 33.6 36.3305
    endloop
  endfacet
  facet normal 0 -1 -0
    outer loop
      vertex -28.5362 33.6 36.7724
      vertex -30.1 33.6 14.5
      vertex -27.9326 33.6 36.5049
    endloop
  endfacet
  facet normal 0 -1 -0
    outer loop
      vertex -28.5858 33.6 36.8
      vertex -30.1 33.6 14.5
      vertex -28.5362 33.6 36.7724
    endloop
  endfacet
  facet normal 0 -1 0
    outer loop
      vertex -30.1 33.6 14.5
      vertex -28.5858 33.6 36.8
      vertex -30.1 33.6 40
    endloop
  endfacet
  facet normal 0 -1 0
    outer loop
      vertex -30.1 33.6 40
      vertex -24.2142 33.6 39.4
      vertex 30.1 33.6 40
    endloop
  endfacet
  facet normal 0 -1 0
    outer loop
      vertex 24.2142 33.6 39.4
      vertex 30.1 33.6 40
      vertex -24.2142 33.6 39.4
    endloop
  endfacet
  facet normal 0 -1 0
    outer loop
      vertex 28.5858 33.6 39.4
      vertex 30.1 33.6 40
      vertex 24.2142 33.6 39.4
    endloop
  endfacet
  facet normal 0 -1 0
    outer loop
      vertex 28.5858 33.6 36.8
      vertex 30.1 33.6 40
      vertex 28.5858 33.6 39.4
    endloop
  endfacet
  facet normal 0 -1 0
    outer loop
      vertex 25.9129 33.6 36.2319
      vertex 30.1 33.6 14.5
      vertex 26.4 33.6 36.2
    endloop
  endfacet
  facet normal 0 -1 0
    outer loop
      vertex 26.4 33.6 36.2
      vertex 30.1 33.6 14.5
      vertex 26.8871 33.6 36.2319
    endloop
  endfacet
  facet normal 0 -1 0
    outer loop
      vertex 26.8871 33.6 36.2319
      vertex 30.1 33.6 14.5
      vertex 27.3914 33.6 36.3305
    endloop
  endfacet
  facet normal 0 -1 0
    outer loop
      vertex 28.5858 33.6 36.8
      vertex 30.1 33.6 14.5
      vertex 30.1 33.6 40
    endloop
  endfacet
  facet normal 0 -1 0
    outer loop
      vertex 28.5362 33.6 36.7724
      vertex 30.1 33.6 14.5
      vertex 28.5858 33.6 36.8
    endloop
  endfacet
  facet normal 0 -1 0
    outer loop
      vertex 27.9326 33.6 36.5049
      vertex 30.1 33.6 14.5
      vertex 28.5362 33.6 36.7724
    endloop
  endfacet
  facet normal 0 -1 0
    outer loop
      vertex 27.3914 33.6 36.3305
      vertex 30.1 33.6 14.5
      vertex 27.9326 33.6 36.5049
    endloop
  endfacet
  facet normal -1 0 0
    outer loop
      vertex 10.4 2.4 34.7
      vertex 10.4 5.9 40
      vertex 10.4 5.9 34.7
    endloop
  endfacet
  facet normal -1 -0 0
    outer loop
      vertex 10.4 5.9 40
      vertex 10.4 2.4 34.7
      vertex 10.4 2.4 40
    endloop
  endfacet
  facet normal 0 0 -1
    outer loop
      vertex 10.4 2.4 34.7
      vertex 11.6 5.9 34.7
      vertex 11.6 2.4 34.7
    endloop
  endfacet
  facet normal -0 0 -1
    outer loop
      vertex 11.6 5.9 34.7
      vertex 10.4 2.4 34.7
      vertex 10.4 5.9 34.7
    endloop
  endfacet
  facet normal 1 -0 0
    outer loop
      vertex 11.6 2.4 40
      vertex 11.6 5.9 34.7
      vertex 11.6 5.9 40
    endloop
  endfacet
  facet normal 1 0 0
    outer loop
      vertex 11.6 5.9 34.7
      vertex 11.6 2.4 40
      vertex 11.6 2.4 34.7
    endloop
  endfacet
  facet normal 0 1 -0
    outer loop
      vertex 11.6 5.9 34.7
      vertex 10.4 5.9 40
      vertex 11.6 5.9 40
    endloop
  endfacet
  facet normal 0 1 0
    outer loop
      vertex 10.4 5.9 40
      vertex 11.6 5.9 34.7
      vertex 10.4 5.9 34.7
    endloop
  endfacet
  facet normal -1 0 0
    outer loop
      vertex 20.6 2.4 34.7
      vertex 20.6 5.9 40
      vertex 20.6 5.9 34.7
    endloop
  endfacet
  facet normal -1 -0 0
    outer loop
      vertex 20.6 5.9 40
      vertex 20.6 2.4 34.7
      vertex 20.6 2.4 40
    endloop
  endfacet
  facet normal 0 0 -1
    outer loop
      vertex 20.6 2.4 34.7
      vertex 21.8 5.9 34.7
      vertex 21.8 2.4 34.7
    endloop
  endfacet
  facet normal -0 0 -1
    outer loop
      vertex 21.8 5.9 34.7
      vertex 20.6 2.4 34.7
      vertex 20.6 5.9 34.7
    endloop
  endfacet
  facet normal 1 -0 0
    outer loop
      vertex 21.8 2.4 40
      vertex 21.8 5.9 34.7
      vertex 21.8 5.9 40
    endloop
  endfacet
  facet normal 1 0 0
    outer loop
      vertex 21.8 5.9 34.7
      vertex 21.8 2.4 40
      vertex 21.8 2.4 34.7
    endloop
  endfacet
  facet normal 0 1 -0
    outer loop
      vertex 21.8 5.9 34.7
      vertex 20.6 5.9 40
      vertex 21.8 5.9 40
    endloop
  endfacet
  facet normal 0 1 0
    outer loop
      vertex 20.6 5.9 40
      vertex 21.8 5.9 34.7
      vertex 20.6 5.9 34.7
    endloop
  endfacet
  facet normal -1 0 0
    outer loop
      vertex -42.5 1 22
      vertex -42.5 35 30.5
      vertex -42.5 35 22
    endloop
  endfacet
  facet normal -1 -0 0
    outer loop
      vertex -42.5 35 30.5
      vertex -42.5 1 22
      vertex -42.5 1 30.5
    endloop
  endfacet
  facet normal 0 0 -1
    outer loop
      vertex -41.5 1 21
      vertex -32.5 35 21
      vertex -32.5 1 21
    endloop
  endfacet
  facet normal -0 0 -1
    outer loop
      vertex -32.5 35 21
      vertex -41.5 1 21
      vertex -41.5 35 21
    endloop
  endfacet
  facet normal -0 0 1
    outer loop
      vertex -41.5 35 31.5
      vertex -32.5 1 31.5
      vertex -32.5 35 31.5
    endloop
  endfacet
  facet normal 0 0 1
    outer loop
      vertex -32.5 1 31.5
      vertex -41.5 35 31.5
      vertex -41.5 1 31.5
    endloop
  endfacet
  facet normal -0.707107 0 -0.707107
    outer loop
      vertex -41.5 1 21
      vertex -42.5 35 22
      vertex -41.5 35 21
    endloop
  endfacet
  facet normal -0.707107 -0 -0.707107
    outer loop
      vertex -42.5 35 22
      vertex -41.5 1 21
      vertex -42.5 1 22
    endloop
  endfacet
  facet normal 0 -0.707107 0.707107
    outer loop
      vertex -41.5 0 30.5
      vertex -32.5 1 31.5
      vertex -41.5 1 31.5
    endloop
  endfacet
  facet normal 0 -0.707107 0.707107
    outer loop
      vertex -32.5 1 31.5
      vertex -41.5 0 30.5
      vertex -31.5 0 30.5
    endloop
  endfacet
  facet normal -0.707107 0 0.707107
    outer loop
      vertex -42.5 1 30.5
      vertex -41.5 35 31.5
      vertex -42.5 35 30.5
    endloop
  endfacet
  facet normal -0.707107 0 0.707107
    outer loop
      vertex -41.5 35 31.5
      vertex -42.5 1 30.5
      vertex -41.5 1 31.5
    endloop
  endfacet
  facet normal -0.57735 0.57735 -0.57735
    outer loop
      vertex -41.5 35 21
      vertex -42.5 35 22
      vertex -41.5 36 22
    endloop
  endfacet
  facet normal -0.57735 0.57735 0.57735
    outer loop
      vertex -41.5 36 30.5
      vertex -42.5 35 30.5
      vertex -41.5 35 31.5
    endloop
  endfacet
  facet normal -0.707107 0.707107 0
    outer loop
      vertex -42.5 35 22
      vertex -41.5 36 30.5
      vertex -41.5 36 22
    endloop
  endfacet
  facet normal -0.707107 0.707107 0
    outer loop
      vertex -41.5 36 30.5
      vertex -42.5 35 22
      vertex -42.5 35 30.5
    endloop
  endfacet
  facet normal -0.707107 -0.707107 0
    outer loop
      vertex -41.5 0 22
      vertex -42.5 1 30.5
      vertex -42.5 1 22
    endloop
  endfacet
  facet normal -0.707107 -0.707107 0
    outer loop
      vertex -42.5 1 30.5
      vertex -41.5 0 22
      vertex -41.5 0 30.5
    endloop
  endfacet
  facet normal -0.57735 -0.57735 0.57735
    outer loop
      vertex -41.5 1 31.5
      vertex -42.5 1 30.5
      vertex -41.5 0 30.5
    endloop
  endfacet
  facet normal -0 0.707107 0.707107
    outer loop
      vertex -41.5 36 30.5
      vertex -32.5 35 31.5
      vertex -31.5 36 30.5
    endloop
  endfacet
  facet normal 0 0.707107 0.707107
    outer loop
      vertex -32.5 35 31.5
      vertex -41.5 36 30.5
      vertex -41.5 35 31.5
    endloop
  endfacet
  facet normal 0 0.707107 -0.707107
    outer loop
      vertex -32.5 35 21
      vertex -41.5 36 22
      vertex -31.5 36 22
    endloop
  endfacet
  facet normal 0 0.707107 -0.707107
    outer loop
      vertex -41.5 36 22
      vertex -32.5 35 21
      vertex -41.5 35 21
    endloop
  endfacet
  facet normal -0.57735 -0.57735 -0.57735
    outer loop
      vertex -41.5 0 22
      vertex -42.5 1 22
      vertex -41.5 1 21
    endloop
  endfacet
  facet normal -0 -0.707107 -0.707107
    outer loop
      vertex -32.5 1 21
      vertex -41.5 0 22
      vertex -41.5 1 21
    endloop
  endfacet
  facet normal 0 -0.707107 -0.707107
    outer loop
      vertex -41.5 0 22
      vertex -32.5 1 21
      vertex -31.5 0 22
    endloop
  endfacet
  facet normal 0 0 -1
    outer loop
      vertex 32.5 1 21
      vertex 41.5 35 21
      vertex 41.5 1 21
    endloop
  endfacet
  facet normal -0 0 -1
    outer loop
      vertex 41.5 35 21
      vertex 32.5 1 21
      vertex 32.5 35 21
    endloop
  endfacet
  facet normal 1 -0 0
    outer loop
      vertex 42.5 1 30.5
      vertex 42.5 35 22
      vertex 42.5 35 30.5
    endloop
  endfacet
  facet normal 1 0 0
    outer loop
      vertex 42.5 35 22
      vertex 42.5 1 30.5
      vertex 42.5 1 22
    endloop
  endfacet
  facet normal -0 0 1
    outer loop
      vertex 32.5 35 31.5
      vertex 41.5 1 31.5
      vertex 41.5 35 31.5
    endloop
  endfacet
  facet normal 0 0 1
    outer loop
      vertex 41.5 1 31.5
      vertex 32.5 35 31.5
      vertex 32.5 1 31.5
    endloop
  endfacet
  facet normal 0.57735 0.57735 -0.57735
    outer loop
      vertex 41.5 35 21
      vertex 41.5 36 22
      vertex 42.5 35 22
    endloop
  endfacet
  facet normal 0 -0.707107 0.707107
    outer loop
      vertex 41.5 0 30.5
      vertex 32.5 1 31.5
      vertex 31.5 0 30.5
    endloop
  endfacet
  facet normal 0 -0.707107 0.707107
    outer loop
      vertex 32.5 1 31.5
      vertex 41.5 0 30.5
      vertex 41.5 1 31.5
    endloop
  endfacet
  facet normal 0.707107 -0 0.707107
    outer loop
      vertex 41.5 1 31.5
      vertex 42.5 35 30.5
      vertex 41.5 35 31.5
    endloop
  endfacet
  facet normal 0.707107 0 0.707107
    outer loop
      vertex 42.5 35 30.5
      vertex 41.5 1 31.5
      vertex 42.5 1 30.5
    endloop
  endfacet
  facet normal 0.707107 0.707107 0
    outer loop
      vertex 42.5 35 30.5
      vertex 41.5 36 22
      vertex 41.5 36 30.5
    endloop
  endfacet
  facet normal 0.707107 0.707107 0
    outer loop
      vertex 41.5 36 22
      vertex 42.5 35 30.5
      vertex 42.5 35 22
    endloop
  endfacet
  facet normal 0.57735 -0.57735 0.57735
    outer loop
      vertex 42.5 1 30.5
      vertex 41.5 1 31.5
      vertex 41.5 0 30.5
    endloop
  endfacet
  facet normal 0.707107 0 -0.707107
    outer loop
      vertex 42.5 1 22
      vertex 41.5 35 21
      vertex 42.5 35 22
    endloop
  endfacet
  facet normal 0.707107 0 -0.707107
    outer loop
      vertex 41.5 35 21
      vertex 42.5 1 22
      vertex 41.5 1 21
    endloop
  endfacet
  facet normal 0 -0.707107 -0.707107
    outer loop
      vertex 32.5 1 21
      vertex 41.5 0 22
      vertex 31.5 0 22
    endloop
  endfacet
  facet normal 0 -0.707107 -0.707107
    outer loop
      vertex 41.5 0 22
      vertex 32.5 1 21
      vertex 41.5 1 21
    endloop
  endfacet
  facet normal 0.57735 -0.57735 -0.57735
    outer loop
      vertex 41.5 0 22
      vertex 41.5 1 21
      vertex 42.5 1 22
    endloop
  endfacet
  facet normal 0 0.707107 0.707107
    outer loop
      vertex 41.5 36 30.5
      vertex 32.5 35 31.5
      vertex 41.5 35 31.5
    endloop
  endfacet
  facet normal 0 0.707107 0.707107
    outer loop
      vertex 32.5 35 31.5
      vertex 41.5 36 30.5
      vertex 31.5 36 30.5
    endloop
  endfacet
  facet normal 0.57735 0.57735 0.57735
    outer loop
      vertex 42.5 35 30.5
      vertex 41.5 36 30.5
      vertex 41.5 35 31.5
    endloop
  endfacet
  facet normal 0.707107 -0.707107 0
    outer loop
      vertex 41.5 0 30.5
      vertex 42.5 1 22
      vertex 42.5 1 30.5
    endloop
  endfacet
  facet normal 0.707107 -0.707107 0
    outer loop
      vertex 42.5 1 22
      vertex 41.5 0 30.5
      vertex 41.5 0 22
    endloop
  endfacet
  facet normal 0 0.707107 -0.707107
    outer loop
      vertex 32.5 35 21
      vertex 41.5 36 22
      vertex 41.5 35 21
    endloop
  endfacet
  facet normal 0 0.707107 -0.707107
    outer loop
      vertex 41.5 36 22
      vertex 32.5 35 21
      vertex 31.5 36 22
    endloop
  endfacet
  facet normal 0.831475 -0.555561 0
    outer loop
      vertex -22.9886 27.2823 39.4
      vertex -22.6761 27.75 36.8
      vertex -22.6761 27.75 39.4
    endloop
  endfacet
  facet normal 0.831475 -0.555561 0
    outer loop
      vertex -22.6761 27.75 36.8
      vertex -22.9886 27.2823 39.4
      vertex -22.9886 27.2823 36.8
    endloop
  endfacet
  facet normal 0.32145 -0.946927 0
    outer loop
      vertex -25.2871 25.7465 36.8
      vertex -24.7545 25.9273 39.4
      vertex -25.2871 25.7465 39.4
    endloop
  endfacet
  facet normal 0.32145 -0.946927 0
    outer loop
      vertex -24.7545 25.9273 39.4
      vertex -25.2871 25.7465 36.8
      vertex -24.7545 25.9273 36.8
    endloop
  endfacet
  facet normal -0.4423 -0.896867 0
    outer loop
      vertex -28.55 26.1761 36.8
      vertex -28.0455 25.9273 39.4
      vertex -28.55 26.1761 39.4
    endloop
  endfacet
  facet normal -0.4423 -0.896867 -0
    outer loop
      vertex -28.0455 25.9273 39.4
      vertex -28.55 26.1761 36.8
      vertex -28.0455 25.9273 36.8
    endloop
  endfacet
  facet normal 0.980792 0.195056 0
    outer loop
      vertex -22.1368 30.4613 39.4
      vertex -22.2465 31.0129 36.8
      vertex -22.2465 31.0129 39.4
    endloop
  endfacet
  facet normal 0.980792 0.195056 0
    outer loop
      vertex -22.2465 31.0129 36.8
      vertex -22.1368 30.4613 39.4
      vertex -22.1368 30.4613 36.8
    endloop
  endfacet
  facet normal 0.980792 -0.195056 0
    outer loop
      vertex -22.2465 28.7871 39.4
      vertex -22.1368 29.3387 36.8
      vertex -22.1368 29.3387 39.4
    endloop
  endfacet
  facet normal 0.980792 -0.195056 0
    outer loop
      vertex -22.1368 29.3387 36.8
      vertex -22.2465 28.7871 39.4
      vertex -22.2465 28.7871 36.8
    endloop
  endfacet
  facet normal -0.0654216 -0.997858 0
    outer loop
      vertex -26.9613 25.6368 36.8
      vertex -26.4 25.6 39.4
      vertex -26.9613 25.6368 39.4
    endloop
  endfacet
  facet normal -0.0654216 -0.997858 -0
    outer loop
      vertex -26.4 25.6 39.4
      vertex -26.9613 25.6368 36.8
      vertex -26.4 25.6 36.8
    endloop
  endfacet
  facet normal 0.555561 -0.831475 0
    outer loop
      vertex -24.25 26.1761 36.8
      vertex -23.7823 26.4886 39.4
      vertex -24.25 26.1761 39.4
    endloop
  endfacet
  facet normal 0.555561 -0.831475 0
    outer loop
      vertex -23.7823 26.4886 39.4
      vertex -24.25 26.1761 36.8
      vertex -23.7823 26.4886 36.8
    endloop
  endfacet
  facet normal -0.751904 -0.659272 0
    outer loop
      vertex -29.4406 26.8594 36.8
      vertex -29.8114 27.2823 39.4
      vertex -29.8114 27.2823 36.8
    endloop
  endfacet
  facet normal -0.751904 -0.659272 0
    outer loop
      vertex -29.8114 27.2823 39.4
      vertex -29.4406 26.8594 36.8
      vertex -29.4406 26.8594 39.4
    endloop
  endfacet
  facet normal -0.555561 -0.831475 0
    outer loop
      vertex -29.0177 26.4886 36.8
      vertex -28.55 26.1761 39.4
      vertex -29.0177 26.4886 39.4
    endloop
  endfacet
  facet normal -0.555561 -0.831475 -0
    outer loop
      vertex -28.55 26.1761 39.4
      vertex -29.0177 26.4886 36.8
      vertex -28.55 26.1761 36.8
    endloop
  endfacet
  facet normal -0.195056 -0.980792 0
    outer loop
      vertex -27.5129 25.7465 36.8
      vertex -26.9613 25.6368 39.4
      vertex -27.5129 25.7465 39.4
    endloop
  endfacet
  facet normal -0.195056 -0.980792 -0
    outer loop
      vertex -26.9613 25.6368 39.4
      vertex -27.5129 25.7465 36.8
      vertex -26.9613 25.6368 36.8
    endloop
  endfacet
  facet normal -0.659272 -0.751904 0
    outer loop
      vertex -29.4406 26.8594 36.8
      vertex -29.0177 26.4886 39.4
      vertex -29.4406 26.8594 39.4
    endloop
  endfacet
  facet normal -0.659272 -0.751904 -0
    outer loop
      vertex -29.0177 26.4886 39.4
      vertex -29.4406 26.8594 36.8
      vertex -29.0177 26.4886 36.8
    endloop
  endfacet
  facet normal 0.997858 -0.0654216 0
    outer loop
      vertex -22.1368 29.3387 39.4
      vertex -22.1 29.9 36.8
      vertex -22.1 29.9 39.4
    endloop
  endfacet
  facet normal 0.997858 -0.0654216 0
    outer loop
      vertex -22.1 29.9 36.8
      vertex -22.1368 29.3387 39.4
      vertex -22.1368 29.3387 36.8
    endloop
  endfacet
  facet normal 0.946927 0.32145 0
    outer loop
      vertex -22.2465 31.0129 39.4
      vertex -22.4273 31.5455 36.8
      vertex -22.4273 31.5455 39.4
    endloop
  endfacet
  facet normal 0.946927 0.32145 0
    outer loop
      vertex -22.4273 31.5455 36.8
      vertex -22.2465 31.0129 39.4
      vertex -22.2465 31.0129 36.8
    endloop
  endfacet
  facet normal -0.659272 0.751904 0
    outer loop
      vertex -29.0177 33.3114 36.8
      vertex -29.4406 32.9406 39.4
      vertex -29.0177 33.3114 39.4
    endloop
  endfacet
  facet normal -0.659272 0.751904 0
    outer loop
      vertex -29.4406 32.9406 39.4
      vertex -29.0177 33.3114 36.8
      vertex -29.4406 32.9406 36.8
    endloop
  endfacet
  facet normal 0.555588 0.831457 -0
    outer loop
      vertex -23.7823 33.3114 36.8
      vertex -24.2142 33.6 39.4
      vertex -23.7823 33.3114 39.4
    endloop
  endfacet
  facet normal 0.555588 0.831457 0
    outer loop
      vertex -24.2142 33.6 39.4
      vertex -23.7823 33.3114 36.8
      vertex -24.2142 33.6 36.8
    endloop
  endfacet
  facet normal 0.659272 -0.751904 0
    outer loop
      vertex -23.7823 26.4886 36.8
      vertex -23.3594 26.8594 39.4
      vertex -23.7823 26.4886 39.4
    endloop
  endfacet
  facet normal 0.659272 -0.751904 0
    outer loop
      vertex -23.3594 26.8594 39.4
      vertex -23.7823 26.4886 36.8
      vertex -23.3594 26.8594 36.8
    endloop
  endfacet
  facet normal 0.751904 -0.659272 0
    outer loop
      vertex -23.3594 26.8594 39.4
      vertex -22.9886 27.2823 36.8
      vertex -22.9886 27.2823 39.4
    endloop
  endfacet
  facet normal 0.751904 -0.659272 0
    outer loop
      vertex -22.9886 27.2823 36.8
      vertex -23.3594 26.8594 39.4
      vertex -23.3594 26.8594 36.8
    endloop
  endfacet
  facet normal 0.195056 -0.980792 0
    outer loop
      vertex -25.8387 25.6368 36.8
      vertex -25.2871 25.7465 39.4
      vertex -25.8387 25.6368 39.4
    endloop
  endfacet
  facet normal 0.195056 -0.980792 0
    outer loop
      vertex -25.2871 25.7465 39.4
      vertex -25.8387 25.6368 36.8
      vertex -25.2871 25.7465 36.8
    endloop
  endfacet
  facet normal 0.0654216 -0.997858 0
    outer loop
      vertex -26.4 25.6 36.8
      vertex -25.8387 25.6368 39.4
      vertex -26.4 25.6 39.4
    endloop
  endfacet
  facet normal 0.0654216 -0.997858 0
    outer loop
      vertex -25.8387 25.6368 39.4
      vertex -26.4 25.6 36.8
      vertex -25.8387 25.6368 36.8
    endloop
  endfacet
  facet normal 0.4423 -0.896867 0
    outer loop
      vertex -24.7545 25.9273 36.8
      vertex -24.25 26.1761 39.4
      vertex -24.7545 25.9273 39.4
    endloop
  endfacet
  facet normal 0.4423 -0.896867 0
    outer loop
      vertex -24.25 26.1761 39.4
      vertex -24.7545 25.9273 36.8
      vertex -24.25 26.1761 36.8
    endloop
  endfacet
  facet normal -0.831457 -0.555588 0
    outer loop
      vertex -29.8114 27.2823 36.8
      vertex -30.1 27.7142 39.4
      vertex -30.1 27.7142 36.8
    endloop
  endfacet
  facet normal -0.831457 -0.555588 0
    outer loop
      vertex -30.1 27.7142 39.4
      vertex -29.8114 27.2823 36.8
      vertex -29.8114 27.2823 39.4
    endloop
  endfacet
  facet normal -0.32145 -0.946927 0
    outer loop
      vertex -28.0455 25.9273 36.8
      vertex -27.5129 25.7465 39.4
      vertex -28.0455 25.9273 39.4
    endloop
  endfacet
  facet normal -0.32145 -0.946927 -0
    outer loop
      vertex -27.5129 25.7465 39.4
      vertex -28.0455 25.9273 36.8
      vertex -27.5129 25.7465 36.8
    endloop
  endfacet
  facet normal 0.997858 0.0654216 0
    outer loop
      vertex -22.1 29.9 39.4
      vertex -22.1368 30.4613 36.8
      vertex -22.1368 30.4613 39.4
    endloop
  endfacet
  facet normal 0.997858 0.0654216 0
    outer loop
      vertex -22.1368 30.4613 36.8
      vertex -22.1 29.9 39.4
      vertex -22.1 29.9 36.8
    endloop
  endfacet
  facet normal 0.831475 0.555561 0
    outer loop
      vertex -22.6761 32.05 39.4
      vertex -22.9886 32.5177 36.8
      vertex -22.9886 32.5177 39.4
    endloop
  endfacet
  facet normal 0.831475 0.555561 0
    outer loop
      vertex -22.9886 32.5177 36.8
      vertex -22.6761 32.05 39.4
      vertex -22.6761 32.05 36.8
    endloop
  endfacet
  facet normal -0.751904 0.659272 0
    outer loop
      vertex -29.8114 32.5177 36.8
      vertex -29.4406 32.9406 39.4
      vertex -29.4406 32.9406 36.8
    endloop
  endfacet
  facet normal -0.751904 0.659272 0
    outer loop
      vertex -29.4406 32.9406 39.4
      vertex -29.8114 32.5177 36.8
      vertex -29.8114 32.5177 39.4
    endloop
  endfacet
  facet normal 0.659272 0.751904 -0
    outer loop
      vertex -23.3594 32.9406 36.8
      vertex -23.7823 33.3114 39.4
      vertex -23.3594 32.9406 39.4
    endloop
  endfacet
  facet normal 0.659272 0.751904 0
    outer loop
      vertex -23.7823 33.3114 39.4
      vertex -23.3594 32.9406 36.8
      vertex -23.7823 33.3114 36.8
    endloop
  endfacet
  facet normal 0.896867 -0.4423 0
    outer loop
      vertex -22.6761 27.75 39.4
      vertex -22.4273 28.2545 36.8
      vertex -22.4273 28.2545 39.4
    endloop
  endfacet
  facet normal 0.896867 -0.4423 0
    outer loop
      vertex -22.4273 28.2545 36.8
      vertex -22.6761 27.75 39.4
      vertex -22.6761 27.75 36.8
    endloop
  endfacet
  facet normal 0.946927 -0.32145 0
    outer loop
      vertex -22.4273 28.2545 39.4
      vertex -22.2465 28.7871 36.8
      vertex -22.2465 28.7871 39.4
    endloop
  endfacet
  facet normal 0.946927 -0.32145 0
    outer loop
      vertex -22.2465 28.7871 36.8
      vertex -22.4273 28.2545 39.4
      vertex -22.4273 28.2545 36.8
    endloop
  endfacet
  facet normal 0.896867 0.4423 0
    outer loop
      vertex -22.4273 31.5455 39.4
      vertex -22.6761 32.05 36.8
      vertex -22.6761 32.05 39.4
    endloop
  endfacet
  facet normal 0.896867 0.4423 0
    outer loop
      vertex -22.6761 32.05 36.8
      vertex -22.4273 31.5455 39.4
      vertex -22.4273 31.5455 36.8
    endloop
  endfacet
  facet normal 0 0 1
    outer loop
      vertex -23.3 29.9 39.4
      vertex -22.1 29.9 39.4
      vertex -22.1368 30.4613 39.4
    endloop
  endfacet
  facet normal 0 0 1
    outer loop
      vertex -23.3265 30.3046 39.4
      vertex -22.1368 30.4613 39.4
      vertex -22.2465 31.0129 39.4
    endloop
  endfacet
  facet normal 0 0 1
    outer loop
      vertex -22.1 29.9 39.4
      vertex -23.3 29.9 39.4
      vertex -22.1368 29.3387 39.4
    endloop
  endfacet
  facet normal 0 0 1
    outer loop
      vertex -23.4056 30.7023 39.4
      vertex -22.2465 31.0129 39.4
      vertex -22.4273 31.5455 39.4
    endloop
  endfacet
  facet normal -0 0 1
    outer loop
      vertex -23.3265 29.4954 39.4
      vertex -22.1368 29.3387 39.4
      vertex -23.3 29.9 39.4
    endloop
  endfacet
  facet normal 0 0 1
    outer loop
      vertex -23.536 31.0863 39.4
      vertex -22.4273 31.5455 39.4
      vertex -22.6761 32.05 39.4
    endloop
  endfacet
  facet normal 0 0 1
    outer loop
      vertex -22.1368 29.3387 39.4
      vertex -23.3265 29.4954 39.4
      vertex -22.2465 28.7871 39.4
    endloop
  endfacet
  facet normal 0 0 1
    outer loop
      vertex -23.7153 31.45 39.4
      vertex -22.6761 32.05 39.4
      vertex -22.9886 32.5177 39.4
    endloop
  endfacet
  facet normal -0 0 1
    outer loop
      vertex -23.4056 29.0977 39.4
      vertex -22.2465 28.7871 39.4
      vertex -23.3265 29.4954 39.4
    endloop
  endfacet
  facet normal 0 0 1
    outer loop
      vertex -22.2465 28.7871 39.4
      vertex -23.4056 29.0977 39.4
      vertex -22.4273 28.2545 39.4
    endloop
  endfacet
  facet normal 0 0 1
    outer loop
      vertex -22.1368 30.4613 39.4
      vertex -23.3265 30.3046 39.4
      vertex -23.3 29.9 39.4
    endloop
  endfacet
  facet normal 0 0 1
    outer loop
      vertex -23.9406 31.7872 39.4
      vertex -22.9886 32.5177 39.4
      vertex -23.3594 32.9406 39.4
    endloop
  endfacet
  facet normal 0 0 1
    outer loop
      vertex -22.2465 31.0129 39.4
      vertex -23.4056 30.7023 39.4
      vertex -23.3265 30.3046 39.4
    endloop
  endfacet
  facet normal 0 0 1
    outer loop
      vertex -22.4273 31.5455 39.4
      vertex -23.536 31.0863 39.4
      vertex -23.4056 30.7023 39.4
    endloop
  endfacet
  facet normal 0 0 1
    outer loop
      vertex -22.6761 32.05 39.4
      vertex -23.7153 31.45 39.4
      vertex -23.536 31.0863 39.4
    endloop
  endfacet
  facet normal 0 0 1
    outer loop
      vertex -24.208 32.092 39.4
      vertex -23.3594 32.9406 39.4
      vertex -23.7823 33.3114 39.4
    endloop
  endfacet
  facet normal 0 0 1
    outer loop
      vertex -22.9886 32.5177 39.4
      vertex -23.9406 31.7872 39.4
      vertex -23.7153 31.45 39.4
    endloop
  endfacet
  facet normal 0 0 1
    outer loop
      vertex -23.3594 32.9406 39.4
      vertex -24.208 32.092 39.4
      vertex -23.9406 31.7872 39.4
    endloop
  endfacet
  facet normal 0 0 1
    outer loop
      vertex -24.5128 32.3594 39.4
      vertex -23.7823 33.3114 39.4
      vertex -24.2142 33.6 39.4
    endloop
  endfacet
  facet normal 0 0 1
    outer loop
      vertex -23.7823 33.3114 39.4
      vertex -24.5128 32.3594 39.4
      vertex -24.208 32.092 39.4
    endloop
  endfacet
  facet normal 0 0 1
    outer loop
      vertex -24.2142 33.6 39.4
      vertex -24.85 32.5847 39.4
      vertex -24.5128 32.3594 39.4
    endloop
  endfacet
  facet normal 0 0 1
    outer loop
      vertex -24.2142 33.6 39.4
      vertex -25.2137 32.764 39.4
      vertex -24.85 32.5847 39.4
    endloop
  endfacet
  facet normal 0 0 1
    outer loop
      vertex -24.2142 33.6 39.4
      vertex -25.5977 32.8944 39.4
      vertex -25.2137 32.764 39.4
    endloop
  endfacet
  facet normal 0 0 1
    outer loop
      vertex -24.2142 33.6 39.4
      vertex -25.9954 32.9735 39.4
      vertex -25.5977 32.8944 39.4
    endloop
  endfacet
  facet normal 0 0 1
    outer loop
      vertex -24.2142 33.6 39.4
      vertex -26.4 33 39.4
      vertex -25.9954 32.9735 39.4
    endloop
  endfacet
  facet normal -0 0 1
    outer loop
      vertex -28.5858 33.6 39.4
      vertex -26.4 33 39.4
      vertex -24.2142 33.6 39.4
    endloop
  endfacet
  facet normal 0 0 1
    outer loop
      vertex -26.4 33 39.4
      vertex -28.5858 33.6 39.4
      vertex -26.8046 32.9735 39.4
    endloop
  endfacet
  facet normal 0 0 1
    outer loop
      vertex -26.8046 32.9735 39.4
      vertex -28.5858 33.6 39.4
      vertex -27.2023 32.8944 39.4
    endloop
  endfacet
  facet normal 0 0 1
    outer loop
      vertex -28.5858 33.6 39.4
      vertex -27.5863 32.764 39.4
      vertex -27.2023 32.8944 39.4
    endloop
  endfacet
  facet normal 0 0 1
    outer loop
      vertex -28.5858 33.6 39.4
      vertex -27.95 32.5847 39.4
      vertex -27.5863 32.764 39.4
    endloop
  endfacet
  facet normal 0 0 1
    outer loop
      vertex -28.5858 33.6 39.4
      vertex -28.2872 32.3594 39.4
      vertex -27.95 32.5847 39.4
    endloop
  endfacet
  facet normal -0 0 1
    outer loop
      vertex -29.0177 33.3114 39.4
      vertex -28.2872 32.3594 39.4
      vertex -28.5858 33.6 39.4
    endloop
  endfacet
  facet normal 0 0 1
    outer loop
      vertex -28.2872 32.3594 39.4
      vertex -29.0177 33.3114 39.4
      vertex -28.592 32.092 39.4
    endloop
  endfacet
  facet normal -0 0 1
    outer loop
      vertex -29.4406 32.9406 39.4
      vertex -28.592 32.092 39.4
      vertex -29.0177 33.3114 39.4
    endloop
  endfacet
  facet normal 0 0 1
    outer loop
      vertex -28.592 32.092 39.4
      vertex -29.4406 32.9406 39.4
      vertex -28.8594 31.7872 39.4
    endloop
  endfacet
  facet normal -0 0 1
    outer loop
      vertex -29.8114 32.5177 39.4
      vertex -28.8594 31.7872 39.4
      vertex -29.4406 32.9406 39.4
    endloop
  endfacet
  facet normal -0 0 1
    outer loop
      vertex -30.1 32.0858 39.4
      vertex -28.8594 31.7872 39.4
      vertex -29.8114 32.5177 39.4
    endloop
  endfacet
  facet normal 0 0 1
    outer loop
      vertex -28.8594 31.7872 39.4
      vertex -30.1 32.0858 39.4
      vertex -29.0847 31.45 39.4
    endloop
  endfacet
  facet normal 0 0 1
    outer loop
      vertex -29.0847 31.45 39.4
      vertex -30.1 32.0858 39.4
      vertex -29.264 31.0863 39.4
    endloop
  endfacet
  facet normal 0 0 1
    outer loop
      vertex -29.264 31.0863 39.4
      vertex -30.1 32.0858 39.4
      vertex -29.3944 30.7023 39.4
    endloop
  endfacet
  facet normal 0 0 1
    outer loop
      vertex -29.3944 30.7023 39.4
      vertex -30.1 32.0858 39.4
      vertex -29.4735 30.3046 39.4
    endloop
  endfacet
  facet normal -0 0 1
    outer loop
      vertex -23.536 28.7137 39.4
      vertex -22.4273 28.2545 39.4
      vertex -23.4056 29.0977 39.4
    endloop
  endfacet
  facet normal 0 0 1
    outer loop
      vertex -22.4273 28.2545 39.4
      vertex -23.536 28.7137 39.4
      vertex -22.6761 27.75 39.4
    endloop
  endfacet
  facet normal -0 0 1
    outer loop
      vertex -23.7153 28.35 39.4
      vertex -22.6761 27.75 39.4
      vertex -23.536 28.7137 39.4
    endloop
  endfacet
  facet normal 0 0 1
    outer loop
      vertex -22.6761 27.75 39.4
      vertex -23.7153 28.35 39.4
      vertex -22.9886 27.2823 39.4
    endloop
  endfacet
  facet normal -0 0 1
    outer loop
      vertex -23.9406 28.0128 39.4
      vertex -22.9886 27.2823 39.4
      vertex -23.7153 28.35 39.4
    endloop
  endfacet
  facet normal 0 0 1
    outer loop
      vertex -22.9886 27.2823 39.4
      vertex -23.9406 28.0128 39.4
      vertex -23.3594 26.8594 39.4
    endloop
  endfacet
  facet normal -0 0 1
    outer loop
      vertex -24.208 27.708 39.4
      vertex -23.3594 26.8594 39.4
      vertex -23.9406 28.0128 39.4
    endloop
  endfacet
  facet normal 0 0 1
    outer loop
      vertex -23.3594 26.8594 39.4
      vertex -24.208 27.708 39.4
      vertex -23.7823 26.4886 39.4
    endloop
  endfacet
  facet normal -0 0 1
    outer loop
      vertex -24.5128 27.4406 39.4
      vertex -23.7823 26.4886 39.4
      vertex -24.208 27.708 39.4
    endloop
  endfacet
  facet normal 0 0 1
    outer loop
      vertex -23.7823 26.4886 39.4
      vertex -24.5128 27.4406 39.4
      vertex -24.25 26.1761 39.4
    endloop
  endfacet
  facet normal -0 0 1
    outer loop
      vertex -24.85 27.2153 39.4
      vertex -24.25 26.1761 39.4
      vertex -24.5128 27.4406 39.4
    endloop
  endfacet
  facet normal 0 0 1
    outer loop
      vertex -24.25 26.1761 39.4
      vertex -24.85 27.2153 39.4
      vertex -24.7545 25.9273 39.4
    endloop
  endfacet
  facet normal -0 0 1
    outer loop
      vertex -25.2137 27.036 39.4
      vertex -24.7545 25.9273 39.4
      vertex -24.85 27.2153 39.4
    endloop
  endfacet
  facet normal 0 0 1
    outer loop
      vertex -25.2137 27.036 39.4
      vertex -25.2871 25.7465 39.4
      vertex -24.7545 25.9273 39.4
    endloop
  endfacet
  facet normal -0 0 1
    outer loop
      vertex -25.5977 26.9056 39.4
      vertex -25.2871 25.7465 39.4
      vertex -25.2137 27.036 39.4
    endloop
  endfacet
  facet normal 0 0 1
    outer loop
      vertex -25.5977 26.9056 39.4
      vertex -25.8387 25.6368 39.4
      vertex -25.2871 25.7465 39.4
    endloop
  endfacet
  facet normal -0 0 1
    outer loop
      vertex -25.9954 26.8265 39.4
      vertex -25.8387 25.6368 39.4
      vertex -25.5977 26.9056 39.4
    endloop
  endfacet
  facet normal -0 0 1
    outer loop
      vertex -26.4 26.8 39.4
      vertex -25.8387 25.6368 39.4
      vertex -25.9954 26.8265 39.4
    endloop
  endfacet
  facet normal 0 0 1
    outer loop
      vertex -26.4 26.8 39.4
      vertex -26.4 25.6 39.4
      vertex -25.8387 25.6368 39.4
    endloop
  endfacet
  facet normal 0 0 1
    outer loop
      vertex -26.8046 26.8265 39.4
      vertex -26.4 25.6 39.4
      vertex -26.4 26.8 39.4
    endloop
  endfacet
  facet normal 0 0 1
    outer loop
      vertex -26.8046 26.8265 39.4
      vertex -26.9613 25.6368 39.4
      vertex -26.4 25.6 39.4
    endloop
  endfacet
  facet normal 0 0 1
    outer loop
      vertex -27.2023 26.9056 39.4
      vertex -26.9613 25.6368 39.4
      vertex -26.8046 26.8265 39.4
    endloop
  endfacet
  facet normal 0 0 1
    outer loop
      vertex -27.2023 26.9056 39.4
      vertex -27.5129 25.7465 39.4
      vertex -26.9613 25.6368 39.4
    endloop
  endfacet
  facet normal 0 0 1
    outer loop
      vertex -27.5863 27.036 39.4
      vertex -27.5129 25.7465 39.4
      vertex -27.2023 26.9056 39.4
    endloop
  endfacet
  facet normal 0 0 1
    outer loop
      vertex -28.0455 25.9273 39.4
      vertex -27.5863 27.036 39.4
      vertex -27.95 27.2153 39.4
    endloop
  endfacet
  facet normal 0 0 1
    outer loop
      vertex -27.5863 27.036 39.4
      vertex -28.0455 25.9273 39.4
      vertex -27.5129 25.7465 39.4
    endloop
  endfacet
  facet normal 0 0 1
    outer loop
      vertex -28.55 26.1761 39.4
      vertex -27.95 27.2153 39.4
      vertex -28.2872 27.4406 39.4
    endloop
  endfacet
  facet normal 0 0 1
    outer loop
      vertex -27.95 27.2153 39.4
      vertex -28.55 26.1761 39.4
      vertex -28.0455 25.9273 39.4
    endloop
  endfacet
  facet normal 0 0 1
    outer loop
      vertex -29.0177 26.4886 39.4
      vertex -28.2872 27.4406 39.4
      vertex -28.592 27.708 39.4
    endloop
  endfacet
  facet normal 0 0 1
    outer loop
      vertex -29.4406 26.8594 39.4
      vertex -28.592 27.708 39.4
      vertex -28.8594 28.0128 39.4
    endloop
  endfacet
  facet normal 0 0 1
    outer loop
      vertex -28.2872 27.4406 39.4
      vertex -29.0177 26.4886 39.4
      vertex -28.55 26.1761 39.4
    endloop
  endfacet
  facet normal 0 0 1
    outer loop
      vertex -30.1 27.7142 39.4
      vertex -28.8594 28.0128 39.4
      vertex -29.0847 28.35 39.4
    endloop
  endfacet
  facet normal 0 0 1
    outer loop
      vertex -30.1 27.7142 39.4
      vertex -29.0847 28.35 39.4
      vertex -29.264 28.7137 39.4
    endloop
  endfacet
  facet normal 0 0 1
    outer loop
      vertex -30.1 27.7142 39.4
      vertex -29.264 28.7137 39.4
      vertex -29.3944 29.0977 39.4
    endloop
  endfacet
  facet normal 0 0 1
    outer loop
      vertex -28.592 27.708 39.4
      vertex -29.4406 26.8594 39.4
      vertex -29.0177 26.4886 39.4
    endloop
  endfacet
  facet normal 0 0 1
    outer loop
      vertex -30.1 27.7142 39.4
      vertex -29.3944 29.0977 39.4
      vertex -29.4735 29.4954 39.4
    endloop
  endfacet
  facet normal 0 0 1
    outer loop
      vertex -30.1 27.7142 39.4
      vertex -29.4735 29.4954 39.4
      vertex -29.5 29.9 39.4
    endloop
  endfacet
  facet normal 0 0 1
    outer loop
      vertex -29.4735 30.3046 39.4
      vertex -30.1 32.0858 39.4
      vertex -29.5 29.9 39.4
    endloop
  endfacet
  facet normal 0 0 1
    outer loop
      vertex -28.8594 28.0128 39.4
      vertex -29.8114 27.2823 39.4
      vertex -29.4406 26.8594 39.4
    endloop
  endfacet
  facet normal 0 0 1
    outer loop
      vertex -30.1 27.7142 39.4
      vertex -29.5 29.9 39.4
      vertex -30.1 32.0858 39.4
    endloop
  endfacet
  facet normal 0 0 1
    outer loop
      vertex -28.8594 28.0128 39.4
      vertex -30.1 27.7142 39.4
      vertex -29.8114 27.2823 39.4
    endloop
  endfacet
  facet normal -0.831457 0.555588 0
    outer loop
      vertex -30.1 32.0858 36.8
      vertex -29.8114 32.5177 39.4
      vertex -29.8114 32.5177 36.8
    endloop
  endfacet
  facet normal -0.831457 0.555588 0
    outer loop
      vertex -29.8114 32.5177 39.4
      vertex -30.1 32.0858 36.8
      vertex -30.1 32.0858 39.4
    endloop
  endfacet
  facet normal 0.751904 0.659272 0
    outer loop
      vertex -22.9886 32.5177 39.4
      vertex -23.3594 32.9406 36.8
      vertex -23.3594 32.9406 39.4
    endloop
  endfacet
  facet normal 0.751904 0.659272 0
    outer loop
      vertex -23.3594 32.9406 36.8
      vertex -22.9886 32.5177 39.4
      vertex -22.9886 32.5177 36.8
    endloop
  endfacet
  facet normal -0.555588 0.831457 0
    outer loop
      vertex -28.5858 33.6 36.8
      vertex -29.0177 33.3114 39.4
      vertex -28.5858 33.6 39.4
    endloop
  endfacet
  facet normal -0.555588 0.831457 0
    outer loop
      vertex -29.0177 33.3114 39.4
      vertex -28.5858 33.6 36.8
      vertex -29.0177 33.3114 36.8
    endloop
  endfacet
  facet normal 0.706348 -0.0463097 -0.706348
    outer loop
      vertex -22.1368 29.3387 36.8
      vertex -26.4 29.9 32.5
      vertex -22.1 29.9 36.8
    endloop
  endfacet
  facet normal -0.670271 0.227618 -0.706347
    outer loop
      vertex -30.1 30.8914 36.3305
      vertex -30.1 31.4326 36.5049
      vertex -26.4 29.9 32.5
    endloop
  endfacet
  facet normal -0.138073 -0.694267 -0.706349
    outer loop
      vertex -26.9613 25.6368 36.8
      vertex -27.5129 25.7465 36.8
      vertex -26.4 29.9 32.5
    endloop
  endfacet
  facet normal 0.227618 0.670271 -0.706347
    outer loop
      vertex -24.8674 33.6 36.5049
      vertex -26.4 29.9 32.5
      vertex -25.4086 33.6 36.3305
    endloop
  endfacet
  facet normal -0.532244 -0.466673 -0.706351
    outer loop
      vertex -29.4406 26.8594 36.8
      vertex -29.8114 27.2823 36.8
      vertex -26.4 29.9 32.5
    endloop
  endfacet
  facet normal 0.393262 -0.588572 -0.706348
    outer loop
      vertex -24.25 26.1761 36.8
      vertex -26.4 29.9 32.5
      vertex -23.7823 26.4886 36.8
    endloop
  endfacet
  facet normal -0.313035 0.634889 -0.706346
    outer loop
      vertex -26.4 29.9 32.5
      vertex -28.5362 33.6 36.7724
      vertex -27.9326 33.6 36.5049
    endloop
  endfacet
  facet normal 0.63486 0.313089 -0.706348
    outer loop
      vertex -22.4273 31.5455 36.8
      vertex -26.4 29.9 32.5
      vertex -22.6761 32.05 36.8
    endloop
  endfacet
  facet normal -0.393262 -0.588572 -0.706348
    outer loop
      vertex -28.55 26.1761 36.8
      vertex -29.0177 26.4886 36.8
      vertex -26.4 29.9 32.5
    endloop
  endfacet
  facet normal -0.670271 -0.227618 -0.706347
    outer loop
      vertex -30.1 28.3674 36.5049
      vertex -30.1 28.9086 36.3305
      vertex -26.4 29.9 32.5
    endloop
  endfacet
  facet normal 0.0463097 -0.706348 -0.706348
    outer loop
      vertex -26.4 25.6 36.8
      vertex -26.4 29.9 32.5
      vertex -25.8387 25.6368 36.8
    endloop
  endfacet
  facet normal 0.588572 -0.393262 -0.706348
    outer loop
      vertex -22.9886 27.2823 36.8
      vertex -26.4 29.9 32.5
      vertex -22.6761 27.75 36.8
    endloop
  endfacet
  facet normal -0.466673 -0.532244 -0.706351
    outer loop
      vertex -29.0177 26.4886 36.8
      vertex -29.4406 26.8594 36.8
      vertex -26.4 29.9 32.5
    endloop
  endfacet
  facet normal -0.0463097 -0.706348 -0.706348
    outer loop
      vertex -26.4 25.6 36.8
      vertex -26.9613 25.6368 36.8
      vertex -26.4 29.9 32.5
    endloop
  endfacet
  facet normal 0.694267 -0.138073 -0.706349
    outer loop
      vertex -22.2465 28.7871 36.8
      vertex -26.4 29.9 32.5
      vertex -22.1368 29.3387 36.8
    endloop
  endfacet
  facet normal -0.694259 0.138105 -0.706351
    outer loop
      vertex -30.1 30.3871 36.2319
      vertex -30.1 30.8914 36.3305
      vertex -26.4 29.9 32.5
    endloop
  endfacet
  facet normal -0.532244 0.466673 -0.706351
    outer loop
      vertex -26.4 29.9 32.5
      vertex -29.8114 32.5177 36.8
      vertex -29.4406 32.9406 36.8
    endloop
  endfacet
  facet normal -0.466673 0.532244 -0.706351
    outer loop
      vertex -26.4 29.9 32.5
      vertex -29.4406 32.9406 36.8
      vertex -29.0177 33.3114 36.8
    endloop
  endfacet
  facet normal -0.227618 0.670271 -0.706347
    outer loop
      vertex -26.4 29.9 32.5
      vertex -27.9326 33.6 36.5049
      vertex -27.3914 33.6 36.3305
    endloop
  endfacet
  facet normal 0.138105 0.694259 -0.706351
    outer loop
      vertex -25.4086 33.6 36.3305
      vertex -26.4 29.9 32.5
      vertex -25.9129 33.6 36.2319
    endloop
  endfacet
  facet normal 0.466673 0.532244 -0.706351
    outer loop
      vertex -23.3594 32.9406 36.8
      vertex -26.4 29.9 32.5
      vertex -23.7823 33.3114 36.8
    endloop
  endfacet
  facet normal 0.532244 0.466673 -0.706351
    outer loop
      vertex -22.9886 32.5177 36.8
      vertex -26.4 29.9 32.5
      vertex -23.3594 32.9406 36.8
    endloop
  endfacet
  facet normal 0.670295 0.227543 -0.706349
    outer loop
      vertex -22.2465 31.0129 36.8
      vertex -26.4 29.9 32.5
      vertex -22.4273 31.5455 36.8
    endloop
  endfacet
  facet normal -0.313089 -0.63486 -0.706348
    outer loop
      vertex -28.0455 25.9273 36.8
      vertex -28.55 26.1761 36.8
      vertex -26.4 29.9 32.5
    endloop
  endfacet
  facet normal -0.227543 -0.670295 -0.706349
    outer loop
      vertex -27.5129 25.7465 36.8
      vertex -28.0455 25.9273 36.8
      vertex -26.4 29.9 32.5
    endloop
  endfacet
  facet normal -0.634889 -0.313035 -0.706346
    outer loop
      vertex -30.1 27.7638 36.7724
      vertex -30.1 28.3674 36.5049
      vertex -26.4 29.9 32.5
    endloop
  endfacet
  facet normal -0.588385 -0.393165 -0.706558
    outer loop
      vertex -30.1 27.7638 36.7724
      vertex -29.8114 27.2823 36.8
      vertex -30.1 27.7142 36.8
    endloop
  endfacet
  facet normal -0.588571 -0.393264 -0.706348
    outer loop
      vertex -29.8114 27.2823 36.8
      vertex -30.1 27.7638 36.7724
      vertex -26.4 29.9 32.5
    endloop
  endfacet
  facet normal -0.70635 -0.0462586 -0.70635
    outer loop
      vertex -30.1 29.4129 36.2319
      vertex -30.1 29.9 36.2
      vertex -26.4 29.9 32.5
    endloop
  endfacet
  facet normal -0.694259 -0.138105 -0.706351
    outer loop
      vertex -30.1 28.9086 36.3305
      vertex -30.1 29.4129 36.2319
      vertex -26.4 29.9 32.5
    endloop
  endfacet
  facet normal 0.227543 -0.670295 -0.706349
    outer loop
      vertex -25.2871 25.7465 36.8
      vertex -26.4 29.9 32.5
      vertex -24.7545 25.9273 36.8
    endloop
  endfacet
  facet normal 0.313089 -0.63486 -0.706348
    outer loop
      vertex -24.7545 25.9273 36.8
      vertex -26.4 29.9 32.5
      vertex -24.25 26.1761 36.8
    endloop
  endfacet
  facet normal 0.138073 -0.694267 -0.706349
    outer loop
      vertex -25.8387 25.6368 36.8
      vertex -26.4 29.9 32.5
      vertex -25.2871 25.7465 36.8
    endloop
  endfacet
  facet normal 0.466673 -0.532244 -0.706351
    outer loop
      vertex -23.7823 26.4886 36.8
      vertex -26.4 29.9 32.5
      vertex -23.3594 26.8594 36.8
    endloop
  endfacet
  facet normal 0.532244 -0.466673 -0.706351
    outer loop
      vertex -23.3594 26.8594 36.8
      vertex -26.4 29.9 32.5
      vertex -22.9886 27.2823 36.8
    endloop
  endfacet
  facet normal 0.63486 -0.313089 -0.706348
    outer loop
      vertex -22.6761 27.75 36.8
      vertex -26.4 29.9 32.5
      vertex -22.4273 28.2545 36.8
    endloop
  endfacet
  facet normal 0.670295 -0.227543 -0.706349
    outer loop
      vertex -22.4273 28.2545 36.8
      vertex -26.4 29.9 32.5
      vertex -22.2465 28.7871 36.8
    endloop
  endfacet
  facet normal -0.70635 0.0462586 -0.70635
    outer loop
      vertex -30.1 29.9 36.2
      vertex -30.1 30.3871 36.2319
      vertex -26.4 29.9 32.5
    endloop
  endfacet
  facet normal -0.588571 0.393264 -0.706348
    outer loop
      vertex -30.1 32.0362 36.7724
      vertex -29.8114 32.5177 36.8
      vertex -26.4 29.9 32.5
    endloop
  endfacet
  facet normal -0.588385 0.393165 -0.706558
    outer loop
      vertex -29.8114 32.5177 36.8
      vertex -30.1 32.0362 36.7724
      vertex -30.1 32.0858 36.8
    endloop
  endfacet
  facet normal -0.634889 0.313035 -0.706346
    outer loop
      vertex -30.1 31.4326 36.5049
      vertex -30.1 32.0362 36.7724
      vertex -26.4 29.9 32.5
    endloop
  endfacet
  facet normal -0.393264 0.588571 -0.706348
    outer loop
      vertex -29.0177 33.3114 36.8
      vertex -28.5362 33.6 36.7724
      vertex -26.4 29.9 32.5
    endloop
  endfacet
  facet normal -0.393165 0.588385 -0.706558
    outer loop
      vertex -28.5362 33.6 36.7724
      vertex -29.0177 33.3114 36.8
      vertex -28.5858 33.6 36.8
    endloop
  endfacet
  facet normal -0.0462586 0.70635 -0.70635
    outer loop
      vertex -26.4 29.9 32.5
      vertex -26.8871 33.6 36.2319
      vertex -26.4 33.6 36.2
    endloop
  endfacet
  facet normal -0.138105 0.694259 -0.706351
    outer loop
      vertex -26.4 29.9 32.5
      vertex -27.3914 33.6 36.3305
      vertex -26.8871 33.6 36.2319
    endloop
  endfacet
  facet normal 0.0462586 0.70635 -0.70635
    outer loop
      vertex -26.4 29.9 32.5
      vertex -26.4 33.6 36.2
      vertex -25.9129 33.6 36.2319
    endloop
  endfacet
  facet normal 0.393165 0.588385 -0.706558
    outer loop
      vertex -23.7823 33.3114 36.8
      vertex -24.2638 33.6 36.7724
      vertex -24.2142 33.6 36.8
    endloop
  endfacet
  facet normal 0.393264 0.588571 -0.706348
    outer loop
      vertex -24.2638 33.6 36.7724
      vertex -23.7823 33.3114 36.8
      vertex -26.4 29.9 32.5
    endloop
  endfacet
  facet normal 0.313035 0.634889 -0.706346
    outer loop
      vertex -24.2638 33.6 36.7724
      vertex -26.4 29.9 32.5
      vertex -24.8674 33.6 36.5049
    endloop
  endfacet
  facet normal 0.588572 0.393262 -0.706348
    outer loop
      vertex -22.6761 32.05 36.8
      vertex -26.4 29.9 32.5
      vertex -22.9886 32.5177 36.8
    endloop
  endfacet
  facet normal 0.706348 0.0463097 -0.706348
    outer loop
      vertex -22.1 29.9 36.8
      vertex -26.4 29.9 32.5
      vertex -22.1368 30.4613 36.8
    endloop
  endfacet
  facet normal 0.694267 0.138073 -0.706349
    outer loop
      vertex -22.1368 30.4613 36.8
      vertex -26.4 29.9 32.5
      vertex -22.2465 31.0129 36.8
    endloop
  endfacet
  facet normal 0.831459 -0.555586 0
    outer loop
      vertex -22.9886 3.48233 39.4
      vertex -22.6761 3.95 36.8
      vertex -22.6761 3.95 39.4
    endloop
  endfacet
  facet normal 0.831459 -0.555586 0
    outer loop
      vertex -22.6761 3.95 36.8
      vertex -22.9886 3.48233 39.4
      vertex -22.9886 3.48233 36.8
    endloop
  endfacet
  facet normal 0.997857 0.0654263 0
    outer loop
      vertex -22.1 6.1 39.4
      vertex -22.1368 6.66126 36.8
      vertex -22.1368 6.66126 39.4
    endloop
  endfacet
  facet normal 0.997857 0.0654263 0
    outer loop
      vertex -22.1368 6.66126 36.8
      vertex -22.1 6.1 39.4
      vertex -22.1 6.1 36.8
    endloop
  endfacet
  facet normal 0.442286 0.896874 -0
    outer loop
      vertex -24.25 9.82391 36.8
      vertex -24.7545 10.0727 39.4
      vertex -24.25 9.82391 39.4
    endloop
  endfacet
  facet normal 0.442286 0.896874 0
    outer loop
      vertex -24.7545 10.0727 39.4
      vertex -24.25 9.82391 36.8
      vertex -24.7545 10.0727 36.8
    endloop
  endfacet
  facet normal 0.980796 -0.195036 0
    outer loop
      vertex -22.2465 4.98708 39.4
      vertex -22.1368 5.53874 36.8
      vertex -22.1368 5.53874 39.4
    endloop
  endfacet
  facet normal 0.980796 -0.195036 0
    outer loop
      vertex -22.1368 5.53874 36.8
      vertex -22.2465 4.98708 39.4
      vertex -22.2465 4.98708 36.8
    endloop
  endfacet
  facet normal 0.555562 -0.831475 0
    outer loop
      vertex -24.2142 2.4 36.8
      vertex -23.7823 2.68858 39.4
      vertex -24.2142 2.4 39.4
    endloop
  endfacet
  facet normal 0.555562 -0.831475 0
    outer loop
      vertex -23.7823 2.68858 39.4
      vertex -24.2142 2.4 36.8
      vertex -23.7823 2.68858 36.8
    endloop
  endfacet
  facet normal -0.751897 -0.659281 0
    outer loop
      vertex -29.4406 3.05944 36.8
      vertex -29.8114 3.48233 39.4
      vertex -29.8114 3.48233 36.8
    endloop
  endfacet
  facet normal -0.751897 -0.659281 0
    outer loop
      vertex -29.8114 3.48233 39.4
      vertex -29.4406 3.05944 36.8
      vertex -29.4406 3.05944 39.4
    endloop
  endfacet
  facet normal -0.555562 -0.831475 0
    outer loop
      vertex -29.0177 2.68858 36.8
      vertex -28.5858 2.4 39.4
      vertex -29.0177 2.68858 39.4
    endloop
  endfacet
  facet normal -0.555562 -0.831475 -0
    outer loop
      vertex -28.5858 2.4 39.4
      vertex -29.0177 2.68858 36.8
      vertex -28.5858 2.4 36.8
    endloop
  endfacet
  facet normal -0.659332 -0.751852 0
    outer loop
      vertex -29.4406 3.05944 36.8
      vertex -29.0177 2.68858 39.4
      vertex -29.4406 3.05944 39.4
    endloop
  endfacet
  facet normal -0.659332 -0.751852 -0
    outer loop
      vertex -29.0177 2.68858 39.4
      vertex -29.4406 3.05944 36.8
      vertex -29.0177 2.68858 36.8
    endloop
  endfacet
  facet normal 0.997857 -0.0654263 0
    outer loop
      vertex -22.1368 5.53874 39.4
      vertex -22.1 6.1 36.8
      vertex -22.1 6.1 39.4
    endloop
  endfacet
  facet normal 0.997857 -0.0654263 0
    outer loop
      vertex -22.1 6.1 36.8
      vertex -22.1368 5.53874 39.4
      vertex -22.1368 5.53874 36.8
    endloop
  endfacet
  facet normal 0.555549 0.831484 -0
    outer loop
      vertex -23.7823 9.51142 36.8
      vertex -24.25 9.82391 39.4
      vertex -23.7823 9.51142 39.4
    endloop
  endfacet
  facet normal 0.555549 0.831484 0
    outer loop
      vertex -24.25 9.82391 39.4
      vertex -23.7823 9.51142 36.8
      vertex -24.25 9.82391 36.8
    endloop
  endfacet
  facet normal 0.831459 0.555586 0
    outer loop
      vertex -22.6761 8.25 39.4
      vertex -22.9886 8.71767 36.8
      vertex -22.9886 8.71767 39.4
    endloop
  endfacet
  facet normal 0.831459 0.555586 0
    outer loop
      vertex -22.9886 8.71767 36.8
      vertex -22.6761 8.25 39.4
      vertex -22.6761 8.25 36.8
    endloop
  endfacet
  facet normal 0.32145 0.946927 -0
    outer loop
      vertex -24.7545 10.0727 36.8
      vertex -25.2871 10.2535 39.4
      vertex -24.7545 10.0727 39.4
    endloop
  endfacet
  facet normal 0.32145 0.946927 0
    outer loop
      vertex -25.2871 10.2535 39.4
      vertex -24.7545 10.0727 36.8
      vertex -25.2871 10.2535 36.8
    endloop
  endfacet
  facet normal 0.659332 -0.751852 0
    outer loop
      vertex -23.7823 2.68858 36.8
      vertex -23.3594 3.05944 39.4
      vertex -23.7823 2.68858 39.4
    endloop
  endfacet
  facet normal 0.659332 -0.751852 0
    outer loop
      vertex -23.3594 3.05944 39.4
      vertex -23.7823 2.68858 36.8
      vertex -23.3594 3.05944 36.8
    endloop
  endfacet
  facet normal -0.831452 -0.555597 0
    outer loop
      vertex -29.8114 3.48233 36.8
      vertex -30.1 3.91422 39.4
      vertex -30.1 3.91422 36.8
    endloop
  endfacet
  facet normal -0.831452 -0.555597 0
    outer loop
      vertex -30.1 3.91422 39.4
      vertex -29.8114 3.48233 36.8
      vertex -29.8114 3.48233 39.4
    endloop
  endfacet
  facet normal 0.980796 0.195036 0
    outer loop
      vertex -22.1368 6.66126 39.4
      vertex -22.2465 7.21292 36.8
      vertex -22.2465 7.21292 39.4
    endloop
  endfacet
  facet normal 0.980796 0.195036 0
    outer loop
      vertex -22.2465 7.21292 36.8
      vertex -22.1368 6.66126 39.4
      vertex -22.1368 6.66126 36.8
    endloop
  endfacet
  facet normal 0.195056 0.980792 -0
    outer loop
      vertex -25.2871 10.2535 36.8
      vertex -25.8387 10.3632 39.4
      vertex -25.2871 10.2535 39.4
    endloop
  endfacet
  facet normal 0.195056 0.980792 0
    outer loop
      vertex -25.8387 10.3632 39.4
      vertex -25.2871 10.2535 36.8
      vertex -25.8387 10.3632 36.8
    endloop
  endfacet
  facet normal 0.896853 -0.442329 0
    outer loop
      vertex -22.6761 3.95 39.4
      vertex -22.4273 4.45446 36.8
      vertex -22.4273 4.45446 39.4
    endloop
  endfacet
  facet normal 0.896853 -0.442329 0
    outer loop
      vertex -22.4273 4.45446 36.8
      vertex -22.6761 3.95 39.4
      vertex -22.6761 3.95 36.8
    endloop
  endfacet
  facet normal 0.94693 -0.321439 0
    outer loop
      vertex -22.4273 4.45446 39.4
      vertex -22.2465 4.98708 36.8
      vertex -22.2465 4.98708 39.4
    endloop
  endfacet
  facet normal 0.94693 -0.321439 0
    outer loop
      vertex -22.2465 4.98708 36.8
      vertex -22.4273 4.45446 39.4
      vertex -22.4273 4.45446 36.8
    endloop
  endfacet
  facet normal 0.751897 -0.659281 0
    outer loop
      vertex -23.3594 3.05944 39.4
      vertex -22.9886 3.48233 36.8
      vertex -22.9886 3.48233 39.4
    endloop
  endfacet
  facet normal 0.751897 -0.659281 0
    outer loop
      vertex -22.9886 3.48233 36.8
      vertex -23.3594 3.05944 39.4
      vertex -23.3594 3.05944 36.8
    endloop
  endfacet
  facet normal 0.94693 0.321439 0
    outer loop
      vertex -22.2465 7.21292 39.4
      vertex -22.4273 7.74554 36.8
      vertex -22.4273 7.74554 39.4
    endloop
  endfacet
  facet normal 0.94693 0.321439 0
    outer loop
      vertex -22.4273 7.74554 36.8
      vertex -22.2465 7.21292 39.4
      vertex -22.2465 7.21292 36.8
    endloop
  endfacet
  facet normal 0.896853 0.442329 0
    outer loop
      vertex -22.4273 7.74554 39.4
      vertex -22.6761 8.25 36.8
      vertex -22.6761 8.25 39.4
    endloop
  endfacet
  facet normal 0.896853 0.442329 0
    outer loop
      vertex -22.6761 8.25 36.8
      vertex -22.4273 7.74554 39.4
      vertex -22.4273 7.74554 36.8
    endloop
  endfacet
  facet normal 0.0654216 0.997858 -0
    outer loop
      vertex -25.8387 10.3632 36.8
      vertex -26.4 10.4 39.4
      vertex -25.8387 10.3632 39.4
    endloop
  endfacet
  facet normal 0.0654216 0.997858 0
    outer loop
      vertex -26.4 10.4 39.4
      vertex -25.8387 10.3632 36.8
      vertex -26.4 10.4 36.8
    endloop
  endfacet
  facet normal -0.751897 0.659281 0
    outer loop
      vertex -29.8114 8.71767 36.8
      vertex -29.4406 9.14056 39.4
      vertex -29.4406 9.14056 36.8
    endloop
  endfacet
  facet normal -0.751897 0.659281 0
    outer loop
      vertex -29.4406 9.14056 39.4
      vertex -29.8114 8.71767 36.8
      vertex -29.8114 8.71767 39.4
    endloop
  endfacet
  facet normal 0.659332 0.751852 -0
    outer loop
      vertex -23.3594 9.14056 36.8
      vertex -23.7823 9.51142 39.4
      vertex -23.3594 9.14056 39.4
    endloop
  endfacet
  facet normal 0.659332 0.751852 0
    outer loop
      vertex -23.7823 9.51142 39.4
      vertex -23.3594 9.14056 36.8
      vertex -23.7823 9.51142 36.8
    endloop
  endfacet
  facet normal 0.751897 0.659281 0
    outer loop
      vertex -22.9886 8.71767 39.4
      vertex -23.3594 9.14056 36.8
      vertex -23.3594 9.14056 39.4
    endloop
  endfacet
  facet normal 0.751897 0.659281 0
    outer loop
      vertex -23.3594 9.14056 36.8
      vertex -22.9886 8.71767 39.4
      vertex -22.9886 8.71767 36.8
    endloop
  endfacet
  facet normal -0.659332 0.751852 0
    outer loop
      vertex -29.0177 9.51142 36.8
      vertex -29.4406 9.14056 39.4
      vertex -29.0177 9.51142 39.4
    endloop
  endfacet
  facet normal -0.659332 0.751852 0
    outer loop
      vertex -29.4406 9.14056 39.4
      vertex -29.0177 9.51142 36.8
      vertex -29.4406 9.14056 36.8
    endloop
  endfacet
  facet normal -0.195056 0.980792 0
    outer loop
      vertex -26.9613 10.3632 36.8
      vertex -27.5129 10.2535 39.4
      vertex -26.9613 10.3632 39.4
    endloop
  endfacet
  facet normal -0.195056 0.980792 0
    outer loop
      vertex -27.5129 10.2535 39.4
      vertex -26.9613 10.3632 36.8
      vertex -27.5129 10.2535 36.8
    endloop
  endfacet
  facet normal -0.555549 0.831484 0
    outer loop
      vertex -28.55 9.82391 36.8
      vertex -29.0177 9.51142 39.4
      vertex -28.55 9.82391 39.4
    endloop
  endfacet
  facet normal -0.555549 0.831484 0
    outer loop
      vertex -29.0177 9.51142 39.4
      vertex -28.55 9.82391 36.8
      vertex -29.0177 9.51142 36.8
    endloop
  endfacet
  facet normal -0.442286 0.896874 0
    outer loop
      vertex -28.0455 10.0727 36.8
      vertex -28.55 9.82391 39.4
      vertex -28.0455 10.0727 39.4
    endloop
  endfacet
  facet normal -0.442286 0.896874 0
    outer loop
      vertex -28.55 9.82391 39.4
      vertex -28.0455 10.0727 36.8
      vertex -28.55 9.82391 36.8
    endloop
  endfacet
  facet normal 0 0 1
    outer loop
      vertex -23.3 6.1 39.4
      vertex -22.1 6.1 39.4
      vertex -22.1368 6.66126 39.4
    endloop
  endfacet
  facet normal 0 0 1
    outer loop
      vertex -23.3265 6.50463 39.4
      vertex -22.1368 6.66126 39.4
      vertex -22.2465 7.21292 39.4
    endloop
  endfacet
  facet normal 0 0 1
    outer loop
      vertex -22.1 6.1 39.4
      vertex -23.3 6.1 39.4
      vertex -22.1368 5.53874 39.4
    endloop
  endfacet
  facet normal 0 0 1
    outer loop
      vertex -23.4056 6.90234 39.4
      vertex -22.2465 7.21292 39.4
      vertex -22.4273 7.74554 39.4
    endloop
  endfacet
  facet normal -0 0 1
    outer loop
      vertex -23.3265 5.69537 39.4
      vertex -22.1368 5.53874 39.4
      vertex -23.3 6.1 39.4
    endloop
  endfacet
  facet normal 0 0 1
    outer loop
      vertex -23.536 7.28632 39.4
      vertex -22.4273 7.74554 39.4
      vertex -22.6761 8.25 39.4
    endloop
  endfacet
  facet normal 0 0 1
    outer loop
      vertex -22.1368 5.53874 39.4
      vertex -23.3265 5.69537 39.4
      vertex -22.2465 4.98708 39.4
    endloop
  endfacet
  facet normal 0 0 1
    outer loop
      vertex -23.7153 7.65 39.4
      vertex -22.6761 8.25 39.4
      vertex -22.9886 8.71767 39.4
    endloop
  endfacet
  facet normal -0 0 1
    outer loop
      vertex -23.4056 5.29766 39.4
      vertex -22.2465 4.98708 39.4
      vertex -23.3265 5.69537 39.4
    endloop
  endfacet
  facet normal 0 0 1
    outer loop
      vertex -22.2465 4.98708 39.4
      vertex -23.4056 5.29766 39.4
      vertex -22.4273 4.45446 39.4
    endloop
  endfacet
  facet normal 0 0 1
    outer loop
      vertex -22.1368 6.66126 39.4
      vertex -23.3265 6.50463 39.4
      vertex -23.3 6.1 39.4
    endloop
  endfacet
  facet normal 0 0 1
    outer loop
      vertex -23.9406 7.98716 39.4
      vertex -22.9886 8.71767 39.4
      vertex -23.3594 9.14056 39.4
    endloop
  endfacet
  facet normal 0 0 1
    outer loop
      vertex -22.2465 7.21292 39.4
      vertex -23.4056 6.90234 39.4
      vertex -23.3265 6.50463 39.4
    endloop
  endfacet
  facet normal 0 0 1
    outer loop
      vertex -22.4273 7.74554 39.4
      vertex -23.536 7.28632 39.4
      vertex -23.4056 6.90234 39.4
    endloop
  endfacet
  facet normal 0 0 1
    outer loop
      vertex -22.6761 8.25 39.4
      vertex -23.7153 7.65 39.4
      vertex -23.536 7.28632 39.4
    endloop
  endfacet
  facet normal 0 0 1
    outer loop
      vertex -24.208 8.29203 39.4
      vertex -23.3594 9.14056 39.4
      vertex -23.7823 9.51142 39.4
    endloop
  endfacet
  facet normal 0 0 1
    outer loop
      vertex -22.9886 8.71767 39.4
      vertex -23.9406 7.98716 39.4
      vertex -23.7153 7.65 39.4
    endloop
  endfacet
  facet normal 0 0 1
    outer loop
      vertex -23.3594 9.14056 39.4
      vertex -24.208 8.29203 39.4
      vertex -23.9406 7.98716 39.4
    endloop
  endfacet
  facet normal 0 0 1
    outer loop
      vertex -24.5128 8.5594 39.4
      vertex -23.7823 9.51142 39.4
      vertex -24.25 9.82391 39.4
    endloop
  endfacet
  facet normal 0 0 1
    outer loop
      vertex -23.7823 9.51142 39.4
      vertex -24.5128 8.5594 39.4
      vertex -24.208 8.29203 39.4
    endloop
  endfacet
  facet normal 0 0 1
    outer loop
      vertex -24.85 8.78468 39.4
      vertex -24.25 9.82391 39.4
      vertex -24.7545 10.0727 39.4
    endloop
  endfacet
  facet normal 0 0 1
    outer loop
      vertex -24.25 9.82391 39.4
      vertex -24.85 8.78468 39.4
      vertex -24.5128 8.5594 39.4
    endloop
  endfacet
  facet normal 0 0 1
    outer loop
      vertex -24.7545 10.0727 39.4
      vertex -25.2137 8.96403 39.4
      vertex -24.85 8.78468 39.4
    endloop
  endfacet
  facet normal 0 0 1
    outer loop
      vertex -25.2871 10.2535 39.4
      vertex -25.2137 8.96403 39.4
      vertex -24.7545 10.0727 39.4
    endloop
  endfacet
  facet normal 0 0 1
    outer loop
      vertex -25.2871 10.2535 39.4
      vertex -25.5977 9.09437 39.4
      vertex -25.2137 8.96403 39.4
    endloop
  endfacet
  facet normal 0 0 1
    outer loop
      vertex -25.8387 10.3632 39.4
      vertex -25.5977 9.09437 39.4
      vertex -25.2871 10.2535 39.4
    endloop
  endfacet
  facet normal 0 0 1
    outer loop
      vertex -25.8387 10.3632 39.4
      vertex -25.9954 9.17348 39.4
      vertex -25.5977 9.09437 39.4
    endloop
  endfacet
  facet normal 0 0 1
    outer loop
      vertex -26.4 10.4 39.4
      vertex -25.9954 9.17348 39.4
      vertex -25.8387 10.3632 39.4
    endloop
  endfacet
  facet normal 0 0 1
    outer loop
      vertex -26.4 10.4 39.4
      vertex -26.4 9.2 39.4
      vertex -25.9954 9.17348 39.4
    endloop
  endfacet
  facet normal 0 0 1
    outer loop
      vertex -26.4 10.4 39.4
      vertex -26.8046 9.17348 39.4
      vertex -26.4 9.2 39.4
    endloop
  endfacet
  facet normal -0 0 1
    outer loop
      vertex -26.9613 10.3632 39.4
      vertex -26.8046 9.17348 39.4
      vertex -26.4 10.4 39.4
    endloop
  endfacet
  facet normal 0 0 1
    outer loop
      vertex -26.9613 10.3632 39.4
      vertex -27.2023 9.09437 39.4
      vertex -26.8046 9.17348 39.4
    endloop
  endfacet
  facet normal -0 0 1
    outer loop
      vertex -27.5129 10.2535 39.4
      vertex -27.2023 9.09437 39.4
      vertex -26.9613 10.3632 39.4
    endloop
  endfacet
  facet normal 0 0 1
    outer loop
      vertex -27.5129 10.2535 39.4
      vertex -27.5863 8.96403 39.4
      vertex -27.2023 9.09437 39.4
    endloop
  endfacet
  facet normal -0 0 1
    outer loop
      vertex -28.0455 10.0727 39.4
      vertex -27.5863 8.96403 39.4
      vertex -27.5129 10.2535 39.4
    endloop
  endfacet
  facet normal 0 0 1
    outer loop
      vertex -27.5863 8.96403 39.4
      vertex -28.0455 10.0727 39.4
      vertex -27.95 8.78468 39.4
    endloop
  endfacet
  facet normal -0 0 1
    outer loop
      vertex -28.55 9.82391 39.4
      vertex -27.95 8.78468 39.4
      vertex -28.0455 10.0727 39.4
    endloop
  endfacet
  facet normal 0 0 1
    outer loop
      vertex -27.95 8.78468 39.4
      vertex -28.55 9.82391 39.4
      vertex -28.2872 8.5594 39.4
    endloop
  endfacet
  facet normal -0 0 1
    outer loop
      vertex -29.0177 9.51142 39.4
      vertex -28.2872 8.5594 39.4
      vertex -28.55 9.82391 39.4
    endloop
  endfacet
  facet normal 0 0 1
    outer loop
      vertex -28.2872 8.5594 39.4
      vertex -29.0177 9.51142 39.4
      vertex -28.592 8.29203 39.4
    endloop
  endfacet
  facet normal -0 0 1
    outer loop
      vertex -29.4406 9.14056 39.4
      vertex -28.592 8.29203 39.4
      vertex -29.0177 9.51142 39.4
    endloop
  endfacet
  facet normal 0 0 1
    outer loop
      vertex -28.592 8.29203 39.4
      vertex -29.4406 9.14056 39.4
      vertex -28.8594 7.98716 39.4
    endloop
  endfacet
  facet normal -0 0 1
    outer loop
      vertex -29.8114 8.71767 39.4
      vertex -28.8594 7.98716 39.4
      vertex -29.4406 9.14056 39.4
    endloop
  endfacet
  facet normal -0 0 1
    outer loop
      vertex -30.1 8.28578 39.4
      vertex -28.8594 7.98716 39.4
      vertex -29.8114 8.71767 39.4
    endloop
  endfacet
  facet normal 0 0 1
    outer loop
      vertex -28.8594 7.98716 39.4
      vertex -30.1 8.28578 39.4
      vertex -29.0847 7.65 39.4
    endloop
  endfacet
  facet normal 0 0 1
    outer loop
      vertex -29.0847 7.65 39.4
      vertex -30.1 8.28578 39.4
      vertex -29.264 7.28632 39.4
    endloop
  endfacet
  facet normal 0 0 1
    outer loop
      vertex -29.264 7.28632 39.4
      vertex -30.1 8.28578 39.4
      vertex -29.3944 6.90234 39.4
    endloop
  endfacet
  facet normal 0 0 1
    outer loop
      vertex -29.3944 6.90234 39.4
      vertex -30.1 8.28578 39.4
      vertex -29.4735 6.50463 39.4
    endloop
  endfacet
  facet normal -0 0 1
    outer loop
      vertex -23.536 4.91368 39.4
      vertex -22.4273 4.45446 39.4
      vertex -23.4056 5.29766 39.4
    endloop
  endfacet
  facet normal 0 0 1
    outer loop
      vertex -22.4273 4.45446 39.4
      vertex -23.536 4.91368 39.4
      vertex -22.6761 3.95 39.4
    endloop
  endfacet
  facet normal -0 0 1
    outer loop
      vertex -23.7153 4.55 39.4
      vertex -22.6761 3.95 39.4
      vertex -23.536 4.91368 39.4
    endloop
  endfacet
  facet normal 0 0 1
    outer loop
      vertex -22.6761 3.95 39.4
      vertex -23.7153 4.55 39.4
      vertex -22.9886 3.48233 39.4
    endloop
  endfacet
  facet normal -0 0 1
    outer loop
      vertex -23.9406 4.21284 39.4
      vertex -22.9886 3.48233 39.4
      vertex -23.7153 4.55 39.4
    endloop
  endfacet
  facet normal 0 0 1
    outer loop
      vertex -22.9886 3.48233 39.4
      vertex -23.9406 4.21284 39.4
      vertex -23.3594 3.05944 39.4
    endloop
  endfacet
  facet normal -0 0 1
    outer loop
      vertex -24.208 3.90797 39.4
      vertex -23.3594 3.05944 39.4
      vertex -23.9406 4.21284 39.4
    endloop
  endfacet
  facet normal 0 0 1
    outer loop
      vertex -23.3594 3.05944 39.4
      vertex -24.208 3.90797 39.4
      vertex -23.7823 2.68858 39.4
    endloop
  endfacet
  facet normal -0 0 1
    outer loop
      vertex -24.5128 3.6406 39.4
      vertex -23.7823 2.68858 39.4
      vertex -24.208 3.90797 39.4
    endloop
  endfacet
  facet normal 0 0 1
    outer loop
      vertex -23.7823 2.68858 39.4
      vertex -24.5128 3.6406 39.4
      vertex -24.2142 2.4 39.4
    endloop
  endfacet
  facet normal -0 0 1
    outer loop
      vertex -24.85 3.41532 39.4
      vertex -24.2142 2.4 39.4
      vertex -24.5128 3.6406 39.4
    endloop
  endfacet
  facet normal -0 0 1
    outer loop
      vertex -25.2137 3.23597 39.4
      vertex -24.2142 2.4 39.4
      vertex -24.85 3.41532 39.4
    endloop
  endfacet
  facet normal -0 0 1
    outer loop
      vertex -25.5977 3.10563 39.4
      vertex -24.2142 2.4 39.4
      vertex -25.2137 3.23597 39.4
    endloop
  endfacet
  facet normal -0 0 1
    outer loop
      vertex -25.9954 3.02652 39.4
      vertex -24.2142 2.4 39.4
      vertex -25.5977 3.10563 39.4
    endloop
  endfacet
  facet normal -0 0 1
    outer loop
      vertex -26.4 3 39.4
      vertex -24.2142 2.4 39.4
      vertex -25.9954 3.02652 39.4
    endloop
  endfacet
  facet normal 0 0 1
    outer loop
      vertex -28.5858 2.4 39.4
      vertex -26.4 3 39.4
      vertex -26.8046 3.02652 39.4
    endloop
  endfacet
  facet normal 0 0 1
    outer loop
      vertex -28.5858 2.4 39.4
      vertex -26.8046 3.02652 39.4
      vertex -27.2023 3.10563 39.4
    endloop
  endfacet
  facet normal 0 0 1
    outer loop
      vertex -26.4 3 39.4
      vertex -28.5858 2.4 39.4
      vertex -24.2142 2.4 39.4
    endloop
  endfacet
  facet normal 0 0 1
    outer loop
      vertex -27.5863 3.23597 39.4
      vertex -28.5858 2.4 39.4
      vertex -27.2023 3.10563 39.4
    endloop
  endfacet
  facet normal 0 0 1
    outer loop
      vertex -27.95 3.41532 39.4
      vertex -28.5858 2.4 39.4
      vertex -27.5863 3.23597 39.4
    endloop
  endfacet
  facet normal 0 0 1
    outer loop
      vertex -28.2872 3.6406 39.4
      vertex -28.5858 2.4 39.4
      vertex -27.95 3.41532 39.4
    endloop
  endfacet
  facet normal 0 0 1
    outer loop
      vertex -29.0177 2.68858 39.4
      vertex -28.2872 3.6406 39.4
      vertex -28.592 3.90797 39.4
    endloop
  endfacet
  facet normal 0 0 1
    outer loop
      vertex -29.4406 3.05944 39.4
      vertex -28.592 3.90797 39.4
      vertex -28.8594 4.21284 39.4
    endloop
  endfacet
  facet normal 0 0 1
    outer loop
      vertex -28.2872 3.6406 39.4
      vertex -29.0177 2.68858 39.4
      vertex -28.5858 2.4 39.4
    endloop
  endfacet
  facet normal 0 0 1
    outer loop
      vertex -30.1 3.91422 39.4
      vertex -28.8594 4.21284 39.4
      vertex -29.0847 4.55 39.4
    endloop
  endfacet
  facet normal 0 0 1
    outer loop
      vertex -30.1 3.91422 39.4
      vertex -29.0847 4.55 39.4
      vertex -29.264 4.91368 39.4
    endloop
  endfacet
  facet normal 0 0 1
    outer loop
      vertex -30.1 3.91422 39.4
      vertex -29.264 4.91368 39.4
      vertex -29.3944 5.29766 39.4
    endloop
  endfacet
  facet normal 0 0 1
    outer loop
      vertex -28.592 3.90797 39.4
      vertex -29.4406 3.05944 39.4
      vertex -29.0177 2.68858 39.4
    endloop
  endfacet
  facet normal 0 0 1
    outer loop
      vertex -30.1 3.91422 39.4
      vertex -29.3944 5.29766 39.4
      vertex -29.4735 5.69537 39.4
    endloop
  endfacet
  facet normal 0 0 1
    outer loop
      vertex -30.1 3.91422 39.4
      vertex -29.4735 5.69537 39.4
      vertex -29.5 6.1 39.4
    endloop
  endfacet
  facet normal 0 0 1
    outer loop
      vertex -29.4735 6.50463 39.4
      vertex -30.1 8.28578 39.4
      vertex -29.5 6.1 39.4
    endloop
  endfacet
  facet normal 0 0 1
    outer loop
      vertex -28.8594 4.21284 39.4
      vertex -29.8114 3.48233 39.4
      vertex -29.4406 3.05944 39.4
    endloop
  endfacet
  facet normal 0 0 1
    outer loop
      vertex -30.1 3.91422 39.4
      vertex -29.5 6.1 39.4
      vertex -30.1 8.28578 39.4
    endloop
  endfacet
  facet normal 0 0 1
    outer loop
      vertex -28.8594 4.21284 39.4
      vertex -30.1 3.91422 39.4
      vertex -29.8114 3.48233 39.4
    endloop
  endfacet
  facet normal -0.831452 0.555597 0
    outer loop
      vertex -30.1 8.28578 36.8
      vertex -29.8114 8.71767 39.4
      vertex -29.8114 8.71767 36.8
    endloop
  endfacet
  facet normal -0.831452 0.555597 0
    outer loop
      vertex -29.8114 8.71767 39.4
      vertex -30.1 8.28578 36.8
      vertex -30.1 8.28578 39.4
    endloop
  endfacet
  facet normal -0.0654216 0.997858 0
    outer loop
      vertex -26.4 10.4 36.8
      vertex -26.9613 10.3632 39.4
      vertex -26.4 10.4 39.4
    endloop
  endfacet
  facet normal -0.0654216 0.997858 0
    outer loop
      vertex -26.9613 10.3632 39.4
      vertex -26.4 10.4 36.8
      vertex -26.9613 10.3632 36.8
    endloop
  endfacet
  facet normal -0.32145 0.946927 0
    outer loop
      vertex -27.5129 10.2535 36.8
      vertex -28.0455 10.0727 39.4
      vertex -27.5129 10.2535 39.4
    endloop
  endfacet
  facet normal -0.32145 0.946927 0
    outer loop
      vertex -28.0455 10.0727 39.4
      vertex -27.5129 10.2535 36.8
      vertex -28.0455 10.0727 36.8
    endloop
  endfacet
  facet normal 0.706348 -0.046313 -0.706348
    outer loop
      vertex -22.1368 5.53874 36.8
      vertex -26.4 6.1 32.5
      vertex -22.1 6.1 36.8
    endloop
  endfacet
  facet normal -0.70635 0.0462576 -0.70635
    outer loop
      vertex -30.1 6.1 36.2
      vertex -30.1 6.58711 36.2319
      vertex -26.4 6.1 32.5
    endloop
  endfacet
  facet normal -0.138105 -0.694259 -0.706351
    outer loop
      vertex -26.8871 2.4 36.2319
      vertex -27.3914 2.4 36.3305
      vertex -26.4 6.1 32.5
    endloop
  endfacet
  facet normal 0.0463097 0.706348 -0.706348
    outer loop
      vertex -26.4 6.1 32.5
      vertex -26.4 10.4 36.8
      vertex -25.8387 10.3632 36.8
    endloop
  endfacet
  facet normal -0.53224 -0.466681 -0.706349
    outer loop
      vertex -29.4406 3.05944 36.8
      vertex -29.8114 3.48233 36.8
      vertex -26.4 6.1 32.5
    endloop
  endfacet
  facet normal 0.393156 -0.588412 -0.706541
    outer loop
      vertex -24.2638 2.4 36.7724
      vertex -23.7823 2.68858 36.8
      vertex -24.2142 2.4 36.8
    endloop
  endfacet
  facet normal 0.393246 -0.588582 -0.706349
    outer loop
      vertex -23.7823 2.68858 36.8
      vertex -24.2638 2.4 36.7724
      vertex -26.4 6.1 32.5
    endloop
  endfacet
  facet normal -0.466717 0.532207 -0.70635
    outer loop
      vertex -26.4 6.1 32.5
      vertex -29.4406 9.14056 36.8
      vertex -29.0177 9.51142 36.8
    endloop
  endfacet
  facet normal 0.53224 0.466681 -0.706349
    outer loop
      vertex -22.9886 8.71767 36.8
      vertex -26.4 6.1 32.5
      vertex -23.3594 9.14056 36.8
    endloop
  endfacet
  facet normal -0.393156 -0.588412 -0.706541
    outer loop
      vertex -29.0177 2.68858 36.8
      vertex -28.5362 2.4 36.7724
      vertex -28.5858 2.4 36.8
    endloop
  endfacet
  facet normal -0.393246 -0.588582 -0.706349
    outer loop
      vertex -28.5362 2.4 36.7724
      vertex -29.0177 2.68858 36.8
      vertex -26.4 6.1 32.5
    endloop
  endfacet
  facet normal -0.670268 -0.227627 -0.706347
    outer loop
      vertex -30.1 4.56741 36.5049
      vertex -30.1 5.10859 36.3305
      vertex -26.4 6.1 32.5
    endloop
  endfacet
  facet normal 0.138105 -0.694259 -0.706351
    outer loop
      vertex -25.9129 2.4 36.2319
      vertex -26.4 6.1 32.5
      vertex -25.4086 2.4 36.3305
    endloop
  endfacet
  facet normal 0.588561 -0.39328 -0.706348
    outer loop
      vertex -22.9886 3.48233 36.8
      vertex -26.4 6.1 32.5
      vertex -22.6761 3.95 36.8
    endloop
  endfacet
  facet normal -0.634892 0.313029 -0.706346
    outer loop
      vertex -30.1 7.63259 36.5049
      vertex -30.1 8.2362 36.7724
      vertex -26.4 6.1 32.5
    endloop
  endfacet
  facet normal -0.227543 0.670295 -0.706349
    outer loop
      vertex -26.4 6.1 32.5
      vertex -28.0455 10.0727 36.8
      vertex -27.5129 10.2535 36.8
    endloop
  endfacet
  facet normal 0.313078 0.634865 -0.706349
    outer loop
      vertex -24.25 9.82391 36.8
      vertex -26.4 6.1 32.5
      vertex -24.7545 10.0727 36.8
    endloop
  endfacet
  facet normal 0.670297 0.227535 -0.70635
    outer loop
      vertex -22.2465 7.21292 36.8
      vertex -26.4 6.1 32.5
      vertex -22.4273 7.74554 36.8
    endloop
  endfacet
  facet normal -0.227618 -0.670271 -0.706347
    outer loop
      vertex -27.3914 2.4 36.3305
      vertex -27.9326 2.4 36.5049
      vertex -26.4 6.1 32.5
    endloop
  endfacet
  facet normal -0.466717 -0.532207 -0.70635
    outer loop
      vertex -29.0177 2.68858 36.8
      vertex -29.4406 3.05944 36.8
      vertex -26.4 6.1 32.5
    endloop
  endfacet
  facet normal -0.588495 -0.393247 -0.706421
    outer loop
      vertex -30.1 3.9638 36.7724
      vertex -29.8114 3.48233 36.8
      vertex -30.1 3.91422 36.8
    endloop
  endfacet
  facet normal -0.58856 -0.393282 -0.706348
    outer loop
      vertex -29.8114 3.48233 36.8
      vertex -30.1 3.9638 36.7724
      vertex -26.4 6.1 32.5
    endloop
  endfacet
  facet normal -0.694259 -0.138105 -0.706351
    outer loop
      vertex -30.1 5.10859 36.3305
      vertex -30.1 5.61289 36.2319
      vertex -26.4 6.1 32.5
    endloop
  endfacet
  facet normal 0.313035 -0.634889 -0.706346
    outer loop
      vertex -24.8674 2.4 36.5049
      vertex -26.4 6.1 32.5
      vertex -24.2638 2.4 36.7724
    endloop
  endfacet
  facet normal -0.0462586 -0.70635 -0.70635
    outer loop
      vertex -26.4 2.4 36.2
      vertex -26.8871 2.4 36.2319
      vertex -26.4 6.1 32.5
    endloop
  endfacet
  facet normal 0.53224 -0.466681 -0.706349
    outer loop
      vertex -23.3594 3.05944 36.8
      vertex -26.4 6.1 32.5
      vertex -22.9886 3.48233 36.8
    endloop
  endfacet
  facet normal 0.670297 -0.227535 -0.70635
    outer loop
      vertex -22.4273 4.45446 36.8
      vertex -26.4 6.1 32.5
      vertex -22.2465 4.98708 36.8
    endloop
  endfacet
  facet normal 0.69427 -0.138059 -0.706349
    outer loop
      vertex -22.2465 4.98708 36.8
      vertex -26.4 6.1 32.5
      vertex -22.1368 5.53874 36.8
    endloop
  endfacet
  facet normal -0.670268 0.227627 -0.706347
    outer loop
      vertex -30.1 7.09141 36.3305
      vertex -30.1 7.63259 36.5049
      vertex -26.4 6.1 32.5
    endloop
  endfacet
  facet normal -0.53224 0.466681 -0.706349
    outer loop
      vertex -26.4 6.1 32.5
      vertex -29.8114 8.71767 36.8
      vertex -29.4406 9.14056 36.8
    endloop
  endfacet
  facet normal -0.393253 0.588577 -0.706349
    outer loop
      vertex -26.4 6.1 32.5
      vertex -29.0177 9.51142 36.8
      vertex -28.55 9.82391 36.8
    endloop
  endfacet
  facet normal -0.138073 0.694267 -0.706349
    outer loop
      vertex -26.4 6.1 32.5
      vertex -27.5129 10.2535 36.8
      vertex -26.9613 10.3632 36.8
    endloop
  endfacet
  facet normal 0.227543 0.670295 -0.706349
    outer loop
      vertex -24.7545 10.0727 36.8
      vertex -26.4 6.1 32.5
      vertex -25.2871 10.2535 36.8
    endloop
  endfacet
  facet normal 0.466717 0.532207 -0.70635
    outer loop
      vertex -23.3594 9.14056 36.8
      vertex -26.4 6.1 32.5
      vertex -23.7823 9.51142 36.8
    endloop
  endfacet
  facet normal 0.588561 0.39328 -0.706348
    outer loop
      vertex -22.6761 8.25 36.8
      vertex -26.4 6.1 32.5
      vertex -22.9886 8.71767 36.8
    endloop
  endfacet
  facet normal 0.69427 0.138059 -0.706349
    outer loop
      vertex -22.1368 6.66126 36.8
      vertex -26.4 6.1 32.5
      vertex -22.2465 7.21292 36.8
    endloop
  endfacet
  facet normal -0.313035 -0.634889 -0.706346
    outer loop
      vertex -27.9326 2.4 36.5049
      vertex -28.5362 2.4 36.7724
      vertex -26.4 6.1 32.5
    endloop
  endfacet
  facet normal -0.634892 -0.313029 -0.706346
    outer loop
      vertex -30.1 3.9638 36.7724
      vertex -30.1 4.56741 36.5049
      vertex -26.4 6.1 32.5
    endloop
  endfacet
  facet normal -0.70635 -0.0462576 -0.70635
    outer loop
      vertex -30.1 5.61289 36.2319
      vertex -30.1 6.1 36.2
      vertex -26.4 6.1 32.5
    endloop
  endfacet
  facet normal 0.227618 -0.670271 -0.706347
    outer loop
      vertex -25.4086 2.4 36.3305
      vertex -26.4 6.1 32.5
      vertex -24.8674 2.4 36.5049
    endloop
  endfacet
  facet normal 0.0462586 -0.70635 -0.70635
    outer loop
      vertex -26.4 2.4 36.2
      vertex -26.4 6.1 32.5
      vertex -25.9129 2.4 36.2319
    endloop
  endfacet
  facet normal 0.466717 -0.532207 -0.70635
    outer loop
      vertex -23.7823 2.68858 36.8
      vertex -26.4 6.1 32.5
      vertex -23.3594 3.05944 36.8
    endloop
  endfacet
  facet normal 0.63485 -0.313108 -0.706349
    outer loop
      vertex -22.6761 3.95 36.8
      vertex -26.4 6.1 32.5
      vertex -22.4273 4.45446 36.8
    endloop
  endfacet
  facet normal -0.694259 0.138105 -0.706351
    outer loop
      vertex -30.1 6.58711 36.2319
      vertex -30.1 7.09141 36.3305
      vertex -26.4 6.1 32.5
    endloop
  endfacet
  facet normal -0.58856 0.393282 -0.706348
    outer loop
      vertex -30.1 8.2362 36.7724
      vertex -29.8114 8.71767 36.8
      vertex -26.4 6.1 32.5
    endloop
  endfacet
  facet normal -0.588495 0.393247 -0.706421
    outer loop
      vertex -29.8114 8.71767 36.8
      vertex -30.1 8.2362 36.7724
      vertex -30.1 8.28578 36.8
    endloop
  endfacet
  facet normal -0.313078 0.634865 -0.706349
    outer loop
      vertex -26.4 6.1 32.5
      vertex -28.55 9.82391 36.8
      vertex -28.0455 10.0727 36.8
    endloop
  endfacet
  facet normal -0.0463097 0.706348 -0.706348
    outer loop
      vertex -26.4 6.1 32.5
      vertex -26.9613 10.3632 36.8
      vertex -26.4 10.4 36.8
    endloop
  endfacet
  facet normal 0.138073 0.694267 -0.706349
    outer loop
      vertex -25.2871 10.2535 36.8
      vertex -26.4 6.1 32.5
      vertex -25.8387 10.3632 36.8
    endloop
  endfacet
  facet normal 0.393253 0.588577 -0.706349
    outer loop
      vertex -23.7823 9.51142 36.8
      vertex -26.4 6.1 32.5
      vertex -24.25 9.82391 36.8
    endloop
  endfacet
  facet normal 0.63485 0.313108 -0.706349
    outer loop
      vertex -22.4273 7.74554 36.8
      vertex -26.4 6.1 32.5
      vertex -22.6761 8.25 36.8
    endloop
  endfacet
  facet normal 0.706348 0.046313 -0.706348
    outer loop
      vertex -22.1 6.1 36.8
      vertex -26.4 6.1 32.5
      vertex -22.1368 6.66126 36.8
    endloop
  endfacet
  facet normal -0.946927 -0.32145 0
    outer loop
      vertex 22.4273 28.2545 36.8
      vertex 22.2465 28.7871 39.4
      vertex 22.2465 28.7871 36.8
    endloop
  endfacet
  facet normal -0.946927 -0.32145 0
    outer loop
      vertex 22.2465 28.7871 39.4
      vertex 22.4273 28.2545 36.8
      vertex 22.4273 28.2545 39.4
    endloop
  endfacet
  facet normal 0.831457 -0.555588 0
    outer loop
      vertex 29.8114 27.2823 39.4
      vertex 30.1 27.7142 36.8
      vertex 30.1 27.7142 39.4
    endloop
  endfacet
  facet normal 0.831457 -0.555588 0
    outer loop
      vertex 30.1 27.7142 36.8
      vertex 29.8114 27.2823 39.4
      vertex 29.8114 27.2823 36.8
    endloop
  endfacet
  facet normal 0.32145 -0.946927 0
    outer loop
      vertex 27.5129 25.7465 36.8
      vertex 28.0455 25.9273 39.4
      vertex 27.5129 25.7465 39.4
    endloop
  endfacet
  facet normal 0.32145 -0.946927 0
    outer loop
      vertex 28.0455 25.9273 39.4
      vertex 27.5129 25.7465 36.8
      vertex 28.0455 25.9273 36.8
    endloop
  endfacet
  facet normal -0.4423 -0.896867 0
    outer loop
      vertex 24.25 26.1761 36.8
      vertex 24.7545 25.9273 39.4
      vertex 24.25 26.1761 39.4
    endloop
  endfacet
  facet normal -0.4423 -0.896867 -0
    outer loop
      vertex 24.7545 25.9273 39.4
      vertex 24.25 26.1761 36.8
      vertex 24.7545 25.9273 36.8
    endloop
  endfacet
  facet normal -0.896867 -0.4423 0
    outer loop
      vertex 22.6761 27.75 36.8
      vertex 22.4273 28.2545 39.4
      vertex 22.4273 28.2545 36.8
    endloop
  endfacet
  facet normal -0.896867 -0.4423 0
    outer loop
      vertex 22.4273 28.2545 39.4
      vertex 22.6761 27.75 36.8
      vertex 22.6761 27.75 39.4
    endloop
  endfacet
  facet normal -0.0654216 -0.997858 0
    outer loop
      vertex 25.8387 25.6368 36.8
      vertex 26.4 25.6 39.4
      vertex 25.8387 25.6368 39.4
    endloop
  endfacet
  facet normal -0.0654216 -0.997858 -0
    outer loop
      vertex 26.4 25.6 39.4
      vertex 25.8387 25.6368 36.8
      vertex 26.4 25.6 36.8
    endloop
  endfacet
  facet normal 0.555561 -0.831475 0
    outer loop
      vertex 28.55 26.1761 36.8
      vertex 29.0177 26.4886 39.4
      vertex 28.55 26.1761 39.4
    endloop
  endfacet
  facet normal 0.555561 -0.831475 0
    outer loop
      vertex 29.0177 26.4886 39.4
      vertex 28.55 26.1761 36.8
      vertex 29.0177 26.4886 36.8
    endloop
  endfacet
  facet normal -0.751904 -0.659272 0
    outer loop
      vertex 23.3594 26.8594 36.8
      vertex 22.9886 27.2823 39.4
      vertex 22.9886 27.2823 36.8
    endloop
  endfacet
  facet normal -0.751904 -0.659272 0
    outer loop
      vertex 22.9886 27.2823 39.4
      vertex 23.3594 26.8594 36.8
      vertex 23.3594 26.8594 39.4
    endloop
  endfacet
  facet normal -0.555561 -0.831475 0
    outer loop
      vertex 23.7823 26.4886 36.8
      vertex 24.25 26.1761 39.4
      vertex 23.7823 26.4886 39.4
    endloop
  endfacet
  facet normal -0.555561 -0.831475 -0
    outer loop
      vertex 24.25 26.1761 39.4
      vertex 23.7823 26.4886 36.8
      vertex 24.25 26.1761 36.8
    endloop
  endfacet
  facet normal -0.195056 -0.980792 0
    outer loop
      vertex 25.2871 25.7465 36.8
      vertex 25.8387 25.6368 39.4
      vertex 25.2871 25.7465 39.4
    endloop
  endfacet
  facet normal -0.195056 -0.980792 -0
    outer loop
      vertex 25.8387 25.6368 39.4
      vertex 25.2871 25.7465 36.8
      vertex 25.8387 25.6368 36.8
    endloop
  endfacet
  facet normal -0.659272 -0.751904 0
    outer loop
      vertex 23.3594 26.8594 36.8
      vertex 23.7823 26.4886 39.4
      vertex 23.3594 26.8594 39.4
    endloop
  endfacet
  facet normal -0.659272 -0.751904 -0
    outer loop
      vertex 23.7823 26.4886 39.4
      vertex 23.3594 26.8594 36.8
      vertex 23.7823 26.4886 36.8
    endloop
  endfacet
  facet normal 0.555588 0.831457 -0
    outer loop
      vertex 29.0177 33.3114 36.8
      vertex 28.5858 33.6 39.4
      vertex 29.0177 33.3114 39.4
    endloop
  endfacet
  facet normal 0.555588 0.831457 0
    outer loop
      vertex 28.5858 33.6 39.4
      vertex 29.0177 33.3114 36.8
      vertex 28.5858 33.6 36.8
    endloop
  endfacet
  facet normal 0.831457 0.555588 0
    outer loop
      vertex 30.1 32.0858 39.4
      vertex 29.8114 32.5177 36.8
      vertex 29.8114 32.5177 39.4
    endloop
  endfacet
  facet normal 0.831457 0.555588 0
    outer loop
      vertex 29.8114 32.5177 36.8
      vertex 30.1 32.0858 39.4
      vertex 30.1 32.0858 36.8
    endloop
  endfacet
  facet normal 0.659272 -0.751904 0
    outer loop
      vertex 29.0177 26.4886 36.8
      vertex 29.4406 26.8594 39.4
      vertex 29.0177 26.4886 39.4
    endloop
  endfacet
  facet normal 0.659272 -0.751904 0
    outer loop
      vertex 29.4406 26.8594 39.4
      vertex 29.0177 26.4886 36.8
      vertex 29.4406 26.8594 36.8
    endloop
  endfacet
  facet normal 0.751904 -0.659272 0
    outer loop
      vertex 29.4406 26.8594 39.4
      vertex 29.8114 27.2823 36.8
      vertex 29.8114 27.2823 39.4
    endloop
  endfacet
  facet normal 0.751904 -0.659272 0
    outer loop
      vertex 29.8114 27.2823 36.8
      vertex 29.4406 26.8594 39.4
      vertex 29.4406 26.8594 36.8
    endloop
  endfacet
  facet normal 0.195056 -0.980792 0
    outer loop
      vertex 26.9613 25.6368 36.8
      vertex 27.5129 25.7465 39.4
      vertex 26.9613 25.6368 39.4
    endloop
  endfacet
  facet normal 0.195056 -0.980792 0
    outer loop
      vertex 27.5129 25.7465 39.4
      vertex 26.9613 25.6368 36.8
      vertex 27.5129 25.7465 36.8
    endloop
  endfacet
  facet normal 0.0654216 -0.997858 0
    outer loop
      vertex 26.4 25.6 36.8
      vertex 26.9613 25.6368 39.4
      vertex 26.4 25.6 39.4
    endloop
  endfacet
  facet normal 0.0654216 -0.997858 0
    outer loop
      vertex 26.9613 25.6368 39.4
      vertex 26.4 25.6 36.8
      vertex 26.9613 25.6368 36.8
    endloop
  endfacet
  facet normal -0.997858 -0.0654216 0
    outer loop
      vertex 22.1368 29.3387 36.8
      vertex 22.1 29.9 39.4
      vertex 22.1 29.9 36.8
    endloop
  endfacet
  facet normal -0.997858 -0.0654216 0
    outer loop
      vertex 22.1 29.9 39.4
      vertex 22.1368 29.3387 36.8
      vertex 22.1368 29.3387 39.4
    endloop
  endfacet
  facet normal -0.980792 -0.195056 0
    outer loop
      vertex 22.2465 28.7871 36.8
      vertex 22.1368 29.3387 39.4
      vertex 22.1368 29.3387 36.8
    endloop
  endfacet
  facet normal -0.980792 -0.195056 0
    outer loop
      vertex 22.1368 29.3387 39.4
      vertex 22.2465 28.7871 36.8
      vertex 22.2465 28.7871 39.4
    endloop
  endfacet
  facet normal 0.4423 -0.896867 0
    outer loop
      vertex 28.0455 25.9273 36.8
      vertex 28.55 26.1761 39.4
      vertex 28.0455 25.9273 39.4
    endloop
  endfacet
  facet normal 0.4423 -0.896867 0
    outer loop
      vertex 28.55 26.1761 39.4
      vertex 28.0455 25.9273 36.8
      vertex 28.55 26.1761 36.8
    endloop
  endfacet
  facet normal -0.831475 -0.555561 0
    outer loop
      vertex 22.9886 27.2823 36.8
      vertex 22.6761 27.75 39.4
      vertex 22.6761 27.75 36.8
    endloop
  endfacet
  facet normal -0.831475 -0.555561 0
    outer loop
      vertex 22.6761 27.75 39.4
      vertex 22.9886 27.2823 36.8
      vertex 22.9886 27.2823 39.4
    endloop
  endfacet
  facet normal -0.32145 -0.946927 0
    outer loop
      vertex 24.7545 25.9273 36.8
      vertex 25.2871 25.7465 39.4
      vertex 24.7545 25.9273 39.4
    endloop
  endfacet
  facet normal -0.32145 -0.946927 -0
    outer loop
      vertex 25.2871 25.7465 39.4
      vertex 24.7545 25.9273 36.8
      vertex 25.2871 25.7465 36.8
    endloop
  endfacet
  facet normal -0.997858 0.0654216 0
    outer loop
      vertex 22.1 29.9 36.8
      vertex 22.1368 30.4613 39.4
      vertex 22.1368 30.4613 36.8
    endloop
  endfacet
  facet normal -0.997858 0.0654216 0
    outer loop
      vertex 22.1368 30.4613 39.4
      vertex 22.1 29.9 36.8
      vertex 22.1 29.9 39.4
    endloop
  endfacet
  facet normal -0.946927 0.32145 0
    outer loop
      vertex 22.2465 31.0129 36.8
      vertex 22.4273 31.5455 39.4
      vertex 22.4273 31.5455 36.8
    endloop
  endfacet
  facet normal -0.946927 0.32145 0
    outer loop
      vertex 22.4273 31.5455 39.4
      vertex 22.2465 31.0129 36.8
      vertex 22.2465 31.0129 39.4
    endloop
  endfacet
  facet normal -0.751904 0.659272 0
    outer loop
      vertex 22.9886 32.5177 36.8
      vertex 23.3594 32.9406 39.4
      vertex 23.3594 32.9406 36.8
    endloop
  endfacet
  facet normal -0.751904 0.659272 0
    outer loop
      vertex 23.3594 32.9406 39.4
      vertex 22.9886 32.5177 36.8
      vertex 22.9886 32.5177 39.4
    endloop
  endfacet
  facet normal 0.659272 0.751904 -0
    outer loop
      vertex 29.4406 32.9406 36.8
      vertex 29.0177 33.3114 39.4
      vertex 29.4406 32.9406 39.4
    endloop
  endfacet
  facet normal 0.659272 0.751904 0
    outer loop
      vertex 29.0177 33.3114 39.4
      vertex 29.4406 32.9406 36.8
      vertex 29.0177 33.3114 36.8
    endloop
  endfacet
  facet normal 0.751904 0.659272 0
    outer loop
      vertex 29.8114 32.5177 39.4
      vertex 29.4406 32.9406 36.8
      vertex 29.4406 32.9406 39.4
    endloop
  endfacet
  facet normal 0.751904 0.659272 0
    outer loop
      vertex 29.4406 32.9406 36.8
      vertex 29.8114 32.5177 39.4
      vertex 29.8114 32.5177 36.8
    endloop
  endfacet
  facet normal -0.659272 0.751904 0
    outer loop
      vertex 23.7823 33.3114 36.8
      vertex 23.3594 32.9406 39.4
      vertex 23.7823 33.3114 39.4
    endloop
  endfacet
  facet normal -0.659272 0.751904 0
    outer loop
      vertex 23.3594 32.9406 39.4
      vertex 23.7823 33.3114 36.8
      vertex 23.3594 32.9406 36.8
    endloop
  endfacet
  facet normal -0.555588 0.831457 0
    outer loop
      vertex 24.2142 33.6 36.8
      vertex 23.7823 33.3114 39.4
      vertex 24.2142 33.6 39.4
    endloop
  endfacet
  facet normal -0.555588 0.831457 0
    outer loop
      vertex 23.7823 33.3114 39.4
      vertex 24.2142 33.6 36.8
      vertex 23.7823 33.3114 36.8
    endloop
  endfacet
  facet normal 0 0 1
    outer loop
      vertex 28.8594 31.7872 39.4
      vertex 30.1 32.0858 39.4
      vertex 29.8114 32.5177 39.4
    endloop
  endfacet
  facet normal 0 0 1
    outer loop
      vertex 30.1 32.0858 39.4
      vertex 29.5 29.9 39.4
      vertex 30.1 27.7142 39.4
    endloop
  endfacet
  facet normal -0 0 1
    outer loop
      vertex 29.4735 29.4954 39.4
      vertex 30.1 27.7142 39.4
      vertex 29.5 29.9 39.4
    endloop
  endfacet
  facet normal 0 0 1
    outer loop
      vertex 30.1 32.0858 39.4
      vertex 29.4735 30.3046 39.4
      vertex 29.5 29.9 39.4
    endloop
  endfacet
  facet normal 0 0 1
    outer loop
      vertex 28.8594 31.7872 39.4
      vertex 29.8114 32.5177 39.4
      vertex 29.4406 32.9406 39.4
    endloop
  endfacet
  facet normal 0 0 1
    outer loop
      vertex 30.1 32.0858 39.4
      vertex 29.3944 30.7023 39.4
      vertex 29.4735 30.3046 39.4
    endloop
  endfacet
  facet normal 0 0 1
    outer loop
      vertex 30.1 32.0858 39.4
      vertex 29.264 31.0863 39.4
      vertex 29.3944 30.7023 39.4
    endloop
  endfacet
  facet normal 0 0 1
    outer loop
      vertex 30.1 32.0858 39.4
      vertex 29.0847 31.45 39.4
      vertex 29.264 31.0863 39.4
    endloop
  endfacet
  facet normal 0 0 1
    outer loop
      vertex 28.592 32.092 39.4
      vertex 29.4406 32.9406 39.4
      vertex 29.0177 33.3114 39.4
    endloop
  endfacet
  facet normal 0 0 1
    outer loop
      vertex 30.1 32.0858 39.4
      vertex 28.8594 31.7872 39.4
      vertex 29.0847 31.45 39.4
    endloop
  endfacet
  facet normal 0 0 1
    outer loop
      vertex 29.4406 32.9406 39.4
      vertex 28.592 32.092 39.4
      vertex 28.8594 31.7872 39.4
    endloop
  endfacet
  facet normal 0 0 1
    outer loop
      vertex 28.2872 32.3594 39.4
      vertex 29.0177 33.3114 39.4
      vertex 28.5858 33.6 39.4
    endloop
  endfacet
  facet normal 0 0 1
    outer loop
      vertex 29.0177 33.3114 39.4
      vertex 28.2872 32.3594 39.4
      vertex 28.592 32.092 39.4
    endloop
  endfacet
  facet normal 0 0 1
    outer loop
      vertex 28.5858 33.6 39.4
      vertex 27.95 32.5847 39.4
      vertex 28.2872 32.3594 39.4
    endloop
  endfacet
  facet normal 0 0 1
    outer loop
      vertex 28.5858 33.6 39.4
      vertex 27.5863 32.764 39.4
      vertex 27.95 32.5847 39.4
    endloop
  endfacet
  facet normal 0 0 1
    outer loop
      vertex 28.5858 33.6 39.4
      vertex 27.2023 32.8944 39.4
      vertex 27.5863 32.764 39.4
    endloop
  endfacet
  facet normal 0 0 1
    outer loop
      vertex 28.5858 33.6 39.4
      vertex 26.8046 32.9735 39.4
      vertex 27.2023 32.8944 39.4
    endloop
  endfacet
  facet normal 0 0 1
    outer loop
      vertex 28.5858 33.6 39.4
      vertex 26.4 33 39.4
      vertex 26.8046 32.9735 39.4
    endloop
  endfacet
  facet normal -0 0 1
    outer loop
      vertex 24.2142 33.6 39.4
      vertex 26.4 33 39.4
      vertex 28.5858 33.6 39.4
    endloop
  endfacet
  facet normal 0 0 1
    outer loop
      vertex 26.4 33 39.4
      vertex 24.2142 33.6 39.4
      vertex 25.9954 32.9735 39.4
    endloop
  endfacet
  facet normal 0 0 1
    outer loop
      vertex 25.9954 32.9735 39.4
      vertex 24.2142 33.6 39.4
      vertex 25.5977 32.8944 39.4
    endloop
  endfacet
  facet normal 0 0 1
    outer loop
      vertex 24.2142 33.6 39.4
      vertex 25.2137 32.764 39.4
      vertex 25.5977 32.8944 39.4
    endloop
  endfacet
  facet normal 0 0 1
    outer loop
      vertex 24.2142 33.6 39.4
      vertex 24.85 32.5847 39.4
      vertex 25.2137 32.764 39.4
    endloop
  endfacet
  facet normal 0 0 1
    outer loop
      vertex 24.2142 33.6 39.4
      vertex 24.5128 32.3594 39.4
      vertex 24.85 32.5847 39.4
    endloop
  endfacet
  facet normal -0 0 1
    outer loop
      vertex 23.7823 33.3114 39.4
      vertex 24.5128 32.3594 39.4
      vertex 24.2142 33.6 39.4
    endloop
  endfacet
  facet normal 0 0 1
    outer loop
      vertex 24.5128 32.3594 39.4
      vertex 23.7823 33.3114 39.4
      vertex 24.208 32.092 39.4
    endloop
  endfacet
  facet normal -0 0 1
    outer loop
      vertex 23.3594 32.9406 39.4
      vertex 24.208 32.092 39.4
      vertex 23.7823 33.3114 39.4
    endloop
  endfacet
  facet normal 0 0 1
    outer loop
      vertex 24.208 32.092 39.4
      vertex 23.3594 32.9406 39.4
      vertex 23.9406 31.7872 39.4
    endloop
  endfacet
  facet normal -0 0 1
    outer loop
      vertex 22.9886 32.5177 39.4
      vertex 23.9406 31.7872 39.4
      vertex 23.3594 32.9406 39.4
    endloop
  endfacet
  facet normal 0 0 1
    outer loop
      vertex 23.9406 31.7872 39.4
      vertex 22.9886 32.5177 39.4
      vertex 23.7153 31.45 39.4
    endloop
  endfacet
  facet normal -0 0 1
    outer loop
      vertex 22.6761 32.05 39.4
      vertex 23.7153 31.45 39.4
      vertex 22.9886 32.5177 39.4
    endloop
  endfacet
  facet normal 0 0 1
    outer loop
      vertex 23.7153 31.45 39.4
      vertex 22.6761 32.05 39.4
      vertex 23.536 31.0863 39.4
    endloop
  endfacet
  facet normal -0 0 1
    outer loop
      vertex 22.4273 31.5455 39.4
      vertex 23.536 31.0863 39.4
      vertex 22.6761 32.05 39.4
    endloop
  endfacet
  facet normal 0 0 1
    outer loop
      vertex 23.536 31.0863 39.4
      vertex 22.4273 31.5455 39.4
      vertex 23.4056 30.7023 39.4
    endloop
  endfacet
  facet normal -0 0 1
    outer loop
      vertex 29.3944 29.0977 39.4
      vertex 30.1 27.7142 39.4
      vertex 29.4735 29.4954 39.4
    endloop
  endfacet
  facet normal -0 0 1
    outer loop
      vertex 29.264 28.7137 39.4
      vertex 30.1 27.7142 39.4
      vertex 29.3944 29.0977 39.4
    endloop
  endfacet
  facet normal -0 0 1
    outer loop
      vertex 29.0847 28.35 39.4
      vertex 30.1 27.7142 39.4
      vertex 29.264 28.7137 39.4
    endloop
  endfacet
  facet normal -0 0 1
    outer loop
      vertex 28.8594 28.0128 39.4
      vertex 30.1 27.7142 39.4
      vertex 29.0847 28.35 39.4
    endloop
  endfacet
  facet normal 0 0 1
    outer loop
      vertex 30.1 27.7142 39.4
      vertex 28.8594 28.0128 39.4
      vertex 29.8114 27.2823 39.4
    endloop
  endfacet
  facet normal 0 0 1
    outer loop
      vertex 29.8114 27.2823 39.4
      vertex 28.8594 28.0128 39.4
      vertex 29.4406 26.8594 39.4
    endloop
  endfacet
  facet normal -0 0 1
    outer loop
      vertex 28.592 27.708 39.4
      vertex 29.4406 26.8594 39.4
      vertex 28.8594 28.0128 39.4
    endloop
  endfacet
  facet normal 0 0 1
    outer loop
      vertex 29.4406 26.8594 39.4
      vertex 28.592 27.708 39.4
      vertex 29.0177 26.4886 39.4
    endloop
  endfacet
  facet normal -0 0 1
    outer loop
      vertex 28.2872 27.4406 39.4
      vertex 29.0177 26.4886 39.4
      vertex 28.592 27.708 39.4
    endloop
  endfacet
  facet normal 0 0 1
    outer loop
      vertex 29.0177 26.4886 39.4
      vertex 28.2872 27.4406 39.4
      vertex 28.55 26.1761 39.4
    endloop
  endfacet
  facet normal -0 0 1
    outer loop
      vertex 27.95 27.2153 39.4
      vertex 28.55 26.1761 39.4
      vertex 28.2872 27.4406 39.4
    endloop
  endfacet
  facet normal 0 0 1
    outer loop
      vertex 28.55 26.1761 39.4
      vertex 27.95 27.2153 39.4
      vertex 28.0455 25.9273 39.4
    endloop
  endfacet
  facet normal -0 0 1
    outer loop
      vertex 27.5863 27.036 39.4
      vertex 28.0455 25.9273 39.4
      vertex 27.95 27.2153 39.4
    endloop
  endfacet
  facet normal 0 0 1
    outer loop
      vertex 27.5863 27.036 39.4
      vertex 27.5129 25.7465 39.4
      vertex 28.0455 25.9273 39.4
    endloop
  endfacet
  facet normal -0 0 1
    outer loop
      vertex 27.2023 26.9056 39.4
      vertex 27.5129 25.7465 39.4
      vertex 27.5863 27.036 39.4
    endloop
  endfacet
  facet normal 0 0 1
    outer loop
      vertex 27.2023 26.9056 39.4
      vertex 26.9613 25.6368 39.4
      vertex 27.5129 25.7465 39.4
    endloop
  endfacet
  facet normal -0 0 1
    outer loop
      vertex 26.8046 26.8265 39.4
      vertex 26.9613 25.6368 39.4
      vertex 27.2023 26.9056 39.4
    endloop
  endfacet
  facet normal -0 0 1
    outer loop
      vertex 26.4 26.8 39.4
      vertex 26.9613 25.6368 39.4
      vertex 26.8046 26.8265 39.4
    endloop
  endfacet
  facet normal 0 0 1
    outer loop
      vertex 26.4 26.8 39.4
      vertex 26.4 25.6 39.4
      vertex 26.9613 25.6368 39.4
    endloop
  endfacet
  facet normal 0 0 1
    outer loop
      vertex 25.9954 26.8265 39.4
      vertex 26.4 25.6 39.4
      vertex 26.4 26.8 39.4
    endloop
  endfacet
  facet normal 0 0 1
    outer loop
      vertex 25.9954 26.8265 39.4
      vertex 25.8387 25.6368 39.4
      vertex 26.4 25.6 39.4
    endloop
  endfacet
  facet normal 0 0 1
    outer loop
      vertex 25.5977 26.9056 39.4
      vertex 25.8387 25.6368 39.4
      vertex 25.9954 26.8265 39.4
    endloop
  endfacet
  facet normal 0 0 1
    outer loop
      vertex 25.5977 26.9056 39.4
      vertex 25.2871 25.7465 39.4
      vertex 25.8387 25.6368 39.4
    endloop
  endfacet
  facet normal 0 0 1
    outer loop
      vertex 25.2137 27.036 39.4
      vertex 25.2871 25.7465 39.4
      vertex 25.5977 26.9056 39.4
    endloop
  endfacet
  facet normal 0 0 1
    outer loop
      vertex 24.7545 25.9273 39.4
      vertex 25.2137 27.036 39.4
      vertex 24.85 27.2153 39.4
    endloop
  endfacet
  facet normal 0 0 1
    outer loop
      vertex 25.2137 27.036 39.4
      vertex 24.7545 25.9273 39.4
      vertex 25.2871 25.7465 39.4
    endloop
  endfacet
  facet normal 0 0 1
    outer loop
      vertex 24.25 26.1761 39.4
      vertex 24.85 27.2153 39.4
      vertex 24.5128 27.4406 39.4
    endloop
  endfacet
  facet normal 0 0 1
    outer loop
      vertex 24.85 27.2153 39.4
      vertex 24.25 26.1761 39.4
      vertex 24.7545 25.9273 39.4
    endloop
  endfacet
  facet normal 0 0 1
    outer loop
      vertex 23.7823 26.4886 39.4
      vertex 24.5128 27.4406 39.4
      vertex 24.208 27.708 39.4
    endloop
  endfacet
  facet normal 0 0 1
    outer loop
      vertex 23.3594 26.8594 39.4
      vertex 24.208 27.708 39.4
      vertex 23.9406 28.0128 39.4
    endloop
  endfacet
  facet normal 0 0 1
    outer loop
      vertex 24.5128 27.4406 39.4
      vertex 23.7823 26.4886 39.4
      vertex 24.25 26.1761 39.4
    endloop
  endfacet
  facet normal 0 0 1
    outer loop
      vertex 22.9886 27.2823 39.4
      vertex 23.9406 28.0128 39.4
      vertex 23.7153 28.35 39.4
    endloop
  endfacet
  facet normal 0 0 1
    outer loop
      vertex 22.6761 27.75 39.4
      vertex 23.7153 28.35 39.4
      vertex 23.536 28.7137 39.4
    endloop
  endfacet
  facet normal 0 0 1
    outer loop
      vertex 22.4273 28.2545 39.4
      vertex 23.536 28.7137 39.4
      vertex 23.4056 29.0977 39.4
    endloop
  endfacet
  facet normal 0 0 1
    outer loop
      vertex 24.208 27.708 39.4
      vertex 23.3594 26.8594 39.4
      vertex 23.7823 26.4886 39.4
    endloop
  endfacet
  facet normal 0 0 1
    outer loop
      vertex 22.2465 28.7871 39.4
      vertex 23.4056 29.0977 39.4
      vertex 23.3265 29.4954 39.4
    endloop
  endfacet
  facet normal 0 0 1
    outer loop
      vertex 22.1368 29.3387 39.4
      vertex 23.3265 29.4954 39.4
      vertex 23.3 29.9 39.4
    endloop
  endfacet
  facet normal -0 0 1
    outer loop
      vertex 22.2465 31.0129 39.4
      vertex 23.4056 30.7023 39.4
      vertex 22.4273 31.5455 39.4
    endloop
  endfacet
  facet normal 0 0 1
    outer loop
      vertex 23.9406 28.0128 39.4
      vertex 22.9886 27.2823 39.4
      vertex 23.3594 26.8594 39.4
    endloop
  endfacet
  facet normal 0 0 1
    outer loop
      vertex 23.4056 30.7023 39.4
      vertex 22.2465 31.0129 39.4
      vertex 23.3265 30.3046 39.4
    endloop
  endfacet
  facet normal 0 0 1
    outer loop
      vertex 23.7153 28.35 39.4
      vertex 22.6761 27.75 39.4
      vertex 22.9886 27.2823 39.4
    endloop
  endfacet
  facet normal -0 0 1
    outer loop
      vertex 22.1368 30.4613 39.4
      vertex 23.3265 30.3046 39.4
      vertex 22.2465 31.0129 39.4
    endloop
  endfacet
  facet normal 0 0 1
    outer loop
      vertex 23.536 28.7137 39.4
      vertex 22.4273 28.2545 39.4
      vertex 22.6761 27.75 39.4
    endloop
  endfacet
  facet normal 0 0 1
    outer loop
      vertex 23.3265 30.3046 39.4
      vertex 22.1368 30.4613 39.4
      vertex 23.3 29.9 39.4
    endloop
  endfacet
  facet normal 0 0 1
    outer loop
      vertex 23.4056 29.0977 39.4
      vertex 22.2465 28.7871 39.4
      vertex 22.4273 28.2545 39.4
    endloop
  endfacet
  facet normal 0 0 1
    outer loop
      vertex 22.1 29.9 39.4
      vertex 23.3 29.9 39.4
      vertex 22.1368 30.4613 39.4
    endloop
  endfacet
  facet normal 0 0 1
    outer loop
      vertex 23.3265 29.4954 39.4
      vertex 22.1368 29.3387 39.4
      vertex 22.2465 28.7871 39.4
    endloop
  endfacet
  facet normal 0 0 1
    outer loop
      vertex 23.3 29.9 39.4
      vertex 22.1 29.9 39.4
      vertex 22.1368 29.3387 39.4
    endloop
  endfacet
  facet normal -0.980792 0.195056 0
    outer loop
      vertex 22.1368 30.4613 36.8
      vertex 22.2465 31.0129 39.4
      vertex 22.2465 31.0129 36.8
    endloop
  endfacet
  facet normal -0.980792 0.195056 0
    outer loop
      vertex 22.2465 31.0129 39.4
      vertex 22.1368 30.4613 36.8
      vertex 22.1368 30.4613 39.4
    endloop
  endfacet
  facet normal -0.831475 0.555561 0
    outer loop
      vertex 22.6761 32.05 36.8
      vertex 22.9886 32.5177 39.4
      vertex 22.9886 32.5177 36.8
    endloop
  endfacet
  facet normal -0.831475 0.555561 0
    outer loop
      vertex 22.9886 32.5177 39.4
      vertex 22.6761 32.05 36.8
      vertex 22.6761 32.05 39.4
    endloop
  endfacet
  facet normal -0.896867 0.4423 0
    outer loop
      vertex 22.4273 31.5455 36.8
      vertex 22.6761 32.05 39.4
      vertex 22.6761 32.05 36.8
    endloop
  endfacet
  facet normal -0.896867 0.4423 0
    outer loop
      vertex 22.6761 32.05 39.4
      vertex 22.4273 31.5455 36.8
      vertex 22.4273 31.5455 39.4
    endloop
  endfacet
  facet normal 0.70635 -0.0462586 -0.70635
    outer loop
      vertex 30.1 29.4129 36.2319
      vertex 26.4 29.9 32.5
      vertex 30.1 29.9 36.2
    endloop
  endfacet
  facet normal -0.670295 0.227543 -0.706349
    outer loop
      vertex 26.4 29.9 32.5
      vertex 22.2465 31.0129 36.8
      vertex 22.4273 31.5455 36.8
    endloop
  endfacet
  facet normal -0.138073 -0.694267 -0.706349
    outer loop
      vertex 25.8387 25.6368 36.8
      vertex 25.2871 25.7465 36.8
      vertex 26.4 29.9 32.5
    endloop
  endfacet
  facet normal 0.227618 0.670271 -0.706347
    outer loop
      vertex 27.9326 33.6 36.5049
      vertex 26.4 29.9 32.5
      vertex 27.3914 33.6 36.3305
    endloop
  endfacet
  facet normal -0.532244 -0.466673 -0.706351
    outer loop
      vertex 23.3594 26.8594 36.8
      vertex 22.9886 27.2823 36.8
      vertex 26.4 29.9 32.5
    endloop
  endfacet
  facet normal 0.393262 -0.588572 -0.706348
    outer loop
      vertex 28.55 26.1761 36.8
      vertex 26.4 29.9 32.5
      vertex 29.0177 26.4886 36.8
    endloop
  endfacet
  facet normal -0.313035 0.634889 -0.706346
    outer loop
      vertex 26.4 29.9 32.5
      vertex 24.2638 33.6 36.7724
      vertex 24.8674 33.6 36.5049
    endloop
  endfacet
  facet normal 0.634889 0.313035 -0.706346
    outer loop
      vertex 30.1 31.4326 36.5049
      vertex 26.4 29.9 32.5
      vertex 30.1 32.0362 36.7724
    endloop
  endfacet
  facet normal -0.393262 -0.588572 -0.706348
    outer loop
      vertex 24.25 26.1761 36.8
      vertex 23.7823 26.4886 36.8
      vertex 26.4 29.9 32.5
    endloop
  endfacet
  facet normal -0.670295 -0.227543 -0.706349
    outer loop
      vertex 22.4273 28.2545 36.8
      vertex 22.2465 28.7871 36.8
      vertex 26.4 29.9 32.5
    endloop
  endfacet
  facet normal 0.0463097 -0.706348 -0.706348
    outer loop
      vertex 26.4 25.6 36.8
      vertex 26.4 29.9 32.5
      vertex 26.9613 25.6368 36.8
    endloop
  endfacet
  facet normal 0.588385 -0.393165 -0.706558
    outer loop
      vertex 29.8114 27.2823 36.8
      vertex 30.1 27.7638 36.7724
      vertex 30.1 27.7142 36.8
    endloop
  endfacet
  facet normal 0.588571 -0.393264 -0.706348
    outer loop
      vertex 30.1 27.7638 36.7724
      vertex 29.8114 27.2823 36.8
      vertex 26.4 29.9 32.5
    endloop
  endfacet
  facet normal -0.466673 -0.532244 -0.706351
    outer loop
      vertex 23.7823 26.4886 36.8
      vertex 23.3594 26.8594 36.8
      vertex 26.4 29.9 32.5
    endloop
  endfacet
  facet normal -0.0463097 -0.706348 -0.706348
    outer loop
      vertex 26.4 25.6 36.8
      vertex 25.8387 25.6368 36.8
      vertex 26.4 29.9 32.5
    endloop
  endfacet
  facet normal 0.694259 -0.138105 -0.706351
    outer loop
      vertex 30.1 28.9086 36.3305
      vertex 26.4 29.9 32.5
      vertex 30.1 29.4129 36.2319
    endloop
  endfacet
  facet normal -0.694267 0.138073 -0.706349
    outer loop
      vertex 26.4 29.9 32.5
      vertex 22.1368 30.4613 36.8
      vertex 22.2465 31.0129 36.8
    endloop
  endfacet
  facet normal -0.532244 0.466673 -0.706351
    outer loop
      vertex 26.4 29.9 32.5
      vertex 22.9886 32.5177 36.8
      vertex 23.3594 32.9406 36.8
    endloop
  endfacet
  facet normal -0.466673 0.532244 -0.706351
    outer loop
      vertex 26.4 29.9 32.5
      vertex 23.3594 32.9406 36.8
      vertex 23.7823 33.3114 36.8
    endloop
  endfacet
  facet normal -0.227618 0.670271 -0.706347
    outer loop
      vertex 26.4 29.9 32.5
      vertex 24.8674 33.6 36.5049
      vertex 25.4086 33.6 36.3305
    endloop
  endfacet
  facet normal 0.138105 0.694259 -0.706351
    outer loop
      vertex 27.3914 33.6 36.3305
      vertex 26.4 29.9 32.5
      vertex 26.8871 33.6 36.2319
    endloop
  endfacet
  facet normal 0.466673 0.532244 -0.706351
    outer loop
      vertex 29.4406 32.9406 36.8
      vertex 26.4 29.9 32.5
      vertex 29.0177 33.3114 36.8
    endloop
  endfacet
  facet normal 0.532244 0.466673 -0.706351
    outer loop
      vertex 29.8114 32.5177 36.8
      vertex 26.4 29.9 32.5
      vertex 29.4406 32.9406 36.8
    endloop
  endfacet
  facet normal 0.670271 0.227618 -0.706347
    outer loop
      vertex 30.1 30.8914 36.3305
      vertex 26.4 29.9 32.5
      vertex 30.1 31.4326 36.5049
    endloop
  endfacet
  facet normal -0.313089 -0.63486 -0.706348
    outer loop
      vertex 24.7545 25.9273 36.8
      vertex 24.25 26.1761 36.8
      vertex 26.4 29.9 32.5
    endloop
  endfacet
  facet normal -0.227543 -0.670295 -0.706349
    outer loop
      vertex 25.2871 25.7465 36.8
      vertex 24.7545 25.9273 36.8
      vertex 26.4 29.9 32.5
    endloop
  endfacet
  facet normal -0.63486 -0.313089 -0.706348
    outer loop
      vertex 22.6761 27.75 36.8
      vertex 22.4273 28.2545 36.8
      vertex 26.4 29.9 32.5
    endloop
  endfacet
  facet normal -0.588572 -0.393262 -0.706348
    outer loop
      vertex 22.9886 27.2823 36.8
      vertex 22.6761 27.75 36.8
      vertex 26.4 29.9 32.5
    endloop
  endfacet
  facet normal -0.706348 -0.0463097 -0.706348
    outer loop
      vertex 22.1368 29.3387 36.8
      vertex 22.1 29.9 36.8
      vertex 26.4 29.9 32.5
    endloop
  endfacet
  facet normal -0.694267 -0.138073 -0.706349
    outer loop
      vertex 22.2465 28.7871 36.8
      vertex 22.1368 29.3387 36.8
      vertex 26.4 29.9 32.5
    endloop
  endfacet
  facet normal 0.227543 -0.670295 -0.706349
    outer loop
      vertex 27.5129 25.7465 36.8
      vertex 26.4 29.9 32.5
      vertex 28.0455 25.9273 36.8
    endloop
  endfacet
  facet normal 0.313089 -0.63486 -0.706348
    outer loop
      vertex 28.0455 25.9273 36.8
      vertex 26.4 29.9 32.5
      vertex 28.55 26.1761 36.8
    endloop
  endfacet
  facet normal 0.138073 -0.694267 -0.706349
    outer loop
      vertex 26.9613 25.6368 36.8
      vertex 26.4 29.9 32.5
      vertex 27.5129 25.7465 36.8
    endloop
  endfacet
  facet normal 0.466673 -0.532244 -0.706351
    outer loop
      vertex 29.0177 26.4886 36.8
      vertex 26.4 29.9 32.5
      vertex 29.4406 26.8594 36.8
    endloop
  endfacet
  facet normal 0.532244 -0.466673 -0.706351
    outer loop
      vertex 29.4406 26.8594 36.8
      vertex 26.4 29.9 32.5
      vertex 29.8114 27.2823 36.8
    endloop
  endfacet
  facet normal 0.634889 -0.313035 -0.706346
    outer loop
      vertex 30.1 27.7638 36.7724
      vertex 26.4 29.9 32.5
      vertex 30.1 28.3674 36.5049
    endloop
  endfacet
  facet normal 0.670271 -0.227618 -0.706347
    outer loop
      vertex 30.1 28.3674 36.5049
      vertex 26.4 29.9 32.5
      vertex 30.1 28.9086 36.3305
    endloop
  endfacet
  facet normal -0.706348 0.0463097 -0.706348
    outer loop
      vertex 26.4 29.9 32.5
      vertex 22.1 29.9 36.8
      vertex 22.1368 30.4613 36.8
    endloop
  endfacet
  facet normal -0.588572 0.393262 -0.706348
    outer loop
      vertex 26.4 29.9 32.5
      vertex 22.6761 32.05 36.8
      vertex 22.9886 32.5177 36.8
    endloop
  endfacet
  facet normal -0.63486 0.313089 -0.706348
    outer loop
      vertex 26.4 29.9 32.5
      vertex 22.4273 31.5455 36.8
      vertex 22.6761 32.05 36.8
    endloop
  endfacet
  facet normal -0.393264 0.588571 -0.706348
    outer loop
      vertex 23.7823 33.3114 36.8
      vertex 24.2638 33.6 36.7724
      vertex 26.4 29.9 32.5
    endloop
  endfacet
  facet normal -0.393165 0.588385 -0.706558
    outer loop
      vertex 24.2638 33.6 36.7724
      vertex 23.7823 33.3114 36.8
      vertex 24.2142 33.6 36.8
    endloop
  endfacet
  facet normal -0.0462586 0.70635 -0.70635
    outer loop
      vertex 26.4 29.9 32.5
      vertex 25.9129 33.6 36.2319
      vertex 26.4 33.6 36.2
    endloop
  endfacet
  facet normal -0.138105 0.694259 -0.706351
    outer loop
      vertex 26.4 29.9 32.5
      vertex 25.4086 33.6 36.3305
      vertex 25.9129 33.6 36.2319
    endloop
  endfacet
  facet normal 0.0462586 0.70635 -0.70635
    outer loop
      vertex 26.4 29.9 32.5
      vertex 26.4 33.6 36.2
      vertex 26.8871 33.6 36.2319
    endloop
  endfacet
  facet normal 0.393165 0.588385 -0.706558
    outer loop
      vertex 29.0177 33.3114 36.8
      vertex 28.5362 33.6 36.7724
      vertex 28.5858 33.6 36.8
    endloop
  endfacet
  facet normal 0.393264 0.588571 -0.706348
    outer loop
      vertex 28.5362 33.6 36.7724
      vertex 29.0177 33.3114 36.8
      vertex 26.4 29.9 32.5
    endloop
  endfacet
  facet normal 0.313035 0.634889 -0.706346
    outer loop
      vertex 28.5362 33.6 36.7724
      vertex 26.4 29.9 32.5
      vertex 27.9326 33.6 36.5049
    endloop
  endfacet
  facet normal 0.588385 0.393165 -0.706558
    outer loop
      vertex 30.1 32.0362 36.7724
      vertex 29.8114 32.5177 36.8
      vertex 30.1 32.0858 36.8
    endloop
  endfacet
  facet normal 0.588571 0.393264 -0.706348
    outer loop
      vertex 29.8114 32.5177 36.8
      vertex 30.1 32.0362 36.7724
      vertex 26.4 29.9 32.5
    endloop
  endfacet
  facet normal 0.70635 0.0462586 -0.70635
    outer loop
      vertex 30.1 29.9 36.2
      vertex 26.4 29.9 32.5
      vertex 30.1 30.3871 36.2319
    endloop
  endfacet
  facet normal 0.694259 0.138105 -0.706351
    outer loop
      vertex 30.1 30.3871 36.2319
      vertex 26.4 29.9 32.5
      vertex 30.1 30.8914 36.3305
    endloop
  endfacet
  facet normal 0.831452 -0.555597 0
    outer loop
      vertex 29.8114 3.48233 39.4
      vertex 30.1 3.91422 36.8
      vertex 30.1 3.91422 39.4
    endloop
  endfacet
  facet normal 0.831452 -0.555597 0
    outer loop
      vertex 30.1 3.91422 36.8
      vertex 29.8114 3.48233 39.4
      vertex 29.8114 3.48233 36.8
    endloop
  endfacet
  facet normal -0.896853 -0.442329 0
    outer loop
      vertex 22.6761 3.95 36.8
      vertex 22.4273 4.45446 39.4
      vertex 22.4273 4.45446 36.8
    endloop
  endfacet
  facet normal -0.896853 -0.442329 0
    outer loop
      vertex 22.4273 4.45446 39.4
      vertex 22.6761 3.95 36.8
      vertex 22.6761 3.95 39.4
    endloop
  endfacet
  facet normal 0.555562 -0.831475 0
    outer loop
      vertex 28.5858 2.4 36.8
      vertex 29.0177 2.68858 39.4
      vertex 28.5858 2.4 39.4
    endloop
  endfacet
  facet normal 0.555562 -0.831475 0
    outer loop
      vertex 29.0177 2.68858 39.4
      vertex 28.5858 2.4 36.8
      vertex 29.0177 2.68858 36.8
    endloop
  endfacet
  facet normal -0.980796 -0.195036 0
    outer loop
      vertex 22.2465 4.98708 36.8
      vertex 22.1368 5.53874 39.4
      vertex 22.1368 5.53874 36.8
    endloop
  endfacet
  facet normal -0.980796 -0.195036 0
    outer loop
      vertex 22.1368 5.53874 39.4
      vertex 22.2465 4.98708 36.8
      vertex 22.2465 4.98708 39.4
    endloop
  endfacet
  facet normal -0.751897 -0.659281 0
    outer loop
      vertex 23.3594 3.05944 36.8
      vertex 22.9886 3.48233 39.4
      vertex 22.9886 3.48233 36.8
    endloop
  endfacet
  facet normal -0.751897 -0.659281 0
    outer loop
      vertex 22.9886 3.48233 39.4
      vertex 23.3594 3.05944 36.8
      vertex 23.3594 3.05944 39.4
    endloop
  endfacet
  facet normal -0.555562 -0.831475 0
    outer loop
      vertex 23.7823 2.68858 36.8
      vertex 24.2142 2.4 39.4
      vertex 23.7823 2.68858 39.4
    endloop
  endfacet
  facet normal -0.555562 -0.831475 -0
    outer loop
      vertex 24.2142 2.4 39.4
      vertex 23.7823 2.68858 36.8
      vertex 24.2142 2.4 36.8
    endloop
  endfacet
  facet normal -0.659332 -0.751852 0
    outer loop
      vertex 23.3594 3.05944 36.8
      vertex 23.7823 2.68858 39.4
      vertex 23.3594 3.05944 39.4
    endloop
  endfacet
  facet normal -0.659332 -0.751852 -0
    outer loop
      vertex 23.7823 2.68858 39.4
      vertex 23.3594 3.05944 36.8
      vertex 23.7823 2.68858 36.8
    endloop
  endfacet
  facet normal -0.659332 0.751852 0
    outer loop
      vertex 23.7823 9.51142 36.8
      vertex 23.3594 9.14056 39.4
      vertex 23.7823 9.51142 39.4
    endloop
  endfacet
  facet normal -0.659332 0.751852 0
    outer loop
      vertex 23.3594 9.14056 39.4
      vertex 23.7823 9.51142 36.8
      vertex 23.3594 9.14056 36.8
    endloop
  endfacet
  facet normal 0.555549 0.831484 -0
    outer loop
      vertex 29.0177 9.51142 36.8
      vertex 28.55 9.82391 39.4
      vertex 29.0177 9.51142 39.4
    endloop
  endfacet
  facet normal 0.555549 0.831484 0
    outer loop
      vertex 28.55 9.82391 39.4
      vertex 29.0177 9.51142 36.8
      vertex 28.55 9.82391 36.8
    endloop
  endfacet
  facet normal 0.659332 -0.751852 0
    outer loop
      vertex 29.0177 2.68858 36.8
      vertex 29.4406 3.05944 39.4
      vertex 29.0177 2.68858 39.4
    endloop
  endfacet
  facet normal 0.659332 -0.751852 0
    outer loop
      vertex 29.4406 3.05944 39.4
      vertex 29.0177 2.68858 36.8
      vertex 29.4406 3.05944 36.8
    endloop
  endfacet
  facet normal 0.751897 -0.659281 0
    outer loop
      vertex 29.4406 3.05944 39.4
      vertex 29.8114 3.48233 36.8
      vertex 29.8114 3.48233 39.4
    endloop
  endfacet
  facet normal 0.751897 -0.659281 0
    outer loop
      vertex 29.8114 3.48233 36.8
      vertex 29.4406 3.05944 39.4
      vertex 29.4406 3.05944 36.8
    endloop
  endfacet
  facet normal -0.997857 -0.0654263 0
    outer loop
      vertex 22.1368 5.53874 36.8
      vertex 22.1 6.1 39.4
      vertex 22.1 6.1 36.8
    endloop
  endfacet
  facet normal -0.997857 -0.0654263 0
    outer loop
      vertex 22.1 6.1 39.4
      vertex 22.1368 5.53874 36.8
      vertex 22.1368 5.53874 39.4
    endloop
  endfacet
  facet normal -0.94693 -0.321439 0
    outer loop
      vertex 22.4273 4.45446 36.8
      vertex 22.2465 4.98708 39.4
      vertex 22.2465 4.98708 36.8
    endloop
  endfacet
  facet normal -0.94693 -0.321439 0
    outer loop
      vertex 22.2465 4.98708 39.4
      vertex 22.4273 4.45446 36.8
      vertex 22.4273 4.45446 39.4
    endloop
  endfacet
  facet normal -0.831459 -0.555586 0
    outer loop
      vertex 22.9886 3.48233 36.8
      vertex 22.6761 3.95 39.4
      vertex 22.6761 3.95 36.8
    endloop
  endfacet
  facet normal -0.831459 -0.555586 0
    outer loop
      vertex 22.6761 3.95 39.4
      vertex 22.9886 3.48233 36.8
      vertex 22.9886 3.48233 39.4
    endloop
  endfacet
  facet normal 0.831452 0.555597 0
    outer loop
      vertex 30.1 8.28578 39.4
      vertex 29.8114 8.71767 36.8
      vertex 29.8114 8.71767 39.4
    endloop
  endfacet
  facet normal 0.831452 0.555597 0
    outer loop
      vertex 29.8114 8.71767 36.8
      vertex 30.1 8.28578 39.4
      vertex 30.1 8.28578 36.8
    endloop
  endfacet
  facet normal 0.0654216 0.997858 -0
    outer loop
      vertex 26.9613 10.3632 36.8
      vertex 26.4 10.4 39.4
      vertex 26.9613 10.3632 39.4
    endloop
  endfacet
  facet normal 0.0654216 0.997858 0
    outer loop
      vertex 26.4 10.4 39.4
      vertex 26.9613 10.3632 36.8
      vertex 26.4 10.4 36.8
    endloop
  endfacet
  facet normal -0.94693 0.321439 0
    outer loop
      vertex 22.2465 7.21292 36.8
      vertex 22.4273 7.74554 39.4
      vertex 22.4273 7.74554 36.8
    endloop
  endfacet
  facet normal -0.94693 0.321439 0
    outer loop
      vertex 22.4273 7.74554 39.4
      vertex 22.2465 7.21292 36.8
      vertex 22.2465 7.21292 39.4
    endloop
  endfacet
  facet normal -0.751897 0.659281 0
    outer loop
      vertex 22.9886 8.71767 36.8
      vertex 23.3594 9.14056 39.4
      vertex 23.3594 9.14056 36.8
    endloop
  endfacet
  facet normal -0.751897 0.659281 0
    outer loop
      vertex 23.3594 9.14056 39.4
      vertex 22.9886 8.71767 36.8
      vertex 22.9886 8.71767 39.4
    endloop
  endfacet
  facet normal 0.195056 0.980792 -0
    outer loop
      vertex 27.5129 10.2535 36.8
      vertex 26.9613 10.3632 39.4
      vertex 27.5129 10.2535 39.4
    endloop
  endfacet
  facet normal 0.195056 0.980792 0
    outer loop
      vertex 26.9613 10.3632 39.4
      vertex 27.5129 10.2535 36.8
      vertex 26.9613 10.3632 36.8
    endloop
  endfacet
  facet normal 0.751897 0.659281 0
    outer loop
      vertex 29.8114 8.71767 39.4
      vertex 29.4406 9.14056 36.8
      vertex 29.4406 9.14056 39.4
    endloop
  endfacet
  facet normal 0.751897 0.659281 0
    outer loop
      vertex 29.4406 9.14056 36.8
      vertex 29.8114 8.71767 39.4
      vertex 29.8114 8.71767 36.8
    endloop
  endfacet
  facet normal -0.195056 0.980792 0
    outer loop
      vertex 25.8387 10.3632 36.8
      vertex 25.2871 10.2535 39.4
      vertex 25.8387 10.3632 39.4
    endloop
  endfacet
  facet normal -0.195056 0.980792 0
    outer loop
      vertex 25.2871 10.2535 39.4
      vertex 25.8387 10.3632 36.8
      vertex 25.2871 10.2535 36.8
    endloop
  endfacet
  facet normal 0 0 1
    outer loop
      vertex 28.8594 7.98716 39.4
      vertex 30.1 8.28578 39.4
      vertex 29.8114 8.71767 39.4
    endloop
  endfacet
  facet normal 0 0 1
    outer loop
      vertex 30.1 8.28578 39.4
      vertex 29.5 6.1 39.4
      vertex 30.1 3.91422 39.4
    endloop
  endfacet
  facet normal -0 0 1
    outer loop
      vertex 29.4735 5.69537 39.4
      vertex 30.1 3.91422 39.4
      vertex 29.5 6.1 39.4
    endloop
  endfacet
  facet normal 0 0 1
    outer loop
      vertex 30.1 8.28578 39.4
      vertex 29.4735 6.50463 39.4
      vertex 29.5 6.1 39.4
    endloop
  endfacet
  facet normal 0 0 1
    outer loop
      vertex 28.8594 7.98716 39.4
      vertex 29.8114 8.71767 39.4
      vertex 29.4406 9.14056 39.4
    endloop
  endfacet
  facet normal 0 0 1
    outer loop
      vertex 30.1 8.28578 39.4
      vertex 29.3944 6.90234 39.4
      vertex 29.4735 6.50463 39.4
    endloop
  endfacet
  facet normal 0 0 1
    outer loop
      vertex 30.1 8.28578 39.4
      vertex 29.264 7.28632 39.4
      vertex 29.3944 6.90234 39.4
    endloop
  endfacet
  facet normal 0 0 1
    outer loop
      vertex 30.1 8.28578 39.4
      vertex 29.0847 7.65 39.4
      vertex 29.264 7.28632 39.4
    endloop
  endfacet
  facet normal 0 0 1
    outer loop
      vertex 28.592 8.29203 39.4
      vertex 29.4406 9.14056 39.4
      vertex 29.0177 9.51142 39.4
    endloop
  endfacet
  facet normal 0 0 1
    outer loop
      vertex 30.1 8.28578 39.4
      vertex 28.8594 7.98716 39.4
      vertex 29.0847 7.65 39.4
    endloop
  endfacet
  facet normal 0 0 1
    outer loop
      vertex 29.4406 9.14056 39.4
      vertex 28.592 8.29203 39.4
      vertex 28.8594 7.98716 39.4
    endloop
  endfacet
  facet normal 0 0 1
    outer loop
      vertex 28.2872 8.5594 39.4
      vertex 29.0177 9.51142 39.4
      vertex 28.55 9.82391 39.4
    endloop
  endfacet
  facet normal 0 0 1
    outer loop
      vertex 29.0177 9.51142 39.4
      vertex 28.2872 8.5594 39.4
      vertex 28.592 8.29203 39.4
    endloop
  endfacet
  facet normal 0 0 1
    outer loop
      vertex 27.95 8.78468 39.4
      vertex 28.55 9.82391 39.4
      vertex 28.0455 10.0727 39.4
    endloop
  endfacet
  facet normal 0 0 1
    outer loop
      vertex 28.55 9.82391 39.4
      vertex 27.95 8.78468 39.4
      vertex 28.2872 8.5594 39.4
    endloop
  endfacet
  facet normal 0 0 1
    outer loop
      vertex 28.0455 10.0727 39.4
      vertex 27.5863 8.96403 39.4
      vertex 27.95 8.78468 39.4
    endloop
  endfacet
  facet normal 0 0 1
    outer loop
      vertex 27.5129 10.2535 39.4
      vertex 27.5863 8.96403 39.4
      vertex 28.0455 10.0727 39.4
    endloop
  endfacet
  facet normal 0 0 1
    outer loop
      vertex 27.5129 10.2535 39.4
      vertex 27.2023 9.09437 39.4
      vertex 27.5863 8.96403 39.4
    endloop
  endfacet
  facet normal 0 0 1
    outer loop
      vertex 26.9613 10.3632 39.4
      vertex 27.2023 9.09437 39.4
      vertex 27.5129 10.2535 39.4
    endloop
  endfacet
  facet normal 0 0 1
    outer loop
      vertex 26.9613 10.3632 39.4
      vertex 26.8046 9.17348 39.4
      vertex 27.2023 9.09437 39.4
    endloop
  endfacet
  facet normal 0 0 1
    outer loop
      vertex 26.4 10.4 39.4
      vertex 26.8046 9.17348 39.4
      vertex 26.9613 10.3632 39.4
    endloop
  endfacet
  facet normal 0 0 1
    outer loop
      vertex 26.4 10.4 39.4
      vertex 26.4 9.2 39.4
      vertex 26.8046 9.17348 39.4
    endloop
  endfacet
  facet normal 0 0 1
    outer loop
      vertex 26.4 10.4 39.4
      vertex 25.9954 9.17348 39.4
      vertex 26.4 9.2 39.4
    endloop
  endfacet
  facet normal -0 0 1
    outer loop
      vertex 25.8387 10.3632 39.4
      vertex 25.9954 9.17348 39.4
      vertex 26.4 10.4 39.4
    endloop
  endfacet
  facet normal 0 0 1
    outer loop
      vertex 25.8387 10.3632 39.4
      vertex 25.5977 9.09437 39.4
      vertex 25.9954 9.17348 39.4
    endloop
  endfacet
  facet normal -0 0 1
    outer loop
      vertex 25.2871 10.2535 39.4
      vertex 25.5977 9.09437 39.4
      vertex 25.8387 10.3632 39.4
    endloop
  endfacet
  facet normal 0 0 1
    outer loop
      vertex 25.2871 10.2535 39.4
      vertex 25.2137 8.96403 39.4
      vertex 25.5977 9.09437 39.4
    endloop
  endfacet
  facet normal -0 0 1
    outer loop
      vertex 24.7545 10.0727 39.4
      vertex 25.2137 8.96403 39.4
      vertex 25.2871 10.2535 39.4
    endloop
  endfacet
  facet normal 0 0 1
    outer loop
      vertex 25.2137 8.96403 39.4
      vertex 24.7545 10.0727 39.4
      vertex 24.85 8.78468 39.4
    endloop
  endfacet
  facet normal -0 0 1
    outer loop
      vertex 24.25 9.82391 39.4
      vertex 24.85 8.78468 39.4
      vertex 24.7545 10.0727 39.4
    endloop
  endfacet
  facet normal 0 0 1
    outer loop
      vertex 24.85 8.78468 39.4
      vertex 24.25 9.82391 39.4
      vertex 24.5128 8.5594 39.4
    endloop
  endfacet
  facet normal -0 0 1
    outer loop
      vertex 23.7823 9.51142 39.4
      vertex 24.5128 8.5594 39.4
      vertex 24.25 9.82391 39.4
    endloop
  endfacet
  facet normal 0 0 1
    outer loop
      vertex 24.5128 8.5594 39.4
      vertex 23.7823 9.51142 39.4
      vertex 24.208 8.29203 39.4
    endloop
  endfacet
  facet normal -0 0 1
    outer loop
      vertex 23.3594 9.14056 39.4
      vertex 24.208 8.29203 39.4
      vertex 23.7823 9.51142 39.4
    endloop
  endfacet
  facet normal 0 0 1
    outer loop
      vertex 24.208 8.29203 39.4
      vertex 23.3594 9.14056 39.4
      vertex 23.9406 7.98716 39.4
    endloop
  endfacet
  facet normal -0 0 1
    outer loop
      vertex 22.9886 8.71767 39.4
      vertex 23.9406 7.98716 39.4
      vertex 23.3594 9.14056 39.4
    endloop
  endfacet
  facet normal 0 0 1
    outer loop
      vertex 23.9406 7.98716 39.4
      vertex 22.9886 8.71767 39.4
      vertex 23.7153 7.65 39.4
    endloop
  endfacet
  facet normal -0 0 1
    outer loop
      vertex 22.6761 8.25 39.4
      vertex 23.7153 7.65 39.4
      vertex 22.9886 8.71767 39.4
    endloop
  endfacet
  facet normal 0 0 1
    outer loop
      vertex 23.7153 7.65 39.4
      vertex 22.6761 8.25 39.4
      vertex 23.536 7.28632 39.4
    endloop
  endfacet
  facet normal -0 0 1
    outer loop
      vertex 22.4273 7.74554 39.4
      vertex 23.536 7.28632 39.4
      vertex 22.6761 8.25 39.4
    endloop
  endfacet
  facet normal 0 0 1
    outer loop
      vertex 23.536 7.28632 39.4
      vertex 22.4273 7.74554 39.4
      vertex 23.4056 6.90234 39.4
    endloop
  endfacet
  facet normal -0 0 1
    outer loop
      vertex 29.3944 5.29766 39.4
      vertex 30.1 3.91422 39.4
      vertex 29.4735 5.69537 39.4
    endloop
  endfacet
  facet normal -0 0 1
    outer loop
      vertex 29.264 4.91368 39.4
      vertex 30.1 3.91422 39.4
      vertex 29.3944 5.29766 39.4
    endloop
  endfacet
  facet normal -0 0 1
    outer loop
      vertex 29.0847 4.55 39.4
      vertex 30.1 3.91422 39.4
      vertex 29.264 4.91368 39.4
    endloop
  endfacet
  facet normal -0 0 1
    outer loop
      vertex 28.8594 4.21284 39.4
      vertex 30.1 3.91422 39.4
      vertex 29.0847 4.55 39.4
    endloop
  endfacet
  facet normal 0 0 1
    outer loop
      vertex 30.1 3.91422 39.4
      vertex 28.8594 4.21284 39.4
      vertex 29.8114 3.48233 39.4
    endloop
  endfacet
  facet normal 0 0 1
    outer loop
      vertex 29.8114 3.48233 39.4
      vertex 28.8594 4.21284 39.4
      vertex 29.4406 3.05944 39.4
    endloop
  endfacet
  facet normal -0 0 1
    outer loop
      vertex 28.592 3.90797 39.4
      vertex 29.4406 3.05944 39.4
      vertex 28.8594 4.21284 39.4
    endloop
  endfacet
  facet normal 0 0 1
    outer loop
      vertex 29.4406 3.05944 39.4
      vertex 28.592 3.90797 39.4
      vertex 29.0177 2.68858 39.4
    endloop
  endfacet
  facet normal -0 0 1
    outer loop
      vertex 28.2872 3.6406 39.4
      vertex 29.0177 2.68858 39.4
      vertex 28.592 3.90797 39.4
    endloop
  endfacet
  facet normal 0 0 1
    outer loop
      vertex 29.0177 2.68858 39.4
      vertex 28.2872 3.6406 39.4
      vertex 28.5858 2.4 39.4
    endloop
  endfacet
  facet normal -0 0 1
    outer loop
      vertex 27.95 3.41532 39.4
      vertex 28.5858 2.4 39.4
      vertex 28.2872 3.6406 39.4
    endloop
  endfacet
  facet normal -0 0 1
    outer loop
      vertex 27.5863 3.23597 39.4
      vertex 28.5858 2.4 39.4
      vertex 27.95 3.41532 39.4
    endloop
  endfacet
  facet normal -0 0 1
    outer loop
      vertex 27.2023 3.10563 39.4
      vertex 28.5858 2.4 39.4
      vertex 27.5863 3.23597 39.4
    endloop
  endfacet
  facet normal -0 0 1
    outer loop
      vertex 26.8046 3.02652 39.4
      vertex 28.5858 2.4 39.4
      vertex 27.2023 3.10563 39.4
    endloop
  endfacet
  facet normal -0 0 1
    outer loop
      vertex 26.4 3 39.4
      vertex 28.5858 2.4 39.4
      vertex 26.8046 3.02652 39.4
    endloop
  endfacet
  facet normal 0 0 1
    outer loop
      vertex 24.2142 2.4 39.4
      vertex 26.4 3 39.4
      vertex 25.9954 3.02652 39.4
    endloop
  endfacet
  facet normal 0 0 1
    outer loop
      vertex 24.2142 2.4 39.4
      vertex 25.9954 3.02652 39.4
      vertex 25.5977 3.10563 39.4
    endloop
  endfacet
  facet normal 0 0 1
    outer loop
      vertex 26.4 3 39.4
      vertex 24.2142 2.4 39.4
      vertex 28.5858 2.4 39.4
    endloop
  endfacet
  facet normal 0 0 1
    outer loop
      vertex 25.2137 3.23597 39.4
      vertex 24.2142 2.4 39.4
      vertex 25.5977 3.10563 39.4
    endloop
  endfacet
  facet normal 0 0 1
    outer loop
      vertex 24.85 3.41532 39.4
      vertex 24.2142 2.4 39.4
      vertex 25.2137 3.23597 39.4
    endloop
  endfacet
  facet normal 0 0 1
    outer loop
      vertex 24.5128 3.6406 39.4
      vertex 24.2142 2.4 39.4
      vertex 24.85 3.41532 39.4
    endloop
  endfacet
  facet normal 0 0 1
    outer loop
      vertex 23.7823 2.68858 39.4
      vertex 24.5128 3.6406 39.4
      vertex 24.208 3.90797 39.4
    endloop
  endfacet
  facet normal 0 0 1
    outer loop
      vertex 23.3594 3.05944 39.4
      vertex 24.208 3.90797 39.4
      vertex 23.9406 4.21284 39.4
    endloop
  endfacet
  facet normal 0 0 1
    outer loop
      vertex 24.5128 3.6406 39.4
      vertex 23.7823 2.68858 39.4
      vertex 24.2142 2.4 39.4
    endloop
  endfacet
  facet normal 0 0 1
    outer loop
      vertex 22.9886 3.48233 39.4
      vertex 23.9406 4.21284 39.4
      vertex 23.7153 4.55 39.4
    endloop
  endfacet
  facet normal 0 0 1
    outer loop
      vertex 22.6761 3.95 39.4
      vertex 23.7153 4.55 39.4
      vertex 23.536 4.91368 39.4
    endloop
  endfacet
  facet normal 0 0 1
    outer loop
      vertex 22.4273 4.45446 39.4
      vertex 23.536 4.91368 39.4
      vertex 23.4056 5.29766 39.4
    endloop
  endfacet
  facet normal 0 0 1
    outer loop
      vertex 24.208 3.90797 39.4
      vertex 23.3594 3.05944 39.4
      vertex 23.7823 2.68858 39.4
    endloop
  endfacet
  facet normal 0 0 1
    outer loop
      vertex 22.2465 4.98708 39.4
      vertex 23.4056 5.29766 39.4
      vertex 23.3265 5.69537 39.4
    endloop
  endfacet
  facet normal 0 0 1
    outer loop
      vertex 22.1368 5.53874 39.4
      vertex 23.3265 5.69537 39.4
      vertex 23.3 6.1 39.4
    endloop
  endfacet
  facet normal -0 0 1
    outer loop
      vertex 22.2465 7.21292 39.4
      vertex 23.4056 6.90234 39.4
      vertex 22.4273 7.74554 39.4
    endloop
  endfacet
  facet normal 0 0 1
    outer loop
      vertex 23.9406 4.21284 39.4
      vertex 22.9886 3.48233 39.4
      vertex 23.3594 3.05944 39.4
    endloop
  endfacet
  facet normal 0 0 1
    outer loop
      vertex 23.4056 6.90234 39.4
      vertex 22.2465 7.21292 39.4
      vertex 23.3265 6.50463 39.4
    endloop
  endfacet
  facet normal 0 0 1
    outer loop
      vertex 23.7153 4.55 39.4
      vertex 22.6761 3.95 39.4
      vertex 22.9886 3.48233 39.4
    endloop
  endfacet
  facet normal -0 0 1
    outer loop
      vertex 22.1368 6.66126 39.4
      vertex 23.3265 6.50463 39.4
      vertex 22.2465 7.21292 39.4
    endloop
  endfacet
  facet normal 0 0 1
    outer loop
      vertex 23.536 4.91368 39.4
      vertex 22.4273 4.45446 39.4
      vertex 22.6761 3.95 39.4
    endloop
  endfacet
  facet normal 0 0 1
    outer loop
      vertex 23.3265 6.50463 39.4
      vertex 22.1368 6.66126 39.4
      vertex 23.3 6.1 39.4
    endloop
  endfacet
  facet normal 0 0 1
    outer loop
      vertex 23.4056 5.29766 39.4
      vertex 22.2465 4.98708 39.4
      vertex 22.4273 4.45446 39.4
    endloop
  endfacet
  facet normal 0 0 1
    outer loop
      vertex 22.1 6.1 39.4
      vertex 23.3 6.1 39.4
      vertex 22.1368 6.66126 39.4
    endloop
  endfacet
  facet normal 0 0 1
    outer loop
      vertex 23.3265 5.69537 39.4
      vertex 22.1368 5.53874 39.4
      vertex 22.2465 4.98708 39.4
    endloop
  endfacet
  facet normal 0 0 1
    outer loop
      vertex 23.3 6.1 39.4
      vertex 22.1 6.1 39.4
      vertex 22.1368 5.53874 39.4
    endloop
  endfacet
  facet normal 0.442286 0.896874 -0
    outer loop
      vertex 28.55 9.82391 36.8
      vertex 28.0455 10.0727 39.4
      vertex 28.55 9.82391 39.4
    endloop
  endfacet
  facet normal 0.442286 0.896874 0
    outer loop
      vertex 28.0455 10.0727 39.4
      vertex 28.55 9.82391 36.8
      vertex 28.0455 10.0727 36.8
    endloop
  endfacet
  facet normal 0.32145 0.946927 -0
    outer loop
      vertex 28.0455 10.0727 36.8
      vertex 27.5129 10.2535 39.4
      vertex 28.0455 10.0727 39.4
    endloop
  endfacet
  facet normal 0.32145 0.946927 0
    outer loop
      vertex 27.5129 10.2535 39.4
      vertex 28.0455 10.0727 36.8
      vertex 27.5129 10.2535 36.8
    endloop
  endfacet
  facet normal 0.659332 0.751852 -0
    outer loop
      vertex 29.4406 9.14056 36.8
      vertex 29.0177 9.51142 39.4
      vertex 29.4406 9.14056 39.4
    endloop
  endfacet
  facet normal 0.659332 0.751852 0
    outer loop
      vertex 29.0177 9.51142 39.4
      vertex 29.4406 9.14056 36.8
      vertex 29.0177 9.51142 36.8
    endloop
  endfacet
  facet normal -0.442286 0.896874 0
    outer loop
      vertex 24.7545 10.0727 36.8
      vertex 24.25 9.82391 39.4
      vertex 24.7545 10.0727 39.4
    endloop
  endfacet
  facet normal -0.442286 0.896874 0
    outer loop
      vertex 24.25 9.82391 39.4
      vertex 24.7545 10.0727 36.8
      vertex 24.25 9.82391 36.8
    endloop
  endfacet
  facet normal -0.980796 0.195036 0
    outer loop
      vertex 22.1368 6.66126 36.8
      vertex 22.2465 7.21292 39.4
      vertex 22.2465 7.21292 36.8
    endloop
  endfacet
  facet normal -0.980796 0.195036 0
    outer loop
      vertex 22.2465 7.21292 39.4
      vertex 22.1368 6.66126 36.8
      vertex 22.1368 6.66126 39.4
    endloop
  endfacet
  facet normal -0.997857 0.0654263 0
    outer loop
      vertex 22.1 6.1 36.8
      vertex 22.1368 6.66126 39.4
      vertex 22.1368 6.66126 36.8
    endloop
  endfacet
  facet normal -0.997857 0.0654263 0
    outer loop
      vertex 22.1368 6.66126 39.4
      vertex 22.1 6.1 36.8
      vertex 22.1 6.1 39.4
    endloop
  endfacet
  facet normal -0.831459 0.555586 0
    outer loop
      vertex 22.6761 8.25 36.8
      vertex 22.9886 8.71767 39.4
      vertex 22.9886 8.71767 36.8
    endloop
  endfacet
  facet normal -0.831459 0.555586 0
    outer loop
      vertex 22.9886 8.71767 39.4
      vertex 22.6761 8.25 36.8
      vertex 22.6761 8.25 39.4
    endloop
  endfacet
  facet normal -0.896853 0.442329 0
    outer loop
      vertex 22.4273 7.74554 36.8
      vertex 22.6761 8.25 39.4
      vertex 22.6761 8.25 36.8
    endloop
  endfacet
  facet normal -0.896853 0.442329 0
    outer loop
      vertex 22.6761 8.25 39.4
      vertex 22.4273 7.74554 36.8
      vertex 22.4273 7.74554 39.4
    endloop
  endfacet
  facet normal -0.0654216 0.997858 0
    outer loop
      vertex 26.4 10.4 36.8
      vertex 25.8387 10.3632 39.4
      vertex 26.4 10.4 39.4
    endloop
  endfacet
  facet normal -0.0654216 0.997858 0
    outer loop
      vertex 25.8387 10.3632 39.4
      vertex 26.4 10.4 36.8
      vertex 25.8387 10.3632 36.8
    endloop
  endfacet
  facet normal -0.555549 0.831484 0
    outer loop
      vertex 24.25 9.82391 36.8
      vertex 23.7823 9.51142 39.4
      vertex 24.25 9.82391 39.4
    endloop
  endfacet
  facet normal -0.555549 0.831484 0
    outer loop
      vertex 23.7823 9.51142 39.4
      vertex 24.25 9.82391 36.8
      vertex 23.7823 9.51142 36.8
    endloop
  endfacet
  facet normal -0.32145 0.946927 0
    outer loop
      vertex 25.2871 10.2535 36.8
      vertex 24.7545 10.0727 39.4
      vertex 25.2871 10.2535 39.4
    endloop
  endfacet
  facet normal -0.32145 0.946927 0
    outer loop
      vertex 24.7545 10.0727 39.4
      vertex 25.2871 10.2535 36.8
      vertex 24.7545 10.0727 36.8
    endloop
  endfacet
  facet normal 0.70635 -0.0462576 -0.70635
    outer loop
      vertex 30.1 5.61289 36.2319
      vertex 26.4 6.1 32.5
      vertex 30.1 6.1 36.2
    endloop
  endfacet
  facet normal -0.706348 0.046313 -0.706348
    outer loop
      vertex 26.4 6.1 32.5
      vertex 22.1 6.1 36.8
      vertex 22.1368 6.66126 36.8
    endloop
  endfacet
  facet normal -0.138105 -0.694259 -0.706351
    outer loop
      vertex 25.9129 2.4 36.2319
      vertex 25.4086 2.4 36.3305
      vertex 26.4 6.1 32.5
    endloop
  endfacet
  facet normal 0.0463097 0.706348 -0.706348
    outer loop
      vertex 26.4 6.1 32.5
      vertex 26.4 10.4 36.8
      vertex 26.9613 10.3632 36.8
    endloop
  endfacet
  facet normal -0.53224 -0.466681 -0.706349
    outer loop
      vertex 23.3594 3.05944 36.8
      vertex 22.9886 3.48233 36.8
      vertex 26.4 6.1 32.5
    endloop
  endfacet
  facet normal 0.393156 -0.588412 -0.706541
    outer loop
      vertex 28.5362 2.4 36.7724
      vertex 29.0177 2.68858 36.8
      vertex 28.5858 2.4 36.8
    endloop
  endfacet
  facet normal 0.393246 -0.588582 -0.706349
    outer loop
      vertex 29.0177 2.68858 36.8
      vertex 28.5362 2.4 36.7724
      vertex 26.4 6.1 32.5
    endloop
  endfacet
  facet normal -0.466717 0.532207 -0.70635
    outer loop
      vertex 26.4 6.1 32.5
      vertex 23.3594 9.14056 36.8
      vertex 23.7823 9.51142 36.8
    endloop
  endfacet
  facet normal 0.53224 0.466681 -0.706349
    outer loop
      vertex 29.8114 8.71767 36.8
      vertex 26.4 6.1 32.5
      vertex 29.4406 9.14056 36.8
    endloop
  endfacet
  facet normal -0.393156 -0.588412 -0.706541
    outer loop
      vertex 23.7823 2.68858 36.8
      vertex 24.2638 2.4 36.7724
      vertex 24.2142 2.4 36.8
    endloop
  endfacet
  facet normal -0.393246 -0.588582 -0.706349
    outer loop
      vertex 24.2638 2.4 36.7724
      vertex 23.7823 2.68858 36.8
      vertex 26.4 6.1 32.5
    endloop
  endfacet
  facet normal -0.670297 -0.227535 -0.70635
    outer loop
      vertex 22.4273 4.45446 36.8
      vertex 22.2465 4.98708 36.8
      vertex 26.4 6.1 32.5
    endloop
  endfacet
  facet normal 0.138105 -0.694259 -0.706351
    outer loop
      vertex 26.8871 2.4 36.2319
      vertex 26.4 6.1 32.5
      vertex 27.3914 2.4 36.3305
    endloop
  endfacet
  facet normal 0.588495 -0.393247 -0.706421
    outer loop
      vertex 29.8114 3.48233 36.8
      vertex 30.1 3.9638 36.7724
      vertex 30.1 3.91422 36.8
    endloop
  endfacet
  facet normal 0.58856 -0.393282 -0.706348
    outer loop
      vertex 30.1 3.9638 36.7724
      vertex 29.8114 3.48233 36.8
      vertex 26.4 6.1 32.5
    endloop
  endfacet
  facet normal -0.63485 0.313108 -0.706349
    outer loop
      vertex 26.4 6.1 32.5
      vertex 22.4273 7.74554 36.8
      vertex 22.6761 8.25 36.8
    endloop
  endfacet
  facet normal -0.227543 0.670295 -0.706349
    outer loop
      vertex 26.4 6.1 32.5
      vertex 24.7545 10.0727 36.8
      vertex 25.2871 10.2535 36.8
    endloop
  endfacet
  facet normal 0.313078 0.634865 -0.706349
    outer loop
      vertex 28.55 9.82391 36.8
      vertex 26.4 6.1 32.5
      vertex 28.0455 10.0727 36.8
    endloop
  endfacet
  facet normal 0.670268 0.227627 -0.706347
    outer loop
      vertex 30.1 7.09141 36.3305
      vertex 26.4 6.1 32.5
      vertex 30.1 7.63259 36.5049
    endloop
  endfacet
  facet normal -0.227618 -0.670271 -0.706347
    outer loop
      vertex 25.4086 2.4 36.3305
      vertex 24.8674 2.4 36.5049
      vertex 26.4 6.1 32.5
    endloop
  endfacet
  facet normal -0.466717 -0.532207 -0.70635
    outer loop
      vertex 23.7823 2.68858 36.8
      vertex 23.3594 3.05944 36.8
      vertex 26.4 6.1 32.5
    endloop
  endfacet
  facet normal -0.588561 -0.39328 -0.706348
    outer loop
      vertex 22.9886 3.48233 36.8
      vertex 22.6761 3.95 36.8
      vertex 26.4 6.1 32.5
    endloop
  endfacet
  facet normal -0.69427 -0.138059 -0.706349
    outer loop
      vertex 22.2465 4.98708 36.8
      vertex 22.1368 5.53874 36.8
      vertex 26.4 6.1 32.5
    endloop
  endfacet
  facet normal 0.313035 -0.634889 -0.706346
    outer loop
      vertex 27.9326 2.4 36.5049
      vertex 26.4 6.1 32.5
      vertex 28.5362 2.4 36.7724
    endloop
  endfacet
  facet normal -0.0462586 -0.70635 -0.70635
    outer loop
      vertex 26.4 2.4 36.2
      vertex 25.9129 2.4 36.2319
      vertex 26.4 6.1 32.5
    endloop
  endfacet
  facet normal 0.53224 -0.466681 -0.706349
    outer loop
      vertex 29.4406 3.05944 36.8
      vertex 26.4 6.1 32.5
      vertex 29.8114 3.48233 36.8
    endloop
  endfacet
  facet normal 0.670268 -0.227627 -0.706347
    outer loop
      vertex 30.1 4.56741 36.5049
      vertex 26.4 6.1 32.5
      vertex 30.1 5.10859 36.3305
    endloop
  endfacet
  facet normal 0.694259 -0.138105 -0.706351
    outer loop
      vertex 30.1 5.10859 36.3305
      vertex 26.4 6.1 32.5
      vertex 30.1 5.61289 36.2319
    endloop
  endfacet
  facet normal -0.670297 0.227535 -0.70635
    outer loop
      vertex 26.4 6.1 32.5
      vertex 22.2465 7.21292 36.8
      vertex 22.4273 7.74554 36.8
    endloop
  endfacet
  facet normal -0.53224 0.466681 -0.706349
    outer loop
      vertex 26.4 6.1 32.5
      vertex 22.9886 8.71767 36.8
      vertex 23.3594 9.14056 36.8
    endloop
  endfacet
  facet normal -0.393253 0.588577 -0.706349
    outer loop
      vertex 26.4 6.1 32.5
      vertex 23.7823 9.51142 36.8
      vertex 24.25 9.82391 36.8
    endloop
  endfacet
  facet normal -0.138073 0.694267 -0.706349
    outer loop
      vertex 26.4 6.1 32.5
      vertex 25.2871 10.2535 36.8
      vertex 25.8387 10.3632 36.8
    endloop
  endfacet
  facet normal 0.227543 0.670295 -0.706349
    outer loop
      vertex 28.0455 10.0727 36.8
      vertex 26.4 6.1 32.5
      vertex 27.5129 10.2535 36.8
    endloop
  endfacet
  facet normal 0.466717 0.532207 -0.70635
    outer loop
      vertex 29.4406 9.14056 36.8
      vertex 26.4 6.1 32.5
      vertex 29.0177 9.51142 36.8
    endloop
  endfacet
  facet normal 0.588495 0.393247 -0.706421
    outer loop
      vertex 30.1 8.2362 36.7724
      vertex 29.8114 8.71767 36.8
      vertex 30.1 8.28578 36.8
    endloop
  endfacet
  facet normal 0.58856 0.393282 -0.706348
    outer loop
      vertex 29.8114 8.71767 36.8
      vertex 30.1 8.2362 36.7724
      vertex 26.4 6.1 32.5
    endloop
  endfacet
  facet normal 0.694259 0.138105 -0.706351
    outer loop
      vertex 30.1 6.58711 36.2319
      vertex 26.4 6.1 32.5
      vertex 30.1 7.09141 36.3305
    endloop
  endfacet
  facet normal -0.313035 -0.634889 -0.706346
    outer loop
      vertex 24.8674 2.4 36.5049
      vertex 24.2638 2.4 36.7724
      vertex 26.4 6.1 32.5
    endloop
  endfacet
  facet normal -0.63485 -0.313108 -0.706349
    outer loop
      vertex 22.6761 3.95 36.8
      vertex 22.4273 4.45446 36.8
      vertex 26.4 6.1 32.5
    endloop
  endfacet
  facet normal -0.706348 -0.046313 -0.706348
    outer loop
      vertex 22.1368 5.53874 36.8
      vertex 22.1 6.1 36.8
      vertex 26.4 6.1 32.5
    endloop
  endfacet
  facet normal 0.227618 -0.670271 -0.706347
    outer loop
      vertex 27.3914 2.4 36.3305
      vertex 26.4 6.1 32.5
      vertex 27.9326 2.4 36.5049
    endloop
  endfacet
  facet normal 0.0462586 -0.70635 -0.70635
    outer loop
      vertex 26.4 2.4 36.2
      vertex 26.4 6.1 32.5
      vertex 26.8871 2.4 36.2319
    endloop
  endfacet
  facet normal 0.466717 -0.532207 -0.70635
    outer loop
      vertex 29.0177 2.68858 36.8
      vertex 26.4 6.1 32.5
      vertex 29.4406 3.05944 36.8
    endloop
  endfacet
  facet normal 0.634892 -0.313029 -0.706346
    outer loop
      vertex 30.1 3.9638 36.7724
      vertex 26.4 6.1 32.5
      vertex 30.1 4.56741 36.5049
    endloop
  endfacet
  facet normal -0.69427 0.138059 -0.706349
    outer loop
      vertex 26.4 6.1 32.5
      vertex 22.1368 6.66126 36.8
      vertex 22.2465 7.21292 36.8
    endloop
  endfacet
  facet normal -0.588561 0.39328 -0.706348
    outer loop
      vertex 26.4 6.1 32.5
      vertex 22.6761 8.25 36.8
      vertex 22.9886 8.71767 36.8
    endloop
  endfacet
  facet normal -0.313078 0.634865 -0.706349
    outer loop
      vertex 26.4 6.1 32.5
      vertex 24.25 9.82391 36.8
      vertex 24.7545 10.0727 36.8
    endloop
  endfacet
  facet normal -0.0463097 0.706348 -0.706348
    outer loop
      vertex 26.4 6.1 32.5
      vertex 25.8387 10.3632 36.8
      vertex 26.4 10.4 36.8
    endloop
  endfacet
  facet normal 0.138073 0.694267 -0.706349
    outer loop
      vertex 27.5129 10.2535 36.8
      vertex 26.4 6.1 32.5
      vertex 26.9613 10.3632 36.8
    endloop
  endfacet
  facet normal 0.393253 0.588577 -0.706349
    outer loop
      vertex 29.0177 9.51142 36.8
      vertex 26.4 6.1 32.5
      vertex 28.55 9.82391 36.8
    endloop
  endfacet
  facet normal 0.634892 0.313029 -0.706346
    outer loop
      vertex 30.1 7.63259 36.5049
      vertex 26.4 6.1 32.5
      vertex 30.1 8.2362 36.7724
    endloop
  endfacet
  facet normal 0.70635 0.0462576 -0.70635
    outer loop
      vertex 30.1 6.1 36.2
      vertex 26.4 6.1 32.5
      vertex 30.1 6.58711 36.2319
    endloop
  endfacet
  facet normal 1 -0 0
    outer loop
      vertex -22.5 34.8 21
      vertex -22.5 36 10.5
      vertex -22.5 36 21
    endloop
  endfacet
  facet normal 1 0 0
    outer loop
      vertex -22.5 36 10.5
      vertex -22.5 34.8 21
      vertex -22.5 34.8 10.5
    endloop
  endfacet
  facet normal -0 0 1
    outer loop
      vertex -22.5 36 10.5
      vertex -17.5 34.8 10.5
      vertex -17.5 36 10.5
    endloop
  endfacet
  facet normal 0 0 1
    outer loop
      vertex -17.5 34.8 10.5
      vertex -22.5 36 10.5
      vertex -22.5 34.8 10.5
    endloop
  endfacet
  facet normal -1 0 0
    outer loop
      vertex -17.5 34.8 10.5
      vertex -17.5 36 21
      vertex -17.5 36 10.5
    endloop
  endfacet
  facet normal -1 -0 0
    outer loop
      vertex -17.5 36 21
      vertex -17.5 34.8 10.5
      vertex -17.5 34.8 21
    endloop
  endfacet
  facet normal 0 1 -0
    outer loop
      vertex -17.5 34.8 10.5
      vertex -22.5 34.8 21
      vertex -17.5 34.8 21
    endloop
  endfacet
  facet normal 0 1 0
    outer loop
      vertex -22.5 34.8 21
      vertex -17.5 34.8 10.5
      vertex -22.5 34.8 10.5
    endloop
  endfacet
  facet normal 0 0 -1
    outer loop
      vertex -22.5 34.8 21
      vertex -17.5 36 21
      vertex -17.5 34.8 21
    endloop
  endfacet
  facet normal -0 0 -1
    outer loop
      vertex -17.5 36 21
      vertex -22.5 34.8 21
      vertex -22.5 36 21
    endloop
  endfacet
  facet normal 1 -0 0
    outer loop
      vertex 17.5 34.8 21
      vertex 17.5 36 10.5
      vertex 17.5 36 21
    endloop
  endfacet
  facet normal 1 0 0
    outer loop
      vertex 17.5 36 10.5
      vertex 17.5 34.8 21
      vertex 17.5 34.8 10.5
    endloop
  endfacet
  facet normal -0 0 1
    outer loop
      vertex 17.5 36 10.5
      vertex 22.5 34.8 10.5
      vertex 22.5 36 10.5
    endloop
  endfacet
  facet normal 0 0 1
    outer loop
      vertex 22.5 34.8 10.5
      vertex 17.5 36 10.5
      vertex 17.5 34.8 10.5
    endloop
  endfacet
  facet normal -1 0 0
    outer loop
      vertex 22.5 34.8 10.5
      vertex 22.5 36 21
      vertex 22.5 36 10.5
    endloop
  endfacet
  facet normal -1 -0 0
    outer loop
      vertex 22.5 36 21
      vertex 22.5 34.8 10.5
      vertex 22.5 34.8 21
    endloop
  endfacet
  facet normal 0 0 -1
    outer loop
      vertex 17.5 34.8 21
      vertex 22.5 36 21
      vertex 22.5 34.8 21
    endloop
  endfacet
  facet normal -0 0 -1
    outer loop
      vertex 22.5 36 21
      vertex 17.5 34.8 21
      vertex 17.5 36 21
    endloop
  endfacet
  facet normal 0 1 -0
    outer loop
      vertex 22.5 34.8 10.5
      vertex 17.5 34.8 21
      vertex 22.5 34.8 21
    endloop
  endfacet
  facet normal 0 1 0
    outer loop
      vertex 17.5 34.8 21
      vertex 22.5 34.8 10.5
      vertex 17.5 34.8 10.5
    endloop
  endfacet
  facet normal 0 -1 0
    outer loop
      vertex 12.2195 1 34.715
      vertex 12.8592 1 34.2593
      vertex 12.7701 1 34.7387
    endloop
  endfacet
  facet normal 0 -1 0
    outer loop
      vertex 13.005 1 34.0352
      vertex 12.9149 1 34.2593
      vertex 12.8592 1 34.2593
    endloop
  endfacet
  facet normal 0 -1 0
    outer loop
      vertex 12.9149 1 34.2593
      vertex 13.354 1 34.1572
      vertex 13.4208 1 34.1536
    endloop
  endfacet
  facet normal 0 -1 0
    outer loop
      vertex 12.9149 1 34.2593
      vertex 13.2788 1 34.1538
      vertex 13.354 1 34.1572
    endloop
  endfacet
  facet normal 0 -1 0
    outer loop
      vertex 12.9149 1 34.2593
      vertex 13.2103 1 34.1437
      vertex 13.2788 1 34.1538
    endloop
  endfacet
  facet normal 0 -1 0
    outer loop
      vertex 12.9149 1 34.2593
      vertex 13.1488 1 34.1267
      vertex 13.2103 1 34.1437
    endloop
  endfacet
  facet normal 0 -1 0
    outer loop
      vertex 12.9149 1 34.2593
      vertex 13.094 1 34.103
      vertex 13.1488 1 34.1267
    endloop
  endfacet
  facet normal 0 -1 0
    outer loop
      vertex 12.9149 1 34.2593
      vertex 13.0461 1 34.0725
      vertex 13.094 1 34.103
    endloop
  endfacet
  facet normal 0 -1 0
    outer loop
      vertex 12.898 1 33.8121
      vertex 12.8592 1 34.2593
      vertex 12.2195 1 34.715
    endloop
  endfacet
  facet normal 0 -1 0
    outer loop
      vertex 12.9149 1 34.2593
      vertex 13.005 1 34.0352
      vertex 13.0461 1 34.0725
    endloop
  endfacet
  facet normal 0 -1 0
    outer loop
      vertex 12.8592 1 34.2593
      vertex 12.9707 1 33.9911
      vertex 13.005 1 34.0352
    endloop
  endfacet
  facet normal 0 -1 0
    outer loop
      vertex 12.8592 1 34.2593
      vertex 12.9421 1 33.9395
      vertex 12.9707 1 33.9911
    endloop
  endfacet
  facet normal 0 -1 0
    outer loop
      vertex 12.8592 1 34.2593
      vertex 12.9178 1 33.8799
      vertex 12.9421 1 33.9395
    endloop
  endfacet
  facet normal 0 -1 0
    outer loop
      vertex 12.8592 1 34.2593
      vertex 12.898 1 33.8121
      vertex 12.9178 1 33.8799
    endloop
  endfacet
  facet normal 0 -1 0
    outer loop
      vertex 12.2195 1 34.715
      vertex 12.8825 1 33.7361
      vertex 12.898 1 33.8121
    endloop
  endfacet
  facet normal 0 -1 0
    outer loop
      vertex 12.2195 1 34.715
      vertex 12.8715 1 33.652
      vertex 12.8825 1 33.7361
    endloop
  endfacet
  facet normal 0 -1 0
    outer loop
      vertex 12.2195 1 34.715
      vertex 12.8649 1 33.5598
      vertex 12.8715 1 33.652
    endloop
  endfacet
  facet normal 0 -1 0
    outer loop
      vertex 12.2195 1 34.715
      vertex 12.8627 1 33.4594
      vertex 12.8649 1 33.5598
    endloop
  endfacet
  facet normal 0 -1 0
    outer loop
      vertex 12.2195 1 34.715
      vertex 12.8652 1 33.359
      vertex 12.8627 1 33.4594
    endloop
  endfacet
  facet normal 0 -1 0
    outer loop
      vertex 12.2195 1 34.715
      vertex 12.8727 1 33.2667
      vertex 12.8652 1 33.359
    endloop
  endfacet
  facet normal 0 -1 0
    outer loop
      vertex 12.8627 1 32.6549
      vertex 12.8727 1 33.2667
      vertex 12.2195 1 34.715
    endloop
  endfacet
  facet normal 0 -1 -0
    outer loop
      vertex 12.8727 1 33.2667
      vertex 12.8627 1 32.6549
      vertex 12.8852 1 33.1823
    endloop
  endfacet
  facet normal 0 -1 -0
    outer loop
      vertex 12.8852 1 33.1823
      vertex 12.8627 1 32.6549
      vertex 12.9026 1 33.106
    endloop
  endfacet
  facet normal 0 -1 0
    outer loop
      vertex 12.9796 1 32.461
      vertex 13.2231 1 32.7707
      vertex 12.9571 1 32.5203
    endloop
  endfacet
  facet normal 0 -1 0
    outer loop
      vertex 12.9571 1 32.5203
      vertex 13.1653 1 32.7879
      vertex 12.9387 1 32.5849
    endloop
  endfacet
  facet normal 0 -1 0
    outer loop
      vertex 12.9387 1 32.5849
      vertex 13.1653 1 32.7879
      vertex 12.9244 1 32.6549
    endloop
  endfacet
  facet normal 0 -1 -0
    outer loop
      vertex 13.1126 1 32.812
      vertex 12.9244 1 32.6549
      vertex 13.1653 1 32.7879
    endloop
  endfacet
  facet normal 0 -1 -0
    outer loop
      vertex 13.065 1 32.8429
      vertex 12.9244 1 32.6549
      vertex 13.1126 1 32.812
    endloop
  endfacet
  facet normal 0 -1 -0
    outer loop
      vertex 13.0224 1 32.8808
      vertex 12.9244 1 32.6549
      vertex 13.065 1 32.8429
    endloop
  endfacet
  facet normal 0 -1 0
    outer loop
      vertex 12.9244 1 32.6549
      vertex 13.0224 1 32.8808
      vertex 12.8627 1 32.6549
    endloop
  endfacet
  facet normal 0 -1 -0
    outer loop
      vertex 12.985 1 32.9255
      vertex 12.8627 1 32.6549
      vertex 13.0224 1 32.8808
    endloop
  endfacet
  facet normal 0 -1 -0
    outer loop
      vertex 12.9525 1 32.9776
      vertex 12.8627 1 32.6549
      vertex 12.985 1 32.9255
    endloop
  endfacet
  facet normal 0 -1 -0
    outer loop
      vertex 12.9251 1 33.0378
      vertex 12.8627 1 32.6549
      vertex 12.9525 1 32.9776
    endloop
  endfacet
  facet normal 0 -1 -0
    outer loop
      vertex 12.9026 1 33.106
      vertex 12.8627 1 32.6549
      vertex 12.9251 1 33.0378
    endloop
  endfacet
  facet normal 0 -1 0
    outer loop
      vertex 12.2195 1 31.1548
      vertex 12.8627 1 32.6549
      vertex 12.2195 1 34.715
    endloop
  endfacet
  facet normal 0 -1 -0
    outer loop
      vertex 12.8627 1 32.6549
      vertex 12.2195 1 31.1548
      vertex 12.8627 1 31.1548
    endloop
  endfacet
  facet normal 0 -1 0
    outer loop
      vertex 12.9149 1 34.2593
      vertex 13.5344 1 34.7625
      vertex 13.4613 1 34.7599
    endloop
  endfacet
  facet normal 0 -1 0
    outer loop
      vertex 12.9149 1 34.2593
      vertex 13.4613 1 34.7599
      vertex 13.3924 1 34.7522
    endloop
  endfacet
  facet normal 0 -1 0
    outer loop
      vertex 12.9282 1 34.3286
      vertex 13.3924 1 34.7522
      vertex 13.3278 1 34.7393
    endloop
  endfacet
  facet normal 0 -1 -0
    outer loop
      vertex 13.5344 1 34.7625
      vertex 12.9149 1 34.2593
      vertex 13.6637 1 34.7556
    endloop
  endfacet
  facet normal 0 -1 0
    outer loop
      vertex 12.9465 1 34.3928
      vertex 13.3278 1 34.7393
      vertex 13.2674 1 34.7214
    endloop
  endfacet
  facet normal 0 -1 -0
    outer loop
      vertex 13.6637 1 34.7556
      vertex 12.9149 1 34.2593
      vertex 13.7846 1 34.7349
    endloop
  endfacet
  facet normal 0 -1 0
    outer loop
      vertex 12.9465 1 34.3928
      vertex 13.2674 1 34.7214
      vertex 13.2113 1 34.6983
    endloop
  endfacet
  facet normal 0 -1 0
    outer loop
      vertex 12.9465 1 34.3928
      vertex 13.2113 1 34.6983
      vertex 13.1595 1 34.67
    endloop
  endfacet
  facet normal 0 -1 -0
    outer loop
      vertex 13.7846 1 34.7349
      vertex 12.9149 1 34.2593
      vertex 13.897 1 34.7005
    endloop
  endfacet
  facet normal 0 -1 0
    outer loop
      vertex 12.9465 1 34.3928
      vertex 13.1595 1 34.67
      vertex 13.1119 1 34.6367
    endloop
  endfacet
  facet normal 0 -1 0
    outer loop
      vertex 12.9465 1 34.3928
      vertex 13.1119 1 34.6367
      vertex 13.069 1 34.5982
    endloop
  endfacet
  facet normal 0 -1 -0
    outer loop
      vertex 13.897 1 34.7005
      vertex 12.9149 1 34.2593
      vertex 14.0009 1 34.6524
    endloop
  endfacet
  facet normal 0 -1 0
    outer loop
      vertex 12.9465 1 34.3928
      vertex 13.069 1 34.5982
      vertex 13.0309 1 34.5545
    endloop
  endfacet
  facet normal 0 -1 0
    outer loop
      vertex 13.3924 1 34.7522
      vertex 12.9282 1 34.3286
      vertex 12.9149 1 34.2593
    endloop
  endfacet
  facet normal 0 -1 0
    outer loop
      vertex 12.9465 1 34.3928
      vertex 13.0309 1 34.5545
      vertex 12.9979 1 34.5057
    endloop
  endfacet
  facet normal 0 -1 0
    outer loop
      vertex 12.9465 1 34.3928
      vertex 12.9979 1 34.5057
      vertex 12.9697 1 34.4518
    endloop
  endfacet
  facet normal 0 -1 0
    outer loop
      vertex 13.3278 1 34.7393
      vertex 12.9465 1 34.3928
      vertex 12.9282 1 34.3286
    endloop
  endfacet
  facet normal 0 -1 -0
    outer loop
      vertex 14.0009 1 34.6524
      vertex 12.9149 1 34.2593
      vertex 14.0964 1 34.5905
    endloop
  endfacet
  facet normal 0 -1 -0
    outer loop
      vertex 14.0964 1 34.5905
      vertex 12.9149 1 34.2593
      vertex 14.1834 1 34.5148
    endloop
  endfacet
  facet normal 0 -1 -0
    outer loop
      vertex 14.1834 1 34.5148
      vertex 12.9149 1 34.2593
      vertex 14.2619 1 34.4254
    endloop
  endfacet
  facet normal 0 -1 -0
    outer loop
      vertex 14.2619 1 34.4254
      vertex 12.9149 1 34.2593
      vertex 14.3308 1 34.3232
    endloop
  endfacet
  facet normal 0 -1 -0
    outer loop
      vertex 14.3308 1 34.3232
      vertex 12.9149 1 34.2593
      vertex 14.3892 1 34.209
    endloop
  endfacet
  facet normal 0 -1 0
    outer loop
      vertex 12.9149 1 34.2593
      vertex 13.4208 1 34.1536
      vertex 14.3892 1 34.209
    endloop
  endfacet
  facet normal 0 -1 0
    outer loop
      vertex 13.4828 1 34.1429
      vertex 14.3892 1 34.209
      vertex 13.4208 1 34.1536
    endloop
  endfacet
  facet normal 0 -1 0
    outer loop
      vertex 13.5399 1 34.125
      vertex 14.3892 1 34.209
      vertex 13.4828 1 34.1429
    endloop
  endfacet
  facet normal 0 -1 0
    outer loop
      vertex 13.5923 1 34.0999
      vertex 14.3892 1 34.209
      vertex 13.5399 1 34.125
    endloop
  endfacet
  facet normal 0 -1 0
    outer loop
      vertex 13.6399 1 34.0676
      vertex 14.3892 1 34.209
      vertex 13.5923 1 34.0999
    endloop
  endfacet
  facet normal 0 -1 0
    outer loop
      vertex 13.6827 1 34.0282
      vertex 14.3892 1 34.209
      vertex 13.6399 1 34.0676
    endloop
  endfacet
  facet normal 0 -1 0
    outer loop
      vertex 13.7207 1 33.9816
      vertex 14.3892 1 34.209
      vertex 13.6827 1 34.0282
    endloop
  endfacet
  facet normal 0 -1 0
    outer loop
      vertex 13.7537 1 33.9279
      vertex 14.3892 1 34.209
      vertex 13.7207 1 33.9816
    endloop
  endfacet
  facet normal 0 -1 0
    outer loop
      vertex 13.7817 1 33.8673
      vertex 14.3892 1 34.209
      vertex 13.7537 1 33.9279
    endloop
  endfacet
  facet normal 0 -1 -0
    outer loop
      vertex 14.3892 1 34.209
      vertex 13.7817 1 33.8673
      vertex 14.4369 1 34.0829
    endloop
  endfacet
  facet normal 0 -1 0
    outer loop
      vertex 13.8046 1 33.7997
      vertex 14.4369 1 34.0829
      vertex 13.7817 1 33.8673
    endloop
  endfacet
  facet normal 0 -1 -0
    outer loop
      vertex 14.4369 1 34.0829
      vertex 13.8046 1 33.7997
      vertex 14.474 1 33.9449
    endloop
  endfacet
  facet normal 0 -1 0
    outer loop
      vertex 13.8224 1 33.7251
      vertex 14.474 1 33.9449
      vertex 13.8046 1 33.7997
    endloop
  endfacet
  facet normal 0 -1 -0
    outer loop
      vertex 14.474 1 33.9449
      vertex 13.8224 1 33.7251
      vertex 14.5005 1 33.795
    endloop
  endfacet
  facet normal 0 -1 0
    outer loop
      vertex 13.8351 1 33.6435
      vertex 14.5005 1 33.795
      vertex 13.8224 1 33.7251
    endloop
  endfacet
  facet normal 0 -1 0
    outer loop
      vertex 13.8351 1 33.6435
      vertex 14.5164 1 33.6332
      vertex 14.5005 1 33.795
    endloop
  endfacet
  facet normal 0 -1 0
    outer loop
      vertex 13.8428 1 33.555
      vertex 14.5164 1 33.6332
      vertex 13.8351 1 33.6435
    endloop
  endfacet
  facet normal 0 -1 0
    outer loop
      vertex 14.5217 1 33.4594
      vertex 13.8428 1 33.555
      vertex 13.8453 1 33.4594
    endloop
  endfacet
  facet normal 0 -1 0
    outer loop
      vertex 13.8428 1 33.555
      vertex 14.5217 1 33.4594
      vertex 14.5164 1 33.6332
    endloop
  endfacet
  facet normal 0 -1 0
    outer loop
      vertex 13.8427 1 33.3669
      vertex 14.5217 1 33.4594
      vertex 13.8453 1 33.4594
    endloop
  endfacet
  facet normal 0 -1 0
    outer loop
      vertex 13.8427 1 33.3669
      vertex 14.5164 1 33.2868
      vertex 14.5217 1 33.4594
    endloop
  endfacet
  facet normal 0 -1 0
    outer loop
      vertex 13.8348 1 33.2805
      vertex 14.5164 1 33.2868
      vertex 13.8427 1 33.3669
    endloop
  endfacet
  facet normal 0 -1 0
    outer loop
      vertex 14.5005 1 33.1258
      vertex 13.8348 1 33.2805
      vertex 13.8218 1 33.2003
    endloop
  endfacet
  facet normal 0 -1 0
    outer loop
      vertex 14.474 1 32.9763
      vertex 13.8218 1 33.2003
      vertex 13.8034 1 33.1262
    endloop
  endfacet
  facet normal 0 -1 0
    outer loop
      vertex 13.8348 1 33.2805
      vertex 14.5005 1 33.1258
      vertex 14.5164 1 33.2868
    endloop
  endfacet
  facet normal 0 -1 0
    outer loop
      vertex 14.4369 1 32.8383
      vertex 13.8034 1 33.1262
      vertex 13.7799 1 33.0583
    endloop
  endfacet
  facet normal 0 -1 0
    outer loop
      vertex 14.3892 1 32.7118
      vertex 13.7799 1 33.0583
      vertex 13.7511 1 32.9965
    endloop
  endfacet
  facet normal 0 -1 0
    outer loop
      vertex 13.8218 1 33.2003
      vertex 14.474 1 32.9763
      vertex 14.5005 1 33.1258
    endloop
  endfacet
  facet normal 0 -1 0
    outer loop
      vertex 14.3892 1 32.7118
      vertex 13.7511 1 32.9965
      vertex 13.7171 1 32.9409
    endloop
  endfacet
  facet normal 0 -1 0
    outer loop
      vertex 14.3892 1 32.7118
      vertex 13.7171 1 32.9409
      vertex 13.6783 1 32.8921
    endloop
  endfacet
  facet normal 0 -1 0
    outer loop
      vertex 14.3892 1 32.7118
      vertex 13.6783 1 32.8921
      vertex 13.6352 1 32.8508
    endloop
  endfacet
  facet normal 0 -1 0
    outer loop
      vertex 13.8034 1 33.1262
      vertex 14.4369 1 32.8383
      vertex 14.474 1 32.9763
    endloop
  endfacet
  facet normal 0 -1 0
    outer loop
      vertex 14.3892 1 32.7118
      vertex 13.6352 1 32.8508
      vertex 13.5877 1 32.817
    endloop
  endfacet
  facet normal 0 -1 0
    outer loop
      vertex 14.3892 1 32.7118
      vertex 13.5877 1 32.817
      vertex 13.5358 1 32.7907
    endloop
  endfacet
  facet normal 0 -1 0
    outer loop
      vertex 14.3892 1 32.7118
      vertex 13.5358 1 32.7907
      vertex 13.4795 1 32.772
    endloop
  endfacet
  facet normal 0 -1 0
    outer loop
      vertex 14.3892 1 32.7118
      vertex 13.4795 1 32.772
      vertex 13.419 1 32.7607
    endloop
  endfacet
  facet normal 0 -1 0
    outer loop
      vertex 13.7799 1 33.0583
      vertex 14.3892 1 32.7118
      vertex 14.4369 1 32.8383
    endloop
  endfacet
  facet normal 0 -1 -0
    outer loop
      vertex 13.1653 1 32.7879
      vertex 12.9571 1 32.5203
      vertex 13.2231 1 32.7707
    endloop
  endfacet
  facet normal 0 -1 0
    outer loop
      vertex 13.0062 1 32.4069
      vertex 13.2231 1 32.7707
      vertex 12.9796 1 32.461
    endloop
  endfacet
  facet normal 0 -1 0
    outer loop
      vertex 13.419 1 32.7607
      vertex 14.3308 1 32.5969
      vertex 14.3892 1 32.7118
    endloop
  endfacet
  facet normal 0 -1 -0
    outer loop
      vertex 13.2231 1 32.7707
      vertex 13.0062 1 32.4069
      vertex 13.286 1 32.7604
    endloop
  endfacet
  facet normal 0 -1 0
    outer loop
      vertex 13.0369 1 32.3581
      vertex 13.286 1 32.7604
      vertex 13.0062 1 32.4069
    endloop
  endfacet
  facet normal 0 -1 0
    outer loop
      vertex 13.419 1 32.7607
      vertex 14.2619 1 32.4935
      vertex 14.3308 1 32.5969
    endloop
  endfacet
  facet normal 0 -1 0
    outer loop
      vertex 13.0718 1 32.3146
      vertex 13.286 1 32.7604
      vertex 13.0369 1 32.3581
    endloop
  endfacet
  facet normal 0 -1 0
    outer loop
      vertex 13.1108 1 32.2763
      vertex 13.286 1 32.7604
      vertex 13.0718 1 32.3146
    endloop
  endfacet
  facet normal 0 -1 0
    outer loop
      vertex 13.419 1 32.7607
      vertex 14.1833 1 32.4028
      vertex 14.2619 1 32.4935
    endloop
  endfacet
  facet normal 0 -1 0
    outer loop
      vertex 13.1545 1 32.2432
      vertex 13.286 1 32.7604
      vertex 13.1108 1 32.2763
    endloop
  endfacet
  facet normal 0 -1 0
    outer loop
      vertex 13.419 1 32.7607
      vertex 14.096 1 32.326
      vertex 14.1833 1 32.4028
    endloop
  endfacet
  facet normal 0 -1 -0
    outer loop
      vertex 13.286 1 32.7604
      vertex 13.1545 1 32.2432
      vertex 13.354 1 32.7569
    endloop
  endfacet
  facet normal 0 -1 0
    outer loop
      vertex 13.2035 1 32.2153
      vertex 13.354 1 32.7569
      vertex 13.1545 1 32.2432
    endloop
  endfacet
  facet normal 0 -1 0
    outer loop
      vertex 13.419 1 32.7607
      vertex 13.6602 1 32.1586
      vertex 13.7822 1 32.1796
    endloop
  endfacet
  facet normal 0 -1 0
    outer loop
      vertex 13.258 1 32.1924
      vertex 13.354 1 32.7569
      vertex 13.2035 1 32.2153
    endloop
  endfacet
  facet normal 0 -1 0
    outer loop
      vertex 13.3178 1 32.1746
      vertex 13.354 1 32.7569
      vertex 13.258 1 32.1924
    endloop
  endfacet
  facet normal 0 -1 0
    outer loop
      vertex 13.419 1 32.7607
      vertex 14.0001 1 32.2633
      vertex 14.096 1 32.326
    endloop
  endfacet
  facet normal 0 -1 -0
    outer loop
      vertex 13.354 1 32.7569
      vertex 13.3178 1 32.1746
      vertex 13.419 1 32.7607
    endloop
  endfacet
  facet normal 0 -1 0
    outer loop
      vertex 13.419 1 32.7607
      vertex 13.8955 1 32.2144
      vertex 14.0001 1 32.2633
    endloop
  endfacet
  facet normal 0 -1 0
    outer loop
      vertex 13.419 1 32.7607
      vertex 13.3178 1 32.1746
      vertex 13.3831 1 32.1618
    endloop
  endfacet
  facet normal 0 -1 -0
    outer loop
      vertex 13.419 1 32.7607
      vertex 13.3831 1 32.1618
      vertex 13.4537 1 32.1542
    endloop
  endfacet
  facet normal 0 -1 0
    outer loop
      vertex 13.419 1 32.7607
      vertex 13.7822 1 32.1796
      vertex 13.8955 1 32.2144
    endloop
  endfacet
  facet normal 0 -1 0
    outer loop
      vertex 13.419 1 32.7607
      vertex 13.4537 1 32.1542
      vertex 13.5296 1 32.1517
    endloop
  endfacet
  facet normal 0 -1 0
    outer loop
      vertex 13.419 1 32.7607
      vertex 13.5296 1 32.1517
      vertex 13.6602 1 32.1586
    endloop
  endfacet
  facet normal 0 -1 0
    outer loop
      vertex 16.0048 1 34.1488
      vertex 16.0667 1 34.7625
      vertex 15.9163 1 34.7555
    endloop
  endfacet
  facet normal 0 -1 0
    outer loop
      vertex 15.9482 1 34.1376
      vertex 15.9163 1 34.7555
      vertex 15.776 1 34.7346
    endloop
  endfacet
  facet normal 0 -1 0
    outer loop
      vertex 16.0667 1 34.7625
      vertex 16.0048 1 34.1488
      vertex 16.0655 1 34.1525
    endloop
  endfacet
  facet normal 0 -1 0
    outer loop
      vertex 15.8957 1 34.1191
      vertex 15.776 1 34.7346
      vertex 15.6456 1 34.6997
    endloop
  endfacet
  facet normal 0 -1 0
    outer loop
      vertex 16.0667 1 34.7625
      vertex 16.1262 1 34.1488
      vertex 16.217 1 34.7555
    endloop
  endfacet
  facet normal 0 -1 0
    outer loop
      vertex 15.8472 1 34.0932
      vertex 15.6456 1 34.6997
      vertex 15.5252 1 34.6508
    endloop
  endfacet
  facet normal 0 -1 0
    outer loop
      vertex 16.1829 1 34.1376
      vertex 16.217 1 34.7555
      vertex 16.1262 1 34.1488
    endloop
  endfacet
  facet normal 0 -1 0
    outer loop
      vertex 15.8472 1 34.0932
      vertex 15.5252 1 34.6508
      vertex 15.4148 1 34.5881
    endloop
  endfacet
  facet normal 0 -1 -0
    outer loop
      vertex 16.217 1 34.7555
      vertex 16.1829 1 34.1376
      vertex 16.3573 1 34.7346
    endloop
  endfacet
  facet normal 0 -1 0
    outer loop
      vertex 15.8028 1 34.0598
      vertex 15.4148 1 34.5881
      vertex 15.3144 1 34.5114
    endloop
  endfacet
  facet normal 0 -1 0
    outer loop
      vertex 16.2356 1 34.1191
      vertex 16.3573 1 34.7346
      vertex 16.1829 1 34.1376
    endloop
  endfacet
  facet normal 0 -1 0
    outer loop
      vertex 15.7624 1 34.019
      vertex 15.3144 1 34.5114
      vertex 15.224 1 34.4207
    endloop
  endfacet
  facet normal 0 -1 -0
    outer loop
      vertex 16.3573 1 34.7346
      vertex 16.2356 1 34.1191
      vertex 16.4877 1 34.6997
    endloop
  endfacet
  facet normal 0 -1 0
    outer loop
      vertex 15.7261 1 33.9708
      vertex 15.224 1 34.4207
      vertex 15.1447 1 34.3173
    endloop
  endfacet
  facet normal 0 -1 0
    outer loop
      vertex 16.2843 1 34.0932
      vertex 16.4877 1 34.6997
      vertex 16.2356 1 34.1191
    endloop
  endfacet
  facet normal 0 -1 0
    outer loop
      vertex 15.6943 1 33.9158
      vertex 15.1447 1 34.3173
      vertex 15.0776 1 34.2025
    endloop
  endfacet
  facet normal 0 -1 -0
    outer loop
      vertex 16.4877 1 34.6997
      vertex 16.2843 1 34.0932
      vertex 16.608 1 34.6508
    endloop
  endfacet
  facet normal 0 -1 -0
    outer loop
      vertex 16.608 1 34.6508
      vertex 16.2843 1 34.0932
      vertex 16.7184 1 34.5881
    endloop
  endfacet
  facet normal 0 -1 0
    outer loop
      vertex 16.1262 1 34.1488
      vertex 16.0667 1 34.7625
      vertex 16.0655 1 34.1525
    endloop
  endfacet
  facet normal 0 -1 0
    outer loop
      vertex 15.9163 1 34.7555
      vertex 15.9482 1 34.1376
      vertex 16.0048 1 34.1488
    endloop
  endfacet
  facet normal 0 -1 0
    outer loop
      vertex 15.776 1 34.7346
      vertex 15.8957 1 34.1191
      vertex 15.9482 1 34.1376
    endloop
  endfacet
  facet normal 0 -1 0
    outer loop
      vertex 15.6456 1 34.6997
      vertex 15.8472 1 34.0932
      vertex 15.8957 1 34.1191
    endloop
  endfacet
  facet normal 0 -1 0
    outer loop
      vertex 15.6674 1 33.8547
      vertex 15.0776 1 34.2025
      vertex 15.0227 1 34.0763
    endloop
  endfacet
  facet normal 0 -1 0
    outer loop
      vertex 15.4148 1 34.5881
      vertex 15.8028 1 34.0598
      vertex 15.8472 1 34.0932
    endloop
  endfacet
  facet normal 0 -1 0
    outer loop
      vertex 15.3144 1 34.5114
      vertex 15.7624 1 34.019
      vertex 15.8028 1 34.0598
    endloop
  endfacet
  facet normal 0 -1 0
    outer loop
      vertex 15.224 1 34.4207
      vertex 15.7261 1 33.9708
      vertex 15.7624 1 34.019
    endloop
  endfacet
  facet normal 0 -1 0
    outer loop
      vertex 15.6454 1 33.7874
      vertex 15.0227 1 34.0763
      vertex 14.98 1 33.9386
    endloop
  endfacet
  facet normal 0 -1 0
    outer loop
      vertex 15.1447 1 34.3173
      vertex 15.6943 1 33.9158
      vertex 15.7261 1 33.9708
    endloop
  endfacet
  facet normal 0 -1 0
    outer loop
      vertex 15.0776 1 34.2025
      vertex 15.6674 1 33.8547
      vertex 15.6943 1 33.9158
    endloop
  endfacet
  facet normal 0 -1 0
    outer loop
      vertex 15.6283 1 33.714
      vertex 14.98 1 33.9386
      vertex 14.9495 1 33.7895
    endloop
  endfacet
  facet normal 0 -1 0
    outer loop
      vertex 15.0227 1 34.0763
      vertex 15.6454 1 33.7874
      vertex 15.6674 1 33.8547
    endloop
  endfacet
  facet normal 0 -1 0
    outer loop
      vertex 14.98 1 33.9386
      vertex 15.6283 1 33.714
      vertex 15.6454 1 33.7874
    endloop
  endfacet
  facet normal 0 -1 0
    outer loop
      vertex 14.9495 1 33.7895
      vertex 15.6161 1 33.6344
      vertex 15.6283 1 33.714
    endloop
  endfacet
  facet normal 0 -1 0
    outer loop
      vertex 14.9312 1 33.629
      vertex 15.6161 1 33.6344
      vertex 14.9495 1 33.7895
    endloop
  endfacet
  facet normal 0 -1 0
    outer loop
      vertex 14.9312 1 33.629
      vertex 15.6087 1 33.5487
      vertex 15.6161 1 33.6344
    endloop
  endfacet
  facet normal 0 -1 0
    outer loop
      vertex 14.9251 1 33.4571
      vertex 15.6087 1 33.5487
      vertex 14.9312 1 33.629
    endloop
  endfacet
  facet normal 0 -1 0
    outer loop
      vertex 14.9251 1 33.4571
      vertex 15.6063 1 33.4568
      vertex 15.6087 1 33.5487
    endloop
  endfacet
  facet normal 0 -1 0
    outer loop
      vertex 14.9251 1 33.4571
      vertex 15.6087 1 33.3644
      vertex 15.6063 1 33.4568
    endloop
  endfacet
  facet normal 0 -1 0
    outer loop
      vertex 14.9312 1 33.2845
      vertex 15.6087 1 33.3644
      vertex 14.9251 1 33.4571
    endloop
  endfacet
  facet normal 0 -1 0
    outer loop
      vertex 14.9312 1 33.2845
      vertex 15.6161 1 33.2783
      vertex 15.6087 1 33.3644
    endloop
  endfacet
  facet normal 0 -1 0
    outer loop
      vertex 14.9495 1 33.1235
      vertex 15.6161 1 33.2783
      vertex 14.9312 1 33.2845
    endloop
  endfacet
  facet normal 0 -1 -0
    outer loop
      vertex 15.6161 1 33.2783
      vertex 14.9495 1 33.1235
      vertex 15.6283 1 33.1985
    endloop
  endfacet
  facet normal 0 -1 0
    outer loop
      vertex 14.98 1 32.9741
      vertex 15.6283 1 33.1985
      vertex 14.9495 1 33.1235
    endloop
  endfacet
  facet normal 0 -1 -0
    outer loop
      vertex 15.6283 1 33.1985
      vertex 14.98 1 32.9741
      vertex 15.6454 1 33.1249
    endloop
  endfacet
  facet normal 0 -1 0
    outer loop
      vertex 15.0227 1 32.8363
      vertex 15.6454 1 33.1249
      vertex 14.98 1 32.9741
    endloop
  endfacet
  facet normal 0 -1 -0
    outer loop
      vertex 15.6454 1 33.1249
      vertex 15.0227 1 32.8363
      vertex 15.6674 1 33.0577
    endloop
  endfacet
  facet normal 0 -1 0
    outer loop
      vertex 15.0776 1 32.7101
      vertex 15.6674 1 33.0577
      vertex 15.0227 1 32.8363
    endloop
  endfacet
  facet normal 0 -1 -0
    outer loop
      vertex 15.6674 1 33.0577
      vertex 15.0776 1 32.7101
      vertex 15.6943 1 32.9967
    endloop
  endfacet
  facet normal 0 -1 0
    outer loop
      vertex 15.1447 1 32.5954
      vertex 15.6943 1 32.9967
      vertex 15.0776 1 32.7101
    endloop
  endfacet
  facet normal 0 -1 -0
    outer loop
      vertex 15.6943 1 32.9967
      vertex 15.1447 1 32.5954
      vertex 15.7261 1 32.942
    endloop
  endfacet
  facet normal 0 -1 0
    outer loop
      vertex 15.224 1 32.4923
      vertex 15.7261 1 32.942
      vertex 15.1447 1 32.5954
    endloop
  endfacet
  facet normal 0 -1 -0
    outer loop
      vertex 15.7261 1 32.942
      vertex 15.224 1 32.4923
      vertex 15.7624 1 32.8942
    endloop
  endfacet
  facet normal 0 -1 0
    outer loop
      vertex 15.3144 1 32.4019
      vertex 15.7624 1 32.8942
      vertex 15.224 1 32.4923
    endloop
  endfacet
  facet normal 0 -1 -0
    outer loop
      vertex 15.7624 1 32.8942
      vertex 15.3144 1 32.4019
      vertex 15.8028 1 32.8537
    endloop
  endfacet
  facet normal 0 -1 -0
    outer loop
      vertex 15.8028 1 32.8537
      vertex 15.4148 1 32.3255
      vertex 15.8473 1 32.8206
    endloop
  endfacet
  facet normal 0 -1 0
    outer loop
      vertex 15.4148 1 32.3255
      vertex 15.8028 1 32.8537
      vertex 15.3144 1 32.4019
    endloop
  endfacet
  facet normal 0 -1 0
    outer loop
      vertex 16.3289 1 34.0598
      vertex 16.7184 1 34.5881
      vertex 16.2843 1 34.0932
    endloop
  endfacet
  facet normal 0 -1 -0
    outer loop
      vertex 16.7184 1 34.5881
      vertex 16.3289 1 34.0598
      vertex 16.8188 1 34.5114
    endloop
  endfacet
  facet normal 0 -1 0
    outer loop
      vertex 16.3695 1 34.0191
      vertex 16.8188 1 34.5114
      vertex 16.3289 1 34.0598
    endloop
  endfacet
  facet normal 0 -1 -0
    outer loop
      vertex 16.8188 1 34.5114
      vertex 16.3695 1 34.0191
      vertex 16.9093 1 34.4207
    endloop
  endfacet
  facet normal 0 -1 0
    outer loop
      vertex 16.4061 1 33.9709
      vertex 16.9093 1 34.4207
      vertex 16.3695 1 34.0191
    endloop
  endfacet
  facet normal 0 -1 -0
    outer loop
      vertex 16.9093 1 34.4207
      vertex 16.4061 1 33.9709
      vertex 16.9886 1 34.3173
    endloop
  endfacet
  facet normal 0 -1 0
    outer loop
      vertex 16.4382 1 33.916
      vertex 16.9886 1 34.3173
      vertex 16.4061 1 33.9709
    endloop
  endfacet
  facet normal 0 -1 -0
    outer loop
      vertex 16.9886 1 34.3173
      vertex 16.4382 1 33.916
      vertex 17.0557 1 34.2025
    endloop
  endfacet
  facet normal 0 -1 0
    outer loop
      vertex 16.4654 1 33.8549
      vertex 17.0557 1 34.2025
      vertex 16.4382 1 33.916
    endloop
  endfacet
  facet normal 0 -1 -0
    outer loop
      vertex 17.0557 1 34.2025
      vertex 16.4654 1 33.8549
      vertex 17.1107 1 34.0763
    endloop
  endfacet
  facet normal 0 -1 0
    outer loop
      vertex 16.4876 1 33.7876
      vertex 17.1107 1 34.0763
      vertex 16.4654 1 33.8549
    endloop
  endfacet
  facet normal 0 -1 -0
    outer loop
      vertex 17.1107 1 34.0763
      vertex 16.4876 1 33.7876
      vertex 17.1534 1 33.9386
    endloop
  endfacet
  facet normal 0 -1 0
    outer loop
      vertex 16.5049 1 33.7142
      vertex 17.1534 1 33.9386
      vertex 16.4876 1 33.7876
    endloop
  endfacet
  facet normal 0 -1 -0
    outer loop
      vertex 17.1534 1 33.9386
      vertex 16.5049 1 33.7142
      vertex 17.1839 1 33.7895
    endloop
  endfacet
  facet normal 0 -1 0
    outer loop
      vertex 16.5173 1 33.6347
      vertex 17.1839 1 33.7895
      vertex 16.5049 1 33.7142
    endloop
  endfacet
  facet normal 0 -1 0
    outer loop
      vertex 16.5173 1 33.6347
      vertex 17.2022 1 33.629
      vertex 17.1839 1 33.7895
    endloop
  endfacet
  facet normal 0 -1 0
    outer loop
      vertex 16.5247 1 33.549
      vertex 17.2022 1 33.629
      vertex 16.5173 1 33.6347
    endloop
  endfacet
  facet normal 0 -1 0
    outer loop
      vertex 17.2083 1 33.4571
      vertex 16.5247 1 33.549
      vertex 16.5271 1 33.4571
    endloop
  endfacet
  facet normal 0 -1 0
    outer loop
      vertex 16.5247 1 33.549
      vertex 17.2083 1 33.4571
      vertex 17.2022 1 33.629
    endloop
  endfacet
  facet normal 0 -1 0
    outer loop
      vertex 16.5247 1 33.3647
      vertex 17.2083 1 33.4571
      vertex 16.5271 1 33.4571
    endloop
  endfacet
  facet normal 0 -1 0
    outer loop
      vertex 16.5247 1 33.3647
      vertex 17.2022 1 33.2845
      vertex 17.2083 1 33.4571
    endloop
  endfacet
  facet normal 0 -1 0
    outer loop
      vertex 16.5173 1 33.2787
      vertex 17.2022 1 33.2845
      vertex 16.5247 1 33.3647
    endloop
  endfacet
  facet normal 0 -1 0
    outer loop
      vertex 17.1839 1 33.1235
      vertex 16.5173 1 33.2787
      vertex 16.5049 1 33.1989
    endloop
  endfacet
  facet normal 0 -1 0
    outer loop
      vertex 17.1534 1 32.9741
      vertex 16.5049 1 33.1989
      vertex 16.4876 1 33.1253
    endloop
  endfacet
  facet normal 0 -1 0
    outer loop
      vertex 16.5173 1 33.2787
      vertex 17.1839 1 33.1235
      vertex 17.2022 1 33.2845
    endloop
  endfacet
  facet normal 0 -1 0
    outer loop
      vertex 17.1107 1 32.8363
      vertex 16.4876 1 33.1253
      vertex 16.4654 1 33.058
    endloop
  endfacet
  facet normal 0 -1 0
    outer loop
      vertex 17.0557 1 32.7101
      vertex 16.4654 1 33.058
      vertex 16.4382 1 32.997
    endloop
  endfacet
  facet normal 0 -1 0
    outer loop
      vertex 16.5049 1 33.1989
      vertex 17.1534 1 32.9741
      vertex 17.1839 1 33.1235
    endloop
  endfacet
  facet normal 0 -1 0
    outer loop
      vertex 16.9886 1 32.5954
      vertex 16.4382 1 32.997
      vertex 16.4061 1 32.9423
    endloop
  endfacet
  facet normal 0 -1 0
    outer loop
      vertex 16.9093 1 32.4923
      vertex 16.4061 1 32.9423
      vertex 16.3695 1 32.8944
    endloop
  endfacet
  facet normal 0 -1 0
    outer loop
      vertex 16.8188 1 32.4019
      vertex 16.3695 1 32.8944
      vertex 16.329 1 32.8538
    endloop
  endfacet
  facet normal 0 -1 0
    outer loop
      vertex 16.4876 1 33.1253
      vertex 17.1107 1 32.8363
      vertex 17.1534 1 32.9741
    endloop
  endfacet
  facet normal 0 -1 0
    outer loop
      vertex 16.7184 1 32.3255
      vertex 16.329 1 32.8538
      vertex 16.2845 1 32.8206
    endloop
  endfacet
  facet normal 0 -1 0
    outer loop
      vertex 16.4877 1 32.2142
      vertex 16.2845 1 32.8206
      vertex 16.236 1 32.7948
    endloop
  endfacet
  facet normal 0 -1 0
    outer loop
      vertex 16.3573 1 32.1795
      vertex 16.236 1 32.7948
      vertex 16.1835 1 32.7764
    endloop
  endfacet
  facet normal 0 -1 0
    outer loop
      vertex 16.217 1 32.1586
      vertex 16.1835 1 32.7764
      vertex 16.1271 1 32.7654
    endloop
  endfacet
  facet normal 0 -1 0
    outer loop
      vertex 16.4654 1 33.058
      vertex 17.0557 1 32.7101
      vertex 17.1107 1 32.8363
    endloop
  endfacet
  facet normal 0 -1 0
    outer loop
      vertex 16.0667 1 32.1517
      vertex 16.1271 1 32.7654
      vertex 16.0667 1 32.7617
    endloop
  endfacet
  facet normal 0 -1 0
    outer loop
      vertex 15.5252 1 32.2629
      vertex 15.8473 1 32.8206
      vertex 15.4148 1 32.3255
    endloop
  endfacet
  facet normal 0 -1 0
    outer loop
      vertex 15.6456 1 32.2142
      vertex 15.8473 1 32.8206
      vertex 15.5252 1 32.2629
    endloop
  endfacet
  facet normal 0 -1 -0
    outer loop
      vertex 16.1271 1 32.7654
      vertex 16.0667 1 32.1517
      vertex 16.217 1 32.1586
    endloop
  endfacet
  facet normal 0 -1 -0
    outer loop
      vertex 15.8473 1 32.8206
      vertex 15.6456 1 32.2142
      vertex 15.896 1 32.7948
    endloop
  endfacet
  facet normal 0 -1 0
    outer loop
      vertex 16.1835 1 32.7764
      vertex 16.217 1 32.1586
      vertex 16.3573 1 32.1795
    endloop
  endfacet
  facet normal 0 -1 0
    outer loop
      vertex 15.776 1 32.1795
      vertex 15.896 1 32.7948
      vertex 15.6456 1 32.2142
    endloop
  endfacet
  facet normal 0 -1 0
    outer loop
      vertex 16.236 1 32.7948
      vertex 16.3573 1 32.1795
      vertex 16.4877 1 32.2142
    endloop
  endfacet
  facet normal 0 -1 -0
    outer loop
      vertex 15.896 1 32.7948
      vertex 15.776 1 32.1795
      vertex 15.9488 1 32.7764
    endloop
  endfacet
  facet normal 0 -1 0
    outer loop
      vertex 16.4382 1 32.997
      vertex 16.9886 1 32.5954
      vertex 17.0557 1 32.7101
    endloop
  endfacet
  facet normal 0 -1 0
    outer loop
      vertex 15.9163 1 32.1586
      vertex 15.9488 1 32.7764
      vertex 15.776 1 32.1795
    endloop
  endfacet
  facet normal 0 -1 0
    outer loop
      vertex 16.4061 1 32.9423
      vertex 16.9093 1 32.4923
      vertex 16.9886 1 32.5954
    endloop
  endfacet
  facet normal 0 -1 -0
    outer loop
      vertex 15.9488 1 32.7764
      vertex 15.9163 1 32.1586
      vertex 16.0057 1 32.7653
    endloop
  endfacet
  facet normal 0 -1 0
    outer loop
      vertex 16.0057 1 32.7653
      vertex 16.0667 1 32.1517
      vertex 16.0667 1 32.7617
    endloop
  endfacet
  facet normal 0 -1 0
    outer loop
      vertex 16.0667 1 32.1517
      vertex 16.0057 1 32.7653
      vertex 15.9163 1 32.1586
    endloop
  endfacet
  facet normal 0 -1 0
    outer loop
      vertex 16.3695 1 32.8944
      vertex 16.8188 1 32.4019
      vertex 16.9093 1 32.4923
    endloop
  endfacet
  facet normal 0 -1 0
    outer loop
      vertex 16.329 1 32.8538
      vertex 16.7184 1 32.3255
      vertex 16.8188 1 32.4019
    endloop
  endfacet
  facet normal 0 -1 0
    outer loop
      vertex 16.2845 1 32.8206
      vertex 16.4877 1 32.2142
      vertex 16.608 1 32.2629
    endloop
  endfacet
  facet normal 0 -1 0
    outer loop
      vertex 16.2845 1 32.8206
      vertex 16.608 1 32.2629
      vertex 16.7184 1 32.3255
    endloop
  endfacet
  facet normal 0 -1 0
    outer loop
      vertex 17.7351 1 34.715
      vertex 18.338 1 33.9792
      vertex 18.6774 1 34.715
    endloop
  endfacet
  facet normal 0 -1 0
    outer loop
      vertex 17.7351 1 31.3447
      vertex 18.338 1 33.9792
      vertex 17.7351 1 34.715
    endloop
  endfacet
  facet normal 0 -1 -0
    outer loop
      vertex 18.338 1 33.9792
      vertex 17.7351 1 31.3447
      vertex 18.338 1 31.3447
    endloop
  endfacet
  facet normal 0 -1 0
    outer loop
      vertex 18.4258 1 33.9792
      vertex 18.6774 1 34.715
      vertex 18.338 1 33.9792
    endloop
  endfacet
  facet normal 0 -1 0
    outer loop
      vertex 18.4258 1 33.9792
      vertex 19.2707 1 32.0805
      vertex 18.6774 1 34.715
    endloop
  endfacet
  facet normal 0 -1 -0
    outer loop
      vertex 19.2707 1 32.0805
      vertex 19.0191 1 31.3447
      vertex 19.3585 1 32.0805
    endloop
  endfacet
  facet normal 0 -1 0
    outer loop
      vertex 19.0191 1 31.3447
      vertex 19.2707 1 32.0805
      vertex 18.4258 1 33.9792
    endloop
  endfacet
  facet normal 0 -1 0
    outer loop
      vertex 19.3585 1 32.0805
      vertex 19.9614 1 34.715
      vertex 19.3585 1 34.715
    endloop
  endfacet
  facet normal 0 -1 0
    outer loop
      vertex 19.3585 1 32.0805
      vertex 19.9614 1 31.3447
      vertex 19.9614 1 34.715
    endloop
  endfacet
  facet normal 0 -1 0
    outer loop
      vertex 19.9614 1 31.3447
      vertex 19.3585 1 32.0805
      vertex 19.0191 1 31.3447
    endloop
  endfacet
  facet normal 0.111065 0 -0.993813
    outer loop
      vertex 13.3924 0 34.7522
      vertex 13.4613 1 34.7599
      vertex 13.4613 0 34.7599
    endloop
  endfacet
  facet normal 0.111065 0 -0.993813
    outer loop
      vertex 13.4613 1 34.7599
      vertex 13.3924 0 34.7522
      vertex 13.3924 1 34.7522
    endloop
  endfacet
  facet normal 0.195824 0 -0.980639
    outer loop
      vertex 13.3278 0 34.7393
      vertex 13.3924 1 34.7522
      vertex 13.3924 0 34.7522
    endloop
  endfacet
  facet normal 0.195824 0 -0.980639
    outer loop
      vertex 13.3924 1 34.7522
      vertex 13.3278 0 34.7393
      vertex 13.3278 1 34.7393
    endloop
  endfacet
  facet normal 0.284142 0 -0.958782
    outer loop
      vertex 13.2674 0 34.7214
      vertex 13.3278 1 34.7393
      vertex 13.3278 0 34.7393
    endloop
  endfacet
  facet normal 0.284142 0 -0.958782
    outer loop
      vertex 13.3278 1 34.7393
      vertex 13.2674 0 34.7214
      vertex 13.2674 1 34.7214
    endloop
  endfacet
  facet normal 0.38075 0 -0.924678
    outer loop
      vertex 13.2113 0 34.6983
      vertex 13.2674 1 34.7214
      vertex 13.2674 0 34.7214
    endloop
  endfacet
  facet normal 0.38075 0 -0.924678
    outer loop
      vertex 13.2674 1 34.7214
      vertex 13.2113 0 34.6983
      vertex 13.2113 1 34.6983
    endloop
  endfacet
  facet normal 0.479446 0 -0.877572
    outer loop
      vertex 13.1595 0 34.67
      vertex 13.2113 1 34.6983
      vertex 13.2113 0 34.6983
    endloop
  endfacet
  facet normal 0.479446 0 -0.877572
    outer loop
      vertex 13.2113 1 34.6983
      vertex 13.1595 0 34.67
      vertex 13.1595 1 34.67
    endloop
  endfacet
  facet normal 0.573231 0 -0.819394
    outer loop
      vertex 13.1119 0 34.6367
      vertex 13.1595 1 34.67
      vertex 13.1595 0 34.67
    endloop
  endfacet
  facet normal 0.573231 0 -0.819394
    outer loop
      vertex 13.1595 1 34.67
      vertex 13.1119 0 34.6367
      vertex 13.1119 1 34.6367
    endloop
  endfacet
  facet normal 0.66791 0 -0.744242
    outer loop
      vertex 13.069 0 34.5982
      vertex 13.1119 1 34.6367
      vertex 13.1119 0 34.6367
    endloop
  endfacet
  facet normal 0.66791 0 -0.744242
    outer loop
      vertex 13.1119 1 34.6367
      vertex 13.069 0 34.5982
      vertex 13.069 1 34.5982
    endloop
  endfacet
  facet normal 0.753751 0 -0.65716
    outer loop
      vertex 13.069 0 34.5982
      vertex 13.0309 1 34.5545
      vertex 13.069 1 34.5982
    endloop
  endfacet
  facet normal 0.753751 0 -0.65716
    outer loop
      vertex 13.0309 1 34.5545
      vertex 13.069 0 34.5982
      vertex 13.0309 0 34.5545
    endloop
  endfacet
  facet normal 0.828376 0 -0.560172
    outer loop
      vertex 13.0309 0 34.5545
      vertex 12.9979 1 34.5057
      vertex 13.0309 1 34.5545
    endloop
  endfacet
  facet normal 0.828376 0 -0.560172
    outer loop
      vertex 12.9979 1 34.5057
      vertex 13.0309 0 34.5545
      vertex 12.9979 0 34.5057
    endloop
  endfacet
  facet normal 0.886057 0 -0.463577
    outer loop
      vertex 12.9979 0 34.5057
      vertex 12.9697 1 34.4518
      vertex 12.9979 1 34.5057
    endloop
  endfacet
  facet normal 0.886057 0 -0.463577
    outer loop
      vertex 12.9697 1 34.4518
      vertex 12.9979 0 34.5057
      vertex 12.9697 0 34.4518
    endloop
  endfacet
  facet normal 0.930636 0 -0.365945
    outer loop
      vertex 12.9697 0 34.4518
      vertex 12.9465 1 34.3928
      vertex 12.9697 1 34.4518
    endloop
  endfacet
  facet normal 0.930636 0 -0.365945
    outer loop
      vertex 12.9465 1 34.3928
      vertex 12.9697 0 34.4518
      vertex 12.9465 0 34.3928
    endloop
  endfacet
  facet normal 0.961693 0 -0.274128
    outer loop
      vertex 12.9465 0 34.3928
      vertex 12.9282 1 34.3286
      vertex 12.9465 1 34.3928
    endloop
  endfacet
  facet normal 0.961693 0 -0.274128
    outer loop
      vertex 12.9282 1 34.3286
      vertex 12.9465 0 34.3928
      vertex 12.9282 0 34.3286
    endloop
  endfacet
  facet normal 0.982077 0 -0.188479
    outer loop
      vertex 12.9282 0 34.3286
      vertex 12.9149 1 34.2593
      vertex 12.9282 1 34.3286
    endloop
  endfacet
  facet normal 0.982077 0 -0.188479
    outer loop
      vertex 12.9149 1 34.2593
      vertex 12.9282 0 34.3286
      vertex 12.9149 0 34.2593
    endloop
  endfacet
  facet normal 0 0 -1
    outer loop
      vertex 12.8592 0 34.2593
      vertex 12.9149 1 34.2593
      vertex 12.9149 0 34.2593
    endloop
  endfacet
  facet normal -0 0 -1
    outer loop
      vertex 12.9149 1 34.2593
      vertex 12.8592 0 34.2593
      vertex 12.8592 1 34.2593
    endloop
  endfacet
  facet normal -0.983163 0 -0.182728
    outer loop
      vertex 12.8592 0 34.2593
      vertex 12.7701 1 34.7387
      vertex 12.8592 1 34.2593
    endloop
  endfacet
  facet normal -0.983163 -0 -0.182728
    outer loop
      vertex 12.7701 1 34.7387
      vertex 12.8592 0 34.2593
      vertex 12.7701 0 34.7387
    endloop
  endfacet
  facet normal 0.0430041 0 -0.999075
    outer loop
      vertex 12.2195 0 34.715
      vertex 12.7701 1 34.7387
      vertex 12.7701 0 34.7387
    endloop
  endfacet
  facet normal 0.0430041 0 -0.999075
    outer loop
      vertex 12.7701 1 34.7387
      vertex 12.2195 0 34.715
      vertex 12.2195 1 34.715
    endloop
  endfacet
  facet normal 1 -0 0
    outer loop
      vertex 12.2195 0 34.715
      vertex 12.2195 1 31.1548
      vertex 12.2195 1 34.715
    endloop
  endfacet
  facet normal 1 0 0
    outer loop
      vertex 12.2195 1 31.1548
      vertex 12.2195 0 34.715
      vertex 12.2195 0 31.1548
    endloop
  endfacet
  facet normal -0 0 1
    outer loop
      vertex 12.2195 1 31.1548
      vertex 12.8627 0 31.1548
      vertex 12.8627 1 31.1548
    endloop
  endfacet
  facet normal 0 0 1
    outer loop
      vertex 12.8627 0 31.1548
      vertex 12.2195 1 31.1548
      vertex 12.2195 0 31.1548
    endloop
  endfacet
  facet normal -1 0 0
    outer loop
      vertex 12.8627 0 31.1548
      vertex 12.8627 1 32.6549
      vertex 12.8627 1 31.1548
    endloop
  endfacet
  facet normal -1 -0 0
    outer loop
      vertex 12.8627 1 32.6549
      vertex 12.8627 0 31.1548
      vertex 12.8627 0 32.6549
    endloop
  endfacet
  facet normal -0 0 1
    outer loop
      vertex 12.8627 1 32.6549
      vertex 12.9244 0 32.6549
      vertex 12.9244 1 32.6549
    endloop
  endfacet
  facet normal 0 0 1
    outer loop
      vertex 12.9244 0 32.6549
      vertex 12.8627 1 32.6549
      vertex 12.8627 0 32.6549
    endloop
  endfacet
  facet normal 0.979765 -0 0.200152
    outer loop
      vertex 12.9244 0 32.6549
      vertex 12.9387 1 32.5849
      vertex 12.9244 1 32.6549
    endloop
  endfacet
  facet normal 0.979765 0 0.200152
    outer loop
      vertex 12.9387 1 32.5849
      vertex 12.9244 0 32.6549
      vertex 12.9387 0 32.5849
    endloop
  endfacet
  facet normal 0.961748 -0 0.273935
    outer loop
      vertex 12.9387 0 32.5849
      vertex 12.9571 1 32.5203
      vertex 12.9387 1 32.5849
    endloop
  endfacet
  facet normal 0.961748 0 0.273935
    outer loop
      vertex 12.9571 1 32.5203
      vertex 12.9387 0 32.5849
      vertex 12.9571 0 32.5203
    endloop
  endfacet
  facet normal 0.934961 -0 0.354749
    outer loop
      vertex 12.9571 0 32.5203
      vertex 12.9796 1 32.461
      vertex 12.9571 1 32.5203
    endloop
  endfacet
  facet normal 0.934961 0 0.354749
    outer loop
      vertex 12.9796 1 32.461
      vertex 12.9571 0 32.5203
      vertex 12.9796 0 32.461
    endloop
  endfacet
  facet normal 0.897393 -0 0.441232
    outer loop
      vertex 12.9796 0 32.461
      vertex 13.0062 1 32.4069
      vertex 12.9796 1 32.461
    endloop
  endfacet
  facet normal 0.897393 0 0.441232
    outer loop
      vertex 13.0062 1 32.4069
      vertex 12.9796 0 32.461
      vertex 13.0062 0 32.4069
    endloop
  endfacet
  facet normal 0.846436 -0 0.532491
    outer loop
      vertex 13.0062 0 32.4069
      vertex 13.0369 1 32.3581
      vertex 13.0062 1 32.4069
    endloop
  endfacet
  facet normal 0.846436 0 0.532491
    outer loop
      vertex 13.0369 1 32.3581
      vertex 13.0062 0 32.4069
      vertex 13.0369 0 32.3581
    endloop
  endfacet
  facet normal 0.779993 -0 0.625788
    outer loop
      vertex 13.0369 0 32.3581
      vertex 13.0718 1 32.3146
      vertex 13.0369 1 32.3581
    endloop
  endfacet
  facet normal 0.779993 0 0.625788
    outer loop
      vertex 13.0718 1 32.3146
      vertex 13.0369 0 32.3581
      vertex 13.0718 0 32.3146
    endloop
  endfacet
  facet normal 0.700675 0 0.713481
    outer loop
      vertex 13.0718 1 32.3146
      vertex 13.1108 0 32.2763
      vertex 13.1108 1 32.2763
    endloop
  endfacet
  facet normal 0.700675 0 0.713481
    outer loop
      vertex 13.1108 0 32.2763
      vertex 13.0718 1 32.3146
      vertex 13.0718 0 32.3146
    endloop
  endfacet
  facet normal 0.603787 0 0.797145
    outer loop
      vertex 13.1108 1 32.2763
      vertex 13.1545 0 32.2432
      vertex 13.1545 1 32.2432
    endloop
  endfacet
  facet normal 0.603787 0 0.797145
    outer loop
      vertex 13.1545 0 32.2432
      vertex 13.1108 1 32.2763
      vertex 13.1108 0 32.2763
    endloop
  endfacet
  facet normal 0.494801 0 0.869006
    outer loop
      vertex 13.1545 1 32.2432
      vertex 13.2035 0 32.2153
      vertex 13.2035 1 32.2153
    endloop
  endfacet
  facet normal 0.494801 0 0.869006
    outer loop
      vertex 13.2035 0 32.2153
      vertex 13.1545 1 32.2432
      vertex 13.1545 0 32.2432
    endloop
  endfacet
  facet normal 0.387376 0 0.921922
    outer loop
      vertex 13.2035 1 32.2153
      vertex 13.258 0 32.1924
      vertex 13.258 1 32.1924
    endloop
  endfacet
  facet normal 0.387376 0 0.921922
    outer loop
      vertex 13.258 0 32.1924
      vertex 13.2035 1 32.2153
      vertex 13.2035 0 32.2153
    endloop
  endfacet
  facet normal 0.285289 0 0.958442
    outer loop
      vertex 13.258 1 32.1924
      vertex 13.3178 0 32.1746
      vertex 13.3178 1 32.1746
    endloop
  endfacet
  facet normal 0.285289 0 0.958442
    outer loop
      vertex 13.3178 0 32.1746
      vertex 13.258 1 32.1924
      vertex 13.258 0 32.1924
    endloop
  endfacet
  facet normal 0.192358 0 0.981325
    outer loop
      vertex 13.3178 1 32.1746
      vertex 13.3831 0 32.1618
      vertex 13.3831 1 32.1618
    endloop
  endfacet
  facet normal 0.192358 0 0.981325
    outer loop
      vertex 13.3831 0 32.1618
      vertex 13.3178 1 32.1746
      vertex 13.3178 0 32.1746
    endloop
  endfacet
  facet normal 0.10703 0 0.994256
    outer loop
      vertex 13.3831 1 32.1618
      vertex 13.4537 0 32.1542
      vertex 13.4537 1 32.1542
    endloop
  endfacet
  facet normal 0.10703 0 0.994256
    outer loop
      vertex 13.4537 0 32.1542
      vertex 13.3831 1 32.1618
      vertex 13.3831 0 32.1618
    endloop
  endfacet
  facet normal 0.0329202 0 0.999458
    outer loop
      vertex 13.4537 1 32.1542
      vertex 13.5296 0 32.1517
      vertex 13.5296 1 32.1517
    endloop
  endfacet
  facet normal 0.0329202 0 0.999458
    outer loop
      vertex 13.5296 0 32.1517
      vertex 13.4537 1 32.1542
      vertex 13.4537 0 32.1542
    endloop
  endfacet
  facet normal -0.0527595 0 0.998607
    outer loop
      vertex 13.5296 1 32.1517
      vertex 13.6602 0 32.1586
      vertex 13.6602 1 32.1586
    endloop
  endfacet
  facet normal -0.0527595 0 0.998607
    outer loop
      vertex 13.6602 0 32.1586
      vertex 13.5296 1 32.1517
      vertex 13.5296 0 32.1517
    endloop
  endfacet
  facet normal -0.169636 0 0.985507
    outer loop
      vertex 13.6602 1 32.1586
      vertex 13.7822 0 32.1796
      vertex 13.7822 1 32.1796
    endloop
  endfacet
  facet normal -0.169636 0 0.985507
    outer loop
      vertex 13.7822 0 32.1796
      vertex 13.6602 1 32.1586
      vertex 13.6602 0 32.1586
    endloop
  endfacet
  facet normal -0.293612 0 0.955925
    outer loop
      vertex 13.7822 1 32.1796
      vertex 13.8955 0 32.2144
      vertex 13.8955 1 32.2144
    endloop
  endfacet
  facet normal -0.293612 0 0.955925
    outer loop
      vertex 13.8955 0 32.2144
      vertex 13.7822 1 32.1796
      vertex 13.7822 0 32.1796
    endloop
  endfacet
  facet normal -0.423502 0 0.905895
    outer loop
      vertex 13.8955 1 32.2144
      vertex 14.0001 0 32.2633
      vertex 14.0001 1 32.2633
    endloop
  endfacet
  facet normal -0.423502 0 0.905895
    outer loop
      vertex 14.0001 0 32.2633
      vertex 13.8955 1 32.2144
      vertex 13.8955 0 32.2144
    endloop
  endfacet
  facet normal -0.547226 0 0.836985
    outer loop
      vertex 14.0001 1 32.2633
      vertex 14.096 0 32.326
      vertex 14.096 1 32.326
    endloop
  endfacet
  facet normal -0.547226 0 0.836985
    outer loop
      vertex 14.096 0 32.326
      vertex 14.0001 1 32.2633
      vertex 14.0001 0 32.2633
    endloop
  endfacet
  facet normal -0.660512 0 0.750816
    outer loop
      vertex 14.096 1 32.326
      vertex 14.1833 0 32.4028
      vertex 14.1833 1 32.4028
    endloop
  endfacet
  facet normal -0.660512 0 0.750816
    outer loop
      vertex 14.1833 0 32.4028
      vertex 14.096 1 32.326
      vertex 14.096 0 32.326
    endloop
  endfacet
  facet normal -0.755717 0 0.654899
    outer loop
      vertex 14.1833 0 32.4028
      vertex 14.2619 1 32.4935
      vertex 14.1833 1 32.4028
    endloop
  endfacet
  facet normal -0.755717 0 0.654899
    outer loop
      vertex 14.2619 1 32.4935
      vertex 14.1833 0 32.4028
      vertex 14.2619 0 32.4935
    endloop
  endfacet
  facet normal -0.832174 0 0.554514
    outer loop
      vertex 14.2619 0 32.4935
      vertex 14.3308 1 32.5969
      vertex 14.2619 1 32.4935
    endloop
  endfacet
  facet normal -0.832174 0 0.554514
    outer loop
      vertex 14.3308 1 32.5969
      vertex 14.2619 0 32.4935
      vertex 14.3308 0 32.5969
    endloop
  endfacet
  facet normal -0.891459 0 0.4531
    outer loop
      vertex 14.3308 0 32.5969
      vertex 14.3892 1 32.7118
      vertex 14.3308 1 32.5969
    endloop
  endfacet
  facet normal -0.891459 0 0.4531
    outer loop
      vertex 14.3892 1 32.7118
      vertex 14.3308 0 32.5969
      vertex 14.3892 0 32.7118
    endloop
  endfacet
  facet normal -0.935689 0 0.352825
    outer loop
      vertex 14.3892 0 32.7118
      vertex 14.4369 1 32.8383
      vertex 14.3892 1 32.7118
    endloop
  endfacet
  facet normal -0.935689 0 0.352825
    outer loop
      vertex 14.4369 1 32.8383
      vertex 14.3892 0 32.7118
      vertex 14.4369 0 32.8383
    endloop
  endfacet
  facet normal -0.96571 0 0.259622
    outer loop
      vertex 14.4369 0 32.8383
      vertex 14.474 1 32.9763
      vertex 14.4369 1 32.8383
    endloop
  endfacet
  facet normal -0.96571 0 0.259622
    outer loop
      vertex 14.474 1 32.9763
      vertex 14.4369 0 32.8383
      vertex 14.474 0 32.9763
    endloop
  endfacet
  facet normal -0.984651 0 0.174537
    outer loop
      vertex 14.474 0 32.9763
      vertex 14.5005 1 33.1258
      vertex 14.474 1 32.9763
    endloop
  endfacet
  facet normal -0.984651 0 0.174537
    outer loop
      vertex 14.5005 1 33.1258
      vertex 14.474 0 32.9763
      vertex 14.5005 0 33.1258
    endloop
  endfacet
  facet normal -0.995159 0 0.0982797
    outer loop
      vertex 14.5005 0 33.1258
      vertex 14.5164 1 33.2868
      vertex 14.5005 1 33.1258
    endloop
  endfacet
  facet normal -0.995159 0 0.0982797
    outer loop
      vertex 14.5164 1 33.2868
      vertex 14.5005 0 33.1258
      vertex 14.5164 0 33.2868
    endloop
  endfacet
  facet normal -0.999529 0 0.0306924
    outer loop
      vertex 14.5164 0 33.2868
      vertex 14.5217 1 33.4594
      vertex 14.5164 1 33.2868
    endloop
  endfacet
  facet normal -0.999529 0 0.0306924
    outer loop
      vertex 14.5217 1 33.4594
      vertex 14.5164 0 33.2868
      vertex 14.5217 0 33.4594
    endloop
  endfacet
  facet normal -0.999535 0 -0.0304807
    outer loop
      vertex 14.5217 0 33.4594
      vertex 14.5164 1 33.6332
      vertex 14.5217 1 33.4594
    endloop
  endfacet
  facet normal -0.999535 -0 -0.0304807
    outer loop
      vertex 14.5164 1 33.6332
      vertex 14.5217 0 33.4594
      vertex 14.5164 0 33.6332
    endloop
  endfacet
  facet normal -0.995206 0 -0.0977984
    outer loop
      vertex 14.5164 0 33.6332
      vertex 14.5005 1 33.795
      vertex 14.5164 1 33.6332
    endloop
  endfacet
  facet normal -0.995206 -0 -0.0977984
    outer loop
      vertex 14.5005 1 33.795
      vertex 14.5164 0 33.6332
      vertex 14.5005 0 33.795
    endloop
  endfacet
  facet normal -0.984731 0 -0.174085
    outer loop
      vertex 14.5005 0 33.795
      vertex 14.474 1 33.9449
      vertex 14.5005 1 33.795
    endloop
  endfacet
  facet normal -0.984731 -0 -0.174085
    outer loop
      vertex 14.474 1 33.9449
      vertex 14.5005 0 33.795
      vertex 14.474 0 33.9449
    endloop
  endfacet
  facet normal -0.96571 0 -0.259622
    outer loop
      vertex 14.474 0 33.9449
      vertex 14.4369 1 34.0829
      vertex 14.474 1 33.9449
    endloop
  endfacet
  facet normal -0.96571 -0 -0.259622
    outer loop
      vertex 14.4369 1 34.0829
      vertex 14.474 0 33.9449
      vertex 14.4369 0 34.0829
    endloop
  endfacet
  facet normal -0.935319 0 -0.353804
    outer loop
      vertex 14.4369 0 34.0829
      vertex 14.3892 1 34.209
      vertex 14.4369 1 34.0829
    endloop
  endfacet
  facet normal -0.935319 -0 -0.353804
    outer loop
      vertex 14.3892 1 34.209
      vertex 14.4369 0 34.0829
      vertex 14.3892 0 34.209
    endloop
  endfacet
  facet normal -0.890336 0 -0.455303
    outer loop
      vertex 14.3892 0 34.209
      vertex 14.3308 1 34.3232
      vertex 14.3892 1 34.209
    endloop
  endfacet
  facet normal -0.890336 -0 -0.455303
    outer loop
      vertex 14.3308 1 34.3232
      vertex 14.3892 0 34.209
      vertex 14.3308 0 34.3232
    endloop
  endfacet
  facet normal -0.829168 0 -0.558999
    outer loop
      vertex 14.3308 0 34.3232
      vertex 14.2619 1 34.4254
      vertex 14.3308 1 34.3232
    endloop
  endfacet
  facet normal -0.829168 -0 -0.558999
    outer loop
      vertex 14.2619 1 34.4254
      vertex 14.3308 0 34.3232
      vertex 14.2619 0 34.4254
    endloop
  endfacet
  facet normal -0.75143 0 -0.659813
    outer loop
      vertex 14.2619 0 34.4254
      vertex 14.1834 1 34.5148
      vertex 14.2619 1 34.4254
    endloop
  endfacet
  facet normal -0.75143 -0 -0.659813
    outer loop
      vertex 14.1834 1 34.5148
      vertex 14.2619 0 34.4254
      vertex 14.1834 0 34.5148
    endloop
  endfacet
  facet normal -0.656415 0 -0.7544
    outer loop
      vertex 14.0964 0 34.5905
      vertex 14.1834 1 34.5148
      vertex 14.1834 0 34.5148
    endloop
  endfacet
  facet normal -0.656415 0 -0.7544
    outer loop
      vertex 14.1834 1 34.5148
      vertex 14.0964 0 34.5905
      vertex 14.0964 1 34.5905
    endloop
  endfacet
  facet normal -0.543907 0 -0.839146
    outer loop
      vertex 14.0009 0 34.6524
      vertex 14.0964 1 34.5905
      vertex 14.0964 0 34.5905
    endloop
  endfacet
  facet normal -0.543907 0 -0.839146
    outer loop
      vertex 14.0964 1 34.5905
      vertex 14.0009 0 34.6524
      vertex 14.0009 1 34.6524
    endloop
  endfacet
  facet normal -0.42011 0 -0.907473
    outer loop
      vertex 13.897 0 34.7005
      vertex 14.0009 1 34.6524
      vertex 14.0009 0 34.6524
    endloop
  endfacet
  facet normal -0.42011 0 -0.907473
    outer loop
      vertex 14.0009 1 34.6524
      vertex 13.897 0 34.7005
      vertex 13.897 1 34.7005
    endloop
  endfacet
  facet normal -0.292651 0 -0.956219
    outer loop
      vertex 13.7846 0 34.7349
      vertex 13.897 1 34.7005
      vertex 13.897 0 34.7005
    endloop
  endfacet
  facet normal -0.292651 0 -0.956219
    outer loop
      vertex 13.897 1 34.7005
      vertex 13.7846 0 34.7349
      vertex 13.7846 1 34.7349
    endloop
  endfacet
  facet normal -0.16876 0 -0.985657
    outer loop
      vertex 13.6637 0 34.7556
      vertex 13.7846 1 34.7349
      vertex 13.7846 0 34.7349
    endloop
  endfacet
  facet normal -0.16876 0 -0.985657
    outer loop
      vertex 13.7846 1 34.7349
      vertex 13.6637 0 34.7556
      vertex 13.6637 1 34.7556
    endloop
  endfacet
  facet normal -0.0532884 0 -0.998579
    outer loop
      vertex 13.5344 0 34.7625
      vertex 13.6637 1 34.7556
      vertex 13.6637 0 34.7556
    endloop
  endfacet
  facet normal -0.0532884 0 -0.998579
    outer loop
      vertex 13.6637 1 34.7556
      vertex 13.5344 0 34.7625
      vertex 13.5344 1 34.7625
    endloop
  endfacet
  facet normal 0.0355452 0 -0.999368
    outer loop
      vertex 13.4613 0 34.7599
      vertex 13.5344 1 34.7625
      vertex 13.5344 0 34.7625
    endloop
  endfacet
  facet normal 0.0355452 0 -0.999368
    outer loop
      vertex 13.5344 1 34.7625
      vertex 13.4613 0 34.7599
      vertex 13.4613 1 34.7599
    endloop
  endfacet
  facet normal -0.991554 0 0.129692
    outer loop
      vertex 12.8715 0 33.652
      vertex 12.8825 1 33.7361
      vertex 12.8715 1 33.652
    endloop
  endfacet
  facet normal -0.991554 0 0.129692
    outer loop
      vertex 12.8825 1 33.7361
      vertex 12.8715 0 33.652
      vertex 12.8825 0 33.7361
    endloop
  endfacet
  facet normal -0.97983 0 0.199834
    outer loop
      vertex 12.8825 0 33.7361
      vertex 12.898 1 33.8121
      vertex 12.8825 1 33.7361
    endloop
  endfacet
  facet normal -0.97983 0 0.199834
    outer loop
      vertex 12.898 1 33.8121
      vertex 12.8825 0 33.7361
      vertex 12.898 0 33.8121
    endloop
  endfacet
  facet normal -0.959905 0 0.280326
    outer loop
      vertex 12.898 0 33.8121
      vertex 12.9178 1 33.8799
      vertex 12.898 1 33.8121
    endloop
  endfacet
  facet normal -0.959905 0 0.280326
    outer loop
      vertex 12.9178 1 33.8799
      vertex 12.898 0 33.8121
      vertex 12.9178 0 33.8799
    endloop
  endfacet
  facet normal -0.925992 0 0.377544
    outer loop
      vertex 12.9178 0 33.8799
      vertex 12.9421 1 33.9395
      vertex 12.9178 1 33.8799
    endloop
  endfacet
  facet normal -0.925992 0 0.377544
    outer loop
      vertex 12.9421 1 33.9395
      vertex 12.9178 0 33.8799
      vertex 12.9421 0 33.9395
    endloop
  endfacet
  facet normal -0.874637 0 0.484779
    outer loop
      vertex 12.9421 0 33.9395
      vertex 12.9707 1 33.9911
      vertex 12.9421 1 33.9395
    endloop
  endfacet
  facet normal -0.874637 0 0.484779
    outer loop
      vertex 12.9707 1 33.9911
      vertex 12.9421 0 33.9395
      vertex 12.9707 0 33.9911
    endloop
  endfacet
  facet normal -0.789352 0 0.613941
    outer loop
      vertex 12.9707 0 33.9911
      vertex 13.005 1 34.0352
      vertex 12.9707 1 33.9911
    endloop
  endfacet
  facet normal -0.789352 0 0.613941
    outer loop
      vertex 13.005 1 34.0352
      vertex 12.9707 0 33.9911
      vertex 13.005 0 34.0352
    endloop
  endfacet
  facet normal -0.672045 0 0.74051
    outer loop
      vertex 13.005 1 34.0352
      vertex 13.0461 0 34.0725
      vertex 13.0461 1 34.0725
    endloop
  endfacet
  facet normal -0.672045 0 0.74051
    outer loop
      vertex 13.0461 0 34.0725
      vertex 13.005 1 34.0352
      vertex 13.005 0 34.0352
    endloop
  endfacet
  facet normal -0.537103 0 0.843516
    outer loop
      vertex 13.0461 1 34.0725
      vertex 13.094 0 34.103
      vertex 13.094 1 34.103
    endloop
  endfacet
  facet normal -0.537103 0 0.843516
    outer loop
      vertex 13.094 0 34.103
      vertex 13.0461 1 34.0725
      vertex 13.0461 0 34.0725
    endloop
  endfacet
  facet normal -0.396949 0 0.917841
    outer loop
      vertex 13.094 1 34.103
      vertex 13.1488 0 34.1267
      vertex 13.1488 1 34.1267
    endloop
  endfacet
  facet normal -0.396949 0 0.917841
    outer loop
      vertex 13.1488 0 34.1267
      vertex 13.094 1 34.103
      vertex 13.094 0 34.103
    endloop
  endfacet
  facet normal -0.266431 0 0.963854
    outer loop
      vertex 13.1488 1 34.1267
      vertex 13.2103 0 34.1437
      vertex 13.2103 1 34.1437
    endloop
  endfacet
  facet normal -0.266431 0 0.963854
    outer loop
      vertex 13.2103 0 34.1437
      vertex 13.1488 1 34.1267
      vertex 13.1488 0 34.1267
    endloop
  endfacet
  facet normal -0.145868 0 0.989304
    outer loop
      vertex 13.2103 1 34.1437
      vertex 13.2788 0 34.1538
      vertex 13.2788 1 34.1538
    endloop
  endfacet
  facet normal -0.145868 0 0.989304
    outer loop
      vertex 13.2788 0 34.1538
      vertex 13.2103 1 34.1437
      vertex 13.2103 0 34.1437
    endloop
  endfacet
  facet normal -0.0451666 0 0.998979
    outer loop
      vertex 13.2788 1 34.1538
      vertex 13.354 0 34.1572
      vertex 13.354 1 34.1572
    endloop
  endfacet
  facet normal -0.0451666 0 0.998979
    outer loop
      vertex 13.354 0 34.1572
      vertex 13.2788 1 34.1538
      vertex 13.2788 0 34.1538
    endloop
  endfacet
  facet normal 0.0538141 0 0.998551
    outer loop
      vertex 13.354 1 34.1572
      vertex 13.4208 0 34.1536
      vertex 13.4208 1 34.1536
    endloop
  endfacet
  facet normal 0.0538141 0 0.998551
    outer loop
      vertex 13.4208 0 34.1536
      vertex 13.354 1 34.1572
      vertex 13.354 0 34.1572
    endloop
  endfacet
  facet normal 0.170067 0 0.985433
    outer loop
      vertex 13.4208 1 34.1536
      vertex 13.4828 0 34.1429
      vertex 13.4828 1 34.1429
    endloop
  endfacet
  facet normal 0.170067 0 0.985433
    outer loop
      vertex 13.4828 0 34.1429
      vertex 13.4208 1 34.1536
      vertex 13.4208 0 34.1536
    endloop
  endfacet
  facet normal 0.299131 0 0.954212
    outer loop
      vertex 13.4828 1 34.1429
      vertex 13.5399 0 34.125
      vertex 13.5399 1 34.125
    endloop
  endfacet
  facet normal 0.299131 0 0.954212
    outer loop
      vertex 13.5399 0 34.125
      vertex 13.4828 1 34.1429
      vertex 13.4828 0 34.1429
    endloop
  endfacet
  facet normal 0.432004 0 0.901872
    outer loop
      vertex 13.5399 1 34.125
      vertex 13.5923 0 34.0999
      vertex 13.5923 1 34.0999
    endloop
  endfacet
  facet normal 0.432004 0 0.901872
    outer loop
      vertex 13.5923 0 34.0999
      vertex 13.5399 1 34.125
      vertex 13.5399 0 34.125
    endloop
  endfacet
  facet normal 0.561501 0 0.827476
    outer loop
      vertex 13.5923 1 34.0999
      vertex 13.6399 0 34.0676
      vertex 13.6399 1 34.0676
    endloop
  endfacet
  facet normal 0.561501 0 0.827476
    outer loop
      vertex 13.6399 0 34.0676
      vertex 13.5923 1 34.0999
      vertex 13.5923 0 34.0999
    endloop
  endfacet
  facet normal 0.67728 0 0.735725
    outer loop
      vertex 13.6399 1 34.0676
      vertex 13.6827 0 34.0282
      vertex 13.6827 1 34.0282
    endloop
  endfacet
  facet normal 0.67728 0 0.735725
    outer loop
      vertex 13.6827 0 34.0282
      vertex 13.6399 1 34.0676
      vertex 13.6399 0 34.0676
    endloop
  endfacet
  facet normal 0.774994 -0 0.631969
    outer loop
      vertex 13.6827 0 34.0282
      vertex 13.7207 1 33.9816
      vertex 13.6827 1 34.0282
    endloop
  endfacet
  facet normal 0.774994 0 0.631969
    outer loop
      vertex 13.7207 1 33.9816
      vertex 13.6827 0 34.0282
      vertex 13.7207 0 33.9816
    endloop
  endfacet
  facet normal 0.851985 -0 0.523566
    outer loop
      vertex 13.7207 0 33.9816
      vertex 13.7537 1 33.9279
      vertex 13.7207 1 33.9816
    endloop
  endfacet
  facet normal 0.851985 0 0.523566
    outer loop
      vertex 13.7537 1 33.9279
      vertex 13.7207 0 33.9816
      vertex 13.7537 0 33.9279
    endloop
  endfacet
  facet normal 0.907784 -0 0.419438
    outer loop
      vertex 13.7537 0 33.9279
      vertex 13.7817 1 33.8673
      vertex 13.7537 1 33.9279
    endloop
  endfacet
  facet normal 0.907784 0 0.419438
    outer loop
      vertex 13.7817 1 33.8673
      vertex 13.7537 0 33.9279
      vertex 13.7817 0 33.8673
    endloop
  endfacet
  facet normal 0.947131 -0 0.320848
    outer loop
      vertex 13.7817 0 33.8673
      vertex 13.8046 1 33.7997
      vertex 13.7817 1 33.8673
    endloop
  endfacet
  facet normal 0.947131 0 0.320848
    outer loop
      vertex 13.8046 1 33.7997
      vertex 13.7817 0 33.8673
      vertex 13.8046 0 33.7997
    endloop
  endfacet
  facet normal 0.972694 -0 0.232091
    outer loop
      vertex 13.8046 0 33.7997
      vertex 13.8224 1 33.7251
      vertex 13.8046 1 33.7997
    endloop
  endfacet
  facet normal 0.972694 0 0.232091
    outer loop
      vertex 13.8224 1 33.7251
      vertex 13.8046 0 33.7997
      vertex 13.8224 0 33.7251
    endloop
  endfacet
  facet normal 0.988104 -0 0.153786
    outer loop
      vertex 13.8224 0 33.7251
      vertex 13.8351 1 33.6435
      vertex 13.8224 1 33.7251
    endloop
  endfacet
  facet normal 0.988104 0 0.153786
    outer loop
      vertex 13.8351 1 33.6435
      vertex 13.8224 0 33.7251
      vertex 13.8351 0 33.6435
    endloop
  endfacet
  facet normal 0.996236 -0 0.0866782
    outer loop
      vertex 13.8351 0 33.6435
      vertex 13.8428 1 33.555
      vertex 13.8351 1 33.6435
    endloop
  endfacet
  facet normal 0.996236 0 0.0866782
    outer loop
      vertex 13.8428 1 33.555
      vertex 13.8351 0 33.6435
      vertex 13.8428 0 33.555
    endloop
  endfacet
  facet normal 0.999658 -0 0.0261417
    outer loop
      vertex 13.8428 0 33.555
      vertex 13.8453 1 33.4594
      vertex 13.8428 1 33.555
    endloop
  endfacet
  facet normal 0.999658 0 0.0261417
    outer loop
      vertex 13.8453 1 33.4594
      vertex 13.8428 0 33.555
      vertex 13.8453 0 33.4594
    endloop
  endfacet
  facet normal 0.999605 0 -0.028097
    outer loop
      vertex 13.8453 0 33.4594
      vertex 13.8427 1 33.3669
      vertex 13.8453 1 33.4594
    endloop
  endfacet
  facet normal 0.999605 0 -0.028097
    outer loop
      vertex 13.8427 1 33.3669
      vertex 13.8453 0 33.4594
      vertex 13.8427 0 33.3669
    endloop
  endfacet
  facet normal 0.995846 0 -0.0910553
    outer loop
      vertex 13.8427 0 33.3669
      vertex 13.8348 1 33.2805
      vertex 13.8427 1 33.3669
    endloop
  endfacet
  facet normal 0.995846 0 -0.0910553
    outer loop
      vertex 13.8348 1 33.2805
      vertex 13.8427 0 33.3669
      vertex 13.8348 0 33.2805
    endloop
  endfacet
  facet normal 0.987116 0 -0.160006
    outer loop
      vertex 13.8348 0 33.2805
      vertex 13.8218 1 33.2003
      vertex 13.8348 1 33.2805
    endloop
  endfacet
  facet normal 0.987116 0 -0.160006
    outer loop
      vertex 13.8218 1 33.2003
      vertex 13.8348 0 33.2805
      vertex 13.8218 0 33.2003
    endloop
  endfacet
  facet normal 0.970526 0 -0.240994
    outer loop
      vertex 13.8218 0 33.2003
      vertex 13.8034 1 33.1262
      vertex 13.8218 1 33.2003
    endloop
  endfacet
  facet normal 0.970526 0 -0.240994
    outer loop
      vertex 13.8034 1 33.1262
      vertex 13.8218 0 33.2003
      vertex 13.8034 0 33.1262
    endloop
  endfacet
  facet normal 0.945003 0 -0.327063
    outer loop
      vertex 13.8034 0 33.1262
      vertex 13.7799 1 33.0583
      vertex 13.8034 1 33.1262
    endloop
  endfacet
  facet normal 0.945003 0 -0.327063
    outer loop
      vertex 13.7799 1 33.0583
      vertex 13.8034 0 33.1262
      vertex 13.7799 0 33.0583
    endloop
  endfacet
  facet normal 0.906408 0 -0.422404
    outer loop
      vertex 13.7799 0 33.0583
      vertex 13.7511 1 32.9965
      vertex 13.7799 1 33.0583
    endloop
  endfacet
  facet normal 0.906408 0 -0.422404
    outer loop
      vertex 13.7511 1 32.9965
      vertex 13.7799 0 33.0583
      vertex 13.7511 0 32.9965
    endloop
  endfacet
  facet normal 0.85313 0 -0.521698
    outer loop
      vertex 13.7511 0 32.9965
      vertex 13.7171 1 32.9409
      vertex 13.7511 1 32.9965
    endloop
  endfacet
  facet normal 0.85313 0 -0.521698
    outer loop
      vertex 13.7171 1 32.9409
      vertex 13.7511 0 32.9965
      vertex 13.7171 0 32.9409
    endloop
  endfacet
  facet normal 0.782743 0 -0.622345
    outer loop
      vertex 13.7171 0 32.9409
      vertex 13.6783 1 32.8921
      vertex 13.7171 1 32.9409
    endloop
  endfacet
  facet normal 0.782743 0 -0.622345
    outer loop
      vertex 13.6783 1 32.8921
      vertex 13.7171 0 32.9409
      vertex 13.6783 0 32.8921
    endloop
  endfacet
  facet normal 0.691869 0 -0.722023
    outer loop
      vertex 13.6352 0 32.8508
      vertex 13.6783 1 32.8921
      vertex 13.6783 0 32.8921
    endloop
  endfacet
  facet normal 0.691869 0 -0.722023
    outer loop
      vertex 13.6783 1 32.8921
      vertex 13.6352 0 32.8508
      vertex 13.6352 1 32.8508
    endloop
  endfacet
  facet normal 0.579777 0 -0.814775
    outer loop
      vertex 13.5877 0 32.817
      vertex 13.6352 1 32.8508
      vertex 13.6352 0 32.8508
    endloop
  endfacet
  facet normal 0.579777 0 -0.814775
    outer loop
      vertex 13.6352 1 32.8508
      vertex 13.5877 0 32.817
      vertex 13.5877 1 32.817
    endloop
  endfacet
  facet normal 0.452019 0 -0.892008
    outer loop
      vertex 13.5358 0 32.7907
      vertex 13.5877 1 32.817
      vertex 13.5877 0 32.817
    endloop
  endfacet
  facet normal 0.452019 0 -0.892008
    outer loop
      vertex 13.5877 1 32.817
      vertex 13.5358 0 32.7907
      vertex 13.5358 1 32.7907
    endloop
  endfacet
  facet normal 0.315216 0 -0.94902
    outer loop
      vertex 13.4795 0 32.772
      vertex 13.5358 1 32.7907
      vertex 13.5358 0 32.7907
    endloop
  endfacet
  facet normal 0.315216 0 -0.94902
    outer loop
      vertex 13.5358 1 32.7907
      vertex 13.4795 0 32.772
      vertex 13.4795 1 32.772
    endloop
  endfacet
  facet normal 0.183602 0 -0.983001
    outer loop
      vertex 13.419 0 32.7607
      vertex 13.4795 1 32.772
      vertex 13.4795 0 32.772
    endloop
  endfacet
  facet normal 0.183602 0 -0.983001
    outer loop
      vertex 13.4795 1 32.772
      vertex 13.419 0 32.7607
      vertex 13.419 1 32.7607
    endloop
  endfacet
  facet normal 0.0583619 0 -0.998295
    outer loop
      vertex 13.354 0 32.7569
      vertex 13.419 1 32.7607
      vertex 13.419 0 32.7607
    endloop
  endfacet
  facet normal 0.0583619 0 -0.998295
    outer loop
      vertex 13.419 1 32.7607
      vertex 13.354 0 32.7569
      vertex 13.354 1 32.7569
    endloop
  endfacet
  facet normal -0.0514025 0 -0.998678
    outer loop
      vertex 13.286 0 32.7604
      vertex 13.354 1 32.7569
      vertex 13.354 0 32.7569
    endloop
  endfacet
  facet normal -0.0514025 0 -0.998678
    outer loop
      vertex 13.354 1 32.7569
      vertex 13.286 0 32.7604
      vertex 13.286 1 32.7604
    endloop
  endfacet
  facet normal -0.1616 0 -0.986856
    outer loop
      vertex 13.2231 0 32.7707
      vertex 13.286 1 32.7604
      vertex 13.286 0 32.7604
    endloop
  endfacet
  facet normal -0.1616 0 -0.986856
    outer loop
      vertex 13.286 1 32.7604
      vertex 13.2231 0 32.7707
      vertex 13.2231 1 32.7707
    endloop
  endfacet
  facet normal -0.285217 0 -0.958463
    outer loop
      vertex 13.1653 0 32.7879
      vertex 13.2231 1 32.7707
      vertex 13.2231 0 32.7707
    endloop
  endfacet
  facet normal -0.285217 0 -0.958463
    outer loop
      vertex 13.2231 1 32.7707
      vertex 13.1653 0 32.7879
      vertex 13.1653 1 32.7879
    endloop
  endfacet
  facet normal -0.415882 0 -0.909419
    outer loop
      vertex 13.1126 0 32.812
      vertex 13.1653 1 32.7879
      vertex 13.1653 0 32.7879
    endloop
  endfacet
  facet normal -0.415882 0 -0.909419
    outer loop
      vertex 13.1653 1 32.7879
      vertex 13.1126 0 32.812
      vertex 13.1126 1 32.812
    endloop
  endfacet
  facet normal -0.544493 0 -0.838766
    outer loop
      vertex 13.065 0 32.8429
      vertex 13.1126 1 32.812
      vertex 13.1126 0 32.812
    endloop
  endfacet
  facet normal -0.544493 0 -0.838766
    outer loop
      vertex 13.1126 1 32.812
      vertex 13.065 0 32.8429
      vertex 13.065 1 32.8429
    endloop
  endfacet
  facet normal -0.66469 0 -0.747119
    outer loop
      vertex 13.0224 0 32.8808
      vertex 13.065 1 32.8429
      vertex 13.065 0 32.8429
    endloop
  endfacet
  facet normal -0.66469 0 -0.747119
    outer loop
      vertex 13.065 1 32.8429
      vertex 13.0224 0 32.8808
      vertex 13.0224 1 32.8808
    endloop
  endfacet
  facet normal -0.766954 0 -0.641702
    outer loop
      vertex 13.0224 0 32.8808
      vertex 12.985 1 32.9255
      vertex 13.0224 1 32.8808
    endloop
  endfacet
  facet normal -0.766954 -0 -0.641702
    outer loop
      vertex 12.985 1 32.9255
      vertex 13.0224 0 32.8808
      vertex 12.985 0 32.9255
    endloop
  endfacet
  facet normal -0.848455 0 -0.529267
    outer loop
      vertex 12.985 0 32.9255
      vertex 12.9525 1 32.9776
      vertex 12.985 1 32.9255
    endloop
  endfacet
  facet normal -0.848455 -0 -0.529267
    outer loop
      vertex 12.9525 1 32.9776
      vertex 12.985 0 32.9255
      vertex 12.9525 0 32.9776
    endloop
  endfacet
  facet normal -0.910159 0 -0.414259
    outer loop
      vertex 12.9525 0 32.9776
      vertex 12.9251 1 33.0378
      vertex 12.9525 1 32.9776
    endloop
  endfacet
  facet normal -0.910159 -0 -0.414259
    outer loop
      vertex 12.9251 1 33.0378
      vertex 12.9525 0 32.9776
      vertex 12.9251 0 33.0378
    endloop
  endfacet
  facet normal -0.949654 0 -0.313302
    outer loop
      vertex 12.9251 0 33.0378
      vertex 12.9026 1 33.106
      vertex 12.9251 1 33.0378
    endloop
  endfacet
  facet normal -0.949654 -0 -0.313302
    outer loop
      vertex 12.9026 1 33.106
      vertex 12.9251 0 33.0378
      vertex 12.9026 0 33.106
    endloop
  endfacet
  facet normal -0.974969 0 -0.222339
    outer loop
      vertex 12.9026 0 33.106
      vertex 12.8852 1 33.1823
      vertex 12.9026 1 33.106
    endloop
  endfacet
  facet normal -0.974969 -0 -0.222339
    outer loop
      vertex 12.8852 1 33.1823
      vertex 12.9026 0 33.106
      vertex 12.8852 0 33.1823
    endloop
  endfacet
  facet normal -0.98921 0 -0.146506
    outer loop
      vertex 12.8852 0 33.1823
      vertex 12.8727 1 33.2667
      vertex 12.8852 1 33.1823
    endloop
  endfacet
  facet normal -0.98921 -0 -0.146506
    outer loop
      vertex 12.8727 1 33.2667
      vertex 12.8852 0 33.1823
      vertex 12.8727 0 33.2667
    endloop
  endfacet
  facet normal -0.996715 0 -0.0809898
    outer loop
      vertex 12.8727 0 33.2667
      vertex 12.8652 1 33.359
      vertex 12.8727 1 33.2667
    endloop
  endfacet
  facet normal -0.996715 -0 -0.0809898
    outer loop
      vertex 12.8652 1 33.359
      vertex 12.8727 0 33.2667
      vertex 12.8652 0 33.359
    endloop
  endfacet
  facet normal -0.99969 0 -0.0248927
    outer loop
      vertex 12.8652 0 33.359
      vertex 12.8627 1 33.4594
      vertex 12.8652 1 33.359
    endloop
  endfacet
  facet normal -0.99969 -0 -0.0248927
    outer loop
      vertex 12.8627 1 33.4594
      vertex 12.8652 0 33.359
      vertex 12.8627 0 33.4594
    endloop
  endfacet
  facet normal -0.99976 0 0.0219071
    outer loop
      vertex 12.8627 0 33.4594
      vertex 12.8649 1 33.5598
      vertex 12.8627 1 33.4594
    endloop
  endfacet
  facet normal -0.99976 0 0.0219071
    outer loop
      vertex 12.8649 1 33.5598
      vertex 12.8627 0 33.4594
      vertex 12.8649 0 33.5598
    endloop
  endfacet
  facet normal -0.997448 0 0.0714008
    outer loop
      vertex 12.8649 0 33.5598
      vertex 12.8715 1 33.652
      vertex 12.8649 1 33.5598
    endloop
  endfacet
  facet normal -0.997448 0 0.0714008
    outer loop
      vertex 12.8715 1 33.652
      vertex 12.8649 0 33.5598
      vertex 12.8715 0 33.652
    endloop
  endfacet
  facet normal -0 0 1
    outer loop
      vertex 17.7351 1 31.3447
      vertex 18.338 0 31.3447
      vertex 18.338 1 31.3447
    endloop
  endfacet
  facet normal 0 0 1
    outer loop
      vertex 18.338 0 31.3447
      vertex 17.7351 1 31.3447
      vertex 17.7351 0 31.3447
    endloop
  endfacet
  facet normal -1 0 0
    outer loop
      vertex 18.338 0 31.3447
      vertex 18.338 1 33.9792
      vertex 18.338 1 31.3447
    endloop
  endfacet
  facet normal -1 -0 0
    outer loop
      vertex 18.338 1 33.9792
      vertex 18.338 0 31.3447
      vertex 18.338 0 33.9792
    endloop
  endfacet
  facet normal -0 0 1
    outer loop
      vertex 18.338 1 33.9792
      vertex 18.4258 0 33.9792
      vertex 18.4258 1 33.9792
    endloop
  endfacet
  facet normal 0 0 1
    outer loop
      vertex 18.4258 0 33.9792
      vertex 18.338 1 33.9792
      vertex 18.338 0 33.9792
    endloop
  endfacet
  facet normal 0.975567 -0 0.219702
    outer loop
      vertex 18.4258 0 33.9792
      vertex 19.0191 1 31.3447
      vertex 18.4258 1 33.9792
    endloop
  endfacet
  facet normal 0.975567 0 0.219702
    outer loop
      vertex 19.0191 1 31.3447
      vertex 18.4258 0 33.9792
      vertex 19.0191 0 31.3447
    endloop
  endfacet
  facet normal -0 0 1
    outer loop
      vertex 19.0191 1 31.3447
      vertex 19.9614 0 31.3447
      vertex 19.9614 1 31.3447
    endloop
  endfacet
  facet normal 0 0 1
    outer loop
      vertex 19.9614 0 31.3447
      vertex 19.0191 1 31.3447
      vertex 19.0191 0 31.3447
    endloop
  endfacet
  facet normal -1 0 0
    outer loop
      vertex 19.9614 0 31.3447
      vertex 19.9614 1 34.715
      vertex 19.9614 1 31.3447
    endloop
  endfacet
  facet normal -1 -0 0
    outer loop
      vertex 19.9614 1 34.715
      vertex 19.9614 0 31.3447
      vertex 19.9614 0 34.715
    endloop
  endfacet
  facet normal 0 0 -1
    outer loop
      vertex 19.3585 0 34.715
      vertex 19.9614 1 34.715
      vertex 19.9614 0 34.715
    endloop
  endfacet
  facet normal -0 0 -1
    outer loop
      vertex 19.9614 1 34.715
      vertex 19.3585 0 34.715
      vertex 19.3585 1 34.715
    endloop
  endfacet
  facet normal 1 -0 0
    outer loop
      vertex 19.3585 0 34.715
      vertex 19.3585 1 32.0805
      vertex 19.3585 1 34.715
    endloop
  endfacet
  facet normal 1 0 0
    outer loop
      vertex 19.3585 1 32.0805
      vertex 19.3585 0 34.715
      vertex 19.3585 0 32.0805
    endloop
  endfacet
  facet normal 0 0 -1
    outer loop
      vertex 19.2707 0 32.0805
      vertex 19.3585 1 32.0805
      vertex 19.3585 0 32.0805
    endloop
  endfacet
  facet normal -0 0 -1
    outer loop
      vertex 19.3585 1 32.0805
      vertex 19.2707 0 32.0805
      vertex 19.2707 1 32.0805
    endloop
  endfacet
  facet normal -0.975567 0 -0.219702
    outer loop
      vertex 19.2707 0 32.0805
      vertex 18.6774 1 34.715
      vertex 19.2707 1 32.0805
    endloop
  endfacet
  facet normal -0.975567 -0 -0.219702
    outer loop
      vertex 18.6774 1 34.715
      vertex 19.2707 0 32.0805
      vertex 18.6774 0 34.715
    endloop
  endfacet
  facet normal 0 0 -1
    outer loop
      vertex 17.7351 0 34.715
      vertex 18.6774 1 34.715
      vertex 18.6774 0 34.715
    endloop
  endfacet
  facet normal -0 0 -1
    outer loop
      vertex 18.6774 1 34.715
      vertex 17.7351 0 34.715
      vertex 17.7351 1 34.715
    endloop
  endfacet
  facet normal 1 -0 0
    outer loop
      vertex 17.7351 0 34.715
      vertex 17.7351 1 31.3447
      vertex 17.7351 1 34.715
    endloop
  endfacet
  facet normal 1 0 0
    outer loop
      vertex 17.7351 1 31.3447
      vertex 17.7351 0 34.715
      vertex 17.7351 0 31.3447
    endloop
  endfacet
  facet normal 0.147341 0 -0.989086
    outer loop
      vertex 15.776 0 34.7346
      vertex 15.9163 1 34.7555
      vertex 15.9163 0 34.7555
    endloop
  endfacet
  facet normal 0.147341 0 -0.989086
    outer loop
      vertex 15.9163 1 34.7555
      vertex 15.776 0 34.7346
      vertex 15.776 1 34.7346
    endloop
  endfacet
  facet normal 0.258539 0 -0.966001
    outer loop
      vertex 15.6456 0 34.6997
      vertex 15.776 1 34.7346
      vertex 15.776 0 34.7346
    endloop
  endfacet
  facet normal 0.258539 0 -0.966001
    outer loop
      vertex 15.776 1 34.7346
      vertex 15.6456 0 34.6997
      vertex 15.6456 1 34.6997
    endloop
  endfacet
  facet normal 0.376294 0 -0.9265
    outer loop
      vertex 15.5252 0 34.6508
      vertex 15.6456 1 34.6997
      vertex 15.6456 0 34.6997
    endloop
  endfacet
  facet normal 0.376294 0 -0.9265
    outer loop
      vertex 15.6456 1 34.6997
      vertex 15.5252 0 34.6508
      vertex 15.5252 1 34.6508
    endloop
  endfacet
  facet normal 0.493847 0 -0.869549
    outer loop
      vertex 15.4148 0 34.5881
      vertex 15.5252 1 34.6508
      vertex 15.5252 0 34.6508
    endloop
  endfacet
  facet normal 0.493847 0 -0.869549
    outer loop
      vertex 15.5252 1 34.6508
      vertex 15.4148 0 34.5881
      vertex 15.4148 1 34.5881
    endloop
  endfacet
  facet normal 0.607068 0 -0.79465
    outer loop
      vertex 15.3144 0 34.5114
      vertex 15.4148 1 34.5881
      vertex 15.4148 0 34.5881
    endloop
  endfacet
  facet normal 0.607068 0 -0.79465
    outer loop
      vertex 15.4148 1 34.5881
      vertex 15.3144 0 34.5114
      vertex 15.3144 1 34.5114
    endloop
  endfacet
  facet normal 0.708277 0 -0.705934
    outer loop
      vertex 15.3144 0 34.5114
      vertex 15.224 1 34.4207
      vertex 15.3144 1 34.5114
    endloop
  endfacet
  facet normal 0.708277 0 -0.705934
    outer loop
      vertex 15.224 1 34.4207
      vertex 15.3144 0 34.5114
      vertex 15.224 0 34.4207
    endloop
  endfacet
  facet normal 0.793508 0 -0.60856
    outer loop
      vertex 15.224 0 34.4207
      vertex 15.1447 1 34.3173
      vertex 15.224 1 34.4207
    endloop
  endfacet
  facet normal 0.793508 0 -0.60856
    outer loop
      vertex 15.1447 1 34.3173
      vertex 15.224 0 34.4207
      vertex 15.1447 0 34.3173
    endloop
  endfacet
  facet normal 0.863342 0 -0.504619
    outer loop
      vertex 15.1447 0 34.3173
      vertex 15.0776 1 34.2025
      vertex 15.1447 1 34.3173
    endloop
  endfacet
  facet normal 0.863342 0 -0.504619
    outer loop
      vertex 15.0776 1 34.2025
      vertex 15.1447 0 34.3173
      vertex 15.0776 0 34.2025
    endloop
  endfacet
  facet normal 0.916989 0 -0.398912
    outer loop
      vertex 15.0776 0 34.2025
      vertex 15.0227 1 34.0763
      vertex 15.0776 1 34.2025
    endloop
  endfacet
  facet normal 0.916989 0 -0.398912
    outer loop
      vertex 15.0227 1 34.0763
      vertex 15.0776 0 34.2025
      vertex 15.0227 0 34.0763
    endloop
  endfacet
  facet normal 0.955132 0 -0.296181
    outer loop
      vertex 15.0227 0 34.0763
      vertex 14.98 1 33.9386
      vertex 15.0227 1 34.0763
    endloop
  endfacet
  facet normal 0.955132 0 -0.296181
    outer loop
      vertex 14.98 1 33.9386
      vertex 15.0227 0 34.0763
      vertex 14.98 0 33.9386
    endloop
  endfacet
  facet normal 0.979712 0 -0.200411
    outer loop
      vertex 14.98 0 33.9386
      vertex 14.9495 1 33.7895
      vertex 14.98 1 33.9386
    endloop
  endfacet
  facet normal 0.979712 0 -0.200411
    outer loop
      vertex 14.9495 1 33.7895
      vertex 14.98 0 33.9386
      vertex 14.9495 0 33.7895
    endloop
  endfacet
  facet normal 0.993563 0 -0.113285
    outer loop
      vertex 14.9495 0 33.7895
      vertex 14.9312 1 33.629
      vertex 14.9495 1 33.7895
    endloop
  endfacet
  facet normal 0.993563 0 -0.113285
    outer loop
      vertex 14.9312 1 33.629
      vertex 14.9495 0 33.7895
      vertex 14.9312 0 33.629
    endloop
  endfacet
  facet normal 0.999371 0 -0.0354634
    outer loop
      vertex 14.9312 0 33.629
      vertex 14.9251 1 33.4571
      vertex 14.9312 1 33.629
    endloop
  endfacet
  facet normal 0.999371 0 -0.0354634
    outer loop
      vertex 14.9251 1 33.4571
      vertex 14.9312 0 33.629
      vertex 14.9251 0 33.4571
    endloop
  endfacet
  facet normal 0.999376 -0 0.0353198
    outer loop
      vertex 14.9251 0 33.4571
      vertex 14.9312 1 33.2845
      vertex 14.9251 1 33.4571
    endloop
  endfacet
  facet normal 0.999376 0 0.0353198
    outer loop
      vertex 14.9312 1 33.2845
      vertex 14.9251 0 33.4571
      vertex 14.9312 0 33.2845
    endloop
  endfacet
  facet normal 0.993602 -0 0.112937
    outer loop
      vertex 14.9312 0 33.2845
      vertex 14.9495 1 33.1235
      vertex 14.9312 1 33.2845
    endloop
  endfacet
  facet normal 0.993602 0 0.112937
    outer loop
      vertex 14.9495 1 33.1235
      vertex 14.9312 0 33.2845
      vertex 14.9495 0 33.1235
    endloop
  endfacet
  facet normal 0.979791 -0 0.200024
    outer loop
      vertex 14.9495 0 33.1235
      vertex 14.98 1 32.9741
      vertex 14.9495 1 33.1235
    endloop
  endfacet
  facet normal 0.979791 0 0.200024
    outer loop
      vertex 14.98 1 32.9741
      vertex 14.9495 0 33.1235
      vertex 14.98 0 32.9741
    endloop
  endfacet
  facet normal 0.955193 -0 0.295985
    outer loop
      vertex 14.98 0 32.9741
      vertex 15.0227 1 32.8363
      vertex 14.98 1 32.9741
    endloop
  endfacet
  facet normal 0.955193 0 0.295985
    outer loop
      vertex 15.0227 1 32.8363
      vertex 14.98 0 32.9741
      vertex 15.0227 0 32.8363
    endloop
  endfacet
  facet normal 0.916989 -0 0.398912
    outer loop
      vertex 15.0227 0 32.8363
      vertex 15.0776 1 32.7101
      vertex 15.0227 1 32.8363
    endloop
  endfacet
  facet normal 0.916989 0 0.398912
    outer loop
      vertex 15.0776 1 32.7101
      vertex 15.0227 0 32.8363
      vertex 15.0776 0 32.7101
    endloop
  endfacet
  facet normal 0.86315 -0 0.504947
    outer loop
      vertex 15.0776 0 32.7101
      vertex 15.1447 1 32.5954
      vertex 15.0776 1 32.7101
    endloop
  endfacet
  facet normal 0.86315 0 0.504947
    outer loop
      vertex 15.1447 1 32.5954
      vertex 15.0776 0 32.7101
      vertex 15.1447 0 32.5954
    endloop
  endfacet
  facet normal 0.792653 -0 0.609674
    outer loop
      vertex 15.1447 0 32.5954
      vertex 15.224 1 32.4923
      vertex 15.1447 1 32.5954
    endloop
  endfacet
  facet normal 0.792653 0 0.609674
    outer loop
      vertex 15.224 1 32.4923
      vertex 15.1447 0 32.5954
      vertex 15.224 0 32.4923
    endloop
  endfacet
  facet normal 0.707107 0 0.707107
    outer loop
      vertex 15.224 1 32.4923
      vertex 15.3144 0 32.4019
      vertex 15.3144 1 32.4019
    endloop
  endfacet
  facet normal 0.707107 0 0.707107
    outer loop
      vertex 15.3144 0 32.4019
      vertex 15.224 1 32.4923
      vertex 15.224 0 32.4923
    endloop
  endfacet
  facet normal 0.605565 0 0.795795
    outer loop
      vertex 15.3144 1 32.4019
      vertex 15.4148 0 32.3255
      vertex 15.4148 1 32.3255
    endloop
  endfacet
  facet normal 0.605565 0 0.795795
    outer loop
      vertex 15.4148 0 32.3255
      vertex 15.3144 1 32.4019
      vertex 15.3144 0 32.4019
    endloop
  endfacet
  facet normal 0.493251 0 0.869887
    outer loop
      vertex 15.4148 1 32.3255
      vertex 15.5252 0 32.2629
      vertex 15.5252 1 32.2629
    endloop
  endfacet
  facet normal 0.493251 0 0.869887
    outer loop
      vertex 15.5252 0 32.2629
      vertex 15.4148 1 32.3255
      vertex 15.4148 0 32.3255
    endloop
  endfacet
  facet normal 0.374972 0 0.927036
    outer loop
      vertex 15.5252 1 32.2629
      vertex 15.6456 0 32.2142
      vertex 15.6456 1 32.2142
    endloop
  endfacet
  facet normal 0.374972 0 0.927036
    outer loop
      vertex 15.6456 0 32.2142
      vertex 15.5252 1 32.2629
      vertex 15.5252 0 32.2629
    endloop
  endfacet
  facet normal 0.257155 0 0.96637
    outer loop
      vertex 15.6456 1 32.2142
      vertex 15.776 0 32.1795
      vertex 15.776 1 32.1795
    endloop
  endfacet
  facet normal 0.257155 0 0.96637
    outer loop
      vertex 15.776 0 32.1795
      vertex 15.6456 1 32.2142
      vertex 15.6456 0 32.2142
    endloop
  endfacet
  facet normal 0.147341 0 0.989086
    outer loop
      vertex 15.776 1 32.1795
      vertex 15.9163 0 32.1586
      vertex 15.9163 1 32.1586
    endloop
  endfacet
  facet normal 0.147341 0 0.989086
    outer loop
      vertex 15.9163 0 32.1586
      vertex 15.776 1 32.1795
      vertex 15.776 0 32.1795
    endloop
  endfacet
  facet normal 0.0458295 0 0.998949
    outer loop
      vertex 15.9163 1 32.1586
      vertex 16.0667 0 32.1517
      vertex 16.0667 1 32.1517
    endloop
  endfacet
  facet normal 0.0458295 0 0.998949
    outer loop
      vertex 16.0667 0 32.1517
      vertex 15.9163 1 32.1586
      vertex 15.9163 0 32.1586
    endloop
  endfacet
  facet normal -0.0458599 0 0.998948
    outer loop
      vertex 16.0667 1 32.1517
      vertex 16.217 0 32.1586
      vertex 16.217 1 32.1586
    endloop
  endfacet
  facet normal -0.0458599 0 0.998948
    outer loop
      vertex 16.217 0 32.1586
      vertex 16.0667 1 32.1517
      vertex 16.0667 0 32.1517
    endloop
  endfacet
  facet normal -0.147341 0 0.989086
    outer loop
      vertex 16.217 1 32.1586
      vertex 16.3573 0 32.1795
      vertex 16.3573 1 32.1795
    endloop
  endfacet
  facet normal -0.147341 0 0.989086
    outer loop
      vertex 16.3573 0 32.1795
      vertex 16.217 1 32.1586
      vertex 16.217 0 32.1586
    endloop
  endfacet
  facet normal -0.257155 0 0.96637
    outer loop
      vertex 16.3573 1 32.1795
      vertex 16.4877 0 32.2142
      vertex 16.4877 1 32.2142
    endloop
  endfacet
  facet normal -0.257155 0 0.96637
    outer loop
      vertex 16.4877 0 32.2142
      vertex 16.3573 1 32.1795
      vertex 16.3573 0 32.1795
    endloop
  endfacet
  facet normal -0.37524 0 0.926928
    outer loop
      vertex 16.4877 1 32.2142
      vertex 16.608 0 32.2629
      vertex 16.608 1 32.2629
    endloop
  endfacet
  facet normal -0.37524 0 0.926928
    outer loop
      vertex 16.608 0 32.2629
      vertex 16.4877 1 32.2142
      vertex 16.4877 0 32.2142
    endloop
  endfacet
  facet normal -0.493251 0 0.869887
    outer loop
      vertex 16.608 1 32.2629
      vertex 16.7184 0 32.3255
      vertex 16.7184 1 32.3255
    endloop
  endfacet
  facet normal -0.493251 0 0.869887
    outer loop
      vertex 16.7184 0 32.3255
      vertex 16.608 1 32.2629
      vertex 16.608 0 32.2629
    endloop
  endfacet
  facet normal -0.605565 0 0.795795
    outer loop
      vertex 16.7184 1 32.3255
      vertex 16.8188 0 32.4019
      vertex 16.8188 1 32.4019
    endloop
  endfacet
  facet normal -0.605565 0 0.795795
    outer loop
      vertex 16.8188 0 32.4019
      vertex 16.7184 1 32.3255
      vertex 16.7184 0 32.3255
    endloop
  endfacet
  facet normal -0.706716 0 0.707498
    outer loop
      vertex 16.8188 1 32.4019
      vertex 16.9093 0 32.4923
      vertex 16.9093 1 32.4923
    endloop
  endfacet
  facet normal -0.706716 0 0.707498
    outer loop
      vertex 16.9093 0 32.4923
      vertex 16.8188 1 32.4019
      vertex 16.8188 0 32.4019
    endloop
  endfacet
  facet normal -0.792653 0 0.609674
    outer loop
      vertex 16.9093 0 32.4923
      vertex 16.9886 1 32.5954
      vertex 16.9093 1 32.4923
    endloop
  endfacet
  facet normal -0.792653 0 0.609674
    outer loop
      vertex 16.9886 1 32.5954
      vertex 16.9093 0 32.4923
      vertex 16.9886 0 32.5954
    endloop
  endfacet
  facet normal -0.86315 0 0.504947
    outer loop
      vertex 16.9886 0 32.5954
      vertex 17.0557 1 32.7101
      vertex 16.9886 1 32.5954
    endloop
  endfacet
  facet normal -0.86315 0 0.504947
    outer loop
      vertex 17.0557 1 32.7101
      vertex 16.9886 0 32.5954
      vertex 17.0557 0 32.7101
    endloop
  endfacet
  facet normal -0.916723 0 0.399523
    outer loop
      vertex 17.0557 0 32.7101
      vertex 17.1107 1 32.8363
      vertex 17.0557 1 32.7101
    endloop
  endfacet
  facet normal -0.916723 0 0.399523
    outer loop
      vertex 17.1107 1 32.8363
      vertex 17.0557 0 32.7101
      vertex 17.1107 0 32.8363
    endloop
  endfacet
  facet normal -0.955193 0 0.295985
    outer loop
      vertex 17.1107 0 32.8363
      vertex 17.1534 1 32.9741
      vertex 17.1107 1 32.8363
    endloop
  endfacet
  facet normal -0.955193 0 0.295985
    outer loop
      vertex 17.1534 1 32.9741
      vertex 17.1107 0 32.8363
      vertex 17.1534 0 32.9741
    endloop
  endfacet
  facet normal -0.979791 0 0.200024
    outer loop
      vertex 17.1534 0 32.9741
      vertex 17.1839 1 33.1235
      vertex 17.1534 1 32.9741
    endloop
  endfacet
  facet normal -0.979791 0 0.200024
    outer loop
      vertex 17.1839 1 33.1235
      vertex 17.1534 0 32.9741
      vertex 17.1839 0 33.1235
    endloop
  endfacet
  facet normal -0.993602 0 0.112937
    outer loop
      vertex 17.1839 0 33.1235
      vertex 17.2022 1 33.2845
      vertex 17.1839 1 33.1235
    endloop
  endfacet
  facet normal -0.993602 0 0.112937
    outer loop
      vertex 17.2022 1 33.2845
      vertex 17.1839 0 33.1235
      vertex 17.2022 0 33.2845
    endloop
  endfacet
  facet normal -0.999376 0 0.0353198
    outer loop
      vertex 17.2022 0 33.2845
      vertex 17.2083 1 33.4571
      vertex 17.2022 1 33.2845
    endloop
  endfacet
  facet normal -0.999376 0 0.0353198
    outer loop
      vertex 17.2083 1 33.4571
      vertex 17.2022 0 33.2845
      vertex 17.2083 0 33.4571
    endloop
  endfacet
  facet normal -0.999371 0 -0.0354634
    outer loop
      vertex 17.2083 0 33.4571
      vertex 17.2022 1 33.629
      vertex 17.2083 1 33.4571
    endloop
  endfacet
  facet normal -0.999371 -0 -0.0354634
    outer loop
      vertex 17.2022 1 33.629
      vertex 17.2083 0 33.4571
      vertex 17.2022 0 33.629
    endloop
  endfacet
  facet normal -0.993563 0 -0.113285
    outer loop
      vertex 17.2022 0 33.629
      vertex 17.1839 1 33.7895
      vertex 17.2022 1 33.629
    endloop
  endfacet
  facet normal -0.993563 -0 -0.113285
    outer loop
      vertex 17.1839 1 33.7895
      vertex 17.2022 0 33.629
      vertex 17.1839 0 33.7895
    endloop
  endfacet
  facet normal -0.979712 0 -0.200411
    outer loop
      vertex 17.1839 0 33.7895
      vertex 17.1534 1 33.9386
      vertex 17.1839 1 33.7895
    endloop
  endfacet
  facet normal -0.979712 -0 -0.200411
    outer loop
      vertex 17.1534 1 33.9386
      vertex 17.1839 0 33.7895
      vertex 17.1534 0 33.9386
    endloop
  endfacet
  facet normal -0.955132 0 -0.296181
    outer loop
      vertex 17.1534 0 33.9386
      vertex 17.1107 1 34.0763
      vertex 17.1534 1 33.9386
    endloop
  endfacet
  facet normal -0.955132 -0 -0.296181
    outer loop
      vertex 17.1107 1 34.0763
      vertex 17.1534 0 33.9386
      vertex 17.1107 0 34.0763
    endloop
  endfacet
  facet normal -0.916723 0 -0.399523
    outer loop
      vertex 17.1107 0 34.0763
      vertex 17.0557 1 34.2025
      vertex 17.1107 1 34.0763
    endloop
  endfacet
  facet normal -0.916723 -0 -0.399523
    outer loop
      vertex 17.0557 1 34.2025
      vertex 17.1107 0 34.0763
      vertex 17.0557 0 34.2025
    endloop
  endfacet
  facet normal -0.863342 0 -0.504619
    outer loop
      vertex 17.0557 0 34.2025
      vertex 16.9886 1 34.3173
      vertex 17.0557 1 34.2025
    endloop
  endfacet
  facet normal -0.863342 -0 -0.504619
    outer loop
      vertex 16.9886 1 34.3173
      vertex 17.0557 0 34.2025
      vertex 16.9886 0 34.3173
    endloop
  endfacet
  facet normal -0.793508 0 -0.60856
    outer loop
      vertex 16.9886 0 34.3173
      vertex 16.9093 1 34.4207
      vertex 16.9886 1 34.3173
    endloop
  endfacet
  facet normal -0.793508 -0 -0.60856
    outer loop
      vertex 16.9093 1 34.4207
      vertex 16.9886 0 34.3173
      vertex 16.9093 0 34.4207
    endloop
  endfacet
  facet normal -0.707887 0 -0.706326
    outer loop
      vertex 16.9093 0 34.4207
      vertex 16.8188 1 34.5114
      vertex 16.9093 1 34.4207
    endloop
  endfacet
  facet normal -0.707887 -0 -0.706326
    outer loop
      vertex 16.8188 1 34.5114
      vertex 16.9093 0 34.4207
      vertex 16.8188 0 34.5114
    endloop
  endfacet
  facet normal -0.607068 0 -0.79465
    outer loop
      vertex 16.7184 0 34.5881
      vertex 16.8188 1 34.5114
      vertex 16.8188 0 34.5114
    endloop
  endfacet
  facet normal -0.607068 0 -0.79465
    outer loop
      vertex 16.8188 1 34.5114
      vertex 16.7184 0 34.5881
      vertex 16.7184 1 34.5881
    endloop
  endfacet
  facet normal -0.493847 0 -0.869549
    outer loop
      vertex 16.608 0 34.6508
      vertex 16.7184 1 34.5881
      vertex 16.7184 0 34.5881
    endloop
  endfacet
  facet normal -0.493847 0 -0.869549
    outer loop
      vertex 16.7184 1 34.5881
      vertex 16.608 0 34.6508
      vertex 16.608 1 34.6508
    endloop
  endfacet
  facet normal -0.376563 0 -0.926391
    outer loop
      vertex 16.4877 0 34.6997
      vertex 16.608 1 34.6508
      vertex 16.608 0 34.6508
    endloop
  endfacet
  facet normal -0.376563 0 -0.926391
    outer loop
      vertex 16.608 1 34.6508
      vertex 16.4877 0 34.6997
      vertex 16.4877 1 34.6997
    endloop
  endfacet
  facet normal -0.258539 0 -0.966001
    outer loop
      vertex 16.3573 0 34.7346
      vertex 16.4877 1 34.6997
      vertex 16.4877 0 34.6997
    endloop
  endfacet
  facet normal -0.258539 0 -0.966001
    outer loop
      vertex 16.4877 1 34.6997
      vertex 16.3573 0 34.7346
      vertex 16.3573 1 34.7346
    endloop
  endfacet
  facet normal -0.147341 0 -0.989086
    outer loop
      vertex 16.217 0 34.7555
      vertex 16.3573 1 34.7346
      vertex 16.3573 0 34.7346
    endloop
  endfacet
  facet normal -0.147341 0 -0.989086
    outer loop
      vertex 16.3573 1 34.7346
      vertex 16.217 0 34.7555
      vertex 16.217 1 34.7555
    endloop
  endfacet
  facet normal -0.0465231 0 -0.998917
    outer loop
      vertex 16.0667 0 34.7625
      vertex 16.217 1 34.7555
      vertex 16.217 0 34.7555
    endloop
  endfacet
  facet normal -0.0465231 0 -0.998917
    outer loop
      vertex 16.217 1 34.7555
      vertex 16.0667 0 34.7625
      vertex 16.0667 1 34.7625
    endloop
  endfacet
  facet normal 0.0464922 0 -0.998919
    outer loop
      vertex 15.9163 0 34.7555
      vertex 16.0667 1 34.7625
      vertex 16.0667 0 34.7625
    endloop
  endfacet
  facet normal 0.0464922 0 -0.998919
    outer loop
      vertex 16.0667 1 34.7625
      vertex 15.9163 0 34.7555
      vertex 15.9163 1 34.7555
    endloop
  endfacet
  facet normal 0.193786 0 0.981044
    outer loop
      vertex 16.1262 1 34.1488
      vertex 16.1829 0 34.1376
      vertex 16.1829 1 34.1376
    endloop
  endfacet
  facet normal 0.193786 0 0.981044
    outer loop
      vertex 16.1829 0 34.1376
      vertex 16.1262 1 34.1488
      vertex 16.1262 0 34.1488
    endloop
  endfacet
  facet normal 0.331228 0 0.943551
    outer loop
      vertex 16.1829 1 34.1376
      vertex 16.2356 0 34.1191
      vertex 16.2356 1 34.1191
    endloop
  endfacet
  facet normal 0.331228 0 0.943551
    outer loop
      vertex 16.2356 0 34.1191
      vertex 16.1829 1 34.1376
      vertex 16.1829 0 34.1376
    endloop
  endfacet
  facet normal 0.469553 0 0.882904
    outer loop
      vertex 16.2356 1 34.1191
      vertex 16.2843 0 34.0932
      vertex 16.2843 1 34.0932
    endloop
  endfacet
  facet normal 0.469553 0 0.882904
    outer loop
      vertex 16.2843 0 34.0932
      vertex 16.2356 1 34.1191
      vertex 16.2356 0 34.1191
    endloop
  endfacet
  facet normal 0.599426 0 0.800431
    outer loop
      vertex 16.2843 1 34.0932
      vertex 16.3289 0 34.0598
      vertex 16.3289 1 34.0598
    endloop
  endfacet
  facet normal 0.599426 0 0.800431
    outer loop
      vertex 16.3289 0 34.0598
      vertex 16.2843 1 34.0932
      vertex 16.2843 0 34.0932
    endloop
  endfacet
  facet normal 0.707976 -0 0.706236
    outer loop
      vertex 16.3289 0 34.0598
      vertex 16.3695 1 34.0191
      vertex 16.3289 1 34.0598
    endloop
  endfacet
  facet normal 0.707976 0 0.706236
    outer loop
      vertex 16.3695 1 34.0191
      vertex 16.3289 0 34.0598
      vertex 16.3695 0 34.0191
    endloop
  endfacet
  facet normal 0.796417 -0 0.604748
    outer loop
      vertex 16.3695 0 34.0191
      vertex 16.4061 1 33.9709
      vertex 16.3695 1 34.0191
    endloop
  endfacet
  facet normal 0.796417 0 0.604748
    outer loop
      vertex 16.4061 1 33.9709
      vertex 16.3695 0 34.0191
      vertex 16.4061 0 33.9709
    endloop
  endfacet
  facet normal 0.863265 -0 0.504751
    outer loop
      vertex 16.4061 0 33.9709
      vertex 16.4382 1 33.916
      vertex 16.4061 1 33.9709
    endloop
  endfacet
  facet normal 0.863265 0 0.504751
    outer loop
      vertex 16.4382 1 33.916
      vertex 16.4061 0 33.9709
      vertex 16.4382 0 33.916
    endloop
  endfacet
  facet normal 0.913565 -0 0.406693
    outer loop
      vertex 16.4382 0 33.916
      vertex 16.4654 1 33.8549
      vertex 16.4382 1 33.916
    endloop
  endfacet
  facet normal 0.913565 0 0.406693
    outer loop
      vertex 16.4654 1 33.8549
      vertex 16.4382 0 33.916
      vertex 16.4654 0 33.8549
    endloop
  endfacet
  facet normal 0.949666 -0 0.313263
    outer loop
      vertex 16.4654 0 33.8549
      vertex 16.4876 1 33.7876
      vertex 16.4654 1 33.8549
    endloop
  endfacet
  facet normal 0.949666 0 0.313263
    outer loop
      vertex 16.4876 1 33.7876
      vertex 16.4654 0 33.8549
      vertex 16.4876 0 33.7876
    endloop
  endfacet
  facet normal 0.97333 -0 0.229409
    outer loop
      vertex 16.4876 0 33.7876
      vertex 16.5049 1 33.7142
      vertex 16.4876 1 33.7876
    endloop
  endfacet
  facet normal 0.97333 0 0.229409
    outer loop
      vertex 16.5049 1 33.7142
      vertex 16.4876 0 33.7876
      vertex 16.5049 0 33.7142
    endloop
  endfacet
  facet normal 0.988053 -0 0.154111
    outer loop
      vertex 16.5049 0 33.7142
      vertex 16.5173 1 33.6347
      vertex 16.5049 1 33.7142
    endloop
  endfacet
  facet normal 0.988053 0 0.154111
    outer loop
      vertex 16.5173 1 33.6347
      vertex 16.5049 0 33.7142
      vertex 16.5173 0 33.6347
    endloop
  endfacet
  facet normal 0.996293 -0 0.0860276
    outer loop
      vertex 16.5173 0 33.6347
      vertex 16.5247 1 33.549
      vertex 16.5173 1 33.6347
    endloop
  endfacet
  facet normal 0.996293 0 0.0860276
    outer loop
      vertex 16.5247 1 33.549
      vertex 16.5173 0 33.6347
      vertex 16.5247 0 33.549
    endloop
  endfacet
  facet normal 0.999659 -0 0.0261064
    outer loop
      vertex 16.5247 0 33.549
      vertex 16.5271 1 33.4571
      vertex 16.5247 1 33.549
    endloop
  endfacet
  facet normal 0.999659 0 0.0261064
    outer loop
      vertex 16.5271 1 33.4571
      vertex 16.5247 0 33.549
      vertex 16.5271 0 33.4571
    endloop
  endfacet
  facet normal 0.999663 0 -0.0259653
    outer loop
      vertex 16.5271 0 33.4571
      vertex 16.5247 1 33.3647
      vertex 16.5271 1 33.4571
    endloop
  endfacet
  facet normal 0.999663 0 -0.0259653
    outer loop
      vertex 16.5247 1 33.3647
      vertex 16.5271 0 33.4571
      vertex 16.5247 0 33.3647
    endloop
  endfacet
  facet normal 0.996318 0 -0.0857297
    outer loop
      vertex 16.5247 0 33.3647
      vertex 16.5173 1 33.2787
      vertex 16.5247 1 33.3647
    endloop
  endfacet
  facet normal 0.996318 0 -0.0857297
    outer loop
      vertex 16.5173 1 33.2787
      vertex 16.5247 0 33.3647
      vertex 16.5173 0 33.2787
    endloop
  endfacet
  facet normal 0.988142 0 -0.153546
    outer loop
      vertex 16.5173 0 33.2787
      vertex 16.5049 1 33.1989
      vertex 16.5173 1 33.2787
    endloop
  endfacet
  facet normal 0.988142 0 -0.153546
    outer loop
      vertex 16.5049 1 33.1989
      vertex 16.5173 0 33.2787
      vertex 16.5049 0 33.1989
    endloop
  endfacet
  facet normal 0.973469 0 -0.228818
    outer loop
      vertex 16.5049 0 33.1989
      vertex 16.4876 1 33.1253
      vertex 16.5049 1 33.1989
    endloop
  endfacet
  facet normal 0.973469 0 -0.228818
    outer loop
      vertex 16.4876 1 33.1253
      vertex 16.5049 0 33.1989
      vertex 16.4876 0 33.1253
    endloop
  endfacet
  facet normal 0.949666 0 -0.313263
    outer loop
      vertex 16.4876 0 33.1253
      vertex 16.4654 1 33.058
      vertex 16.4876 1 33.1253
    endloop
  endfacet
  facet normal 0.949666 0 -0.313263
    outer loop
      vertex 16.4654 1 33.058
      vertex 16.4876 0 33.1253
      vertex 16.4654 0 33.058
    endloop
  endfacet
  facet normal 0.913317 0 -0.40725
    outer loop
      vertex 16.4654 0 33.058
      vertex 16.4382 1 32.997
      vertex 16.4654 1 33.058
    endloop
  endfacet
  facet normal 0.913317 0 -0.40725
    outer loop
      vertex 16.4382 1 32.997
      vertex 16.4654 0 33.058
      vertex 16.4382 0 32.997
    endloop
  endfacet
  facet normal 0.862461 0 -0.506124
    outer loop
      vertex 16.4382 0 32.997
      vertex 16.4061 1 32.9423
      vertex 16.4382 1 32.997
    endloop
  endfacet
  facet normal 0.862461 0 -0.506124
    outer loop
      vertex 16.4061 1 32.9423
      vertex 16.4382 0 32.997
      vertex 16.4061 0 32.9423
    endloop
  endfacet
  facet normal 0.794593 0 -0.607142
    outer loop
      vertex 16.4061 0 32.9423
      vertex 16.3695 1 32.8944
      vertex 16.4061 1 32.9423
    endloop
  endfacet
  facet normal 0.794593 0 -0.607142
    outer loop
      vertex 16.3695 1 32.8944
      vertex 16.4061 0 32.9423
      vertex 16.3695 0 32.8944
    endloop
  endfacet
  facet normal 0.707978 0 -0.706234
    outer loop
      vertex 16.3695 0 32.8944
      vertex 16.329 1 32.8538
      vertex 16.3695 1 32.8944
    endloop
  endfacet
  facet normal 0.707978 0 -0.706234
    outer loop
      vertex 16.329 1 32.8538
      vertex 16.3695 0 32.8944
      vertex 16.329 0 32.8538
    endloop
  endfacet
  facet normal 0.597981 0 -0.80151
    outer loop
      vertex 16.2845 0 32.8206
      vertex 16.329 1 32.8538
      vertex 16.329 0 32.8538
    endloop
  endfacet
  facet normal 0.597981 0 -0.80151
    outer loop
      vertex 16.329 1 32.8538
      vertex 16.2845 0 32.8206
      vertex 16.2845 1 32.8206
    endloop
  endfacet
  facet normal 0.469643 0 -0.882856
    outer loop
      vertex 16.236 0 32.7948
      vertex 16.2845 1 32.8206
      vertex 16.2845 0 32.8206
    endloop
  endfacet
  facet normal 0.469643 0 -0.882856
    outer loop
      vertex 16.2845 1 32.8206
      vertex 16.236 0 32.7948
      vertex 16.236 1 32.7948
    endloop
  endfacet
  facet normal 0.330751 0 -0.943718
    outer loop
      vertex 16.1835 0 32.7764
      vertex 16.236 1 32.7948
      vertex 16.236 0 32.7948
    endloop
  endfacet
  facet normal 0.330751 0 -0.943718
    outer loop
      vertex 16.236 1 32.7948
      vertex 16.1835 0 32.7764
      vertex 16.1835 1 32.7764
    endloop
  endfacet
  facet normal 0.191429 0 -0.981507
    outer loop
      vertex 16.1271 0 32.7654
      vertex 16.1835 1 32.7764
      vertex 16.1835 0 32.7764
    endloop
  endfacet
  facet normal 0.191429 0 -0.981507
    outer loop
      vertex 16.1835 1 32.7764
      vertex 16.1271 0 32.7654
      vertex 16.1271 1 32.7654
    endloop
  endfacet
  facet normal 0.0611437 0 -0.998129
    outer loop
      vertex 16.0667 0 32.7617
      vertex 16.1271 1 32.7654
      vertex 16.1271 0 32.7654
    endloop
  endfacet
  facet normal 0.0611437 0 -0.998129
    outer loop
      vertex 16.1271 1 32.7654
      vertex 16.0667 0 32.7617
      vertex 16.0667 1 32.7617
    endloop
  endfacet
  facet normal -0.0589139 0 -0.998263
    outer loop
      vertex 16.0057 0 32.7653
      vertex 16.0667 1 32.7617
      vertex 16.0667 0 32.7617
    endloop
  endfacet
  facet normal -0.0589139 0 -0.998263
    outer loop
      vertex 16.0667 1 32.7617
      vertex 16.0057 0 32.7653
      vertex 16.0057 1 32.7653
    endloop
  endfacet
  facet normal -0.19147 0 -0.981498
    outer loop
      vertex 15.9488 0 32.7764
      vertex 16.0057 1 32.7653
      vertex 16.0057 0 32.7653
    endloop
  endfacet
  facet normal -0.19147 0 -0.981498
    outer loop
      vertex 16.0057 1 32.7653
      vertex 15.9488 0 32.7764
      vertex 15.9488 1 32.7764
    endloop
  endfacet
  facet normal -0.329076 0 -0.944304
    outer loop
      vertex 15.896 0 32.7948
      vertex 15.9488 1 32.7764
      vertex 15.9488 0 32.7764
    endloop
  endfacet
  facet normal -0.329076 0 -0.944304
    outer loop
      vertex 15.9488 1 32.7764
      vertex 15.896 0 32.7948
      vertex 15.896 1 32.7948
    endloop
  endfacet
  facet normal -0.468138 0 -0.883655
    outer loop
      vertex 15.8473 0 32.8206
      vertex 15.896 1 32.7948
      vertex 15.896 0 32.7948
    endloop
  endfacet
  facet normal -0.468138 0 -0.883655
    outer loop
      vertex 15.896 1 32.7948
      vertex 15.8473 0 32.8206
      vertex 15.8473 1 32.8206
    endloop
  endfacet
  facet normal -0.596822 0 -0.802374
    outer loop
      vertex 15.8028 0 32.8537
      vertex 15.8473 1 32.8206
      vertex 15.8473 0 32.8206
    endloop
  endfacet
  facet normal -0.596822 0 -0.802374
    outer loop
      vertex 15.8473 1 32.8206
      vertex 15.8028 0 32.8537
      vertex 15.8028 1 32.8537
    endloop
  endfacet
  facet normal -0.70798 0 -0.706232
    outer loop
      vertex 15.8028 0 32.8537
      vertex 15.7624 1 32.8942
      vertex 15.8028 1 32.8537
    endloop
  endfacet
  facet normal -0.70798 -0 -0.706232
    outer loop
      vertex 15.7624 1 32.8942
      vertex 15.8028 0 32.8537
      vertex 15.7624 0 32.8942
    endloop
  endfacet
  facet normal -0.796387 0 -0.604788
    outer loop
      vertex 15.7624 0 32.8942
      vertex 15.7261 1 32.942
      vertex 15.7624 1 32.8942
    endloop
  endfacet
  facet normal -0.796387 -0 -0.604788
    outer loop
      vertex 15.7261 1 32.942
      vertex 15.7624 0 32.8942
      vertex 15.7261 0 32.942
    endloop
  endfacet
  facet normal -0.864523 0 -0.502593
    outer loop
      vertex 15.7261 0 32.942
      vertex 15.6943 1 32.9967
      vertex 15.7261 1 32.942
    endloop
  endfacet
  facet normal -0.864523 -0 -0.502593
    outer loop
      vertex 15.6943 1 32.9967
      vertex 15.7261 0 32.942
      vertex 15.6943 0 32.9967
    endloop
  endfacet
  facet normal -0.914983 0 -0.403492
    outer loop
      vertex 15.6943 0 32.9967
      vertex 15.6674 1 33.0577
      vertex 15.6943 1 32.9967
    endloop
  endfacet
  facet normal -0.914983 -0 -0.403492
    outer loop
      vertex 15.6674 1 33.0577
      vertex 15.6943 0 32.9967
      vertex 15.6674 0 33.0577
    endloop
  endfacet
  facet normal -0.950367 0 -0.311132
    outer loop
      vertex 15.6674 0 33.0577
      vertex 15.6454 1 33.1249
      vertex 15.6674 1 33.0577
    endloop
  endfacet
  facet normal -0.950367 -0 -0.311132
    outer loop
      vertex 15.6454 1 33.1249
      vertex 15.6674 0 33.0577
      vertex 15.6454 0 33.1249
    endloop
  endfacet
  facet normal -0.974056 0 -0.226309
    outer loop
      vertex 15.6454 0 33.1249
      vertex 15.6283 1 33.1985
      vertex 15.6454 1 33.1249
    endloop
  endfacet
  facet normal -0.974056 -0 -0.226309
    outer loop
      vertex 15.6283 1 33.1985
      vertex 15.6454 0 33.1249
      vertex 15.6283 0 33.1985
    endloop
  endfacet
  facet normal -0.988514 0 -0.151126
    outer loop
      vertex 15.6283 0 33.1985
      vertex 15.6161 1 33.2783
      vertex 15.6283 1 33.1985
    endloop
  endfacet
  facet normal -0.988514 -0 -0.151126
    outer loop
      vertex 15.6161 1 33.2783
      vertex 15.6283 0 33.1985
      vertex 15.6161 0 33.2783
    endloop
  endfacet
  facet normal -0.996327 0 -0.0856309
    outer loop
      vertex 15.6161 0 33.2783
      vertex 15.6087 1 33.3644
      vertex 15.6161 1 33.2783
    endloop
  endfacet
  facet normal -0.996327 -0 -0.0856309
    outer loop
      vertex 15.6087 1 33.3644
      vertex 15.6161 0 33.2783
      vertex 15.6087 0 33.3644
    endloop
  endfacet
  facet normal -0.999663 0 -0.0259653
    outer loop
      vertex 15.6087 0 33.3644
      vertex 15.6063 1 33.4568
      vertex 15.6087 1 33.3644
    endloop
  endfacet
  facet normal -0.999663 -0 -0.0259653
    outer loop
      vertex 15.6063 1 33.4568
      vertex 15.6087 0 33.3644
      vertex 15.6063 0 33.4568
    endloop
  endfacet
  facet normal -0.999659 0 0.0261064
    outer loop
      vertex 15.6063 0 33.4568
      vertex 15.6087 1 33.5487
      vertex 15.6063 1 33.4568
    endloop
  endfacet
  facet normal -0.999659 0 0.0261064
    outer loop
      vertex 15.6087 1 33.5487
      vertex 15.6063 0 33.4568
      vertex 15.6087 0 33.5487
    endloop
  endfacet
  facet normal -0.996293 0 0.0860276
    outer loop
      vertex 15.6087 0 33.5487
      vertex 15.6161 1 33.6344
      vertex 15.6087 1 33.5487
    endloop
  endfacet
  facet normal -0.996293 0 0.0860276
    outer loop
      vertex 15.6161 1 33.6344
      vertex 15.6087 0 33.5487
      vertex 15.6161 0 33.6344
    endloop
  endfacet
  facet normal -0.988458 0 0.151497
    outer loop
      vertex 15.6161 0 33.6344
      vertex 15.6283 1 33.714
      vertex 15.6161 1 33.6344
    endloop
  endfacet
  facet normal -0.988458 0 0.151497
    outer loop
      vertex 15.6283 1 33.714
      vertex 15.6161 0 33.6344
      vertex 15.6283 0 33.714
    endloop
  endfacet
  facet normal -0.973919 0 0.226894
    outer loop
      vertex 15.6283 0 33.714
      vertex 15.6454 1 33.7874
      vertex 15.6283 1 33.714
    endloop
  endfacet
  facet normal -0.973919 0 0.226894
    outer loop
      vertex 15.6454 1 33.7874
      vertex 15.6283 0 33.714
      vertex 15.6454 0 33.7874
    endloop
  endfacet
  facet normal -0.950503 0 0.310714
    outer loop
      vertex 15.6454 0 33.7874
      vertex 15.6674 1 33.8547
      vertex 15.6454 1 33.7874
    endloop
  endfacet
  facet normal -0.950503 0 0.310714
    outer loop
      vertex 15.6674 1 33.8547
      vertex 15.6454 0 33.7874
      vertex 15.6674 0 33.8547
    endloop
  endfacet
  facet normal -0.915227 0 0.402939
    outer loop
      vertex 15.6674 0 33.8547
      vertex 15.6943 1 33.9158
      vertex 15.6674 1 33.8547
    endloop
  endfacet
  facet normal -0.915227 0 0.402939
    outer loop
      vertex 15.6943 1 33.9158
      vertex 15.6674 0 33.8547
      vertex 15.6943 0 33.9158
    endloop
  endfacet
  facet normal -0.865714 0 0.50054
    outer loop
      vertex 15.6943 0 33.9158
      vertex 15.7261 1 33.9708
      vertex 15.6943 1 33.9158
    endloop
  endfacet
  facet normal -0.865714 0 0.50054
    outer loop
      vertex 15.7261 1 33.9708
      vertex 15.6943 0 33.9158
      vertex 15.7261 0 33.9708
    endloop
  endfacet
  facet normal -0.798805 0 0.60159
    outer loop
      vertex 15.7261 0 33.9708
      vertex 15.7624 1 34.019
      vertex 15.7261 1 33.9708
    endloop
  endfacet
  facet normal -0.798805 0 0.60159
    outer loop
      vertex 15.7624 1 34.019
      vertex 15.7261 0 33.9708
      vertex 15.7624 0 34.019
    endloop
  endfacet
  facet normal -0.710581 0 0.703615
    outer loop
      vertex 15.7624 0 34.019
      vertex 15.8028 1 34.0598
      vertex 15.7624 1 34.019
    endloop
  endfacet
  facet normal -0.710581 0 0.703615
    outer loop
      vertex 15.8028 1 34.0598
      vertex 15.7624 0 34.019
      vertex 15.8028 0 34.0598
    endloop
  endfacet
  facet normal -0.601151 0 0.799135
    outer loop
      vertex 15.8028 1 34.0598
      vertex 15.8472 0 34.0932
      vertex 15.8472 1 34.0932
    endloop
  endfacet
  facet normal -0.601151 0 0.799135
    outer loop
      vertex 15.8472 0 34.0932
      vertex 15.8028 1 34.0598
      vertex 15.8028 0 34.0598
    endloop
  endfacet
  facet normal -0.47106 0 0.882101
    outer loop
      vertex 15.8472 1 34.0932
      vertex 15.8957 0 34.1191
      vertex 15.8957 1 34.1191
    endloop
  endfacet
  facet normal -0.47106 0 0.882101
    outer loop
      vertex 15.8957 0 34.1191
      vertex 15.8472 1 34.0932
      vertex 15.8472 0 34.0932
    endloop
  endfacet
  facet normal -0.33235 0 0.943156
    outer loop
      vertex 15.8957 1 34.1191
      vertex 15.9482 0 34.1376
      vertex 15.9482 1 34.1376
    endloop
  endfacet
  facet normal -0.33235 0 0.943156
    outer loop
      vertex 15.9482 0 34.1376
      vertex 15.8957 1 34.1191
      vertex 15.8957 0 34.1191
    endloop
  endfacet
  facet normal -0.194116 0 0.980979
    outer loop
      vertex 15.9482 1 34.1376
      vertex 16.0048 0 34.1488
      vertex 16.0048 1 34.1488
    endloop
  endfacet
  facet normal -0.194116 0 0.980979
    outer loop
      vertex 16.0048 0 34.1488
      vertex 15.9482 1 34.1376
      vertex 15.9482 0 34.1376
    endloop
  endfacet
  facet normal -0.0608426 0 0.998147
    outer loop
      vertex 16.0048 1 34.1488
      vertex 16.0655 0 34.1525
      vertex 16.0655 1 34.1525
    endloop
  endfacet
  facet normal -0.0608426 0 0.998147
    outer loop
      vertex 16.0655 0 34.1525
      vertex 16.0048 1 34.1488
      vertex 16.0048 0 34.1488
    endloop
  endfacet
  facet normal 0.0608426 0 0.998147
    outer loop
      vertex 16.0655 1 34.1525
      vertex 16.1262 0 34.1488
      vertex 16.1262 1 34.1488
    endloop
  endfacet
  facet normal 0.0608426 0 0.998147
    outer loop
      vertex 16.1262 0 34.1488
      vertex 16.0655 1 34.1525
      vertex 16.0655 0 34.1525
    endloop
  endfacet
  facet normal -0.555553 0.831481 0
    outer loop
      vertex -24.5128 27.4406 37.4
      vertex -24.85 27.2153 39.4
      vertex -24.5128 27.4406 39.4
    endloop
  endfacet
  facet normal -0.555553 0.831481 0
    outer loop
      vertex -24.85 27.2153 39.4
      vertex -24.5128 27.4406 37.4
      vertex -24.85 27.2153 37.4
    endloop
  endfacet
  facet normal -0.980789 -0.195073 0
    outer loop
      vertex -23.3265 30.3046 37.4
      vertex -23.4056 30.7023 39.4
      vertex -23.4056 30.7023 37.4
    endloop
  endfacet
  facet normal -0.980789 -0.195073 0
    outer loop
      vertex -23.4056 30.7023 39.4
      vertex -23.3265 30.3046 37.4
      vertex -23.3265 30.3046 39.4
    endloop
  endfacet
  facet normal 0.321549 -0.946893 0
    outer loop
      vertex -27.5863 32.764 37.4
      vertex -27.2023 32.8944 39.4
      vertex -27.5863 32.764 39.4
    endloop
  endfacet
  facet normal 0.321549 -0.946893 0
    outer loop
      vertex -27.2023 32.8944 39.4
      vertex -27.5863 32.764 37.4
      vertex -27.2023 32.8944 37.4
    endloop
  endfacet
  facet normal 0.321549 0.946893 -0
    outer loop
      vertex -27.2023 26.9056 37.4
      vertex -27.5863 27.036 39.4
      vertex -27.2023 26.9056 39.4
    endloop
  endfacet
  facet normal 0.321549 0.946893 0
    outer loop
      vertex -27.5863 27.036 39.4
      vertex -27.2023 26.9056 37.4
      vertex -27.5863 27.036 37.4
    endloop
  endfacet
  facet normal 0.896928 0.442176 0
    outer loop
      vertex -29.0847 28.35 39.4
      vertex -29.264 28.7137 37.4
      vertex -29.264 28.7137 39.4
    endloop
  endfacet
  facet normal 0.896928 0.442176 0
    outer loop
      vertex -29.264 28.7137 37.4
      vertex -29.0847 28.35 39.4
      vertex -29.0847 28.35 37.4
    endloop
  endfacet
  facet normal -0.896928 0.442176 0
    outer loop
      vertex -23.7153 28.35 37.4
      vertex -23.536 28.7137 39.4
      vertex -23.536 28.7137 37.4
    endloop
  endfacet
  facet normal -0.896928 0.442176 0
    outer loop
      vertex -23.536 28.7137 39.4
      vertex -23.7153 28.35 37.4
      vertex -23.7153 28.35 39.4
    endloop
  endfacet
  facet normal -0.980789 0.195073 0
    outer loop
      vertex -23.4056 29.0977 37.4
      vertex -23.3265 29.4954 39.4
      vertex -23.3265 29.4954 37.4
    endloop
  endfacet
  facet normal -0.980789 0.195073 0
    outer loop
      vertex -23.3265 29.4954 39.4
      vertex -23.4056 29.0977 37.4
      vertex -23.4056 29.0977 39.4
    endloop
  endfacet
  facet normal -0.831481 0.555553 0
    outer loop
      vertex -23.9406 28.0128 37.4
      vertex -23.7153 28.35 39.4
      vertex -23.7153 28.35 37.4
    endloop
  endfacet
  facet normal -0.831481 0.555553 0
    outer loop
      vertex -23.7153 28.35 39.4
      vertex -23.9406 28.0128 37.4
      vertex -23.9406 28.0128 39.4
    endloop
  endfacet
  facet normal -0.659482 0.751721 0
    outer loop
      vertex -24.208 27.708 37.4
      vertex -24.5128 27.4406 39.4
      vertex -24.208 27.708 39.4
    endloop
  endfacet
  facet normal -0.659482 0.751721 0
    outer loop
      vertex -24.5128 27.4406 39.4
      vertex -24.208 27.708 37.4
      vertex -24.5128 27.4406 37.4
    endloop
  endfacet
  facet normal -0.321549 0.946893 0
    outer loop
      vertex -25.2137 27.036 37.4
      vertex -25.5977 26.9056 39.4
      vertex -25.2137 27.036 39.4
    endloop
  endfacet
  facet normal -0.321549 0.946893 0
    outer loop
      vertex -25.5977 26.9056 39.4
      vertex -25.2137 27.036 37.4
      vertex -25.5977 26.9056 37.4
    endloop
  endfacet
  facet normal -0.0653568 0.997862 0
    outer loop
      vertex -25.9954 26.8265 37.4
      vertex -26.4 26.8 39.4
      vertex -25.9954 26.8265 39.4
    endloop
  endfacet
  facet normal -0.0653568 0.997862 0
    outer loop
      vertex -26.4 26.8 39.4
      vertex -25.9954 26.8265 37.4
      vertex -26.4 26.8 37.4
    endloop
  endfacet
  facet normal 0.980789 0.195073 0
    outer loop
      vertex -29.3944 29.0977 39.4
      vertex -29.4735 29.4954 37.4
      vertex -29.4735 29.4954 39.4
    endloop
  endfacet
  facet normal 0.980789 0.195073 0
    outer loop
      vertex -29.4735 29.4954 37.4
      vertex -29.3944 29.0977 39.4
      vertex -29.3944 29.0977 37.4
    endloop
  endfacet
  facet normal 0.751721 0.659482 0
    outer loop
      vertex -28.592 27.708 39.4
      vertex -28.8594 28.0128 37.4
      vertex -28.8594 28.0128 39.4
    endloop
  endfacet
  facet normal 0.751721 0.659482 0
    outer loop
      vertex -28.8594 28.0128 37.4
      vertex -28.592 27.708 39.4
      vertex -28.592 27.708 37.4
    endloop
  endfacet
  facet normal 0.442176 0.896928 -0
    outer loop
      vertex -27.5863 27.036 37.4
      vertex -27.95 27.2153 39.4
      vertex -27.5863 27.036 39.4
    endloop
  endfacet
  facet normal 0.442176 0.896928 0
    outer loop
      vertex -27.95 27.2153 39.4
      vertex -27.5863 27.036 37.4
      vertex -27.95 27.2153 37.4
    endloop
  endfacet
  facet normal 0.195073 0.980789 -0
    outer loop
      vertex -26.8046 26.8265 37.4
      vertex -27.2023 26.9056 39.4
      vertex -26.8046 26.8265 39.4
    endloop
  endfacet
  facet normal 0.195073 0.980789 0
    outer loop
      vertex -27.2023 26.9056 39.4
      vertex -26.8046 26.8265 37.4
      vertex -27.2023 26.9056 37.4
    endloop
  endfacet
  facet normal -0.997862 0.0653568 0
    outer loop
      vertex -23.3265 29.4954 37.4
      vertex -23.3 29.9 39.4
      vertex -23.3 29.9 37.4
    endloop
  endfacet
  facet normal -0.997862 0.0653568 0
    outer loop
      vertex -23.3 29.9 39.4
      vertex -23.3265 29.4954 37.4
      vertex -23.3265 29.4954 39.4
    endloop
  endfacet
  facet normal -0.946893 -0.321549 0
    outer loop
      vertex -23.4056 30.7023 37.4
      vertex -23.536 31.0863 39.4
      vertex -23.536 31.0863 37.4
    endloop
  endfacet
  facet normal -0.946893 -0.321549 0
    outer loop
      vertex -23.536 31.0863 39.4
      vertex -23.4056 30.7023 37.4
      vertex -23.4056 30.7023 39.4
    endloop
  endfacet
  facet normal 0.195073 -0.980789 0
    outer loop
      vertex -27.2023 32.8944 37.4
      vertex -26.8046 32.9735 39.4
      vertex -27.2023 32.8944 39.4
    endloop
  endfacet
  facet normal 0.195073 -0.980789 0
    outer loop
      vertex -26.8046 32.9735 39.4
      vertex -27.2023 32.8944 37.4
      vertex -26.8046 32.9735 37.4
    endloop
  endfacet
  facet normal 0.659482 -0.751721 0
    outer loop
      vertex -28.592 32.092 37.4
      vertex -28.2872 32.3594 39.4
      vertex -28.592 32.092 39.4
    endloop
  endfacet
  facet normal 0.659482 -0.751721 0
    outer loop
      vertex -28.2872 32.3594 39.4
      vertex -28.592 32.092 37.4
      vertex -28.2872 32.3594 37.4
    endloop
  endfacet
  facet normal 0.896928 -0.442176 0
    outer loop
      vertex -29.264 31.0863 39.4
      vertex -29.0847 31.45 37.4
      vertex -29.0847 31.45 39.4
    endloop
  endfacet
  facet normal 0.896928 -0.442176 0
    outer loop
      vertex -29.0847 31.45 37.4
      vertex -29.264 31.0863 39.4
      vertex -29.264 31.0863 37.4
    endloop
  endfacet
  facet normal -0.946893 0.321549 0
    outer loop
      vertex -23.536 28.7137 37.4
      vertex -23.4056 29.0977 39.4
      vertex -23.4056 29.0977 37.4
    endloop
  endfacet
  facet normal -0.946893 0.321549 0
    outer loop
      vertex -23.4056 29.0977 39.4
      vertex -23.536 28.7137 37.4
      vertex -23.536 28.7137 39.4
    endloop
  endfacet
  facet normal -0.751721 0.659482 0
    outer loop
      vertex -24.208 27.708 37.4
      vertex -23.9406 28.0128 39.4
      vertex -23.9406 28.0128 37.4
    endloop
  endfacet
  facet normal -0.751721 0.659482 0
    outer loop
      vertex -23.9406 28.0128 39.4
      vertex -24.208 27.708 37.4
      vertex -24.208 27.708 39.4
    endloop
  endfacet
  facet normal -0.442176 0.896928 0
    outer loop
      vertex -24.85 27.2153 37.4
      vertex -25.2137 27.036 39.4
      vertex -24.85 27.2153 39.4
    endloop
  endfacet
  facet normal -0.442176 0.896928 0
    outer loop
      vertex -25.2137 27.036 39.4
      vertex -24.85 27.2153 37.4
      vertex -25.2137 27.036 37.4
    endloop
  endfacet
  facet normal -0.195073 0.980789 0
    outer loop
      vertex -25.5977 26.9056 37.4
      vertex -25.9954 26.8265 39.4
      vertex -25.5977 26.9056 39.4
    endloop
  endfacet
  facet normal -0.195073 0.980789 0
    outer loop
      vertex -25.9954 26.8265 39.4
      vertex -25.5977 26.9056 37.4
      vertex -25.9954 26.8265 37.4
    endloop
  endfacet
  facet normal 0.997862 0.0653568 0
    outer loop
      vertex -29.4735 29.4954 39.4
      vertex -29.5 29.9 37.4
      vertex -29.5 29.9 39.4
    endloop
  endfacet
  facet normal 0.997862 0.0653568 0
    outer loop
      vertex -29.5 29.9 37.4
      vertex -29.4735 29.4954 39.4
      vertex -29.4735 29.4954 37.4
    endloop
  endfacet
  facet normal 0 0 1
    outer loop
      vertex -23.3265 30.3046 37.4
      vertex -23.3265 29.4954 37.4
      vertex -23.3 29.9 37.4
    endloop
  endfacet
  facet normal 0 0 1
    outer loop
      vertex -23.4056 30.7023 37.4
      vertex -23.3265 29.4954 37.4
      vertex -23.3265 30.3046 37.4
    endloop
  endfacet
  facet normal 0 0 1
    outer loop
      vertex -23.4056 30.7023 37.4
      vertex -23.4056 29.0977 37.4
      vertex -23.3265 29.4954 37.4
    endloop
  endfacet
  facet normal 0 0 1
    outer loop
      vertex -23.536 31.0863 37.4
      vertex -23.4056 29.0977 37.4
      vertex -23.4056 30.7023 37.4
    endloop
  endfacet
  facet normal 0 0 1
    outer loop
      vertex -23.536 31.0863 37.4
      vertex -23.536 28.7137 37.4
      vertex -23.4056 29.0977 37.4
    endloop
  endfacet
  facet normal 0 0 1
    outer loop
      vertex -23.7153 31.45 37.4
      vertex -23.536 28.7137 37.4
      vertex -23.536 31.0863 37.4
    endloop
  endfacet
  facet normal 0 0 1
    outer loop
      vertex -23.7153 31.45 37.4
      vertex -23.7153 28.35 37.4
      vertex -23.536 28.7137 37.4
    endloop
  endfacet
  facet normal 0 0 1
    outer loop
      vertex -23.9406 31.7872 37.4
      vertex -23.7153 28.35 37.4
      vertex -23.7153 31.45 37.4
    endloop
  endfacet
  facet normal 0 0 1
    outer loop
      vertex -23.9406 31.7872 37.4
      vertex -23.9406 28.0128 37.4
      vertex -23.7153 28.35 37.4
    endloop
  endfacet
  facet normal 0 0 1
    outer loop
      vertex -24.208 32.092 37.4
      vertex -23.9406 28.0128 37.4
      vertex -23.9406 31.7872 37.4
    endloop
  endfacet
  facet normal 0 0 1
    outer loop
      vertex -24.208 32.092 37.4
      vertex -24.208 27.708 37.4
      vertex -23.9406 28.0128 37.4
    endloop
  endfacet
  facet normal 0 0 1
    outer loop
      vertex -24.5128 32.3594 37.4
      vertex -24.208 27.708 37.4
      vertex -24.208 32.092 37.4
    endloop
  endfacet
  facet normal 0 0 1
    outer loop
      vertex -24.5128 32.3594 37.4
      vertex -24.5128 27.4406 37.4
      vertex -24.208 27.708 37.4
    endloop
  endfacet
  facet normal 0 0 1
    outer loop
      vertex -24.85 32.5847 37.4
      vertex -24.5128 27.4406 37.4
      vertex -24.5128 32.3594 37.4
    endloop
  endfacet
  facet normal 0 0 1
    outer loop
      vertex -24.85 32.5847 37.4
      vertex -24.85 27.2153 37.4
      vertex -24.5128 27.4406 37.4
    endloop
  endfacet
  facet normal 0 0 1
    outer loop
      vertex -25.2137 32.764 37.4
      vertex -24.85 27.2153 37.4
      vertex -24.85 32.5847 37.4
    endloop
  endfacet
  facet normal 0 0 1
    outer loop
      vertex -25.2137 32.764 37.4
      vertex -25.2137 27.036 37.4
      vertex -24.85 27.2153 37.4
    endloop
  endfacet
  facet normal 0 0 1
    outer loop
      vertex -25.5977 32.8944 37.4
      vertex -25.2137 27.036 37.4
      vertex -25.2137 32.764 37.4
    endloop
  endfacet
  facet normal 0 0 1
    outer loop
      vertex -25.5977 32.8944 37.4
      vertex -25.5977 26.9056 37.4
      vertex -25.2137 27.036 37.4
    endloop
  endfacet
  facet normal 0 0 1
    outer loop
      vertex -25.9954 32.9735 37.4
      vertex -25.5977 26.9056 37.4
      vertex -25.5977 32.8944 37.4
    endloop
  endfacet
  facet normal 0 0 1
    outer loop
      vertex -25.9954 32.9735 37.4
      vertex -25.9954 26.8265 37.4
      vertex -25.5977 26.9056 37.4
    endloop
  endfacet
  facet normal 0 0 1
    outer loop
      vertex -26.4 33 37.4
      vertex -25.9954 26.8265 37.4
      vertex -25.9954 32.9735 37.4
    endloop
  endfacet
  facet normal 0 0 1
    outer loop
      vertex -26.4 33 37.4
      vertex -26.4 26.8 37.4
      vertex -25.9954 26.8265 37.4
    endloop
  endfacet
  facet normal -0 0 1
    outer loop
      vertex -26.8046 32.9735 37.4
      vertex -26.4 26.8 37.4
      vertex -26.4 33 37.4
    endloop
  endfacet
  facet normal 0 0 1
    outer loop
      vertex -26.8046 32.9735 37.4
      vertex -26.8046 26.8265 37.4
      vertex -26.4 26.8 37.4
    endloop
  endfacet
  facet normal -0 0 1
    outer loop
      vertex -27.2023 32.8944 37.4
      vertex -26.8046 26.8265 37.4
      vertex -26.8046 32.9735 37.4
    endloop
  endfacet
  facet normal 0 0 1
    outer loop
      vertex -27.2023 32.8944 37.4
      vertex -27.2023 26.9056 37.4
      vertex -26.8046 26.8265 37.4
    endloop
  endfacet
  facet normal -0 0 1
    outer loop
      vertex -27.5863 32.764 37.4
      vertex -27.2023 26.9056 37.4
      vertex -27.2023 32.8944 37.4
    endloop
  endfacet
  facet normal 0 0 1
    outer loop
      vertex -27.5863 32.764 37.4
      vertex -27.5863 27.036 37.4
      vertex -27.2023 26.9056 37.4
    endloop
  endfacet
  facet normal -0 0 1
    outer loop
      vertex -27.95 32.5847 37.4
      vertex -27.5863 27.036 37.4
      vertex -27.5863 32.764 37.4
    endloop
  endfacet
  facet normal 0 0 1
    outer loop
      vertex -27.95 32.5847 37.4
      vertex -27.95 27.2153 37.4
      vertex -27.5863 27.036 37.4
    endloop
  endfacet
  facet normal -0 0 1
    outer loop
      vertex -28.2872 32.3594 37.4
      vertex -27.95 27.2153 37.4
      vertex -27.95 32.5847 37.4
    endloop
  endfacet
  facet normal 0 0 1
    outer loop
      vertex -28.2872 32.3594 37.4
      vertex -28.2872 27.4406 37.4
      vertex -27.95 27.2153 37.4
    endloop
  endfacet
  facet normal -0 0 1
    outer loop
      vertex -28.592 32.092 37.4
      vertex -28.2872 27.4406 37.4
      vertex -28.2872 32.3594 37.4
    endloop
  endfacet
  facet normal 0 0 1
    outer loop
      vertex -28.592 32.092 37.4
      vertex -28.592 27.708 37.4
      vertex -28.2872 27.4406 37.4
    endloop
  endfacet
  facet normal -0 0 1
    outer loop
      vertex -28.8594 31.7872 37.4
      vertex -28.592 27.708 37.4
      vertex -28.592 32.092 37.4
    endloop
  endfacet
  facet normal 0 0 1
    outer loop
      vertex -28.8594 31.7872 37.4
      vertex -28.8594 28.0128 37.4
      vertex -28.592 27.708 37.4
    endloop
  endfacet
  facet normal -0 0 1
    outer loop
      vertex -29.0847 31.45 37.4
      vertex -28.8594 28.0128 37.4
      vertex -28.8594 31.7872 37.4
    endloop
  endfacet
  facet normal 0 0 1
    outer loop
      vertex -29.0847 31.45 37.4
      vertex -29.0847 28.35 37.4
      vertex -28.8594 28.0128 37.4
    endloop
  endfacet
  facet normal -0 0 1
    outer loop
      vertex -29.264 31.0863 37.4
      vertex -29.0847 28.35 37.4
      vertex -29.0847 31.45 37.4
    endloop
  endfacet
  facet normal 0 0 1
    outer loop
      vertex -29.264 31.0863 37.4
      vertex -29.264 28.7137 37.4
      vertex -29.0847 28.35 37.4
    endloop
  endfacet
  facet normal -0 0 1
    outer loop
      vertex -29.3944 30.7023 37.4
      vertex -29.264 28.7137 37.4
      vertex -29.264 31.0863 37.4
    endloop
  endfacet
  facet normal 0 0 1
    outer loop
      vertex -29.3944 30.7023 37.4
      vertex -29.3944 29.0977 37.4
      vertex -29.264 28.7137 37.4
    endloop
  endfacet
  facet normal -0 0 1
    outer loop
      vertex -29.4735 30.3046 37.4
      vertex -29.3944 29.0977 37.4
      vertex -29.3944 30.7023 37.4
    endloop
  endfacet
  facet normal 0 0 1
    outer loop
      vertex -29.4735 30.3046 37.4
      vertex -29.4735 29.4954 37.4
      vertex -29.3944 29.0977 37.4
    endloop
  endfacet
  facet normal 0 -0 1
    outer loop
      vertex -29.4735 29.4954 37.4
      vertex -29.4735 30.3046 37.4
      vertex -29.5 29.9 37.4
    endloop
  endfacet
  facet normal 0.946893 0.321549 0
    outer loop
      vertex -29.264 28.7137 39.4
      vertex -29.3944 29.0977 37.4
      vertex -29.3944 29.0977 39.4
    endloop
  endfacet
  facet normal 0.946893 0.321549 0
    outer loop
      vertex -29.3944 29.0977 37.4
      vertex -29.264 28.7137 39.4
      vertex -29.264 28.7137 37.4
    endloop
  endfacet
  facet normal 0.831481 0.555553 0
    outer loop
      vertex -28.8594 28.0128 39.4
      vertex -29.0847 28.35 37.4
      vertex -29.0847 28.35 39.4
    endloop
  endfacet
  facet normal 0.831481 0.555553 0
    outer loop
      vertex -29.0847 28.35 37.4
      vertex -28.8594 28.0128 39.4
      vertex -28.8594 28.0128 37.4
    endloop
  endfacet
  facet normal 0.0653568 0.997862 -0
    outer loop
      vertex -26.4 26.8 37.4
      vertex -26.8046 26.8265 39.4
      vertex -26.4 26.8 39.4
    endloop
  endfacet
  facet normal 0.0653568 0.997862 0
    outer loop
      vertex -26.8046 26.8265 39.4
      vertex -26.4 26.8 37.4
      vertex -26.8046 26.8265 37.4
    endloop
  endfacet
  facet normal 0.555553 0.831481 -0
    outer loop
      vertex -27.95 27.2153 37.4
      vertex -28.2872 27.4406 39.4
      vertex -27.95 27.2153 39.4
    endloop
  endfacet
  facet normal 0.555553 0.831481 0
    outer loop
      vertex -28.2872 27.4406 39.4
      vertex -27.95 27.2153 37.4
      vertex -28.2872 27.4406 37.4
    endloop
  endfacet
  facet normal 0.659482 0.751721 -0
    outer loop
      vertex -28.2872 27.4406 37.4
      vertex -28.592 27.708 39.4
      vertex -28.2872 27.4406 39.4
    endloop
  endfacet
  facet normal 0.659482 0.751721 0
    outer loop
      vertex -28.592 27.708 39.4
      vertex -28.2872 27.4406 37.4
      vertex -28.592 27.708 37.4
    endloop
  endfacet
  facet normal -0.997862 -0.0653568 0
    outer loop
      vertex -23.3 29.9 37.4
      vertex -23.3265 30.3046 39.4
      vertex -23.3265 30.3046 37.4
    endloop
  endfacet
  facet normal -0.997862 -0.0653568 0
    outer loop
      vertex -23.3265 30.3046 39.4
      vertex -23.3 29.9 37.4
      vertex -23.3 29.9 39.4
    endloop
  endfacet
  facet normal -0.0653568 -0.997862 0
    outer loop
      vertex -26.4 33 37.4
      vertex -25.9954 32.9735 39.4
      vertex -26.4 33 39.4
    endloop
  endfacet
  facet normal -0.0653568 -0.997862 -0
    outer loop
      vertex -25.9954 32.9735 39.4
      vertex -26.4 33 37.4
      vertex -25.9954 32.9735 37.4
    endloop
  endfacet
  facet normal -0.831481 -0.555553 0
    outer loop
      vertex -23.7153 31.45 37.4
      vertex -23.9406 31.7872 39.4
      vertex -23.9406 31.7872 37.4
    endloop
  endfacet
  facet normal -0.831481 -0.555553 0
    outer loop
      vertex -23.9406 31.7872 39.4
      vertex -23.7153 31.45 37.4
      vertex -23.7153 31.45 39.4
    endloop
  endfacet
  facet normal -0.896928 -0.442176 0
    outer loop
      vertex -23.536 31.0863 37.4
      vertex -23.7153 31.45 39.4
      vertex -23.7153 31.45 37.4
    endloop
  endfacet
  facet normal -0.896928 -0.442176 0
    outer loop
      vertex -23.7153 31.45 39.4
      vertex -23.536 31.0863 37.4
      vertex -23.536 31.0863 39.4
    endloop
  endfacet
  facet normal -0.321549 -0.946893 0
    outer loop
      vertex -25.5977 32.8944 37.4
      vertex -25.2137 32.764 39.4
      vertex -25.5977 32.8944 39.4
    endloop
  endfacet
  facet normal -0.321549 -0.946893 -0
    outer loop
      vertex -25.2137 32.764 39.4
      vertex -25.5977 32.8944 37.4
      vertex -25.2137 32.764 37.4
    endloop
  endfacet
  facet normal -0.751721 -0.659482 0
    outer loop
      vertex -23.9406 31.7872 37.4
      vertex -24.208 32.092 39.4
      vertex -24.208 32.092 37.4
    endloop
  endfacet
  facet normal -0.751721 -0.659482 0
    outer loop
      vertex -24.208 32.092 39.4
      vertex -23.9406 31.7872 37.4
      vertex -23.9406 31.7872 39.4
    endloop
  endfacet
  facet normal -0.555553 -0.831481 0
    outer loop
      vertex -24.85 32.5847 37.4
      vertex -24.5128 32.3594 39.4
      vertex -24.85 32.5847 39.4
    endloop
  endfacet
  facet normal -0.555553 -0.831481 -0
    outer loop
      vertex -24.5128 32.3594 39.4
      vertex -24.85 32.5847 37.4
      vertex -24.5128 32.3594 37.4
    endloop
  endfacet
  facet normal 0.0653568 -0.997862 0
    outer loop
      vertex -26.8046 32.9735 37.4
      vertex -26.4 33 39.4
      vertex -26.8046 32.9735 39.4
    endloop
  endfacet
  facet normal 0.0653568 -0.997862 0
    outer loop
      vertex -26.4 33 39.4
      vertex -26.8046 32.9735 37.4
      vertex -26.4 33 37.4
    endloop
  endfacet
  facet normal 0.442176 -0.896928 0
    outer loop
      vertex -27.95 32.5847 37.4
      vertex -27.5863 32.764 39.4
      vertex -27.95 32.5847 39.4
    endloop
  endfacet
  facet normal 0.442176 -0.896928 0
    outer loop
      vertex -27.5863 32.764 39.4
      vertex -27.95 32.5847 37.4
      vertex -27.5863 32.764 37.4
    endloop
  endfacet
  facet normal 0.946893 -0.321549 0
    outer loop
      vertex -29.3944 30.7023 39.4
      vertex -29.264 31.0863 37.4
      vertex -29.264 31.0863 39.4
    endloop
  endfacet
  facet normal 0.946893 -0.321549 0
    outer loop
      vertex -29.264 31.0863 37.4
      vertex -29.3944 30.7023 39.4
      vertex -29.3944 30.7023 37.4
    endloop
  endfacet
  facet normal 0.997862 -0.0653568 0
    outer loop
      vertex -29.5 29.9 39.4
      vertex -29.4735 30.3046 37.4
      vertex -29.4735 30.3046 39.4
    endloop
  endfacet
  facet normal 0.997862 -0.0653568 0
    outer loop
      vertex -29.4735 30.3046 37.4
      vertex -29.5 29.9 39.4
      vertex -29.5 29.9 37.4
    endloop
  endfacet
  facet normal 0.831481 -0.555553 0
    outer loop
      vertex -29.0847 31.45 39.4
      vertex -28.8594 31.7872 37.4
      vertex -28.8594 31.7872 39.4
    endloop
  endfacet
  facet normal 0.831481 -0.555553 0
    outer loop
      vertex -28.8594 31.7872 37.4
      vertex -29.0847 31.45 39.4
      vertex -29.0847 31.45 37.4
    endloop
  endfacet
  facet normal -0.195073 -0.980789 0
    outer loop
      vertex -25.9954 32.9735 37.4
      vertex -25.5977 32.8944 39.4
      vertex -25.9954 32.9735 39.4
    endloop
  endfacet
  facet normal -0.195073 -0.980789 -0
    outer loop
      vertex -25.5977 32.8944 39.4
      vertex -25.9954 32.9735 37.4
      vertex -25.5977 32.8944 37.4
    endloop
  endfacet
  facet normal -0.442176 -0.896928 0
    outer loop
      vertex -25.2137 32.764 37.4
      vertex -24.85 32.5847 39.4
      vertex -25.2137 32.764 39.4
    endloop
  endfacet
  facet normal -0.442176 -0.896928 -0
    outer loop
      vertex -24.85 32.5847 39.4
      vertex -25.2137 32.764 37.4
      vertex -24.85 32.5847 37.4
    endloop
  endfacet
  facet normal -0.659482 -0.751721 0
    outer loop
      vertex -24.5128 32.3594 37.4
      vertex -24.208 32.092 39.4
      vertex -24.5128 32.3594 39.4
    endloop
  endfacet
  facet normal -0.659482 -0.751721 -0
    outer loop
      vertex -24.208 32.092 39.4
      vertex -24.5128 32.3594 37.4
      vertex -24.208 32.092 37.4
    endloop
  endfacet
  facet normal 0.555553 -0.831481 0
    outer loop
      vertex -28.2872 32.3594 37.4
      vertex -27.95 32.5847 39.4
      vertex -28.2872 32.3594 39.4
    endloop
  endfacet
  facet normal 0.555553 -0.831481 0
    outer loop
      vertex -27.95 32.5847 39.4
      vertex -28.2872 32.3594 37.4
      vertex -27.95 32.5847 37.4
    endloop
  endfacet
  facet normal 0.980789 -0.195073 0
    outer loop
      vertex -29.4735 30.3046 39.4
      vertex -29.3944 30.7023 37.4
      vertex -29.3944 30.7023 39.4
    endloop
  endfacet
  facet normal 0.980789 -0.195073 0
    outer loop
      vertex -29.3944 30.7023 37.4
      vertex -29.4735 30.3046 39.4
      vertex -29.4735 30.3046 37.4
    endloop
  endfacet
  facet normal 0.751721 -0.659482 0
    outer loop
      vertex -28.8594 31.7872 39.4
      vertex -28.592 32.092 37.4
      vertex -28.592 32.092 39.4
    endloop
  endfacet
  facet normal 0.751721 -0.659482 0
    outer loop
      vertex -28.592 32.092 37.4
      vertex -28.8594 31.7872 39.4
      vertex -28.8594 31.7872 37.4
    endloop
  endfacet
  facet normal -0.997862 0.0653519 0
    outer loop
      vertex -23.3265 5.69537 37.4
      vertex -23.3 6.1 39.4
      vertex -23.3 6.1 37.4
    endloop
  endfacet
  facet normal -0.997862 0.0653519 0
    outer loop
      vertex -23.3 6.1 39.4
      vertex -23.3265 5.69537 37.4
      vertex -23.3265 5.69537 39.4
    endloop
  endfacet
  facet normal 0.0654059 0.997859 -0
    outer loop
      vertex -26.4 3 37.4
      vertex -26.8046 3.02652 39.4
      vertex -26.4 3 39.4
    endloop
  endfacet
  facet normal 0.0654059 0.997859 0
    outer loop
      vertex -26.8046 3.02652 39.4
      vertex -26.4 3 37.4
      vertex -26.8046 3.02652 37.4
    endloop
  endfacet
  facet normal -0.0654059 -0.997859 0
    outer loop
      vertex -26.4 9.2 37.4
      vertex -25.9954 9.17348 39.4
      vertex -26.4 9.2 39.4
    endloop
  endfacet
  facet normal -0.0654059 -0.997859 -0
    outer loop
      vertex -25.9954 9.17348 39.4
      vertex -26.4 9.2 37.4
      vertex -25.9954 9.17348 37.4
    endloop
  endfacet
  facet normal -0.65944 0.751757 0
    outer loop
      vertex -24.208 3.90797 37.4
      vertex -24.5128 3.6406 39.4
      vertex -24.208 3.90797 39.4
    endloop
  endfacet
  facet normal -0.65944 0.751757 0
    outer loop
      vertex -24.5128 3.6406 39.4
      vertex -24.208 3.90797 37.4
      vertex -24.5128 3.6406 37.4
    endloop
  endfacet
  facet normal 0.751796 0.659396 0
    outer loop
      vertex -28.592 3.90797 39.4
      vertex -28.8594 4.21284 37.4
      vertex -28.8594 4.21284 39.4
    endloop
  endfacet
  facet normal 0.751796 0.659396 0
    outer loop
      vertex -28.8594 4.21284 37.4
      vertex -28.592 3.90797 39.4
      vertex -28.592 3.90797 37.4
    endloop
  endfacet
  facet normal 0.442275 0.89688 -0
    outer loop
      vertex -27.5863 3.23597 37.4
      vertex -27.95 3.41532 39.4
      vertex -27.5863 3.23597 39.4
    endloop
  endfacet
  facet normal 0.442275 0.89688 0
    outer loop
      vertex -27.95 3.41532 39.4
      vertex -27.5863 3.23597 37.4
      vertex -27.95 3.41532 37.4
    endloop
  endfacet
  facet normal -0.946888 -0.321564 0
    outer loop
      vertex -23.4056 6.90234 37.4
      vertex -23.536 7.28632 39.4
      vertex -23.536 7.28632 37.4
    endloop
  endfacet
  facet normal -0.946888 -0.321564 0
    outer loop
      vertex -23.536 7.28632 39.4
      vertex -23.4056 6.90234 37.4
      vertex -23.4056 6.90234 39.4
    endloop
  endfacet
  facet normal -0.896919 0.442195 0
    outer loop
      vertex -23.7153 4.55 37.4
      vertex -23.536 4.91368 39.4
      vertex -23.536 4.91368 37.4
    endloop
  endfacet
  facet normal -0.896919 0.442195 0
    outer loop
      vertex -23.536 4.91368 39.4
      vertex -23.7153 4.55 37.4
      vertex -23.7153 4.55 39.4
    endloop
  endfacet
  facet normal -0.98079 0.195068 0
    outer loop
      vertex -23.4056 5.29766 37.4
      vertex -23.3265 5.69537 39.4
      vertex -23.3265 5.69537 37.4
    endloop
  endfacet
  facet normal -0.98079 0.195068 0
    outer loop
      vertex -23.3265 5.69537 39.4
      vertex -23.4056 5.29766 37.4
      vertex -23.4056 5.29766 39.4
    endloop
  endfacet
  facet normal -0.321416 0.946938 0
    outer loop
      vertex -25.2137 3.23597 37.4
      vertex -25.5977 3.10563 39.4
      vertex -25.2137 3.23597 39.4
    endloop
  endfacet
  facet normal -0.321416 0.946938 0
    outer loop
      vertex -25.5977 3.10563 39.4
      vertex -25.2137 3.23597 37.4
      vertex -25.5977 3.10563 37.4
    endloop
  endfacet
  facet normal -0.555519 0.831504 0
    outer loop
      vertex -24.5128 3.6406 37.4
      vertex -24.85 3.41532 39.4
      vertex -24.5128 3.6406 39.4
    endloop
  endfacet
  facet normal -0.555519 0.831504 0
    outer loop
      vertex -24.85 3.41532 39.4
      vertex -24.5128 3.6406 37.4
      vertex -24.85 3.41532 37.4
    endloop
  endfacet
  facet normal 0.946888 0.321564 0
    outer loop
      vertex -29.264 4.91368 39.4
      vertex -29.3944 5.29766 37.4
      vertex -29.3944 5.29766 39.4
    endloop
  endfacet
  facet normal 0.946888 0.321564 0
    outer loop
      vertex -29.3944 5.29766 37.4
      vertex -29.264 4.91368 39.4
      vertex -29.264 4.91368 37.4
    endloop
  endfacet
  facet normal 0.83145 0.555599 0
    outer loop
      vertex -28.8594 4.21284 39.4
      vertex -29.0847 4.55 37.4
      vertex -29.0847 4.55 39.4
    endloop
  endfacet
  facet normal 0.83145 0.555599 0
    outer loop
      vertex -29.0847 4.55 37.4
      vertex -28.8594 4.21284 39.4
      vertex -28.8594 4.21284 37.4
    endloop
  endfacet
  facet normal 0.195096 0.980784 -0
    outer loop
      vertex -26.8046 3.02652 37.4
      vertex -27.2023 3.10563 39.4
      vertex -26.8046 3.02652 39.4
    endloop
  endfacet
  facet normal 0.195096 0.980784 0
    outer loop
      vertex -27.2023 3.10563 39.4
      vertex -26.8046 3.02652 37.4
      vertex -27.2023 3.10563 37.4
    endloop
  endfacet
  facet normal -0.195096 -0.980784 0
    outer loop
      vertex -25.9954 9.17348 37.4
      vertex -25.5977 9.09437 39.4
      vertex -25.9954 9.17348 39.4
    endloop
  endfacet
  facet normal -0.195096 -0.980784 -0
    outer loop
      vertex -25.5977 9.09437 39.4
      vertex -25.9954 9.17348 37.4
      vertex -25.5977 9.09437 37.4
    endloop
  endfacet
  facet normal -0.946888 0.321564 0
    outer loop
      vertex -23.536 4.91368 37.4
      vertex -23.4056 5.29766 39.4
      vertex -23.4056 5.29766 37.4
    endloop
  endfacet
  facet normal -0.946888 0.321564 0
    outer loop
      vertex -23.4056 5.29766 39.4
      vertex -23.536 4.91368 37.4
      vertex -23.536 4.91368 39.4
    endloop
  endfacet
  facet normal -0.751796 0.659396 0
    outer loop
      vertex -24.208 3.90797 37.4
      vertex -23.9406 4.21284 39.4
      vertex -23.9406 4.21284 37.4
    endloop
  endfacet
  facet normal -0.751796 0.659396 0
    outer loop
      vertex -23.9406 4.21284 39.4
      vertex -24.208 3.90797 37.4
      vertex -24.208 3.90797 39.4
    endloop
  endfacet
  facet normal -0.83145 0.555599 0
    outer loop
      vertex -23.9406 4.21284 37.4
      vertex -23.7153 4.55 39.4
      vertex -23.7153 4.55 37.4
    endloop
  endfacet
  facet normal -0.83145 0.555599 0
    outer loop
      vertex -23.7153 4.55 39.4
      vertex -23.9406 4.21284 37.4
      vertex -23.9406 4.21284 39.4
    endloop
  endfacet
  facet normal -0.195096 0.980784 0
    outer loop
      vertex -25.5977 3.10563 37.4
      vertex -25.9954 3.02652 39.4
      vertex -25.5977 3.10563 39.4
    endloop
  endfacet
  facet normal -0.195096 0.980784 0
    outer loop
      vertex -25.9954 3.02652 39.4
      vertex -25.5977 3.10563 37.4
      vertex -25.9954 3.02652 37.4
    endloop
  endfacet
  facet normal -0.0654059 0.997859 0
    outer loop
      vertex -25.9954 3.02652 37.4
      vertex -26.4 3 39.4
      vertex -25.9954 3.02652 39.4
    endloop
  endfacet
  facet normal -0.0654059 0.997859 0
    outer loop
      vertex -26.4 3 39.4
      vertex -25.9954 3.02652 37.4
      vertex -26.4 3 37.4
    endloop
  endfacet
  facet normal -0.442275 0.89688 0
    outer loop
      vertex -24.85 3.41532 37.4
      vertex -25.2137 3.23597 39.4
      vertex -24.85 3.41532 39.4
    endloop
  endfacet
  facet normal -0.442275 0.89688 0
    outer loop
      vertex -25.2137 3.23597 39.4
      vertex -24.85 3.41532 37.4
      vertex -25.2137 3.23597 37.4
    endloop
  endfacet
  facet normal 0.896919 0.442195 0
    outer loop
      vertex -29.0847 4.55 39.4
      vertex -29.264 4.91368 37.4
      vertex -29.264 4.91368 39.4
    endloop
  endfacet
  facet normal 0.896919 0.442195 0
    outer loop
      vertex -29.264 4.91368 37.4
      vertex -29.0847 4.55 39.4
      vertex -29.0847 4.55 37.4
    endloop
  endfacet
  facet normal 0.98079 0.195068 0
    outer loop
      vertex -29.3944 5.29766 39.4
      vertex -29.4735 5.69537 37.4
      vertex -29.4735 5.69537 39.4
    endloop
  endfacet
  facet normal 0.98079 0.195068 0
    outer loop
      vertex -29.4735 5.69537 37.4
      vertex -29.3944 5.29766 39.4
      vertex -29.3944 5.29766 37.4
    endloop
  endfacet
  facet normal 0.997862 0.0653519 0
    outer loop
      vertex -29.4735 5.69537 39.4
      vertex -29.5 6.1 37.4
      vertex -29.5 6.1 39.4
    endloop
  endfacet
  facet normal 0.997862 0.0653519 0
    outer loop
      vertex -29.5 6.1 37.4
      vertex -29.4735 5.69537 39.4
      vertex -29.4735 5.69537 37.4
    endloop
  endfacet
  facet normal 0.997862 -0.0653519 0
    outer loop
      vertex -29.5 6.1 39.4
      vertex -29.4735 6.50463 37.4
      vertex -29.4735 6.50463 39.4
    endloop
  endfacet
  facet normal 0.997862 -0.0653519 0
    outer loop
      vertex -29.4735 6.50463 37.4
      vertex -29.5 6.1 39.4
      vertex -29.5 6.1 37.4
    endloop
  endfacet
  facet normal 0.555519 0.831504 -0
    outer loop
      vertex -27.95 3.41532 37.4
      vertex -28.2872 3.6406 39.4
      vertex -27.95 3.41532 39.4
    endloop
  endfacet
  facet normal 0.555519 0.831504 0
    outer loop
      vertex -28.2872 3.6406 39.4
      vertex -27.95 3.41532 37.4
      vertex -28.2872 3.6406 37.4
    endloop
  endfacet
  facet normal 0.65944 0.751757 -0
    outer loop
      vertex -28.2872 3.6406 37.4
      vertex -28.592 3.90797 39.4
      vertex -28.2872 3.6406 39.4
    endloop
  endfacet
  facet normal 0.65944 0.751757 0
    outer loop
      vertex -28.592 3.90797 39.4
      vertex -28.2872 3.6406 37.4
      vertex -28.592 3.90797 37.4
    endloop
  endfacet
  facet normal 0.321416 0.946938 -0
    outer loop
      vertex -27.2023 3.10563 37.4
      vertex -27.5863 3.23597 39.4
      vertex -27.2023 3.10563 39.4
    endloop
  endfacet
  facet normal 0.321416 0.946938 0
    outer loop
      vertex -27.5863 3.23597 39.4
      vertex -27.2023 3.10563 37.4
      vertex -27.5863 3.23597 37.4
    endloop
  endfacet
  facet normal -0.83145 -0.555599 0
    outer loop
      vertex -23.7153 7.65 37.4
      vertex -23.9406 7.98716 39.4
      vertex -23.9406 7.98716 37.4
    endloop
  endfacet
  facet normal -0.83145 -0.555599 0
    outer loop
      vertex -23.9406 7.98716 39.4
      vertex -23.7153 7.65 37.4
      vertex -23.7153 7.65 39.4
    endloop
  endfacet
  facet normal -0.98079 -0.195068 0
    outer loop
      vertex -23.3265 6.50463 37.4
      vertex -23.4056 6.90234 39.4
      vertex -23.4056 6.90234 37.4
    endloop
  endfacet
  facet normal -0.98079 -0.195068 0
    outer loop
      vertex -23.4056 6.90234 39.4
      vertex -23.3265 6.50463 37.4
      vertex -23.3265 6.50463 39.4
    endloop
  endfacet
  facet normal 0.83145 -0.555599 0
    outer loop
      vertex -29.0847 7.65 39.4
      vertex -28.8594 7.98716 37.4
      vertex -28.8594 7.98716 39.4
    endloop
  endfacet
  facet normal 0.83145 -0.555599 0
    outer loop
      vertex -28.8594 7.98716 37.4
      vertex -29.0847 7.65 39.4
      vertex -29.0847 7.65 37.4
    endloop
  endfacet
  facet normal 0.65944 -0.751757 0
    outer loop
      vertex -28.592 8.29203 37.4
      vertex -28.2872 8.5594 39.4
      vertex -28.592 8.29203 39.4
    endloop
  endfacet
  facet normal 0.65944 -0.751757 0
    outer loop
      vertex -28.2872 8.5594 39.4
      vertex -28.592 8.29203 37.4
      vertex -28.2872 8.5594 37.4
    endloop
  endfacet
  facet normal 0.98079 -0.195068 0
    outer loop
      vertex -29.4735 6.50463 39.4
      vertex -29.3944 6.90234 37.4
      vertex -29.3944 6.90234 39.4
    endloop
  endfacet
  facet normal 0.98079 -0.195068 0
    outer loop
      vertex -29.3944 6.90234 37.4
      vertex -29.4735 6.50463 39.4
      vertex -29.4735 6.50463 37.4
    endloop
  endfacet
  facet normal -0.555519 -0.831504 0
    outer loop
      vertex -24.85 8.78468 37.4
      vertex -24.5128 8.5594 39.4
      vertex -24.85 8.78468 39.4
    endloop
  endfacet
  facet normal -0.555519 -0.831504 -0
    outer loop
      vertex -24.5128 8.5594 39.4
      vertex -24.85 8.78468 37.4
      vertex -24.5128 8.5594 37.4
    endloop
  endfacet
  facet normal 0 0 1
    outer loop
      vertex -23.3265 6.50463 37.4
      vertex -23.3265 5.69537 37.4
      vertex -23.3 6.1 37.4
    endloop
  endfacet
  facet normal 0 0 1
    outer loop
      vertex -23.4056 6.90234 37.4
      vertex -23.3265 5.69537 37.4
      vertex -23.3265 6.50463 37.4
    endloop
  endfacet
  facet normal 0 0 1
    outer loop
      vertex -23.4056 6.90234 37.4
      vertex -23.4056 5.29766 37.4
      vertex -23.3265 5.69537 37.4
    endloop
  endfacet
  facet normal 0 0 1
    outer loop
      vertex -23.536 7.28632 37.4
      vertex -23.4056 5.29766 37.4
      vertex -23.4056 6.90234 37.4
    endloop
  endfacet
  facet normal 0 0 1
    outer loop
      vertex -23.536 7.28632 37.4
      vertex -23.536 4.91368 37.4
      vertex -23.4056 5.29766 37.4
    endloop
  endfacet
  facet normal 0 0 1
    outer loop
      vertex -23.7153 7.65 37.4
      vertex -23.536 4.91368 37.4
      vertex -23.536 7.28632 37.4
    endloop
  endfacet
  facet normal 0 0 1
    outer loop
      vertex -23.7153 7.65 37.4
      vertex -23.7153 4.55 37.4
      vertex -23.536 4.91368 37.4
    endloop
  endfacet
  facet normal 0 0 1
    outer loop
      vertex -23.9406 7.98716 37.4
      vertex -23.7153 4.55 37.4
      vertex -23.7153 7.65 37.4
    endloop
  endfacet
  facet normal 0 0 1
    outer loop
      vertex -23.9406 7.98716 37.4
      vertex -23.9406 4.21284 37.4
      vertex -23.7153 4.55 37.4
    endloop
  endfacet
  facet normal 0 0 1
    outer loop
      vertex -24.208 8.29203 37.4
      vertex -23.9406 4.21284 37.4
      vertex -23.9406 7.98716 37.4
    endloop
  endfacet
  facet normal 0 0 1
    outer loop
      vertex -24.208 8.29203 37.4
      vertex -24.208 3.90797 37.4
      vertex -23.9406 4.21284 37.4
    endloop
  endfacet
  facet normal 0 0 1
    outer loop
      vertex -24.5128 8.5594 37.4
      vertex -24.208 3.90797 37.4
      vertex -24.208 8.29203 37.4
    endloop
  endfacet
  facet normal 0 0 1
    outer loop
      vertex -24.5128 8.5594 37.4
      vertex -24.5128 3.6406 37.4
      vertex -24.208 3.90797 37.4
    endloop
  endfacet
  facet normal 0 0 1
    outer loop
      vertex -24.85 8.78468 37.4
      vertex -24.5128 3.6406 37.4
      vertex -24.5128 8.5594 37.4
    endloop
  endfacet
  facet normal 0 0 1
    outer loop
      vertex -24.85 8.78468 37.4
      vertex -24.85 3.41532 37.4
      vertex -24.5128 3.6406 37.4
    endloop
  endfacet
  facet normal 0 0 1
    outer loop
      vertex -25.2137 8.96403 37.4
      vertex -24.85 3.41532 37.4
      vertex -24.85 8.78468 37.4
    endloop
  endfacet
  facet normal 0 0 1
    outer loop
      vertex -25.2137 8.96403 37.4
      vertex -25.2137 3.23597 37.4
      vertex -24.85 3.41532 37.4
    endloop
  endfacet
  facet normal 0 0 1
    outer loop
      vertex -25.5977 9.09437 37.4
      vertex -25.2137 3.23597 37.4
      vertex -25.2137 8.96403 37.4
    endloop
  endfacet
  facet normal 0 0 1
    outer loop
      vertex -25.5977 9.09437 37.4
      vertex -25.5977 3.10563 37.4
      vertex -25.2137 3.23597 37.4
    endloop
  endfacet
  facet normal 0 0 1
    outer loop
      vertex -25.9954 9.17348 37.4
      vertex -25.5977 3.10563 37.4
      vertex -25.5977 9.09437 37.4
    endloop
  endfacet
  facet normal 0 0 1
    outer loop
      vertex -25.9954 9.17348 37.4
      vertex -25.9954 3.02652 37.4
      vertex -25.5977 3.10563 37.4
    endloop
  endfacet
  facet normal 0 0 1
    outer loop
      vertex -26.4 9.2 37.4
      vertex -25.9954 3.02652 37.4
      vertex -25.9954 9.17348 37.4
    endloop
  endfacet
  facet normal 0 0 1
    outer loop
      vertex -26.4 9.2 37.4
      vertex -26.4 3 37.4
      vertex -25.9954 3.02652 37.4
    endloop
  endfacet
  facet normal -0 0 1
    outer loop
      vertex -26.8046 9.17348 37.4
      vertex -26.4 3 37.4
      vertex -26.4 9.2 37.4
    endloop
  endfacet
  facet normal 0 0 1
    outer loop
      vertex -26.8046 9.17348 37.4
      vertex -26.8046 3.02652 37.4
      vertex -26.4 3 37.4
    endloop
  endfacet
  facet normal -0 0 1
    outer loop
      vertex -27.2023 9.09437 37.4
      vertex -26.8046 3.02652 37.4
      vertex -26.8046 9.17348 37.4
    endloop
  endfacet
  facet normal 0 0 1
    outer loop
      vertex -27.2023 9.09437 37.4
      vertex -27.2023 3.10563 37.4
      vertex -26.8046 3.02652 37.4
    endloop
  endfacet
  facet normal -0 0 1
    outer loop
      vertex -27.5863 8.96403 37.4
      vertex -27.2023 3.10563 37.4
      vertex -27.2023 9.09437 37.4
    endloop
  endfacet
  facet normal 0 0 1
    outer loop
      vertex -27.5863 8.96403 37.4
      vertex -27.5863 3.23597 37.4
      vertex -27.2023 3.10563 37.4
    endloop
  endfacet
  facet normal -0 0 1
    outer loop
      vertex -27.95 8.78468 37.4
      vertex -27.5863 3.23597 37.4
      vertex -27.5863 8.96403 37.4
    endloop
  endfacet
  facet normal 0 0 1
    outer loop
      vertex -27.95 8.78468 37.4
      vertex -27.95 3.41532 37.4
      vertex -27.5863 3.23597 37.4
    endloop
  endfacet
  facet normal -0 0 1
    outer loop
      vertex -28.2872 8.5594 37.4
      vertex -27.95 3.41532 37.4
      vertex -27.95 8.78468 37.4
    endloop
  endfacet
  facet normal 0 0 1
    outer loop
      vertex -28.2872 8.5594 37.4
      vertex -28.2872 3.6406 37.4
      vertex -27.95 3.41532 37.4
    endloop
  endfacet
  facet normal -0 0 1
    outer loop
      vertex -28.592 8.29203 37.4
      vertex -28.2872 3.6406 37.4
      vertex -28.2872 8.5594 37.4
    endloop
  endfacet
  facet normal 0 0 1
    outer loop
      vertex -28.592 8.29203 37.4
      vertex -28.592 3.90797 37.4
      vertex -28.2872 3.6406 37.4
    endloop
  endfacet
  facet normal -0 0 1
    outer loop
      vertex -28.8594 7.98716 37.4
      vertex -28.592 3.90797 37.4
      vertex -28.592 8.29203 37.4
    endloop
  endfacet
  facet normal 0 0 1
    outer loop
      vertex -28.8594 7.98716 37.4
      vertex -28.8594 4.21284 37.4
      vertex -28.592 3.90797 37.4
    endloop
  endfacet
  facet normal -0 0 1
    outer loop
      vertex -29.0847 7.65 37.4
      vertex -28.8594 4.21284 37.4
      vertex -28.8594 7.98716 37.4
    endloop
  endfacet
  facet normal 0 0 1
    outer loop
      vertex -29.0847 7.65 37.4
      vertex -29.0847 4.55 37.4
      vertex -28.8594 4.21284 37.4
    endloop
  endfacet
  facet normal -0 0 1
    outer loop
      vertex -29.264 7.28632 37.4
      vertex -29.0847 4.55 37.4
      vertex -29.0847 7.65 37.4
    endloop
  endfacet
  facet normal 0 0 1
    outer loop
      vertex -29.264 7.28632 37.4
      vertex -29.264 4.91368 37.4
      vertex -29.0847 4.55 37.4
    endloop
  endfacet
  facet normal -0 0 1
    outer loop
      vertex -29.3944 6.90234 37.4
      vertex -29.264 4.91368 37.4
      vertex -29.264 7.28632 37.4
    endloop
  endfacet
  facet normal 0 0 1
    outer loop
      vertex -29.3944 6.90234 37.4
      vertex -29.3944 5.29766 37.4
      vertex -29.264 4.91368 37.4
    endloop
  endfacet
  facet normal -0 0 1
    outer loop
      vertex -29.4735 6.50463 37.4
      vertex -29.3944 5.29766 37.4
      vertex -29.3944 6.90234 37.4
    endloop
  endfacet
  facet normal 0 0 1
    outer loop
      vertex -29.4735 6.50463 37.4
      vertex -29.4735 5.69537 37.4
      vertex -29.3944 5.29766 37.4
    endloop
  endfacet
  facet normal 0 -0 1
    outer loop
      vertex -29.4735 5.69537 37.4
      vertex -29.4735 6.50463 37.4
      vertex -29.5 6.1 37.4
    endloop
  endfacet
  facet normal -0.896919 -0.442195 0
    outer loop
      vertex -23.536 7.28632 37.4
      vertex -23.7153 7.65 39.4
      vertex -23.7153 7.65 37.4
    endloop
  endfacet
  facet normal -0.896919 -0.442195 0
    outer loop
      vertex -23.7153 7.65 39.4
      vertex -23.536 7.28632 37.4
      vertex -23.536 7.28632 39.4
    endloop
  endfacet
  facet normal -0.997862 -0.0653519 0
    outer loop
      vertex -23.3 6.1 37.4
      vertex -23.3265 6.50463 39.4
      vertex -23.3265 6.50463 37.4
    endloop
  endfacet
  facet normal -0.997862 -0.0653519 0
    outer loop
      vertex -23.3265 6.50463 39.4
      vertex -23.3 6.1 37.4
      vertex -23.3 6.1 39.4
    endloop
  endfacet
  facet normal 0.946888 -0.321564 0
    outer loop
      vertex -29.3944 6.90234 39.4
      vertex -29.264 7.28632 37.4
      vertex -29.264 7.28632 39.4
    endloop
  endfacet
  facet normal 0.946888 -0.321564 0
    outer loop
      vertex -29.264 7.28632 37.4
      vertex -29.3944 6.90234 39.4
      vertex -29.3944 6.90234 37.4
    endloop
  endfacet
  facet normal 0.896919 -0.442195 0
    outer loop
      vertex -29.264 7.28632 39.4
      vertex -29.0847 7.65 37.4
      vertex -29.0847 7.65 39.4
    endloop
  endfacet
  facet normal 0.896919 -0.442195 0
    outer loop
      vertex -29.0847 7.65 37.4
      vertex -29.264 7.28632 39.4
      vertex -29.264 7.28632 37.4
    endloop
  endfacet
  facet normal -0.751796 -0.659396 0
    outer loop
      vertex -23.9406 7.98716 37.4
      vertex -24.208 8.29203 39.4
      vertex -24.208 8.29203 37.4
    endloop
  endfacet
  facet normal -0.751796 -0.659396 0
    outer loop
      vertex -24.208 8.29203 39.4
      vertex -23.9406 7.98716 37.4
      vertex -23.9406 7.98716 39.4
    endloop
  endfacet
  facet normal -0.442275 -0.89688 0
    outer loop
      vertex -25.2137 8.96403 37.4
      vertex -24.85 8.78468 39.4
      vertex -25.2137 8.96403 39.4
    endloop
  endfacet
  facet normal -0.442275 -0.89688 -0
    outer loop
      vertex -24.85 8.78468 39.4
      vertex -25.2137 8.96403 37.4
      vertex -24.85 8.78468 37.4
    endloop
  endfacet
  facet normal -0.321416 -0.946938 0
    outer loop
      vertex -25.5977 9.09437 37.4
      vertex -25.2137 8.96403 39.4
      vertex -25.5977 9.09437 39.4
    endloop
  endfacet
  facet normal -0.321416 -0.946938 -0
    outer loop
      vertex -25.2137 8.96403 39.4
      vertex -25.5977 9.09437 37.4
      vertex -25.2137 8.96403 37.4
    endloop
  endfacet
  facet normal 0.195096 -0.980784 0
    outer loop
      vertex -27.2023 9.09437 37.4
      vertex -26.8046 9.17348 39.4
      vertex -27.2023 9.09437 39.4
    endloop
  endfacet
  facet normal 0.195096 -0.980784 0
    outer loop
      vertex -26.8046 9.17348 39.4
      vertex -27.2023 9.09437 37.4
      vertex -26.8046 9.17348 37.4
    endloop
  endfacet
  facet normal 0.751796 -0.659396 0
    outer loop
      vertex -28.8594 7.98716 39.4
      vertex -28.592 8.29203 37.4
      vertex -28.592 8.29203 39.4
    endloop
  endfacet
  facet normal 0.751796 -0.659396 0
    outer loop
      vertex -28.592 8.29203 37.4
      vertex -28.8594 7.98716 39.4
      vertex -28.8594 7.98716 37.4
    endloop
  endfacet
  facet normal -0.65944 -0.751757 0
    outer loop
      vertex -24.5128 8.5594 37.4
      vertex -24.208 8.29203 39.4
      vertex -24.5128 8.5594 39.4
    endloop
  endfacet
  facet normal -0.65944 -0.751757 -0
    outer loop
      vertex -24.208 8.29203 39.4
      vertex -24.5128 8.5594 37.4
      vertex -24.208 8.29203 37.4
    endloop
  endfacet
  facet normal 0.442275 -0.89688 0
    outer loop
      vertex -27.95 8.78468 37.4
      vertex -27.5863 8.96403 39.4
      vertex -27.95 8.78468 39.4
    endloop
  endfacet
  facet normal 0.442275 -0.89688 0
    outer loop
      vertex -27.5863 8.96403 39.4
      vertex -27.95 8.78468 37.4
      vertex -27.5863 8.96403 37.4
    endloop
  endfacet
  facet normal 0.555519 -0.831504 0
    outer loop
      vertex -28.2872 8.5594 37.4
      vertex -27.95 8.78468 39.4
      vertex -28.2872 8.5594 39.4
    endloop
  endfacet
  facet normal 0.555519 -0.831504 0
    outer loop
      vertex -27.95 8.78468 39.4
      vertex -28.2872 8.5594 37.4
      vertex -27.95 8.78468 37.4
    endloop
  endfacet
  facet normal 0.0654059 -0.997859 0
    outer loop
      vertex -26.8046 9.17348 37.4
      vertex -26.4 9.2 39.4
      vertex -26.8046 9.17348 39.4
    endloop
  endfacet
  facet normal 0.0654059 -0.997859 0
    outer loop
      vertex -26.4 9.2 39.4
      vertex -26.8046 9.17348 37.4
      vertex -26.4 9.2 37.4
    endloop
  endfacet
  facet normal 0.321416 -0.946938 0
    outer loop
      vertex -27.5863 8.96403 37.4
      vertex -27.2023 9.09437 39.4
      vertex -27.5863 8.96403 39.4
    endloop
  endfacet
  facet normal 0.321416 -0.946938 0
    outer loop
      vertex -27.2023 9.09437 39.4
      vertex -27.5863 8.96403 37.4
      vertex -27.2023 9.09437 37.4
    endloop
  endfacet
  facet normal -0.555553 0.831481 0
    outer loop
      vertex 28.2872 27.4406 37.4
      vertex 27.95 27.2153 39.4
      vertex 28.2872 27.4406 39.4
    endloop
  endfacet
  facet normal -0.555553 0.831481 0
    outer loop
      vertex 27.95 27.2153 39.4
      vertex 28.2872 27.4406 37.4
      vertex 27.95 27.2153 37.4
    endloop
  endfacet
  facet normal -0.980789 -0.195073 0
    outer loop
      vertex 29.4735 30.3046 37.4
      vertex 29.3944 30.7023 39.4
      vertex 29.3944 30.7023 37.4
    endloop
  endfacet
  facet normal -0.980789 -0.195073 0
    outer loop
      vertex 29.3944 30.7023 39.4
      vertex 29.4735 30.3046 37.4
      vertex 29.4735 30.3046 39.4
    endloop
  endfacet
  facet normal 0.321549 -0.946893 0
    outer loop
      vertex 25.2137 32.764 37.4
      vertex 25.5977 32.8944 39.4
      vertex 25.2137 32.764 39.4
    endloop
  endfacet
  facet normal 0.321549 -0.946893 0
    outer loop
      vertex 25.5977 32.8944 39.4
      vertex 25.2137 32.764 37.4
      vertex 25.5977 32.8944 37.4
    endloop
  endfacet
  facet normal 0.321549 0.946893 -0
    outer loop
      vertex 25.5977 26.9056 37.4
      vertex 25.2137 27.036 39.4
      vertex 25.5977 26.9056 39.4
    endloop
  endfacet
  facet normal 0.321549 0.946893 0
    outer loop
      vertex 25.2137 27.036 39.4
      vertex 25.5977 26.9056 37.4
      vertex 25.2137 27.036 37.4
    endloop
  endfacet
  facet normal 0.896928 0.442176 0
    outer loop
      vertex 23.7153 28.35 39.4
      vertex 23.536 28.7137 37.4
      vertex 23.536 28.7137 39.4
    endloop
  endfacet
  facet normal 0.896928 0.442176 0
    outer loop
      vertex 23.536 28.7137 37.4
      vertex 23.7153 28.35 39.4
      vertex 23.7153 28.35 37.4
    endloop
  endfacet
  facet normal -0.751721 -0.659482 0
    outer loop
      vertex 28.8594 31.7872 37.4
      vertex 28.592 32.092 39.4
      vertex 28.592 32.092 37.4
    endloop
  endfacet
  facet normal -0.751721 -0.659482 0
    outer loop
      vertex 28.592 32.092 39.4
      vertex 28.8594 31.7872 37.4
      vertex 28.8594 31.7872 39.4
    endloop
  endfacet
  facet normal -0.896928 0.442176 0
    outer loop
      vertex 29.0847 28.35 37.4
      vertex 29.264 28.7137 39.4
      vertex 29.264 28.7137 37.4
    endloop
  endfacet
  facet normal -0.896928 0.442176 0
    outer loop
      vertex 29.264 28.7137 39.4
      vertex 29.0847 28.35 37.4
      vertex 29.0847 28.35 39.4
    endloop
  endfacet
  facet normal -0.980789 0.195073 0
    outer loop
      vertex 29.3944 29.0977 37.4
      vertex 29.4735 29.4954 39.4
      vertex 29.4735 29.4954 37.4
    endloop
  endfacet
  facet normal -0.980789 0.195073 0
    outer loop
      vertex 29.4735 29.4954 39.4
      vertex 29.3944 29.0977 37.4
      vertex 29.3944 29.0977 39.4
    endloop
  endfacet
  facet normal -0.831481 0.555553 0
    outer loop
      vertex 28.8594 28.0128 37.4
      vertex 29.0847 28.35 39.4
      vertex 29.0847 28.35 37.4
    endloop
  endfacet
  facet normal -0.831481 0.555553 0
    outer loop
      vertex 29.0847 28.35 39.4
      vertex 28.8594 28.0128 37.4
      vertex 28.8594 28.0128 39.4
    endloop
  endfacet
  facet normal -0.659482 0.751721 0
    outer loop
      vertex 28.592 27.708 37.4
      vertex 28.2872 27.4406 39.4
      vertex 28.592 27.708 39.4
    endloop
  endfacet
  facet normal -0.659482 0.751721 0
    outer loop
      vertex 28.2872 27.4406 39.4
      vertex 28.592 27.708 37.4
      vertex 28.2872 27.4406 37.4
    endloop
  endfacet
  facet normal -0.442176 0.896928 0
    outer loop
      vertex 27.95 27.2153 37.4
      vertex 27.5863 27.036 39.4
      vertex 27.95 27.2153 39.4
    endloop
  endfacet
  facet normal -0.442176 0.896928 0
    outer loop
      vertex 27.5863 27.036 39.4
      vertex 27.95 27.2153 37.4
      vertex 27.5863 27.036 37.4
    endloop
  endfacet
  facet normal 0.751721 0.659482 0
    outer loop
      vertex 24.208 27.708 39.4
      vertex 23.9406 28.0128 37.4
      vertex 23.9406 28.0128 39.4
    endloop
  endfacet
  facet normal 0.751721 0.659482 0
    outer loop
      vertex 23.9406 28.0128 37.4
      vertex 24.208 27.708 39.4
      vertex 24.208 27.708 37.4
    endloop
  endfacet
  facet normal 0.442176 0.896928 -0
    outer loop
      vertex 25.2137 27.036 37.4
      vertex 24.85 27.2153 39.4
      vertex 25.2137 27.036 39.4
    endloop
  endfacet
  facet normal 0.442176 0.896928 0
    outer loop
      vertex 24.85 27.2153 39.4
      vertex 25.2137 27.036 37.4
      vertex 24.85 27.2153 37.4
    endloop
  endfacet
  facet normal 0.195073 0.980789 -0
    outer loop
      vertex 25.9954 26.8265 37.4
      vertex 25.5977 26.9056 39.4
      vertex 25.9954 26.8265 39.4
    endloop
  endfacet
  facet normal 0.195073 0.980789 0
    outer loop
      vertex 25.5977 26.9056 39.4
      vertex 25.9954 26.8265 37.4
      vertex 25.5977 26.9056 37.4
    endloop
  endfacet
  facet normal -0.997862 0.0653568 0
    outer loop
      vertex 29.4735 29.4954 37.4
      vertex 29.5 29.9 39.4
      vertex 29.5 29.9 37.4
    endloop
  endfacet
  facet normal -0.997862 0.0653568 0
    outer loop
      vertex 29.5 29.9 39.4
      vertex 29.4735 29.4954 37.4
      vertex 29.4735 29.4954 39.4
    endloop
  endfacet
  facet normal -0.946893 -0.321549 0
    outer loop
      vertex 29.3944 30.7023 37.4
      vertex 29.264 31.0863 39.4
      vertex 29.264 31.0863 37.4
    endloop
  endfacet
  facet normal -0.946893 -0.321549 0
    outer loop
      vertex 29.264 31.0863 39.4
      vertex 29.3944 30.7023 37.4
      vertex 29.3944 30.7023 39.4
    endloop
  endfacet
  facet normal 0.195073 -0.980789 0
    outer loop
      vertex 25.5977 32.8944 37.4
      vertex 25.9954 32.9735 39.4
      vertex 25.5977 32.8944 39.4
    endloop
  endfacet
  facet normal 0.195073 -0.980789 0
    outer loop
      vertex 25.9954 32.9735 39.4
      vertex 25.5977 32.8944 37.4
      vertex 25.9954 32.9735 37.4
    endloop
  endfacet
  facet normal 0.659482 -0.751721 0
    outer loop
      vertex 24.208 32.092 37.4
      vertex 24.5128 32.3594 39.4
      vertex 24.208 32.092 39.4
    endloop
  endfacet
  facet normal 0.659482 -0.751721 0
    outer loop
      vertex 24.5128 32.3594 39.4
      vertex 24.208 32.092 37.4
      vertex 24.5128 32.3594 37.4
    endloop
  endfacet
  facet normal 0.896928 -0.442176 0
    outer loop
      vertex 23.536 31.0863 39.4
      vertex 23.7153 31.45 37.4
      vertex 23.7153 31.45 39.4
    endloop
  endfacet
  facet normal 0.896928 -0.442176 0
    outer loop
      vertex 23.7153 31.45 37.4
      vertex 23.536 31.0863 39.4
      vertex 23.536 31.0863 37.4
    endloop
  endfacet
  facet normal 0.980789 -0.195073 0
    outer loop
      vertex 23.3265 30.3046 39.4
      vertex 23.4056 30.7023 37.4
      vertex 23.4056 30.7023 39.4
    endloop
  endfacet
  facet normal 0.980789 -0.195073 0
    outer loop
      vertex 23.4056 30.7023 37.4
      vertex 23.3265 30.3046 39.4
      vertex 23.3265 30.3046 37.4
    endloop
  endfacet
  facet normal -0.946893 0.321549 0
    outer loop
      vertex 29.264 28.7137 37.4
      vertex 29.3944 29.0977 39.4
      vertex 29.3944 29.0977 37.4
    endloop
  endfacet
  facet normal -0.946893 0.321549 0
    outer loop
      vertex 29.3944 29.0977 39.4
      vertex 29.264 28.7137 37.4
      vertex 29.264 28.7137 39.4
    endloop
  endfacet
  facet normal -0.751721 0.659482 0
    outer loop
      vertex 28.592 27.708 37.4
      vertex 28.8594 28.0128 39.4
      vertex 28.8594 28.0128 37.4
    endloop
  endfacet
  facet normal -0.751721 0.659482 0
    outer loop
      vertex 28.8594 28.0128 39.4
      vertex 28.592 27.708 37.4
      vertex 28.592 27.708 39.4
    endloop
  endfacet
  facet normal -0.0653568 0.997862 0
    outer loop
      vertex 26.8046 26.8265 37.4
      vertex 26.4 26.8 39.4
      vertex 26.8046 26.8265 39.4
    endloop
  endfacet
  facet normal -0.0653568 0.997862 0
    outer loop
      vertex 26.4 26.8 39.4
      vertex 26.8046 26.8265 37.4
      vertex 26.4 26.8 37.4
    endloop
  endfacet
  facet normal -0.321549 0.946893 0
    outer loop
      vertex 27.5863 27.036 37.4
      vertex 27.2023 26.9056 39.4
      vertex 27.5863 27.036 39.4
    endloop
  endfacet
  facet normal -0.321549 0.946893 0
    outer loop
      vertex 27.2023 26.9056 39.4
      vertex 27.5863 27.036 37.4
      vertex 27.2023 26.9056 37.4
    endloop
  endfacet
  facet normal 0.997862 0.0653568 0
    outer loop
      vertex 23.3265 29.4954 39.4
      vertex 23.3 29.9 37.4
      vertex 23.3 29.9 39.4
    endloop
  endfacet
  facet normal 0.997862 0.0653568 0
    outer loop
      vertex 23.3 29.9 37.4
      vertex 23.3265 29.4954 39.4
      vertex 23.3265 29.4954 37.4
    endloop
  endfacet
  facet normal 0.946893 0.321549 0
    outer loop
      vertex 23.536 28.7137 39.4
      vertex 23.4056 29.0977 37.4
      vertex 23.4056 29.0977 39.4
    endloop
  endfacet
  facet normal 0.946893 0.321549 0
    outer loop
      vertex 23.4056 29.0977 37.4
      vertex 23.536 28.7137 39.4
      vertex 23.536 28.7137 37.4
    endloop
  endfacet
  facet normal 0.831481 0.555553 0
    outer loop
      vertex 23.9406 28.0128 39.4
      vertex 23.7153 28.35 37.4
      vertex 23.7153 28.35 39.4
    endloop
  endfacet
  facet normal 0.831481 0.555553 0
    outer loop
      vertex 23.7153 28.35 37.4
      vertex 23.9406 28.0128 39.4
      vertex 23.9406 28.0128 37.4
    endloop
  endfacet
  facet normal 0.0653568 0.997862 -0
    outer loop
      vertex 26.4 26.8 37.4
      vertex 25.9954 26.8265 39.4
      vertex 26.4 26.8 39.4
    endloop
  endfacet
  facet normal 0.0653568 0.997862 0
    outer loop
      vertex 25.9954 26.8265 39.4
      vertex 26.4 26.8 37.4
      vertex 25.9954 26.8265 37.4
    endloop
  endfacet
  facet normal 0.555553 0.831481 -0
    outer loop
      vertex 24.85 27.2153 37.4
      vertex 24.5128 27.4406 39.4
      vertex 24.85 27.2153 39.4
    endloop
  endfacet
  facet normal 0.555553 0.831481 0
    outer loop
      vertex 24.5128 27.4406 39.4
      vertex 24.85 27.2153 37.4
      vertex 24.5128 27.4406 37.4
    endloop
  endfacet
  facet normal 0.659482 0.751721 -0
    outer loop
      vertex 24.5128 27.4406 37.4
      vertex 24.208 27.708 39.4
      vertex 24.5128 27.4406 39.4
    endloop
  endfacet
  facet normal 0.659482 0.751721 0
    outer loop
      vertex 24.208 27.708 39.4
      vertex 24.5128 27.4406 37.4
      vertex 24.208 27.708 37.4
    endloop
  endfacet
  facet normal -0.997862 -0.0653568 0
    outer loop
      vertex 29.5 29.9 37.4
      vertex 29.4735 30.3046 39.4
      vertex 29.4735 30.3046 37.4
    endloop
  endfacet
  facet normal -0.997862 -0.0653568 0
    outer loop
      vertex 29.4735 30.3046 39.4
      vertex 29.5 29.9 37.4
      vertex 29.5 29.9 39.4
    endloop
  endfacet
  facet normal -0.0653568 -0.997862 0
    outer loop
      vertex 26.4 33 37.4
      vertex 26.8046 32.9735 39.4
      vertex 26.4 33 39.4
    endloop
  endfacet
  facet normal -0.0653568 -0.997862 -0
    outer loop
      vertex 26.8046 32.9735 39.4
      vertex 26.4 33 37.4
      vertex 26.8046 32.9735 37.4
    endloop
  endfacet
  facet normal -0.831481 -0.555553 0
    outer loop
      vertex 29.0847 31.45 37.4
      vertex 28.8594 31.7872 39.4
      vertex 28.8594 31.7872 37.4
    endloop
  endfacet
  facet normal -0.831481 -0.555553 0
    outer loop
      vertex 28.8594 31.7872 39.4
      vertex 29.0847 31.45 37.4
      vertex 29.0847 31.45 39.4
    endloop
  endfacet
  facet normal -0.896928 -0.442176 0
    outer loop
      vertex 29.264 31.0863 37.4
      vertex 29.0847 31.45 39.4
      vertex 29.0847 31.45 37.4
    endloop
  endfacet
  facet normal -0.896928 -0.442176 0
    outer loop
      vertex 29.0847 31.45 39.4
      vertex 29.264 31.0863 37.4
      vertex 29.264 31.0863 39.4
    endloop
  endfacet
  facet normal -0.195073 -0.980789 0
    outer loop
      vertex 26.8046 32.9735 37.4
      vertex 27.2023 32.8944 39.4
      vertex 26.8046 32.9735 39.4
    endloop
  endfacet
  facet normal -0.195073 -0.980789 -0
    outer loop
      vertex 27.2023 32.8944 39.4
      vertex 26.8046 32.9735 37.4
      vertex 27.2023 32.8944 37.4
    endloop
  endfacet
  facet normal -0.321549 -0.946893 0
    outer loop
      vertex 27.2023 32.8944 37.4
      vertex 27.5863 32.764 39.4
      vertex 27.2023 32.8944 39.4
    endloop
  endfacet
  facet normal -0.321549 -0.946893 -0
    outer loop
      vertex 27.5863 32.764 39.4
      vertex 27.2023 32.8944 37.4
      vertex 27.5863 32.764 37.4
    endloop
  endfacet
  facet normal -0.555553 -0.831481 0
    outer loop
      vertex 27.95 32.5847 37.4
      vertex 28.2872 32.3594 39.4
      vertex 27.95 32.5847 39.4
    endloop
  endfacet
  facet normal -0.555553 -0.831481 -0
    outer loop
      vertex 28.2872 32.3594 39.4
      vertex 27.95 32.5847 37.4
      vertex 28.2872 32.3594 37.4
    endloop
  endfacet
  facet normal 0.0653568 -0.997862 0
    outer loop
      vertex 25.9954 32.9735 37.4
      vertex 26.4 33 39.4
      vertex 25.9954 32.9735 39.4
    endloop
  endfacet
  facet normal 0.0653568 -0.997862 0
    outer loop
      vertex 26.4 33 39.4
      vertex 25.9954 32.9735 37.4
      vertex 26.4 33 37.4
    endloop
  endfacet
  facet normal 0.442176 -0.896928 0
    outer loop
      vertex 24.85 32.5847 37.4
      vertex 25.2137 32.764 39.4
      vertex 24.85 32.5847 39.4
    endloop
  endfacet
  facet normal 0.442176 -0.896928 0
    outer loop
      vertex 25.2137 32.764 39.4
      vertex 24.85 32.5847 37.4
      vertex 25.2137 32.764 37.4
    endloop
  endfacet
  facet normal 0.946893 -0.321549 0
    outer loop
      vertex 23.4056 30.7023 39.4
      vertex 23.536 31.0863 37.4
      vertex 23.536 31.0863 39.4
    endloop
  endfacet
  facet normal 0.946893 -0.321549 0
    outer loop
      vertex 23.536 31.0863 37.4
      vertex 23.4056 30.7023 39.4
      vertex 23.4056 30.7023 37.4
    endloop
  endfacet
  facet normal 0.997862 -0.0653568 0
    outer loop
      vertex 23.3 29.9 39.4
      vertex 23.3265 30.3046 37.4
      vertex 23.3265 30.3046 39.4
    endloop
  endfacet
  facet normal 0.997862 -0.0653568 0
    outer loop
      vertex 23.3265 30.3046 37.4
      vertex 23.3 29.9 39.4
      vertex 23.3 29.9 37.4
    endloop
  endfacet
  facet normal 0.831481 -0.555553 0
    outer loop
      vertex 23.7153 31.45 39.4
      vertex 23.9406 31.7872 37.4
      vertex 23.9406 31.7872 39.4
    endloop
  endfacet
  facet normal 0.831481 -0.555553 0
    outer loop
      vertex 23.9406 31.7872 37.4
      vertex 23.7153 31.45 39.4
      vertex 23.7153 31.45 37.4
    endloop
  endfacet
  facet normal 0.751721 -0.659482 0
    outer loop
      vertex 23.9406 31.7872 39.4
      vertex 24.208 32.092 37.4
      vertex 24.208 32.092 39.4
    endloop
  endfacet
  facet normal 0.751721 -0.659482 0
    outer loop
      vertex 24.208 32.092 37.4
      vertex 23.9406 31.7872 39.4
      vertex 23.9406 31.7872 37.4
    endloop
  endfacet
  facet normal -0.195073 0.980789 0
    outer loop
      vertex 27.2023 26.9056 37.4
      vertex 26.8046 26.8265 39.4
      vertex 27.2023 26.9056 39.4
    endloop
  endfacet
  facet normal -0.195073 0.980789 0
    outer loop
      vertex 26.8046 26.8265 39.4
      vertex 27.2023 26.9056 37.4
      vertex 26.8046 26.8265 37.4
    endloop
  endfacet
  facet normal 0 0 1
    outer loop
      vertex 29.4735 30.3046 37.4
      vertex 29.4735 29.4954 37.4
      vertex 29.5 29.9 37.4
    endloop
  endfacet
  facet normal 0 0 1
    outer loop
      vertex 29.3944 30.7023 37.4
      vertex 29.4735 29.4954 37.4
      vertex 29.4735 30.3046 37.4
    endloop
  endfacet
  facet normal 0 0 1
    outer loop
      vertex 29.3944 30.7023 37.4
      vertex 29.3944 29.0977 37.4
      vertex 29.4735 29.4954 37.4
    endloop
  endfacet
  facet normal 0 0 1
    outer loop
      vertex 29.264 31.0863 37.4
      vertex 29.3944 29.0977 37.4
      vertex 29.3944 30.7023 37.4
    endloop
  endfacet
  facet normal 0 0 1
    outer loop
      vertex 29.264 31.0863 37.4
      vertex 29.264 28.7137 37.4
      vertex 29.3944 29.0977 37.4
    endloop
  endfacet
  facet normal 0 0 1
    outer loop
      vertex 29.0847 31.45 37.4
      vertex 29.264 28.7137 37.4
      vertex 29.264 31.0863 37.4
    endloop
  endfacet
  facet normal 0 0 1
    outer loop
      vertex 29.0847 31.45 37.4
      vertex 29.0847 28.35 37.4
      vertex 29.264 28.7137 37.4
    endloop
  endfacet
  facet normal 0 0 1
    outer loop
      vertex 28.8594 31.7872 37.4
      vertex 29.0847 28.35 37.4
      vertex 29.0847 31.45 37.4
    endloop
  endfacet
  facet normal 0 0 1
    outer loop
      vertex 28.8594 31.7872 37.4
      vertex 28.8594 28.0128 37.4
      vertex 29.0847 28.35 37.4
    endloop
  endfacet
  facet normal 0 0 1
    outer loop
      vertex 28.592 32.092 37.4
      vertex 28.8594 28.0128 37.4
      vertex 28.8594 31.7872 37.4
    endloop
  endfacet
  facet normal 0 0 1
    outer loop
      vertex 28.592 32.092 37.4
      vertex 28.592 27.708 37.4
      vertex 28.8594 28.0128 37.4
    endloop
  endfacet
  facet normal 0 0 1
    outer loop
      vertex 28.2872 32.3594 37.4
      vertex 28.592 27.708 37.4
      vertex 28.592 32.092 37.4
    endloop
  endfacet
  facet normal 0 0 1
    outer loop
      vertex 28.2872 32.3594 37.4
      vertex 28.2872 27.4406 37.4
      vertex 28.592 27.708 37.4
    endloop
  endfacet
  facet normal 0 0 1
    outer loop
      vertex 27.95 32.5847 37.4
      vertex 28.2872 27.4406 37.4
      vertex 28.2872 32.3594 37.4
    endloop
  endfacet
  facet normal 0 0 1
    outer loop
      vertex 27.95 32.5847 37.4
      vertex 27.95 27.2153 37.4
      vertex 28.2872 27.4406 37.4
    endloop
  endfacet
  facet normal 0 0 1
    outer loop
      vertex 27.5863 32.764 37.4
      vertex 27.95 27.2153 37.4
      vertex 27.95 32.5847 37.4
    endloop
  endfacet
  facet normal 0 0 1
    outer loop
      vertex 27.5863 32.764 37.4
      vertex 27.5863 27.036 37.4
      vertex 27.95 27.2153 37.4
    endloop
  endfacet
  facet normal 0 0 1
    outer loop
      vertex 27.2023 32.8944 37.4
      vertex 27.5863 27.036 37.4
      vertex 27.5863 32.764 37.4
    endloop
  endfacet
  facet normal 0 0 1
    outer loop
      vertex 27.2023 32.8944 37.4
      vertex 27.2023 26.9056 37.4
      vertex 27.5863 27.036 37.4
    endloop
  endfacet
  facet normal 0 0 1
    outer loop
      vertex 26.8046 32.9735 37.4
      vertex 27.2023 26.9056 37.4
      vertex 27.2023 32.8944 37.4
    endloop
  endfacet
  facet normal 0 0 1
    outer loop
      vertex 26.8046 32.9735 37.4
      vertex 26.8046 26.8265 37.4
      vertex 27.2023 26.9056 37.4
    endloop
  endfacet
  facet normal 0 0 1
    outer loop
      vertex 26.4 33 37.4
      vertex 26.8046 26.8265 37.4
      vertex 26.8046 32.9735 37.4
    endloop
  endfacet
  facet normal 0 0 1
    outer loop
      vertex 26.4 33 37.4
      vertex 26.4 26.8 37.4
      vertex 26.8046 26.8265 37.4
    endloop
  endfacet
  facet normal -0 0 1
    outer loop
      vertex 25.9954 32.9735 37.4
      vertex 26.4 26.8 37.4
      vertex 26.4 33 37.4
    endloop
  endfacet
  facet normal 0 0 1
    outer loop
      vertex 25.9954 32.9735 37.4
      vertex 25.9954 26.8265 37.4
      vertex 26.4 26.8 37.4
    endloop
  endfacet
  facet normal -0 0 1
    outer loop
      vertex 25.5977 32.8944 37.4
      vertex 25.9954 26.8265 37.4
      vertex 25.9954 32.9735 37.4
    endloop
  endfacet
  facet normal 0 0 1
    outer loop
      vertex 25.5977 32.8944 37.4
      vertex 25.5977 26.9056 37.4
      vertex 25.9954 26.8265 37.4
    endloop
  endfacet
  facet normal -0 0 1
    outer loop
      vertex 25.2137 32.764 37.4
      vertex 25.5977 26.9056 37.4
      vertex 25.5977 32.8944 37.4
    endloop
  endfacet
  facet normal 0 0 1
    outer loop
      vertex 25.2137 32.764 37.4
      vertex 25.2137 27.036 37.4
      vertex 25.5977 26.9056 37.4
    endloop
  endfacet
  facet normal -0 0 1
    outer loop
      vertex 24.85 32.5847 37.4
      vertex 25.2137 27.036 37.4
      vertex 25.2137 32.764 37.4
    endloop
  endfacet
  facet normal 0 0 1
    outer loop
      vertex 24.85 32.5847 37.4
      vertex 24.85 27.2153 37.4
      vertex 25.2137 27.036 37.4
    endloop
  endfacet
  facet normal -0 0 1
    outer loop
      vertex 24.5128 32.3594 37.4
      vertex 24.85 27.2153 37.4
      vertex 24.85 32.5847 37.4
    endloop
  endfacet
  facet normal 0 0 1
    outer loop
      vertex 24.5128 32.3594 37.4
      vertex 24.5128 27.4406 37.4
      vertex 24.85 27.2153 37.4
    endloop
  endfacet
  facet normal -0 0 1
    outer loop
      vertex 24.208 32.092 37.4
      vertex 24.5128 27.4406 37.4
      vertex 24.5128 32.3594 37.4
    endloop
  endfacet
  facet normal 0 0 1
    outer loop
      vertex 24.208 32.092 37.4
      vertex 24.208 27.708 37.4
      vertex 24.5128 27.4406 37.4
    endloop
  endfacet
  facet normal -0 0 1
    outer loop
      vertex 23.9406 31.7872 37.4
      vertex 24.208 27.708 37.4
      vertex 24.208 32.092 37.4
    endloop
  endfacet
  facet normal 0 0 1
    outer loop
      vertex 23.9406 31.7872 37.4
      vertex 23.9406 28.0128 37.4
      vertex 24.208 27.708 37.4
    endloop
  endfacet
  facet normal -0 0 1
    outer loop
      vertex 23.7153 31.45 37.4
      vertex 23.9406 28.0128 37.4
      vertex 23.9406 31.7872 37.4
    endloop
  endfacet
  facet normal 0 0 1
    outer loop
      vertex 23.7153 31.45 37.4
      vertex 23.7153 28.35 37.4
      vertex 23.9406 28.0128 37.4
    endloop
  endfacet
  facet normal -0 0 1
    outer loop
      vertex 23.536 31.0863 37.4
      vertex 23.7153 28.35 37.4
      vertex 23.7153 31.45 37.4
    endloop
  endfacet
  facet normal 0 0 1
    outer loop
      vertex 23.536 31.0863 37.4
      vertex 23.536 28.7137 37.4
      vertex 23.7153 28.35 37.4
    endloop
  endfacet
  facet normal -0 0 1
    outer loop
      vertex 23.4056 30.7023 37.4
      vertex 23.536 28.7137 37.4
      vertex 23.536 31.0863 37.4
    endloop
  endfacet
  facet normal 0 0 1
    outer loop
      vertex 23.4056 30.7023 37.4
      vertex 23.4056 29.0977 37.4
      vertex 23.536 28.7137 37.4
    endloop
  endfacet
  facet normal -0 0 1
    outer loop
      vertex 23.3265 30.3046 37.4
      vertex 23.4056 29.0977 37.4
      vertex 23.4056 30.7023 37.4
    endloop
  endfacet
  facet normal 0 0 1
    outer loop
      vertex 23.3265 30.3046 37.4
      vertex 23.3265 29.4954 37.4
      vertex 23.4056 29.0977 37.4
    endloop
  endfacet
  facet normal 0 -0 1
    outer loop
      vertex 23.3265 29.4954 37.4
      vertex 23.3265 30.3046 37.4
      vertex 23.3 29.9 37.4
    endloop
  endfacet
  facet normal 0.980789 0.195073 0
    outer loop
      vertex 23.4056 29.0977 39.4
      vertex 23.3265 29.4954 37.4
      vertex 23.3265 29.4954 39.4
    endloop
  endfacet
  facet normal 0.980789 0.195073 0
    outer loop
      vertex 23.3265 29.4954 37.4
      vertex 23.4056 29.0977 39.4
      vertex 23.4056 29.0977 37.4
    endloop
  endfacet
  facet normal -0.442176 -0.896928 0
    outer loop
      vertex 27.5863 32.764 37.4
      vertex 27.95 32.5847 39.4
      vertex 27.5863 32.764 39.4
    endloop
  endfacet
  facet normal -0.442176 -0.896928 -0
    outer loop
      vertex 27.95 32.5847 39.4
      vertex 27.5863 32.764 37.4
      vertex 27.95 32.5847 37.4
    endloop
  endfacet
  facet normal -0.659482 -0.751721 0
    outer loop
      vertex 28.2872 32.3594 37.4
      vertex 28.592 32.092 39.4
      vertex 28.2872 32.3594 39.4
    endloop
  endfacet
  facet normal -0.659482 -0.751721 -0
    outer loop
      vertex 28.592 32.092 39.4
      vertex 28.2872 32.3594 37.4
      vertex 28.592 32.092 37.4
    endloop
  endfacet
  facet normal 0.555553 -0.831481 0
    outer loop
      vertex 24.5128 32.3594 37.4
      vertex 24.85 32.5847 39.4
      vertex 24.5128 32.3594 39.4
    endloop
  endfacet
  facet normal 0.555553 -0.831481 0
    outer loop
      vertex 24.85 32.5847 39.4
      vertex 24.5128 32.3594 37.4
      vertex 24.85 32.5847 37.4
    endloop
  endfacet
  facet normal -0.997862 0.0653519 0
    outer loop
      vertex 29.4735 5.69537 37.4
      vertex 29.5 6.1 39.4
      vertex 29.5 6.1 37.4
    endloop
  endfacet
  facet normal -0.997862 0.0653519 0
    outer loop
      vertex 29.5 6.1 39.4
      vertex 29.4735 5.69537 37.4
      vertex 29.4735 5.69537 39.4
    endloop
  endfacet
  facet normal 0.0654059 0.997859 -0
    outer loop
      vertex 26.4 3 37.4
      vertex 25.9954 3.02652 39.4
      vertex 26.4 3 39.4
    endloop
  endfacet
  facet normal 0.0654059 0.997859 0
    outer loop
      vertex 25.9954 3.02652 39.4
      vertex 26.4 3 37.4
      vertex 25.9954 3.02652 37.4
    endloop
  endfacet
  facet normal -0.0654059 -0.997859 0
    outer loop
      vertex 26.4 9.2 37.4
      vertex 26.8046 9.17348 39.4
      vertex 26.4 9.2 39.4
    endloop
  endfacet
  facet normal -0.0654059 -0.997859 -0
    outer loop
      vertex 26.8046 9.17348 39.4
      vertex 26.4 9.2 37.4
      vertex 26.8046 9.17348 37.4
    endloop
  endfacet
  facet normal -0.65944 0.751757 0
    outer loop
      vertex 28.592 3.90797 37.4
      vertex 28.2872 3.6406 39.4
      vertex 28.592 3.90797 39.4
    endloop
  endfacet
  facet normal -0.65944 0.751757 0
    outer loop
      vertex 28.2872 3.6406 39.4
      vertex 28.592 3.90797 37.4
      vertex 28.2872 3.6406 37.4
    endloop
  endfacet
  facet normal 0.751796 0.659396 0
    outer loop
      vertex 24.208 3.90797 39.4
      vertex 23.9406 4.21284 37.4
      vertex 23.9406 4.21284 39.4
    endloop
  endfacet
  facet normal 0.751796 0.659396 0
    outer loop
      vertex 23.9406 4.21284 37.4
      vertex 24.208 3.90797 39.4
      vertex 24.208 3.90797 37.4
    endloop
  endfacet
  facet normal 0.442275 0.89688 -0
    outer loop
      vertex 25.2137 3.23597 37.4
      vertex 24.85 3.41532 39.4
      vertex 25.2137 3.23597 39.4
    endloop
  endfacet
  facet normal 0.442275 0.89688 0
    outer loop
      vertex 24.85 3.41532 39.4
      vertex 25.2137 3.23597 37.4
      vertex 24.85 3.41532 37.4
    endloop
  endfacet
  facet normal -0.946888 -0.321564 0
    outer loop
      vertex 29.3944 6.90234 37.4
      vertex 29.264 7.28632 39.4
      vertex 29.264 7.28632 37.4
    endloop
  endfacet
  facet normal -0.946888 -0.321564 0
    outer loop
      vertex 29.264 7.28632 39.4
      vertex 29.3944 6.90234 37.4
      vertex 29.3944 6.90234 39.4
    endloop
  endfacet
  facet normal -0.896919 0.442195 0
    outer loop
      vertex 29.0847 4.55 37.4
      vertex 29.264 4.91368 39.4
      vertex 29.264 4.91368 37.4
    endloop
  endfacet
  facet normal -0.896919 0.442195 0
    outer loop
      vertex 29.264 4.91368 39.4
      vertex 29.0847 4.55 37.4
      vertex 29.0847 4.55 39.4
    endloop
  endfacet
  facet normal -0.98079 0.195068 0
    outer loop
      vertex 29.3944 5.29766 37.4
      vertex 29.4735 5.69537 39.4
      vertex 29.4735 5.69537 37.4
    endloop
  endfacet
  facet normal -0.98079 0.195068 0
    outer loop
      vertex 29.4735 5.69537 39.4
      vertex 29.3944 5.29766 37.4
      vertex 29.3944 5.29766 39.4
    endloop
  endfacet
  facet normal -0.321416 0.946938 0
    outer loop
      vertex 27.5863 3.23597 37.4
      vertex 27.2023 3.10563 39.4
      vertex 27.5863 3.23597 39.4
    endloop
  endfacet
  facet normal -0.321416 0.946938 0
    outer loop
      vertex 27.2023 3.10563 39.4
      vertex 27.5863 3.23597 37.4
      vertex 27.2023 3.10563 37.4
    endloop
  endfacet
  facet normal -0.555519 0.831504 0
    outer loop
      vertex 28.2872 3.6406 37.4
      vertex 27.95 3.41532 39.4
      vertex 28.2872 3.6406 39.4
    endloop
  endfacet
  facet normal -0.555519 0.831504 0
    outer loop
      vertex 27.95 3.41532 39.4
      vertex 28.2872 3.6406 37.4
      vertex 27.95 3.41532 37.4
    endloop
  endfacet
  facet normal 0.946888 0.321564 0
    outer loop
      vertex 23.536 4.91368 39.4
      vertex 23.4056 5.29766 37.4
      vertex 23.4056 5.29766 39.4
    endloop
  endfacet
  facet normal 0.946888 0.321564 0
    outer loop
      vertex 23.4056 5.29766 37.4
      vertex 23.536 4.91368 39.4
      vertex 23.536 4.91368 37.4
    endloop
  endfacet
  facet normal 0.83145 0.555599 0
    outer loop
      vertex 23.9406 4.21284 39.4
      vertex 23.7153 4.55 37.4
      vertex 23.7153 4.55 39.4
    endloop
  endfacet
  facet normal 0.83145 0.555599 0
    outer loop
      vertex 23.7153 4.55 37.4
      vertex 23.9406 4.21284 39.4
      vertex 23.9406 4.21284 37.4
    endloop
  endfacet
  facet normal 0.195096 0.980784 -0
    outer loop
      vertex 25.9954 3.02652 37.4
      vertex 25.5977 3.10563 39.4
      vertex 25.9954 3.02652 39.4
    endloop
  endfacet
  facet normal 0.195096 0.980784 0
    outer loop
      vertex 25.5977 3.10563 39.4
      vertex 25.9954 3.02652 37.4
      vertex 25.5977 3.10563 37.4
    endloop
  endfacet
  facet normal -0.946888 0.321564 0
    outer loop
      vertex 29.264 4.91368 37.4
      vertex 29.3944 5.29766 39.4
      vertex 29.3944 5.29766 37.4
    endloop
  endfacet
  facet normal -0.946888 0.321564 0
    outer loop
      vertex 29.3944 5.29766 39.4
      vertex 29.264 4.91368 37.4
      vertex 29.264 4.91368 39.4
    endloop
  endfacet
  facet normal -0.751796 0.659396 0
    outer loop
      vertex 28.592 3.90797 37.4
      vertex 28.8594 4.21284 39.4
      vertex 28.8594 4.21284 37.4
    endloop
  endfacet
  facet normal -0.751796 0.659396 0
    outer loop
      vertex 28.8594 4.21284 39.4
      vertex 28.592 3.90797 37.4
      vertex 28.592 3.90797 39.4
    endloop
  endfacet
  facet normal -0.83145 0.555599 0
    outer loop
      vertex 28.8594 4.21284 37.4
      vertex 29.0847 4.55 39.4
      vertex 29.0847 4.55 37.4
    endloop
  endfacet
  facet normal -0.83145 0.555599 0
    outer loop
      vertex 29.0847 4.55 39.4
      vertex 28.8594 4.21284 37.4
      vertex 28.8594 4.21284 39.4
    endloop
  endfacet
  facet normal -0.195096 0.980784 0
    outer loop
      vertex 27.2023 3.10563 37.4
      vertex 26.8046 3.02652 39.4
      vertex 27.2023 3.10563 39.4
    endloop
  endfacet
  facet normal -0.195096 0.980784 0
    outer loop
      vertex 26.8046 3.02652 39.4
      vertex 27.2023 3.10563 37.4
      vertex 26.8046 3.02652 37.4
    endloop
  endfacet
  facet normal -0.0654059 0.997859 0
    outer loop
      vertex 26.8046 3.02652 37.4
      vertex 26.4 3 39.4
      vertex 26.8046 3.02652 39.4
    endloop
  endfacet
  facet normal -0.0654059 0.997859 0
    outer loop
      vertex 26.4 3 39.4
      vertex 26.8046 3.02652 37.4
      vertex 26.4 3 37.4
    endloop
  endfacet
  facet normal -0.442275 0.89688 0
    outer loop
      vertex 27.95 3.41532 37.4
      vertex 27.5863 3.23597 39.4
      vertex 27.95 3.41532 39.4
    endloop
  endfacet
  facet normal -0.442275 0.89688 0
    outer loop
      vertex 27.5863 3.23597 39.4
      vertex 27.95 3.41532 37.4
      vertex 27.5863 3.23597 37.4
    endloop
  endfacet
  facet normal 0.896919 0.442195 0
    outer loop
      vertex 23.7153 4.55 39.4
      vertex 23.536 4.91368 37.4
      vertex 23.536 4.91368 39.4
    endloop
  endfacet
  facet normal 0.896919 0.442195 0
    outer loop
      vertex 23.536 4.91368 37.4
      vertex 23.7153 4.55 39.4
      vertex 23.7153 4.55 37.4
    endloop
  endfacet
  facet normal 0.98079 0.195068 0
    outer loop
      vertex 23.4056 5.29766 39.4
      vertex 23.3265 5.69537 37.4
      vertex 23.3265 5.69537 39.4
    endloop
  endfacet
  facet normal 0.98079 0.195068 0
    outer loop
      vertex 23.3265 5.69537 37.4
      vertex 23.4056 5.29766 39.4
      vertex 23.4056 5.29766 37.4
    endloop
  endfacet
  facet normal 0.997862 0.0653519 0
    outer loop
      vertex 23.3265 5.69537 39.4
      vertex 23.3 6.1 37.4
      vertex 23.3 6.1 39.4
    endloop
  endfacet
  facet normal 0.997862 0.0653519 0
    outer loop
      vertex 23.3 6.1 37.4
      vertex 23.3265 5.69537 39.4
      vertex 23.3265 5.69537 37.4
    endloop
  endfacet
  facet normal 0.997862 -0.0653519 0
    outer loop
      vertex 23.3 6.1 39.4
      vertex 23.3265 6.50463 37.4
      vertex 23.3265 6.50463 39.4
    endloop
  endfacet
  facet normal 0.997862 -0.0653519 0
    outer loop
      vertex 23.3265 6.50463 37.4
      vertex 23.3 6.1 39.4
      vertex 23.3 6.1 37.4
    endloop
  endfacet
  facet normal 0.555519 0.831504 -0
    outer loop
      vertex 24.85 3.41532 37.4
      vertex 24.5128 3.6406 39.4
      vertex 24.85 3.41532 39.4
    endloop
  endfacet
  facet normal 0.555519 0.831504 0
    outer loop
      vertex 24.5128 3.6406 39.4
      vertex 24.85 3.41532 37.4
      vertex 24.5128 3.6406 37.4
    endloop
  endfacet
  facet normal 0.65944 0.751757 -0
    outer loop
      vertex 24.5128 3.6406 37.4
      vertex 24.208 3.90797 39.4
      vertex 24.5128 3.6406 39.4
    endloop
  endfacet
  facet normal 0.65944 0.751757 0
    outer loop
      vertex 24.208 3.90797 39.4
      vertex 24.5128 3.6406 37.4
      vertex 24.208 3.90797 37.4
    endloop
  endfacet
  facet normal 0.321416 0.946938 -0
    outer loop
      vertex 25.5977 3.10563 37.4
      vertex 25.2137 3.23597 39.4
      vertex 25.5977 3.10563 39.4
    endloop
  endfacet
  facet normal 0.321416 0.946938 0
    outer loop
      vertex 25.2137 3.23597 39.4
      vertex 25.5977 3.10563 37.4
      vertex 25.2137 3.23597 37.4
    endloop
  endfacet
  facet normal -0.83145 -0.555599 0
    outer loop
      vertex 29.0847 7.65 37.4
      vertex 28.8594 7.98716 39.4
      vertex 28.8594 7.98716 37.4
    endloop
  endfacet
  facet normal -0.83145 -0.555599 0
    outer loop
      vertex 28.8594 7.98716 39.4
      vertex 29.0847 7.65 37.4
      vertex 29.0847 7.65 39.4
    endloop
  endfacet
  facet normal -0.98079 -0.195068 0
    outer loop
      vertex 29.4735 6.50463 37.4
      vertex 29.3944 6.90234 39.4
      vertex 29.3944 6.90234 37.4
    endloop
  endfacet
  facet normal -0.98079 -0.195068 0
    outer loop
      vertex 29.3944 6.90234 39.4
      vertex 29.4735 6.50463 37.4
      vertex 29.4735 6.50463 39.4
    endloop
  endfacet
  facet normal 0.555519 -0.831504 0
    outer loop
      vertex 24.5128 8.5594 37.4
      vertex 24.85 8.78468 39.4
      vertex 24.5128 8.5594 39.4
    endloop
  endfacet
  facet normal 0.555519 -0.831504 0
    outer loop
      vertex 24.85 8.78468 39.4
      vertex 24.5128 8.5594 37.4
      vertex 24.85 8.78468 37.4
    endloop
  endfacet
  facet normal 0.83145 -0.555599 0
    outer loop
      vertex 23.7153 7.65 39.4
      vertex 23.9406 7.98716 37.4
      vertex 23.9406 7.98716 39.4
    endloop
  endfacet
  facet normal 0.83145 -0.555599 0
    outer loop
      vertex 23.9406 7.98716 37.4
      vertex 23.7153 7.65 39.4
      vertex 23.7153 7.65 37.4
    endloop
  endfacet
  facet normal 0.65944 -0.751757 0
    outer loop
      vertex 24.208 8.29203 37.4
      vertex 24.5128 8.5594 39.4
      vertex 24.208 8.29203 39.4
    endloop
  endfacet
  facet normal 0.65944 -0.751757 0
    outer loop
      vertex 24.5128 8.5594 39.4
      vertex 24.208 8.29203 37.4
      vertex 24.5128 8.5594 37.4
    endloop
  endfacet
  facet normal -0.555519 -0.831504 0
    outer loop
      vertex 27.95 8.78468 37.4
      vertex 28.2872 8.5594 39.4
      vertex 27.95 8.78468 39.4
    endloop
  endfacet
  facet normal -0.555519 -0.831504 -0
    outer loop
      vertex 28.2872 8.5594 39.4
      vertex 27.95 8.78468 37.4
      vertex 28.2872 8.5594 37.4
    endloop
  endfacet
  facet normal 0 0 1
    outer loop
      vertex 29.4735 6.50463 37.4
      vertex 29.4735 5.69537 37.4
      vertex 29.5 6.1 37.4
    endloop
  endfacet
  facet normal 0 0 1
    outer loop
      vertex 29.3944 6.90234 37.4
      vertex 29.4735 5.69537 37.4
      vertex 29.4735 6.50463 37.4
    endloop
  endfacet
  facet normal 0 0 1
    outer loop
      vertex 29.3944 6.90234 37.4
      vertex 29.3944 5.29766 37.4
      vertex 29.4735 5.69537 37.4
    endloop
  endfacet
  facet normal 0 0 1
    outer loop
      vertex 29.264 7.28632 37.4
      vertex 29.3944 5.29766 37.4
      vertex 29.3944 6.90234 37.4
    endloop
  endfacet
  facet normal 0 0 1
    outer loop
      vertex 29.264 7.28632 37.4
      vertex 29.264 4.91368 37.4
      vertex 29.3944 5.29766 37.4
    endloop
  endfacet
  facet normal 0 0 1
    outer loop
      vertex 29.0847 7.65 37.4
      vertex 29.264 4.91368 37.4
      vertex 29.264 7.28632 37.4
    endloop
  endfacet
  facet normal 0 0 1
    outer loop
      vertex 29.0847 7.65 37.4
      vertex 29.0847 4.55 37.4
      vertex 29.264 4.91368 37.4
    endloop
  endfacet
  facet normal 0 0 1
    outer loop
      vertex 28.8594 7.98716 37.4
      vertex 29.0847 4.55 37.4
      vertex 29.0847 7.65 37.4
    endloop
  endfacet
  facet normal 0 0 1
    outer loop
      vertex 28.8594 7.98716 37.4
      vertex 28.8594 4.21284 37.4
      vertex 29.0847 4.55 37.4
    endloop
  endfacet
  facet normal 0 0 1
    outer loop
      vertex 28.592 8.29203 37.4
      vertex 28.8594 4.21284 37.4
      vertex 28.8594 7.98716 37.4
    endloop
  endfacet
  facet normal 0 0 1
    outer loop
      vertex 28.592 8.29203 37.4
      vertex 28.592 3.90797 37.4
      vertex 28.8594 4.21284 37.4
    endloop
  endfacet
  facet normal 0 0 1
    outer loop
      vertex 28.2872 8.5594 37.4
      vertex 28.592 3.90797 37.4
      vertex 28.592 8.29203 37.4
    endloop
  endfacet
  facet normal 0 0 1
    outer loop
      vertex 28.2872 8.5594 37.4
      vertex 28.2872 3.6406 37.4
      vertex 28.592 3.90797 37.4
    endloop
  endfacet
  facet normal 0 0 1
    outer loop
      vertex 27.95 8.78468 37.4
      vertex 28.2872 3.6406 37.4
      vertex 28.2872 8.5594 37.4
    endloop
  endfacet
  facet normal 0 0 1
    outer loop
      vertex 27.95 8.78468 37.4
      vertex 27.95 3.41532 37.4
      vertex 28.2872 3.6406 37.4
    endloop
  endfacet
  facet normal 0 0 1
    outer loop
      vertex 27.5863 8.96403 37.4
      vertex 27.95 3.41532 37.4
      vertex 27.95 8.78468 37.4
    endloop
  endfacet
  facet normal 0 0 1
    outer loop
      vertex 27.5863 8.96403 37.4
      vertex 27.5863 3.23597 37.4
      vertex 27.95 3.41532 37.4
    endloop
  endfacet
  facet normal 0 0 1
    outer loop
      vertex 27.2023 9.09437 37.4
      vertex 27.5863 3.23597 37.4
      vertex 27.5863 8.96403 37.4
    endloop
  endfacet
  facet normal 0 0 1
    outer loop
      vertex 27.2023 9.09437 37.4
      vertex 27.2023 3.10563 37.4
      vertex 27.5863 3.23597 37.4
    endloop
  endfacet
  facet normal 0 0 1
    outer loop
      vertex 26.8046 9.17348 37.4
      vertex 27.2023 3.10563 37.4
      vertex 27.2023 9.09437 37.4
    endloop
  endfacet
  facet normal 0 0 1
    outer loop
      vertex 26.8046 9.17348 37.4
      vertex 26.8046 3.02652 37.4
      vertex 27.2023 3.10563 37.4
    endloop
  endfacet
  facet normal 0 0 1
    outer loop
      vertex 26.4 9.2 37.4
      vertex 26.8046 3.02652 37.4
      vertex 26.8046 9.17348 37.4
    endloop
  endfacet
  facet normal 0 0 1
    outer loop
      vertex 26.4 9.2 37.4
      vertex 26.4 3 37.4
      vertex 26.8046 3.02652 37.4
    endloop
  endfacet
  facet normal -0 0 1
    outer loop
      vertex 25.9954 9.17348 37.4
      vertex 26.4 3 37.4
      vertex 26.4 9.2 37.4
    endloop
  endfacet
  facet normal 0 0 1
    outer loop
      vertex 25.9954 9.17348 37.4
      vertex 25.9954 3.02652 37.4
      vertex 26.4 3 37.4
    endloop
  endfacet
  facet normal -0 0 1
    outer loop
      vertex 25.5977 9.09437 37.4
      vertex 25.9954 3.02652 37.4
      vertex 25.9954 9.17348 37.4
    endloop
  endfacet
  facet normal 0 0 1
    outer loop
      vertex 25.5977 9.09437 37.4
      vertex 25.5977 3.10563 37.4
      vertex 25.9954 3.02652 37.4
    endloop
  endfacet
  facet normal -0 0 1
    outer loop
      vertex 25.2137 8.96403 37.4
      vertex 25.5977 3.10563 37.4
      vertex 25.5977 9.09437 37.4
    endloop
  endfacet
  facet normal 0 0 1
    outer loop
      vertex 25.2137 8.96403 37.4
      vertex 25.2137 3.23597 37.4
      vertex 25.5977 3.10563 37.4
    endloop
  endfacet
  facet normal -0 0 1
    outer loop
      vertex 24.85 8.78468 37.4
      vertex 25.2137 3.23597 37.4
      vertex 25.2137 8.96403 37.4
    endloop
  endfacet
  facet normal 0 0 1
    outer loop
      vertex 24.85 8.78468 37.4
      vertex 24.85 3.41532 37.4
      vertex 25.2137 3.23597 37.4
    endloop
  endfacet
  facet normal -0 0 1
    outer loop
      vertex 24.5128 8.5594 37.4
      vertex 24.85 3.41532 37.4
      vertex 24.85 8.78468 37.4
    endloop
  endfacet
  facet normal 0 0 1
    outer loop
      vertex 24.5128 8.5594 37.4
      vertex 24.5128 3.6406 37.4
      vertex 24.85 3.41532 37.4
    endloop
  endfacet
  facet normal -0 0 1
    outer loop
      vertex 24.208 8.29203 37.4
      vertex 24.5128 3.6406 37.4
      vertex 24.5128 8.5594 37.4
    endloop
  endfacet
  facet normal 0 0 1
    outer loop
      vertex 24.208 8.29203 37.4
      vertex 24.208 3.90797 37.4
      vertex 24.5128 3.6406 37.4
    endloop
  endfacet
  facet normal -0 0 1
    outer loop
      vertex 23.9406 7.98716 37.4
      vertex 24.208 3.90797 37.4
      vertex 24.208 8.29203 37.4
    endloop
  endfacet
  facet normal 0 0 1
    outer loop
      vertex 23.9406 7.98716 37.4
      vertex 23.9406 4.21284 37.4
      vertex 24.208 3.90797 37.4
    endloop
  endfacet
  facet normal -0 0 1
    outer loop
      vertex 23.7153 7.65 37.4
      vertex 23.9406 4.21284 37.4
      vertex 23.9406 7.98716 37.4
    endloop
  endfacet
  facet normal 0 0 1
    outer loop
      vertex 23.7153 7.65 37.4
      vertex 23.7153 4.55 37.4
      vertex 23.9406 4.21284 37.4
    endloop
  endfacet
  facet normal -0 0 1
    outer loop
      vertex 23.536 7.28632 37.4
      vertex 23.7153 4.55 37.4
      vertex 23.7153 7.65 37.4
    endloop
  endfacet
  facet normal 0 0 1
    outer loop
      vertex 23.536 7.28632 37.4
      vertex 23.536 4.91368 37.4
      vertex 23.7153 4.55 37.4
    endloop
  endfacet
  facet normal -0 0 1
    outer loop
      vertex 23.4056 6.90234 37.4
      vertex 23.536 4.91368 37.4
      vertex 23.536 7.28632 37.4
    endloop
  endfacet
  facet normal 0 0 1
    outer loop
      vertex 23.4056 6.90234 37.4
      vertex 23.4056 5.29766 37.4
      vertex 23.536 4.91368 37.4
    endloop
  endfacet
  facet normal -0 0 1
    outer loop
      vertex 23.3265 6.50463 37.4
      vertex 23.4056 5.29766 37.4
      vertex 23.4056 6.90234 37.4
    endloop
  endfacet
  facet normal 0 0 1
    outer loop
      vertex 23.3265 6.50463 37.4
      vertex 23.3265 5.69537 37.4
      vertex 23.4056 5.29766 37.4
    endloop
  endfacet
  facet normal 0 -0 1
    outer loop
      vertex 23.3265 5.69537 37.4
      vertex 23.3265 6.50463 37.4
      vertex 23.3 6.1 37.4
    endloop
  endfacet
  facet normal -0.896919 -0.442195 0
    outer loop
      vertex 29.264 7.28632 37.4
      vertex 29.0847 7.65 39.4
      vertex 29.0847 7.65 37.4
    endloop
  endfacet
  facet normal -0.896919 -0.442195 0
    outer loop
      vertex 29.0847 7.65 39.4
      vertex 29.264 7.28632 37.4
      vertex 29.264 7.28632 39.4
    endloop
  endfacet
  facet normal -0.997862 -0.0653519 0
    outer loop
      vertex 29.5 6.1 37.4
      vertex 29.4735 6.50463 39.4
      vertex 29.4735 6.50463 37.4
    endloop
  endfacet
  facet normal -0.997862 -0.0653519 0
    outer loop
      vertex 29.4735 6.50463 39.4
      vertex 29.5 6.1 37.4
      vertex 29.5 6.1 39.4
    endloop
  endfacet
  facet normal 0.195096 -0.980784 0
    outer loop
      vertex 25.5977 9.09437 37.4
      vertex 25.9954 9.17348 39.4
      vertex 25.5977 9.09437 39.4
    endloop
  endfacet
  facet normal 0.195096 -0.980784 0
    outer loop
      vertex 25.9954 9.17348 39.4
      vertex 25.5977 9.09437 37.4
      vertex 25.9954 9.17348 37.4
    endloop
  endfacet
  facet normal 0.946888 -0.321564 0
    outer loop
      vertex 23.4056 6.90234 39.4
      vertex 23.536 7.28632 37.4
      vertex 23.536 7.28632 39.4
    endloop
  endfacet
  facet normal 0.946888 -0.321564 0
    outer loop
      vertex 23.536 7.28632 37.4
      vertex 23.4056 6.90234 39.4
      vertex 23.4056 6.90234 37.4
    endloop
  endfacet
  facet normal 0.98079 -0.195068 0
    outer loop
      vertex 23.3265 6.50463 39.4
      vertex 23.4056 6.90234 37.4
      vertex 23.4056 6.90234 39.4
    endloop
  endfacet
  facet normal 0.98079 -0.195068 0
    outer loop
      vertex 23.4056 6.90234 37.4
      vertex 23.3265 6.50463 39.4
      vertex 23.3265 6.50463 37.4
    endloop
  endfacet
  facet normal 0.896919 -0.442195 0
    outer loop
      vertex 23.536 7.28632 39.4
      vertex 23.7153 7.65 37.4
      vertex 23.7153 7.65 39.4
    endloop
  endfacet
  facet normal 0.896919 -0.442195 0
    outer loop
      vertex 23.7153 7.65 37.4
      vertex 23.536 7.28632 39.4
      vertex 23.536 7.28632 37.4
    endloop
  endfacet
  facet normal -0.751796 -0.659396 0
    outer loop
      vertex 28.8594 7.98716 37.4
      vertex 28.592 8.29203 39.4
      vertex 28.592 8.29203 37.4
    endloop
  endfacet
  facet normal -0.751796 -0.659396 0
    outer loop
      vertex 28.592 8.29203 39.4
      vertex 28.8594 7.98716 37.4
      vertex 28.8594 7.98716 39.4
    endloop
  endfacet
  facet normal -0.442275 -0.89688 0
    outer loop
      vertex 27.5863 8.96403 37.4
      vertex 27.95 8.78468 39.4
      vertex 27.5863 8.96403 39.4
    endloop
  endfacet
  facet normal -0.442275 -0.89688 -0
    outer loop
      vertex 27.95 8.78468 39.4
      vertex 27.5863 8.96403 37.4
      vertex 27.95 8.78468 37.4
    endloop
  endfacet
  facet normal -0.321416 -0.946938 0
    outer loop
      vertex 27.2023 9.09437 37.4
      vertex 27.5863 8.96403 39.4
      vertex 27.2023 9.09437 39.4
    endloop
  endfacet
  facet normal -0.321416 -0.946938 -0
    outer loop
      vertex 27.5863 8.96403 39.4
      vertex 27.2023 9.09437 37.4
      vertex 27.5863 8.96403 37.4
    endloop
  endfacet
  facet normal -0.195096 -0.980784 0
    outer loop
      vertex 26.8046 9.17348 37.4
      vertex 27.2023 9.09437 39.4
      vertex 26.8046 9.17348 39.4
    endloop
  endfacet
  facet normal -0.195096 -0.980784 -0
    outer loop
      vertex 27.2023 9.09437 39.4
      vertex 26.8046 9.17348 37.4
      vertex 27.2023 9.09437 37.4
    endloop
  endfacet
  facet normal 0.0654059 -0.997859 0
    outer loop
      vertex 25.9954 9.17348 37.4
      vertex 26.4 9.2 39.4
      vertex 25.9954 9.17348 39.4
    endloop
  endfacet
  facet normal 0.0654059 -0.997859 0
    outer loop
      vertex 26.4 9.2 39.4
      vertex 25.9954 9.17348 37.4
      vertex 26.4 9.2 37.4
    endloop
  endfacet
  facet normal 0.442275 -0.89688 0
    outer loop
      vertex 24.85 8.78468 37.4
      vertex 25.2137 8.96403 39.4
      vertex 24.85 8.78468 39.4
    endloop
  endfacet
  facet normal 0.442275 -0.89688 0
    outer loop
      vertex 25.2137 8.96403 39.4
      vertex 24.85 8.78468 37.4
      vertex 25.2137 8.96403 37.4
    endloop
  endfacet
  facet normal 0.751796 -0.659396 0
    outer loop
      vertex 23.9406 7.98716 39.4
      vertex 24.208 8.29203 37.4
      vertex 24.208 8.29203 39.4
    endloop
  endfacet
  facet normal 0.751796 -0.659396 0
    outer loop
      vertex 24.208 8.29203 37.4
      vertex 23.9406 7.98716 39.4
      vertex 23.9406 7.98716 37.4
    endloop
  endfacet
  facet normal -0.65944 -0.751757 0
    outer loop
      vertex 28.2872 8.5594 37.4
      vertex 28.592 8.29203 39.4
      vertex 28.2872 8.5594 39.4
    endloop
  endfacet
  facet normal -0.65944 -0.751757 -0
    outer loop
      vertex 28.592 8.29203 39.4
      vertex 28.2872 8.5594 37.4
      vertex 28.592 8.29203 37.4
    endloop
  endfacet
  facet normal 0.321416 -0.946938 0
    outer loop
      vertex 25.2137 8.96403 37.4
      vertex 25.5977 9.09437 39.4
      vertex 25.2137 8.96403 39.4
    endloop
  endfacet
  facet normal 0.321416 -0.946938 0
    outer loop
      vertex 25.5977 9.09437 39.4
      vertex 25.2137 8.96403 37.4
      vertex 25.5977 9.09437 37.4
    endloop
  endfacet
  facet normal 1 0 0
    outer loop
      vertex -4.67 2.4 40
      vertex -4.67 1.4 38.9
      vertex -4.67 2.4 33.57
    endloop
  endfacet
  facet normal 1 -0 0
    outer loop
      vertex -4.67 0 40
      vertex -4.67 1.4 38.9
      vertex -4.67 2.4 40
    endloop
  endfacet
  facet normal 1 0 0
    outer loop
      vertex -4.67 1.4 38.9
      vertex -4.67 0 40
      vertex -4.67 0 38.9
    endloop
  endfacet
  facet normal 1 0 0
    outer loop
      vertex -4.67 2.4 33.57
      vertex -4.67 1.4 38.9
      vertex -4.67 1.4 33.57
    endloop
  endfacet
  facet normal -0 0 1
    outer loop
      vertex -4.67 2.4 33.57
      vertex 4.67 1.4 33.57
      vertex 4.67 2.4 33.57
    endloop
  endfacet
  facet normal 0 0 1
    outer loop
      vertex 4.67 1.4 33.57
      vertex -4.67 2.4 33.57
      vertex -4.67 1.4 33.57
    endloop
  endfacet
  facet normal -1 0 0
    outer loop
      vertex 4.67 1.4 38.9
      vertex 4.67 2.4 33.57
      vertex 4.67 1.4 33.57
    endloop
  endfacet
  facet normal -1 0 0
    outer loop
      vertex 4.67 2.4 33.57
      vertex 4.67 1.4 38.9
      vertex 4.67 2.4 40
    endloop
  endfacet
  facet normal -1 0 0
    outer loop
      vertex 4.67 0 40
      vertex 4.67 1.4 38.9
      vertex 4.67 0 38.9
    endloop
  endfacet
  facet normal -1 0 0
    outer loop
      vertex 4.67 1.4 38.9
      vertex 4.67 0 40
      vertex 4.67 2.4 40
    endloop
  endfacet
  facet normal 1 -0 0
    outer loop
      vertex -6.25 0 38.9
      vertex -6.25 1.4 31.9
      vertex -6.25 1.4 38.9
    endloop
  endfacet
  facet normal 1 0 0
    outer loop
      vertex -6.25 1.4 31.9
      vertex -6.25 0 38.9
      vertex -6.25 0 31.9
    endloop
  endfacet
  facet normal -0 0 1
    outer loop
      vertex -6.25 1.4 31.9
      vertex 6.25 0 31.9
      vertex 6.25 1.4 31.9
    endloop
  endfacet
  facet normal 0 0 1
    outer loop
      vertex 6.25 0 31.9
      vertex -6.25 1.4 31.9
      vertex -6.25 0 31.9
    endloop
  endfacet
  facet normal -1 0 0
    outer loop
      vertex 6.25 0 31.9
      vertex 6.25 1.4 38.9
      vertex 6.25 1.4 31.9
    endloop
  endfacet
  facet normal -1 -0 0
    outer loop
      vertex 6.25 1.4 38.9
      vertex 6.25 0 31.9
      vertex 6.25 0 38.9
    endloop
  endfacet
  facet normal 0 0 -1
    outer loop
      vertex -6.25 0 38.9
      vertex -4.67 1.4 38.9
      vertex -4.67 0 38.9
    endloop
  endfacet
  facet normal -0 0 -1
    outer loop
      vertex -4.67 1.4 38.9
      vertex -6.25 0 38.9
      vertex -6.25 1.4 38.9
    endloop
  endfacet
  facet normal 0 0 -1
    outer loop
      vertex 4.67 0 38.9
      vertex 6.25 1.4 38.9
      vertex 6.25 0 38.9
    endloop
  endfacet
  facet normal -0 0 -1
    outer loop
      vertex 6.25 1.4 38.9
      vertex 4.67 0 38.9
      vertex 4.67 1.4 38.9
    endloop
  endfacet
  facet normal 0 -1 0
    outer loop
      vertex -6.25 1.4 38.9
      vertex -4.67 1.4 33.57
      vertex -4.67 1.4 38.9
    endloop
  endfacet
  facet normal 0 -1 -0
    outer loop
      vertex -4.67 1.4 33.57
      vertex -6.25 1.4 31.9
      vertex 4.67 1.4 33.57
    endloop
  endfacet
  facet normal 0 -1 0
    outer loop
      vertex -6.25 1.4 31.9
      vertex -4.67 1.4 33.57
      vertex -6.25 1.4 38.9
    endloop
  endfacet
  facet normal 0 -1 0
    outer loop
      vertex 4.67 1.4 33.57
      vertex 6.25 1.4 38.9
      vertex 4.67 1.4 38.9
    endloop
  endfacet
  facet normal 0 -1 0
    outer loop
      vertex 4.67 1.4 33.57
      vertex 6.25 1.4 31.9
      vertex 6.25 1.4 38.9
    endloop
  endfacet
  facet normal 0 -1 0
    outer loop
      vertex 6.25 1.4 31.9
      vertex 4.67 1.4 33.57
      vertex -6.25 1.4 31.9
    endloop
  endfacet
  facet normal 1 -0 0
    outer loop
      vertex 13.9 0 38.95
      vertex 13.9 2.4 37.05
      vertex 13.9 2.4 38.95
    endloop
  endfacet
  facet normal 1 0 0
    outer loop
      vertex 13.9 2.4 37.05
      vertex 13.9 0 38.95
      vertex 13.9 0 37.05
    endloop
  endfacet
  facet normal -0 0 1
    outer loop
      vertex 13.9 2.4 37.05
      vertex 18.3 0 37.05
      vertex 18.3 2.4 37.05
    endloop
  endfacet
  facet normal 0 0 1
    outer loop
      vertex 18.3 0 37.05
      vertex 13.9 2.4 37.05
      vertex 13.9 0 37.05
    endloop
  endfacet
  facet normal -1 0 0
    outer loop
      vertex 18.3 0 37.05
      vertex 18.3 2.4 38.95
      vertex 18.3 2.4 37.05
    endloop
  endfacet
  facet normal -1 -0 0
    outer loop
      vertex 18.3 2.4 38.95
      vertex 18.3 0 37.05
      vertex 18.3 0 38.95
    endloop
  endfacet
  facet normal 0 0 -1
    outer loop
      vertex 13.9 0 38.95
      vertex 18.3 2.4 38.95
      vertex 18.3 0 38.95
    endloop
  endfacet
  facet normal -0 0 -1
    outer loop
      vertex 18.3 2.4 38.95
      vertex 13.9 0 38.95
      vertex 13.9 2.4 38.95
    endloop
  endfacet
  facet normal 1 -0 0
    outer loop
      vertex -6 0.61 31.4
      vertex -6 2.4 29.9
      vertex -6 2.4 31.4
    endloop
  endfacet
  facet normal 1 0 0
    outer loop
      vertex -6 2.4 29.9
      vertex -6 0.61 31.4
      vertex -6 0.61 29.9
    endloop
  endfacet
  facet normal -0 0 1
    outer loop
      vertex -6 2.4 29.9
      vertex 6 0.61 29.9
      vertex 6 2.4 29.9
    endloop
  endfacet
  facet normal 0 0 1
    outer loop
      vertex 6 0.61 29.9
      vertex -6 2.4 29.9
      vertex -6 0.61 29.9
    endloop
  endfacet
  facet normal -1 0 0
    outer loop
      vertex 6 0.61 29.9
      vertex 6 2.4 31.4
      vertex 6 2.4 29.9
    endloop
  endfacet
  facet normal -1 -0 0
    outer loop
      vertex 6 2.4 31.4
      vertex 6 0.61 29.9
      vertex 6 0.61 31.4
    endloop
  endfacet
  facet normal 0 0 -1
    outer loop
      vertex -6 0.61 31.4
      vertex 6 2.4 31.4
      vertex 6 0.61 31.4
    endloop
  endfacet
  facet normal -0 0 -1
    outer loop
      vertex 6 2.4 31.4
      vertex -6 0.61 31.4
      vertex -6 2.4 31.4
    endloop
  endfacet
  facet normal 0 1 -0
    outer loop
      vertex 6 0.61 29.9
      vertex -6 0.61 31.4
      vertex 6 0.61 31.4
    endloop
  endfacet
  facet normal 0 1 0
    outer loop
      vertex -6 0.61 31.4
      vertex 6 0.61 29.9
      vertex -6 0.61 29.9
    endloop
  endfacet
  facet normal 1 -0 0
    outer loop
      vertex -29.05 8 12.5
      vertex -29.05 28 0
      vertex -29.05 28 12.5
    endloop
  endfacet
  facet normal 1 0 0
    outer loop
      vertex -29.05 28 0
      vertex -29.05 8 12.5
      vertex -29.05 8 0
    endloop
  endfacet
  facet normal -1 0 0
    outer loop
      vertex 29.05 8 0
      vertex 29.05 28 12.5
      vertex 29.05 28 0
    endloop
  endfacet
  facet normal -1 -0 0
    outer loop
      vertex 29.05 28 12.5
      vertex 29.05 8 0
      vertex 29.05 8 12.5
    endloop
  endfacet
  facet normal 0 0 -1
    outer loop
      vertex 29.05 8 12.5
      vertex 27.55 9.5 12.5
      vertex 29.05 28 12.5
    endloop
  endfacet
  facet normal 0 0 -1
    outer loop
      vertex 29.05 8 12.5
      vertex -27.55 9.5 12.5
      vertex 27.55 9.5 12.5
    endloop
  endfacet
  facet normal -0 0 -1
    outer loop
      vertex -27.55 9.5 12.5
      vertex -29.05 8 12.5
      vertex -27.55 26.5 12.5
    endloop
  endfacet
  facet normal 0 0 -1
    outer loop
      vertex -29.05 8 12.5
      vertex -27.55 9.5 12.5
      vertex 29.05 8 12.5
    endloop
  endfacet
  facet normal 0 0 -1
    outer loop
      vertex 27.55 26.5 12.5
      vertex 29.05 28 12.5
      vertex 27.55 9.5 12.5
    endloop
  endfacet
  facet normal 0 0 -1
    outer loop
      vertex -27.55 26.5 12.5
      vertex 29.05 28 12.5
      vertex 27.55 26.5 12.5
    endloop
  endfacet
  facet normal 0 0 -1
    outer loop
      vertex -27.55 26.5 12.5
      vertex -29.05 28 12.5
      vertex 29.05 28 12.5
    endloop
  endfacet
  facet normal 0 0 -1
    outer loop
      vertex -29.05 28 12.5
      vertex -27.55 26.5 12.5
      vertex -29.05 8 12.5
    endloop
  endfacet
  facet normal 0 -1 0
    outer loop
      vertex -29.05 28 0
      vertex 29.05 28 12.5
      vertex -29.05 28 12.5
    endloop
  endfacet
  facet normal 0 -1 -0
    outer loop
      vertex 29.05 28 12.5
      vertex -29.05 28 0
      vertex 29.05 28 0
    endloop
  endfacet
  facet normal 0 1 -0
    outer loop
      vertex 29.05 8 0
      vertex -29.05 8 12.5
      vertex 29.05 8 12.5
    endloop
  endfacet
  facet normal 0 1 0
    outer loop
      vertex -29.05 8 12.5
      vertex 29.05 8 0
      vertex -29.05 8 0
    endloop
  endfacet
  facet normal 1 -0 0
    outer loop
      vertex -27.55 9.5 14.5
      vertex -27.55 26.5 12.5
      vertex -27.55 26.5 14.5
    endloop
  endfacet
  facet normal 1 0 0
    outer loop
      vertex -27.55 26.5 12.5
      vertex -27.55 9.5 14.5
      vertex -27.55 9.5 12.5
    endloop
  endfacet
  facet normal -1 0 0
    outer loop
      vertex 27.55 9.5 12.5
      vertex 27.55 26.5 14.5
      vertex 27.55 26.5 12.5
    endloop
  endfacet
  facet normal -1 -0 0
    outer loop
      vertex 27.55 26.5 14.5
      vertex 27.55 9.5 12.5
      vertex 27.55 9.5 14.5
    endloop
  endfacet
  facet normal 0 1 -0
    outer loop
      vertex 27.55 9.5 12.5
      vertex -27.55 9.5 14.5
      vertex 27.55 9.5 14.5
    endloop
  endfacet
  facet normal 0 1 0
    outer loop
      vertex -27.55 9.5 14.5
      vertex 27.55 9.5 12.5
      vertex -27.55 9.5 12.5
    endloop
  endfacet
  facet normal 0 -1 0
    outer loop
      vertex -27.55 26.5 12.5
      vertex 27.55 26.5 14.5
      vertex -27.55 26.5 14.5
    endloop
  endfacet
  facet normal 0 -1 -0
    outer loop
      vertex 27.55 26.5 14.5
      vertex -27.55 26.5 12.5
      vertex 27.55 26.5 12.5
    endloop
  endfacet
  facet normal 1 -0 0
    outer loop
      vertex -25.5 2 29.8
      vertex -25.5 2.4 14.8
      vertex -25.5 2.4 29.8
    endloop
  endfacet
  facet normal 1 0 0
    outer loop
      vertex -25.5 2.4 14.8
      vertex -25.5 2 29.8
      vertex -25.5 2 14.8
    endloop
  endfacet
  facet normal -0 0 1
    outer loop
      vertex -25.5 2.4 14.8
      vertex 25.5 2 14.8
      vertex 25.5 2.4 14.8
    endloop
  endfacet
  facet normal 0 0 1
    outer loop
      vertex 25.5 2 14.8
      vertex -25.5 2.4 14.8
      vertex -25.5 2 14.8
    endloop
  endfacet
  facet normal -1 0 0
    outer loop
      vertex 25.5 2 14.8
      vertex 25.5 2.4 29.8
      vertex 25.5 2.4 14.8
    endloop
  endfacet
  facet normal -1 -0 0
    outer loop
      vertex 25.5 2.4 29.8
      vertex 25.5 2 14.8
      vertex 25.5 2 29.8
    endloop
  endfacet
  facet normal 0 1 -0
    outer loop
      vertex 25.5 2 14.8
      vertex -25.5 2 29.8
      vertex 25.5 2 29.8
    endloop
  endfacet
  facet normal 0 1 0
    outer loop
      vertex -25.5 2 29.8
      vertex 25.5 2 14.8
      vertex -25.5 2 14.8
    endloop
  endfacet
  facet normal 0 0 -1
    outer loop
      vertex -25.5 2 29.8
      vertex 25.5 2.4 29.8
      vertex 25.5 2 29.8
    endloop
  endfacet
  facet normal -0 0 -1
    outer loop
      vertex 25.5 2.4 29.8
      vertex -25.5 2 29.8
      vertex -25.5 2.4 29.8
    endloop
  endfacet
endsolid OpenSCAD_Model
