solid OpenSCAD_Model
  facet normal -1 0 0
    outer loop
      vertex -32.5 1 1
      vertex -32.5 41 50
      vertex -32.5 41 1
    endloop
  endfacet
  facet normal -1 -0 0
    outer loop
      vertex -32.5 41 50
      vertex -32.5 1 1
      vertex -32.5 1 50
    endloop
  endfacet
  facet normal 0 0 -1
    outer loop
      vertex 31.5 1 0
      vertex 29.05 11 0
      vertex 31.5 41 0
    endloop
  endfacet
  facet normal 0 0 -1
    outer loop
      vertex 31.5 1 0
      vertex -20.9972 3.65485 0
      vertex 29.05 11 0
    endloop
  endfacet
  facet normal 0 0 -1
    outer loop
      vertex -31.5 1 0
      vertex -20.9972 3.65485 0
      vertex 31.5 1 0
    endloop
  endfacet
  facet normal 0 0 -1
    outer loop
      vertex -21.7573 4.96095 0
      vertex -21.6404 5.15488 0
      vertex -21.6404 3.65485 0
    endloop
  endfacet
  facet normal -0 0 -1
    outer loop
      vertex -21.6404 5.15488 0
      vertex -21.7164 5.08495 0
      vertex -21.7021 5.15488 0
    endloop
  endfacet
  facet normal 0 0 -1
    outer loop
      vertex -21.6404 5.15488 0
      vertex -21.7348 5.02031 0
      vertex -21.7164 5.08495 0
    endloop
  endfacet
  facet normal 0 0 -1
    outer loop
      vertex -21.6404 5.15488 0
      vertex -21.7573 4.96095 0
      vertex -21.7348 5.02031 0
    endloop
  endfacet
  facet normal 0 0 -1
    outer loop
      vertex -21.6404 3.65485 0
      vertex -21.7839 4.90688 0
      vertex -21.7573 4.96095 0
    endloop
  endfacet
  facet normal 0 0 -1
    outer loop
      vertex -21.6404 3.65485 0
      vertex -21.8146 4.85808 0
      vertex -21.7839 4.90688 0
    endloop
  endfacet
  facet normal 0 0 -1
    outer loop
      vertex -21.6404 3.65485 0
      vertex -21.8495 4.81456 0
      vertex -21.8146 4.85808 0
    endloop
  endfacet
  facet normal 0 0 -1
    outer loop
      vertex -21.6404 3.65485 0
      vertex -21.8884 4.77631 0
      vertex -21.8495 4.81456 0
    endloop
  endfacet
  facet normal 0 0 -1
    outer loop
      vertex -21.6404 3.65485 0
      vertex -21.9321 4.74324 0
      vertex -21.8884 4.77631 0
    endloop
  endfacet
  facet normal 0 0 -1
    outer loop
      vertex -21.6404 3.65485 0
      vertex -21.9812 4.71527 0
      vertex -21.9321 4.74324 0
    endloop
  endfacet
  facet normal 0 0 -1
    outer loop
      vertex -21.6404 3.65485 0
      vertex -22.0357 4.69237 0
      vertex -21.9812 4.71527 0
    endloop
  endfacet
  facet normal 0 0 -1
    outer loop
      vertex -21.6404 3.65485 0
      vertex -22.0955 4.67458 0
      vertex -22.0357 4.69237 0
    endloop
  endfacet
  facet normal 0 0 -1
    outer loop
      vertex -21.6404 3.65485 0
      vertex -22.1607 4.66185 0
      vertex -22.0955 4.67458 0
    endloop
  endfacet
  facet normal 0 0 -1
    outer loop
      vertex -21.6404 3.65485 0
      vertex -22.2313 4.65422 0
      vertex -22.1607 4.66185 0
    endloop
  endfacet
  facet normal 0 0 -1
    outer loop
      vertex -21.6404 3.65485 0
      vertex -22.3073 4.65167 0
      vertex -22.2313 4.65422 0
    endloop
  endfacet
  facet normal 0 0 -1
    outer loop
      vertex -21.6404 3.65485 0
      vertex -22.4379 4.65865 0
      vertex -22.3073 4.65167 0
    endloop
  endfacet
  facet normal 0 0 -1
    outer loop
      vertex -21.6404 3.65485 0
      vertex -22.5599 4.67958 0
      vertex -22.4379 4.65865 0
    endloop
  endfacet
  facet normal 0 0 -1
    outer loop
      vertex -21.6404 3.65485 0
      vertex -22.6732 4.71445 0
      vertex -22.5599 4.67958 0
    endloop
  endfacet
  facet normal 0 0 -1
    outer loop
      vertex -24.3029 4.76289 0
      vertex -22.6732 4.71445 0
      vertex -21.6404 3.65485 0
    endloop
  endfacet
  facet normal 0 0 -1
    outer loop
      vertex -22.6732 4.71445 0
      vertex -24.3029 4.76289 0
      vertex -22.7778 4.76328 0
    endloop
  endfacet
  facet normal 0 -0 -1
    outer loop
      vertex -24.1925 4.82547 0
      vertex -22.7778 4.76328 0
      vertex -24.3029 4.76289 0
    endloop
  endfacet
  facet normal 0 0 -1
    outer loop
      vertex -23.2941 5.78685 0
      vertex -23.7028 5.95706 0
      vertex -23.2994 5.95944 0
    endloop
  endfacet
  facet normal 0 0 -1
    outer loop
      vertex -23.7089 5.7845 0
      vertex -23.2941 5.78685 0
      vertex -23.2782 5.62579 0
    endloop
  endfacet
  facet normal 0 0 -1
    outer loop
      vertex -23.7272 5.62354 0
      vertex -23.2782 5.62579 0
      vertex -23.2517 5.47629 0
    endloop
  endfacet
  facet normal 0 0 -1
    outer loop
      vertex -23.7577 5.47414 0
      vertex -23.2517 5.47629 0
      vertex -23.2146 5.33829 0
    endloop
  endfacet
  facet normal 0 0 -1
    outer loop
      vertex -23.8004 5.33632 0
      vertex -23.2146 5.33829 0
      vertex -23.1668 5.21181 0
    endloop
  endfacet
  facet normal 0 0 -1
    outer loop
      vertex -23.8553 5.21007 0
      vertex -23.1668 5.21181 0
      vertex -23.1085 5.09686 0
    endloop
  endfacet
  facet normal 0 0 -1
    outer loop
      vertex -23.9224 5.0954 0
      vertex -23.1085 5.09686 0
      vertex -23.0395 4.99345 0
    endloop
  endfacet
  facet normal -0 0 -1
    outer loop
      vertex -23.2941 5.78685 0
      vertex -23.7089 5.7845 0
      vertex -23.7028 5.95706 0
    endloop
  endfacet
  facet normal -0 0 -1
    outer loop
      vertex -23.2782 5.62579 0
      vertex -23.7272 5.62354 0
      vertex -23.7089 5.7845 0
    endloop
  endfacet
  facet normal 0 0 -1
    outer loop
      vertex -24.0017 4.99229 0
      vertex -23.0395 4.99345 0
      vertex -22.9609 4.90277 0
    endloop
  endfacet
  facet normal 0 0 -1
    outer loop
      vertex -22.7778 4.76328 0
      vertex -24.1925 4.82547 0
      vertex -22.8737 4.82605 0
    endloop
  endfacet
  facet normal -0 0 -1
    outer loop
      vertex -23.2517 5.47629 0
      vertex -23.7577 5.47414 0
      vertex -23.7272 5.62354 0
    endloop
  endfacet
  facet normal -0 0 -1
    outer loop
      vertex -23.2146 5.33829 0
      vertex -23.8004 5.33632 0
      vertex -23.7577 5.47414 0
    endloop
  endfacet
  facet normal -0 0 -1
    outer loop
      vertex -23.1668 5.21181 0
      vertex -23.8553 5.21007 0
      vertex -23.8004 5.33632 0
    endloop
  endfacet
  facet normal -0 0 -1
    outer loop
      vertex -23.1085 5.09686 0
      vertex -23.9224 5.0954 0
      vertex -23.8553 5.21007 0
    endloop
  endfacet
  facet normal -0 0 -1
    outer loop
      vertex -23.0395 4.99345 0
      vertex -24.0017 4.99229 0
      vertex -23.9224 5.0954 0
    endloop
  endfacet
  facet normal -0 0 -1
    outer loop
      vertex -22.9609 4.90277 0
      vertex -24.0921 4.90193 0
      vertex -24.0017 4.99229 0
    endloop
  endfacet
  facet normal 0 0 -1
    outer loop
      vertex -22.8737 4.82605 0
      vertex -24.0921 4.90193 0
      vertex -22.9609 4.90277 0
    endloop
  endfacet
  facet normal 0 -0 -1
    outer loop
      vertex -24.0921 4.90193 0
      vertex -22.8737 4.82605 0
      vertex -24.1925 4.82547 0
    endloop
  endfacet
  facet normal 0 0 -1
    outer loop
      vertex -21.6404 3.65485 0
      vertex -24.4233 4.71423 0
      vertex -24.3029 4.76289 0
    endloop
  endfacet
  facet normal 0 0 -1
    outer loop
      vertex -21.6404 3.65485 0
      vertex -24.5537 4.67949 0
      vertex -24.4233 4.71423 0
    endloop
  endfacet
  facet normal 0 0 -1
    outer loop
      vertex -21.6404 3.65485 0
      vertex -24.694 4.65863 0
      vertex -24.5537 4.67949 0
    endloop
  endfacet
  facet normal 0 0 -1
    outer loop
      vertex -26.5128 3.84471 0
      vertex -24.694 4.65863 0
      vertex -21.6404 3.65485 0
    endloop
  endfacet
  facet normal 0 0 -1
    outer loop
      vertex -24.694 4.65863 0
      vertex -26.5128 3.84471 0
      vertex -24.8444 4.65167 0
    endloop
  endfacet
  facet normal -0 0 -1
    outer loop
      vertex -24.8444 4.65167 0
      vertex -26.5128 3.84471 0
      vertex -24.9947 4.65863 0
    endloop
  endfacet
  facet normal -0 0 -1
    outer loop
      vertex -24.9947 4.65863 0
      vertex -26.5128 3.84471 0
      vertex -25.135 4.67949 0
    endloop
  endfacet
  facet normal 0 0 -1
    outer loop
      vertex -26.5128 7.215 0
      vertex -25.9799 5.7845 0
      vertex -26.5128 3.84471 0
    endloop
  endfacet
  facet normal -0 0 -1
    outer loop
      vertex -25.9616 5.62354 0
      vertex -26.5128 3.84471 0
      vertex -25.9799 5.7845 0
    endloop
  endfacet
  facet normal -0 0 -1
    outer loop
      vertex -25.9311 5.47414 0
      vertex -26.5128 3.84471 0
      vertex -25.9616 5.62354 0
    endloop
  endfacet
  facet normal -0 0 -1
    outer loop
      vertex -25.8884 5.33632 0
      vertex -26.5128 3.84471 0
      vertex -25.9311 5.47414 0
    endloop
  endfacet
  facet normal -0 0 -1
    outer loop
      vertex -25.8334 5.21007 0
      vertex -26.5128 3.84471 0
      vertex -25.8884 5.33632 0
    endloop
  endfacet
  facet normal -0 0 -1
    outer loop
      vertex -25.7663 5.0954 0
      vertex -26.5128 3.84471 0
      vertex -25.8334 5.21007 0
    endloop
  endfacet
  facet normal -0 0 -1
    outer loop
      vertex -25.687 4.99229 0
      vertex -26.5128 3.84471 0
      vertex -25.7663 5.0954 0
    endloop
  endfacet
  facet normal -0 0 -1
    outer loop
      vertex -25.5965 4.90193 0
      vertex -26.5128 3.84471 0
      vertex -25.687 4.99229 0
    endloop
  endfacet
  facet normal -0 0 -1
    outer loop
      vertex -25.4961 4.82547 0
      vertex -26.5128 3.84471 0
      vertex -25.5965 4.90193 0
    endloop
  endfacet
  facet normal -0 0 -1
    outer loop
      vertex -25.3857 4.76289 0
      vertex -26.5128 3.84471 0
      vertex -25.4961 4.82547 0
    endloop
  endfacet
  facet normal -0 0 -1
    outer loop
      vertex -25.2654 4.71423 0
      vertex -26.5128 3.84471 0
      vertex -25.3857 4.76289 0
    endloop
  endfacet
  facet normal -0 0 -1
    outer loop
      vertex -25.135 4.67949 0
      vertex -26.5128 3.84471 0
      vertex -25.2654 4.71423 0
    endloop
  endfacet
  facet normal -0 0 -1
    outer loop
      vertex -20.9972 3.65485 0
      vertex -31.5 1 0
      vertex -21.6404 3.65485 0
    endloop
  endfacet
  facet normal -0 0 -1
    outer loop
      vertex -21.6404 3.65485 0
      vertex -31.5 1 0
      vertex -26.5128 3.84471 0
    endloop
  endfacet
  facet normal 0 0 -1
    outer loop
      vertex -27.1157 3.84471 0
      vertex -27.2035 6.47922 0
      vertex -27.1157 6.47922 0
    endloop
  endfacet
  facet normal 0 0 -1
    outer loop
      vertex -27.1157 3.84471 0
      vertex -27.7968 3.84471 0
      vertex -27.2035 6.47922 0
    endloop
  endfacet
  facet normal -0 0 -1
    outer loop
      vertex -26.5128 3.84471 0
      vertex -31.5 1 0
      vertex -27.1157 3.84471 0
    endloop
  endfacet
  facet normal -0 0 -1
    outer loop
      vertex -27.1157 3.84471 0
      vertex -31.5 1 0
      vertex -27.7968 3.84471 0
    endloop
  endfacet
  facet normal 0 0 -1
    outer loop
      vertex -31.5 1 0
      vertex -28.7391 7.215 0
      vertex -28.7391 3.84471 0
    endloop
  endfacet
  facet normal -0 0 -1
    outer loop
      vertex -29.05 11 0
      vertex -31.5 1 0
      vertex -29.05 31 0
    endloop
  endfacet
  facet normal -0 0 -1
    outer loop
      vertex -28.7391 7.215 0
      vertex -31.5 1 0
      vertex -29.05 11 0
    endloop
  endfacet
  facet normal -0 0 -1
    outer loop
      vertex -27.7968 3.84471 0
      vertex -31.5 1 0
      vertex -28.7391 3.84471 0
    endloop
  endfacet
  facet normal 0 0 -1
    outer loop
      vertex 29.05 31 0
      vertex 31.5 41 0
      vertex 29.05 11 0
    endloop
  endfacet
  facet normal 0 0 -1
    outer loop
      vertex -29.05 31 0
      vertex 31.5 41 0
      vertex 29.05 31 0
    endloop
  endfacet
  facet normal 0 0 -1
    outer loop
      vertex -29.05 31 0
      vertex -31.5 41 0
      vertex 31.5 41 0
    endloop
  endfacet
  facet normal 0 0 -1
    outer loop
      vertex -31.5 41 0
      vertex -29.05 31 0
      vertex -31.5 1 0
    endloop
  endfacet
  facet normal 0 0 -1
    outer loop
      vertex -20.9972 7.215 0
      vertex 29.05 11 0
      vertex -20.9972 3.65485 0
    endloop
  endfacet
  facet normal 0 0 -1
    outer loop
      vertex -29.05 11 0
      vertex -20.9972 7.215 0
      vertex -21.5478 7.23872 0
    endloop
  endfacet
  facet normal 0 0 -1
    outer loop
      vertex -21.7059 6.8286 0
      vertex -21.6369 6.75929 0
      vertex -21.6926 6.75929 0
    endloop
  endfacet
  facet normal 0 0 -1
    outer loop
      vertex -21.7242 6.89278 0
      vertex -21.6369 6.75929 0
      vertex -21.7059 6.8286 0
    endloop
  endfacet
  facet normal 0 0 -1
    outer loop
      vertex -21.6369 6.75929 0
      vertex -21.7242 6.89278 0
      vertex -21.5478 7.23872 0
    endloop
  endfacet
  facet normal 0 0 -1
    outer loop
      vertex -21.7474 6.95183 0
      vertex -21.5478 7.23872 0
      vertex -21.7242 6.89278 0
    endloop
  endfacet
  facet normal 0 0 -1
    outer loop
      vertex -21.7755 7.00574 0
      vertex -21.5478 7.23872 0
      vertex -21.7474 6.95183 0
    endloop
  endfacet
  facet normal 0 0 -1
    outer loop
      vertex -21.8086 7.05452 0
      vertex -21.5478 7.23872 0
      vertex -21.7755 7.00574 0
    endloop
  endfacet
  facet normal 0 0 -1
    outer loop
      vertex -21.8467 7.09816 0
      vertex -21.5478 7.23872 0
      vertex -21.8086 7.05452 0
    endloop
  endfacet
  facet normal 0 0 -1
    outer loop
      vertex -21.8896 7.13666 0
      vertex -21.5478 7.23872 0
      vertex -21.8467 7.09816 0
    endloop
  endfacet
  facet normal 0 0 -1
    outer loop
      vertex -21.9372 7.17003 0
      vertex -21.5478 7.23872 0
      vertex -21.8896 7.13666 0
    endloop
  endfacet
  facet normal 0 0 -1
    outer loop
      vertex -21.989 7.19827 0
      vertex -21.5478 7.23872 0
      vertex -21.9372 7.17003 0
    endloop
  endfacet
  facet normal 0 0 -1
    outer loop
      vertex -22.0451 7.22137 0
      vertex -21.5478 7.23872 0
      vertex -21.989 7.19827 0
    endloop
  endfacet
  facet normal 0 0 -1
    outer loop
      vertex -22.1054 7.23935 0
      vertex -21.5478 7.23872 0
      vertex -22.0451 7.22137 0
    endloop
  endfacet
  facet normal 0 0 -1
    outer loop
      vertex -22.1701 7.25218 0
      vertex -21.5478 7.23872 0
      vertex -22.1054 7.23935 0
    endloop
  endfacet
  facet normal 0 0 -1
    outer loop
      vertex -22.2389 7.25989 0
      vertex -21.5478 7.23872 0
      vertex -22.1701 7.25218 0
    endloop
  endfacet
  facet normal 0 0 -1
    outer loop
      vertex -21.5478 7.23872 0
      vertex -22.2389 7.25989 0
      vertex -29.05 11 0
    endloop
  endfacet
  facet normal 0 0 -1
    outer loop
      vertex -29.05 11 0
      vertex -22.2389 7.25989 0
      vertex -22.3121 7.26245 0
    endloop
  endfacet
  facet normal 0 0 -1
    outer loop
      vertex -29.05 11 0
      vertex -22.3121 7.26245 0
      vertex -22.4414 7.25557 0
    endloop
  endfacet
  facet normal 0 0 -1
    outer loop
      vertex -23.7089 6.12901 0
      vertex -23.2994 5.95944 0
      vertex -23.7028 5.95706 0
    endloop
  endfacet
  facet normal 0 0 -1
    outer loop
      vertex -23.2994 5.95944 0
      vertex -23.7089 6.12901 0
      vertex -23.2941 6.13318 0
    endloop
  endfacet
  facet normal -0 0 -1
    outer loop
      vertex -23.2941 6.13318 0
      vertex -23.7089 6.12901 0
      vertex -23.2782 6.29501 0
    endloop
  endfacet
  facet normal 0 0 -1
    outer loop
      vertex -23.7272 6.28954 0
      vertex -23.2782 6.29501 0
      vertex -23.7089 6.12901 0
    endloop
  endfacet
  facet normal -0 0 -1
    outer loop
      vertex -23.2782 6.29501 0
      vertex -23.7272 6.28954 0
      vertex -23.2517 6.44492 0
    endloop
  endfacet
  facet normal 0 0 -1
    outer loop
      vertex -23.7577 6.43863 0
      vertex -23.2517 6.44492 0
      vertex -23.7272 6.28954 0
    endloop
  endfacet
  facet normal -0 0 -1
    outer loop
      vertex -23.2517 6.44492 0
      vertex -23.7577 6.43863 0
      vertex -23.2146 6.58292 0
    endloop
  endfacet
  facet normal 0 0 -1
    outer loop
      vertex -23.8004 6.57628 0
      vertex -23.2146 6.58292 0
      vertex -23.7577 6.43863 0
    endloop
  endfacet
  facet normal -0 0 -1
    outer loop
      vertex -23.2146 6.58292 0
      vertex -23.8004 6.57628 0
      vertex -23.1668 6.70901 0
    endloop
  endfacet
  facet normal 0 0 -1
    outer loop
      vertex -23.8553 6.70251 0
      vertex -23.1668 6.70901 0
      vertex -23.8004 6.57628 0
    endloop
  endfacet
  facet normal -0 0 -1
    outer loop
      vertex -23.1668 6.70901 0
      vertex -23.8553 6.70251 0
      vertex -23.1085 6.82318 0
    endloop
  endfacet
  facet normal 0 0 -1
    outer loop
      vertex -23.9224 6.81731 0
      vertex -23.1085 6.82318 0
      vertex -23.8553 6.70251 0
    endloop
  endfacet
  facet normal -0 0 -1
    outer loop
      vertex -23.1085 6.82318 0
      vertex -23.9224 6.81731 0
      vertex -23.0395 6.92543 0
    endloop
  endfacet
  facet normal 0 0 -1
    outer loop
      vertex -24.0017 6.92068 0
      vertex -23.0395 6.92543 0
      vertex -23.9224 6.81731 0
    endloop
  endfacet
  facet normal -0 0 -1
    outer loop
      vertex -23.0395 6.92543 0
      vertex -24.0017 6.92068 0
      vertex -22.9611 7.01485 0
    endloop
  endfacet
  facet normal 0 0 -1
    outer loop
      vertex -24.0921 7.01135 0
      vertex -22.9611 7.01485 0
      vertex -24.0017 6.92068 0
    endloop
  endfacet
  facet normal -0 0 -1
    outer loop
      vertex -22.9611 7.01485 0
      vertex -24.0921 7.01135 0
      vertex -22.8741 7.0905 0
    endloop
  endfacet
  facet normal 0 0 -1
    outer loop
      vertex -24.1925 7.08807 0
      vertex -22.8741 7.0905 0
      vertex -24.0921 7.01135 0
    endloop
  endfacet
  facet normal -0 0 -1
    outer loop
      vertex -22.8741 7.0905 0
      vertex -24.1925 7.08807 0
      vertex -22.7786 7.1524 0
    endloop
  endfacet
  facet normal 0 0 -1
    outer loop
      vertex -24.3029 7.15085 0
      vertex -22.7786 7.1524 0
      vertex -24.1925 7.08807 0
    endloop
  endfacet
  facet normal -0 0 -1
    outer loop
      vertex -22.7786 7.1524 0
      vertex -24.3029 7.15085 0
      vertex -22.6747 7.20055 0
    endloop
  endfacet
  facet normal 0 0 -1
    outer loop
      vertex -24.4233 7.19968 0
      vertex -22.6747 7.20055 0
      vertex -24.3029 7.15085 0
    endloop
  endfacet
  facet normal -0 0 -1
    outer loop
      vertex -22.6747 7.20055 0
      vertex -24.4233 7.19968 0
      vertex -22.5623 7.23494 0
    endloop
  endfacet
  facet normal 0 0 -1
    outer loop
      vertex -24.5537 7.23456 0
      vertex -22.5623 7.23494 0
      vertex -24.4233 7.19968 0
    endloop
  endfacet
  facet normal 0 0 -1
    outer loop
      vertex -29.05 11 0
      vertex -22.5623 7.23494 0
      vertex -24.5537 7.23456 0
    endloop
  endfacet
  facet normal 0 0 -1
    outer loop
      vertex -22.5623 7.23494 0
      vertex -29.05 11 0
      vertex -22.4414 7.25557 0
    endloop
  endfacet
  facet normal 0 0 -1
    outer loop
      vertex -29.05 11 0
      vertex -24.5537 7.23456 0
      vertex -24.694 7.25548 0
    endloop
  endfacet
  facet normal 0 0 -1
    outer loop
      vertex -29.05 11 0
      vertex -24.694 7.25548 0
      vertex -24.8444 7.26245 0
    endloop
  endfacet
  facet normal 0 0 -1
    outer loop
      vertex -29.05 11 0
      vertex -24.8444 7.26245 0
      vertex -24.9947 7.25548 0
    endloop
  endfacet
  facet normal 0 0 -1
    outer loop
      vertex -25.9799 5.7845 0
      vertex -26.5128 7.215 0
      vertex -25.986 5.95706 0
    endloop
  endfacet
  facet normal 0 0 -1
    outer loop
      vertex -25.986 5.95706 0
      vertex -26.5128 7.215 0
      vertex -25.9799 6.12901 0
    endloop
  endfacet
  facet normal 0 0 -1
    outer loop
      vertex -25.9799 6.12901 0
      vertex -26.5128 7.215 0
      vertex -25.9616 6.28954 0
    endloop
  endfacet
  facet normal 0 0 -1
    outer loop
      vertex -25.9616 6.28954 0
      vertex -26.5128 7.215 0
      vertex -25.9311 6.43863 0
    endloop
  endfacet
  facet normal 0 0 -1
    outer loop
      vertex -26.5128 7.215 0
      vertex -25.8884 6.57628 0
      vertex -25.9311 6.43863 0
    endloop
  endfacet
  facet normal 0 0 -1
    outer loop
      vertex -26.5128 7.215 0
      vertex -25.8334 6.70251 0
      vertex -25.8884 6.57628 0
    endloop
  endfacet
  facet normal 0 0 -1
    outer loop
      vertex -26.5128 7.215 0
      vertex -25.7663 6.81731 0
      vertex -25.8334 6.70251 0
    endloop
  endfacet
  facet normal 0 0 -1
    outer loop
      vertex -26.5128 7.215 0
      vertex -25.687 6.92068 0
      vertex -25.7663 6.81731 0
    endloop
  endfacet
  facet normal 0 0 -1
    outer loop
      vertex -26.5128 7.215 0
      vertex -25.5965 7.01135 0
      vertex -25.687 6.92068 0
    endloop
  endfacet
  facet normal 0 0 -1
    outer loop
      vertex -26.5128 7.215 0
      vertex -25.4961 7.08807 0
      vertex -25.5965 7.01135 0
    endloop
  endfacet
  facet normal 0 0 -1
    outer loop
      vertex -26.5128 7.215 0
      vertex -25.3857 7.15085 0
      vertex -25.4961 7.08807 0
    endloop
  endfacet
  facet normal 0 0 -1
    outer loop
      vertex -26.5128 7.215 0
      vertex -25.2654 7.19968 0
      vertex -25.3857 7.15085 0
    endloop
  endfacet
  facet normal 0 0 -1
    outer loop
      vertex -26.5128 7.215 0
      vertex -25.135 7.23456 0
      vertex -25.2654 7.19968 0
    endloop
  endfacet
  facet normal 0 0 -1
    outer loop
      vertex -29.05 11 0
      vertex -25.135 7.23456 0
      vertex -26.5128 7.215 0
    endloop
  endfacet
  facet normal 0 0 -1
    outer loop
      vertex -25.135 7.23456 0
      vertex -29.05 11 0
      vertex -24.9947 7.25548 0
    endloop
  endfacet
  facet normal 0 0 -1
    outer loop
      vertex -29.05 11 0
      vertex -26.5128 7.215 0
      vertex -27.4551 7.215 0
    endloop
  endfacet
  facet normal 0 0 -1
    outer loop
      vertex -28.1362 7.215 0
      vertex -28.0484 4.58049 0
      vertex -28.1362 4.58049 0
    endloop
  endfacet
  facet normal 0 0 -1
    outer loop
      vertex -28.0484 4.58049 0
      vertex -28.1362 7.215 0
      vertex -27.4551 7.215 0
    endloop
  endfacet
  facet normal 0 0 -1
    outer loop
      vertex -29.05 11 0
      vertex -27.4551 7.215 0
      vertex -28.1362 7.215 0
    endloop
  endfacet
  facet normal 0 0 -1
    outer loop
      vertex -29.05 11 0
      vertex -28.1362 7.215 0
      vertex -28.7391 7.215 0
    endloop
  endfacet
  facet normal 0 0 -1
    outer loop
      vertex -20.9972 7.215 0
      vertex -29.05 11 0
      vertex 29.05 11 0
    endloop
  endfacet
  facet normal 0 0 -1
    outer loop
      vertex -25.3048 5.95709 0
      vertex -24.384 5.95677 0
      vertex -24.3864 5.8644 0
    endloop
  endfacet
  facet normal 0 0 -1
    outer loop
      vertex -25.3024 5.86475 0
      vertex -24.3864 5.8644 0
      vertex -24.3937 5.77829 0
    endloop
  endfacet
  facet normal 0 0 -1
    outer loop
      vertex -24.384 5.95677 0
      vertex -25.3048 5.95709 0
      vertex -24.3864 6.04868 0
    endloop
  endfacet
  facet normal 0 0 -1
    outer loop
      vertex -25.295 5.77867 0
      vertex -24.3937 5.77829 0
      vertex -24.406 5.69847 0
    endloop
  endfacet
  facet normal 0 -0 -1
    outer loop
      vertex -25.3024 6.04895 0
      vertex -24.3864 6.04868 0
      vertex -25.3048 5.95709 0
    endloop
  endfacet
  facet normal 0 0 -1
    outer loop
      vertex -25.2826 5.69885 0
      vertex -24.406 5.69847 0
      vertex -24.4231 5.62494 0
    endloop
  endfacet
  facet normal 0 0 -1
    outer loop
      vertex -24.3864 6.04868 0
      vertex -25.3024 6.04895 0
      vertex -24.3937 6.13441 0
    endloop
  endfacet
  facet normal 0 0 -1
    outer loop
      vertex -25.2653 5.62531 0
      vertex -24.4231 5.62494 0
      vertex -24.4451 5.55768 0
    endloop
  endfacet
  facet normal 0 -0 -1
    outer loop
      vertex -25.295 6.13466 0
      vertex -24.3937 6.13441 0
      vertex -25.3024 6.04895 0
    endloop
  endfacet
  facet normal 0 0 -1
    outer loop
      vertex -25.2431 5.55803 0
      vertex -24.4451 5.55768 0
      vertex -24.472 5.49673 0
    endloop
  endfacet
  facet normal 0 0 -1
    outer loop
      vertex -24.3937 6.13441 0
      vertex -25.295 6.13466 0
      vertex -24.406 6.214 0
    endloop
  endfacet
  facet normal 0 0 -1
    outer loop
      vertex -25.2159 5.49704 0
      vertex -24.472 5.49673 0
      vertex -24.5038 5.44205 0
    endloop
  endfacet
  facet normal 0 -0 -1
    outer loop
      vertex -25.2826 6.2142 0
      vertex -24.406 6.214 0
      vertex -25.295 6.13466 0
    endloop
  endfacet
  facet normal 0 0 -1
    outer loop
      vertex -24.8444 5.26166 0
      vertex -24.5038 5.44205 0
      vertex -24.5401 5.3942 0
    endloop
  endfacet
  facet normal 0 0 -1
    outer loop
      vertex -24.406 6.214 0
      vertex -25.2826 6.2142 0
      vertex -24.4231 6.28743 0
    endloop
  endfacet
  facet normal 0 -0 -1
    outer loop
      vertex -25.2653 6.28761 0
      vertex -24.4231 6.28743 0
      vertex -25.2826 6.2142 0
    endloop
  endfacet
  facet normal 0 0 -1
    outer loop
      vertex -24.7834 5.26534 0
      vertex -24.5401 5.3942 0
      vertex -24.5805 5.3537 0
    endloop
  endfacet
  facet normal 0 0 -1
    outer loop
      vertex -24.4231 6.28743 0
      vertex -25.2653 6.28761 0
      vertex -24.4451 6.35472 0
    endloop
  endfacet
  facet normal 0 0 -1
    outer loop
      vertex -24.7834 5.26534 0
      vertex -24.5805 5.3537 0
      vertex -24.625 5.32056 0
    endloop
  endfacet
  facet normal 0 -0 -1
    outer loop
      vertex -25.2431 6.35487 0
      vertex -24.4451 6.35472 0
      vertex -25.2653 6.28761 0
    endloop
  endfacet
  facet normal 0 0 -1
    outer loop
      vertex -24.7265 5.27638 0
      vertex -24.625 5.32056 0
      vertex -24.6737 5.29478 0
    endloop
  endfacet
  facet normal 0 0 -1
    outer loop
      vertex -24.4451 6.35472 0
      vertex -25.2431 6.35487 0
      vertex -24.472 6.41585 0
    endloop
  endfacet
  facet normal 0 0 -1
    outer loop
      vertex -24.7834 5.26534 0
      vertex -24.625 5.32056 0
      vertex -24.7265 5.27638 0
    endloop
  endfacet
  facet normal 0 -0 -1
    outer loop
      vertex -25.2159 6.41597 0
      vertex -24.472 6.41585 0
      vertex -25.2431 6.35487 0
    endloop
  endfacet
  facet normal 0 0 -1
    outer loop
      vertex -24.8444 5.26166 0
      vertex -24.5401 5.3942 0
      vertex -24.7834 5.26534 0
    endloop
  endfacet
  facet normal 0 0 -1
    outer loop
      vertex -24.472 6.41585 0
      vertex -25.2159 6.41597 0
      vertex -24.5038 6.47083 0
    endloop
  endfacet
  facet normal -0 0 -1
    outer loop
      vertex -24.5038 5.44205 0
      vertex -24.8444 5.26166 0
      vertex -25.1838 5.44229 0
    endloop
  endfacet
  facet normal 0 -0 -1
    outer loop
      vertex -25.1838 6.47093 0
      vertex -24.5038 6.47083 0
      vertex -25.2159 6.41597 0
    endloop
  endfacet
  facet normal 0 0 -1
    outer loop
      vertex -25.1838 5.44229 0
      vertex -24.8444 5.26166 0
      vertex -24.9048 5.26535 0
    endloop
  endfacet
  facet normal 0 -0 -1
    outer loop
      vertex -24.8432 6.65247 0
      vertex -24.5038 6.47083 0
      vertex -25.1838 6.47093 0
    endloop
  endfacet
  facet normal 0 0 -1
    outer loop
      vertex -25.1472 5.39436 0
      vertex -24.9048 5.26535 0
      vertex -24.9612 5.2764 0
    endloop
  endfacet
  facet normal -0 -0 -1
    outer loop
      vertex -24.7825 6.64876 0
      vertex -24.5401 6.51901 0
      vertex -24.8432 6.65247 0
    endloop
  endfacet
  facet normal 0 0 -1
    outer loop
      vertex -25.1472 5.39436 0
      vertex -24.9612 5.2764 0
      vertex -25.0137 5.29483 0
    endloop
  endfacet
  facet normal 0 0 -1
    outer loop
      vertex -24.5805 6.5598 0
      vertex -24.7825 6.64876 0
      vertex -24.6249 6.59315 0
    endloop
  endfacet
  facet normal 0 0 -1
    outer loop
      vertex -25.1472 5.39436 0
      vertex -25.0137 5.29483 0
      vertex -25.0622 5.32063 0
    endloop
  endfacet
  facet normal 0 0 -1
    outer loop
      vertex -24.6249 6.59315 0
      vertex -24.7825 6.64876 0
      vertex -24.6734 6.61911 0
    endloop
  endfacet
  facet normal 0 0 -1
    outer loop
      vertex -25.1472 5.39436 0
      vertex -25.0622 5.32063 0
      vertex -25.1067 5.35382 0
    endloop
  endfacet
  facet normal 0 0 -1
    outer loop
      vertex -24.6734 6.61911 0
      vertex -24.7825 6.64876 0
      vertex -24.7259 6.63765 0
    endloop
  endfacet
  facet normal 0 0 -1
    outer loop
      vertex -24.9048 5.26535 0
      vertex -25.1472 5.39436 0
      vertex -25.1838 5.44229 0
    endloop
  endfacet
  facet normal 0 0 -1
    outer loop
      vertex -24.5038 5.44205 0
      vertex -25.1838 5.44229 0
      vertex -25.2159 5.49704 0
    endloop
  endfacet
  facet normal 0 0 -1
    outer loop
      vertex -24.5401 6.51901 0
      vertex -24.7825 6.64876 0
      vertex -24.5805 6.5598 0
    endloop
  endfacet
  facet normal 0 0 -1
    outer loop
      vertex -24.472 5.49673 0
      vertex -25.2159 5.49704 0
      vertex -25.2431 5.55803 0
    endloop
  endfacet
  facet normal 0 0 -1
    outer loop
      vertex -24.5038 6.47083 0
      vertex -24.8432 6.65247 0
      vertex -24.5401 6.51901 0
    endloop
  endfacet
  facet normal 0 0 -1
    outer loop
      vertex -24.4451 5.55768 0
      vertex -25.2431 5.55803 0
      vertex -25.2653 5.62531 0
    endloop
  endfacet
  facet normal 0 0 -1
    outer loop
      vertex -24.8432 6.65247 0
      vertex -25.1838 6.47093 0
      vertex -24.9039 6.64877 0
    endloop
  endfacet
  facet normal 0 0 -1
    outer loop
      vertex -24.4231 5.62494 0
      vertex -25.2653 5.62531 0
      vertex -25.2826 5.69885 0
    endloop
  endfacet
  facet normal 0 0 -1
    outer loop
      vertex -24.3864 5.8644 0
      vertex -25.3024 5.86475 0
      vertex -25.3048 5.95709 0
    endloop
  endfacet
  facet normal 0 0 -1
    outer loop
      vertex -24.406 5.69847 0
      vertex -25.2826 5.69885 0
      vertex -25.295 5.77867 0
    endloop
  endfacet
  facet normal 0 -0 -1
    outer loop
      vertex -25.1472 6.51909 0
      vertex -24.9039 6.64877 0
      vertex -25.1838 6.47093 0
    endloop
  endfacet
  facet normal 0 0 -1
    outer loop
      vertex -24.3937 5.77829 0
      vertex -25.295 5.77867 0
      vertex -25.3024 5.86475 0
    endloop
  endfacet
  facet normal 0 0 -1
    outer loop
      vertex -24.9039 6.64877 0
      vertex -25.1472 6.51909 0
      vertex -24.9606 6.63765 0
    endloop
  endfacet
  facet normal 0 0 -1
    outer loop
      vertex -25.062 6.59319 0
      vertex -25.1472 6.51909 0
      vertex -25.1066 6.55984 0
    endloop
  endfacet
  facet normal 0 0 -1
    outer loop
      vertex -25.0133 6.61913 0
      vertex -25.1472 6.51909 0
      vertex -25.062 6.59319 0
    endloop
  endfacet
  facet normal 0 0 -1
    outer loop
      vertex -24.9606 6.63765 0
      vertex -25.1472 6.51909 0
      vertex -25.0133 6.61913 0
    endloop
  endfacet
  facet normal 0 0 -1
    outer loop
      vertex -22.6204 5.8669 0
      vertex -21.6404 5.95944 0
      vertex -21.6429 5.85902 0
    endloop
  endfacet
  facet normal 0 0 -1
    outer loop
      vertex -21.6404 5.95944 0
      vertex -22.623 5.95944 0
      vertex -21.6426 6.0598 0
    endloop
  endfacet
  facet normal 0 0 -1
    outer loop
      vertex -22.6125 5.78052 0
      vertex -21.6429 5.85902 0
      vertex -21.6504 5.76666 0
    endloop
  endfacet
  facet normal 0 -0 -1
    outer loop
      vertex -22.6204 6.05496 0
      vertex -21.6426 6.0598 0
      vertex -22.623 5.95944 0
    endloop
  endfacet
  facet normal 0 0 -1
    outer loop
      vertex -22.5994 5.70029 0
      vertex -21.6504 5.76666 0
      vertex -21.6629 5.68233 0
    endloop
  endfacet
  facet normal 0 -0 -1
    outer loop
      vertex -22.6128 6.14351 0
      vertex -21.6426 6.0598 0
      vertex -22.6204 6.05496 0
    endloop
  endfacet
  facet normal 0 0 -1
    outer loop
      vertex -22.5811 5.62621 0
      vertex -21.6629 5.68233 0
      vertex -21.6803 5.60605 0
    endloop
  endfacet
  facet normal 0 0 -1
    outer loop
      vertex -21.6426 6.0598 0
      vertex -22.6128 6.14351 0
      vertex -21.6492 6.15202 0
    endloop
  endfacet
  facet normal 0 0 -1
    outer loop
      vertex -22.5288 5.49652 0
      vertex -21.6803 5.60605 0
      vertex -21.7028 5.53781 0
    endloop
  endfacet
  facet normal 0 -0 -1
    outer loop
      vertex -22.6001 6.22508 0
      vertex -21.6492 6.15202 0
      vertex -22.6128 6.14351 0
    endloop
  endfacet
  facet normal 0 0 -1
    outer loop
      vertex -22.0637 5.26038 0
      vertex -21.7028 5.53781 0
      vertex -21.7302 5.47762 0
    endloop
  endfacet
  facet normal 0 0 -1
    outer loop
      vertex -21.6492 6.15202 0
      vertex -22.6001 6.22508 0
      vertex -21.6602 6.23611 0
    endloop
  endfacet
  facet normal 0 0 -1
    outer loop
      vertex -22.0008 5.27069 0
      vertex -21.7302 5.47762 0
      vertex -21.7626 5.42546 0
    endloop
  endfacet
  facet normal 0 -0 -1
    outer loop
      vertex -22.5823 6.29967 0
      vertex -21.6602 6.23611 0
      vertex -22.6001 6.22508 0
    endloop
  endfacet
  facet normal 0 0 -1
    outer loop
      vertex -22.0008 5.27069 0
      vertex -21.7626 5.42546 0
      vertex -21.8001 5.38075 0
    endloop
  endfacet
  facet normal 0 0 -1
    outer loop
      vertex -21.6602 6.23611 0
      vertex -22.5823 6.29967 0
      vertex -21.6757 6.31206 0
    endloop
  endfacet
  facet normal 0 0 -1
    outer loop
      vertex -22.0008 5.27069 0
      vertex -21.8001 5.38075 0
      vertex -21.8427 5.34291 0
    endloop
  endfacet
  facet normal 0 -0 -1
    outer loop
      vertex -22.5594 6.36729 0
      vertex -21.6757 6.31206 0
      vertex -22.5823 6.29967 0
    endloop
  endfacet
  facet normal 0 0 -1
    outer loop
      vertex -22.0008 5.27069 0
      vertex -21.8427 5.34291 0
      vertex -21.8903 5.31197 0
    endloop
  endfacet
  facet normal -0 -0 -1
    outer loop
      vertex -22.0564 6.65384 0
      vertex -21.6757 6.31206 0
      vertex -22.1317 6.65723 0
    endloop
  endfacet
  facet normal 0 0 -1
    outer loop
      vertex -22.0008 5.27069 0
      vertex -21.8903 5.31197 0
      vertex -21.943 5.28789 0
    endloop
  endfacet
  facet normal 0 0 -1
    outer loop
      vertex -21.6757 6.31206 0
      vertex -22.0564 6.65384 0
      vertex -21.6955 6.37987 0
    endloop
  endfacet
  facet normal 0 0 -1
    outer loop
      vertex -21.7302 5.47762 0
      vertex -22.0008 5.27069 0
      vertex -22.0637 5.26038 0
    endloop
  endfacet
  facet normal 0 0 -1
    outer loop
      vertex -21.6955 6.37987 0
      vertex -21.988 6.64368 0
      vertex -21.7197 6.43954 0
    endloop
  endfacet
  facet normal 0 0 -1
    outer loop
      vertex -22.1317 5.25693 0
      vertex -21.7028 5.53781 0
      vertex -22.0637 5.26038 0
    endloop
  endfacet
  facet normal 0 0 -1
    outer loop
      vertex -22.5288 5.49652 0
      vertex -21.7028 5.53781 0
      vertex -22.1317 5.25693 0
    endloop
  endfacet
  facet normal -0 -0 -1
    outer loop
      vertex -21.9264 6.62671 0
      vertex -21.7197 6.43954 0
      vertex -21.988 6.64368 0
    endloop
  endfacet
  facet normal 0 0 -1
    outer loop
      vertex -22.5288 5.49652 0
      vertex -22.1317 5.25693 0
      vertex -22.1966 5.26068 0
    endloop
  endfacet
  facet normal 0 0 -1
    outer loop
      vertex -21.7484 6.49109 0
      vertex -21.8717 6.60298 0
      vertex -21.7827 6.53517 0
    endloop
  endfacet
  facet normal 0 0 -1
    outer loop
      vertex -22.4948 5.44089 0
      vertex -22.1966 5.26068 0
      vertex -22.2572 5.27196 0
    endloop
  endfacet
  facet normal 0 0 -1
    outer loop
      vertex -21.7827 6.53517 0
      vertex -21.8717 6.60298 0
      vertex -21.8238 6.57246 0
    endloop
  endfacet
  facet normal 0 0 -1
    outer loop
      vertex -22.4948 5.44089 0
      vertex -22.2572 5.27196 0
      vertex -22.3135 5.29073 0
    endloop
  endfacet
  facet normal -0 -0 -1
    outer loop
      vertex -21.8717 6.60298 0
      vertex -21.7484 6.49109 0
      vertex -21.9264 6.62671 0
    endloop
  endfacet
  facet normal 0 0 -1
    outer loop
      vertex -22.4948 5.44089 0
      vertex -22.3135 5.29073 0
      vertex -22.3653 5.317 0
    endloop
  endfacet
  facet normal 0 0 -1
    outer loop
      vertex -21.7197 6.43954 0
      vertex -21.9264 6.62671 0
      vertex -21.7484 6.49109 0
    endloop
  endfacet
  facet normal 0 0 -1
    outer loop
      vertex -22.4948 5.44089 0
      vertex -22.3653 5.317 0
      vertex -22.4129 5.35078 0
    endloop
  endfacet
  facet normal -0 -0 -1
    outer loop
      vertex -21.988 6.64368 0
      vertex -21.6955 6.37987 0
      vertex -22.0564 6.65384 0
    endloop
  endfacet
  facet normal 0 0 -1
    outer loop
      vertex -22.4948 5.44089 0
      vertex -22.4129 5.35078 0
      vertex -22.456 5.39209 0
    endloop
  endfacet
  facet normal 0 0 -1
    outer loop
      vertex -21.6757 6.31206 0
      vertex -22.5594 6.36729 0
      vertex -22.1317 6.65723 0
    endloop
  endfacet
  facet normal 0 0 -1
    outer loop
      vertex -22.1966 5.26068 0
      vertex -22.4948 5.44089 0
      vertex -22.5288 5.49652 0
    endloop
  endfacet
  facet normal 0 0 -1
    outer loop
      vertex -22.1317 6.65723 0
      vertex -22.5594 6.36729 0
      vertex -22.1985 6.65364 0
    endloop
  endfacet
  facet normal 0 0 -1
    outer loop
      vertex -21.6803 5.60605 0
      vertex -22.5288 5.49652 0
      vertex -22.5576 5.55827 0
    endloop
  endfacet
  facet normal 0 -0 -1
    outer loop
      vertex -22.5314 6.42793 0
      vertex -22.1985 6.65364 0
      vertex -22.5594 6.36729 0
    endloop
  endfacet
  facet normal -0 0 -1
    outer loop
      vertex -21.6803 5.60605 0
      vertex -22.5576 5.55827 0
      vertex -22.5811 5.62621 0
    endloop
  endfacet
  facet normal 0 0 -1
    outer loop
      vertex -22.1985 6.65364 0
      vertex -22.5314 6.42793 0
      vertex -22.2604 6.6429 0
    endloop
  endfacet
  facet normal -0 0 -1
    outer loop
      vertex -21.6629 5.68233 0
      vertex -22.5811 5.62621 0
      vertex -22.5994 5.70029 0
    endloop
  endfacet
  facet normal 0 -0 -1
    outer loop
      vertex -22.4984 6.4816 0
      vertex -22.2604 6.6429 0
      vertex -22.5314 6.42793 0
    endloop
  endfacet
  facet normal -0 0 -1
    outer loop
      vertex -21.6504 5.76666 0
      vertex -22.5994 5.70029 0
      vertex -22.6125 5.78052 0
    endloop
  endfacet
  facet normal -0 0 -1
    outer loop
      vertex -21.6429 5.85902 0
      vertex -22.6125 5.78052 0
      vertex -22.6204 5.8669 0
    endloop
  endfacet
  facet normal -0 0 -1
    outer loop
      vertex -21.6404 5.95944 0
      vertex -22.6204 5.8669 0
      vertex -22.623 5.95944 0
    endloop
  endfacet
  facet normal 0 0 -1
    outer loop
      vertex -22.4176 6.56763 0
      vertex -22.4984 6.4816 0
      vertex -22.4604 6.5282 0
    endloop
  endfacet
  facet normal 0 0 -1
    outer loop
      vertex -22.2604 6.6429 0
      vertex -22.4984 6.4816 0
      vertex -22.3176 6.62497 0
    endloop
  endfacet
  facet normal 0 0 -1
    outer loop
      vertex -22.37 6.59988 0
      vertex -22.4984 6.4816 0
      vertex -22.4176 6.56763 0
    endloop
  endfacet
  facet normal 0 0 -1
    outer loop
      vertex -22.3176 6.62497 0
      vertex -22.4984 6.4816 0
      vertex -22.37 6.59988 0
    endloop
  endfacet
  facet normal 1 0 0
    outer loop
      vertex 32.5 16.33 50
      vertex 32.5 14.75 48.9
      vertex 32.5 16.33 48.9
    endloop
  endfacet
  facet normal 1 0 0
    outer loop
      vertex 32.5 14.75 48.9
      vertex 32.5 1 50
      vertex 32.5 14.75 41.9
    endloop
  endfacet
  facet normal 1 -0 0
    outer loop
      vertex 32.5 1 50
      vertex 32.5 14.75 48.9
      vertex 32.5 16.33 50
    endloop
  endfacet
  facet normal 1 0 0
    outer loop
      vertex 32.5 27.25 41.9
      vertex 32.5 41 50
      vertex 32.5 27.25 48.9
    endloop
  endfacet
  facet normal 1 -0 0
    outer loop
      vertex 32.5 25.67 50
      vertex 32.5 27.25 48.9
      vertex 32.5 41 50
    endloop
  endfacet
  facet normal 1 0 0
    outer loop
      vertex 32.5 27.25 48.9
      vertex 32.5 25.67 50
      vertex 32.5 25.67 48.9
    endloop
  endfacet
  facet normal 1 0 0
    outer loop
      vertex 32.5 23.2 35.15
      vertex 32.5 41 50
      vertex 32.5 27.25 41.9
    endloop
  endfacet
  facet normal 1 0 0
    outer loop
      vertex 32.5 23.2 35.15
      vertex 32.5 27.25 41.9
      vertex 32.5 23.2 37.05
    endloop
  endfacet
  facet normal 1 0 0
    outer loop
      vertex 32.5 41 50
      vertex 32.5 23.2 35.15
      vertex 32.5 41 1
    endloop
  endfacet
  facet normal 1 -0 0
    outer loop
      vertex 32.5 18.8 35.15
      vertex 32.5 41 1
      vertex 32.5 23.2 35.15
    endloop
  endfacet
  facet normal 1 0 0
    outer loop
      vertex 32.5 1 50
      vertex 32.5 18.8 35.15
      vertex 32.5 14.75 41.9
    endloop
  endfacet
  facet normal 1 0 0
    outer loop
      vertex 32.5 1 1
      vertex 32.5 18.8 35.15
      vertex 32.5 1 50
    endloop
  endfacet
  facet normal 1 0 0
    outer loop
      vertex 32.5 18.8 35.15
      vertex 32.5 1 1
      vertex 32.5 41 1
    endloop
  endfacet
  facet normal 1 0 0
    outer loop
      vertex 32.5 27.25 41.9
      vertex 32.5 18.8 37.05
      vertex 32.5 23.2 37.05
    endloop
  endfacet
  facet normal 1 0 0
    outer loop
      vertex 32.5 18.8 37.05
      vertex 32.5 14.75 41.9
      vertex 32.5 18.8 35.15
    endloop
  endfacet
  facet normal 1 -0 0
    outer loop
      vertex 32.5 14.75 41.9
      vertex 32.5 18.8 37.05
      vertex 32.5 27.25 41.9
    endloop
  endfacet
  facet normal 0 -1 0
    outer loop
      vertex -31.5 0 1
      vertex 31.5 0 50
      vertex -31.5 0 50
    endloop
  endfacet
  facet normal 0 -1 -0
    outer loop
      vertex 31.5 0 50
      vertex -31.5 0 1
      vertex 31.5 0 1
    endloop
  endfacet
  facet normal 0 0 1
    outer loop
      vertex 31.5 42 50
      vertex -30.1 39.6 50
      vertex 30.1 39.6 50
    endloop
  endfacet
  facet normal -0 0 1
    outer loop
      vertex -32.5 41 50
      vertex -30.1 39.6 50
      vertex -31.5 42 50
    endloop
  endfacet
  facet normal -0 0 1
    outer loop
      vertex -31.5 42 50
      vertex -30.1 39.6 50
      vertex 31.5 42 50
    endloop
  endfacet
  facet normal 0 0 1
    outer loop
      vertex 30.1 39.6 50
      vertex 32.5 41 50
      vertex 31.5 42 50
    endloop
  endfacet
  facet normal 0 0 1
    outer loop
      vertex 32.5 41 50
      vertex 30.1 39.6 50
      vertex 32.5 25.67 50
    endloop
  endfacet
  facet normal 0 0 1
    outer loop
      vertex 32.5 25.67 50
      vertex 30.1 39.6 50
      vertex 30.1 25.67 50
    endloop
  endfacet
  facet normal -0 0 1
    outer loop
      vertex 30.1 2.4 50
      vertex 32.5 1 50
      vertex 32.5 16.33 50
    endloop
  endfacet
  facet normal 0 0 1
    outer loop
      vertex 30.1 2.4 50
      vertex 32.5 16.33 50
      vertex 30.1 16.33 50
    endloop
  endfacet
  facet normal 0 0 1
    outer loop
      vertex 32.5 1 50
      vertex 30.1 2.4 50
      vertex 31.5 0 50
    endloop
  endfacet
  facet normal -0 0 1
    outer loop
      vertex -30.1 2.4 50
      vertex 31.5 0 50
      vertex 30.1 2.4 50
    endloop
  endfacet
  facet normal 0 0 1
    outer loop
      vertex -30.1 2.4 50
      vertex -31.5 0 50
      vertex 31.5 0 50
    endloop
  endfacet
  facet normal 0 0 1
    outer loop
      vertex -30.1 39.6 50
      vertex -32.5 41 50
      vertex -30.1 2.4 50
    endloop
  endfacet
  facet normal 0 0 1
    outer loop
      vertex -32.5 1 50
      vertex -30.1 2.4 50
      vertex -32.5 41 50
    endloop
  endfacet
  facet normal 0 0 1
    outer loop
      vertex -30.1 2.4 50
      vertex -32.5 1 50
      vertex -31.5 0 50
    endloop
  endfacet
  facet normal 0 1 -0
    outer loop
      vertex 31.5 42 1
      vertex -31.5 42 50
      vertex 31.5 42 50
    endloop
  endfacet
  facet normal 0 1 0
    outer loop
      vertex -31.5 42 50
      vertex 31.5 42 1
      vertex -31.5 42 1
    endloop
  endfacet
  facet normal 0.57735 0.57735 -0.57735
    outer loop
      vertex 31.5 41 0
      vertex 31.5 42 1
      vertex 32.5 41 1
    endloop
  endfacet
  facet normal 0 -0.707107 -0.707107
    outer loop
      vertex -31.5 1 0
      vertex 31.5 0 1
      vertex -31.5 0 1
    endloop
  endfacet
  facet normal 0 -0.707107 -0.707107
    outer loop
      vertex 31.5 0 1
      vertex -31.5 1 0
      vertex 31.5 1 0
    endloop
  endfacet
  facet normal 0.707107 0.707107 0
    outer loop
      vertex 32.5 41 50
      vertex 31.5 42 1
      vertex 31.5 42 50
    endloop
  endfacet
  facet normal 0.707107 0.707107 0
    outer loop
      vertex 31.5 42 1
      vertex 32.5 41 50
      vertex 32.5 41 1
    endloop
  endfacet
  facet normal -0.707107 0 -0.707107
    outer loop
      vertex -31.5 1 0
      vertex -32.5 41 1
      vertex -31.5 41 0
    endloop
  endfacet
  facet normal -0.707107 -0 -0.707107
    outer loop
      vertex -32.5 41 1
      vertex -31.5 1 0
      vertex -32.5 1 1
    endloop
  endfacet
  facet normal 0.707107 0 -0.707107
    outer loop
      vertex 32.5 1 1
      vertex 31.5 41 0
      vertex 32.5 41 1
    endloop
  endfacet
  facet normal 0.707107 0 -0.707107
    outer loop
      vertex 31.5 41 0
      vertex 32.5 1 1
      vertex 31.5 1 0
    endloop
  endfacet
  facet normal -0.57735 -0.57735 -0.57735
    outer loop
      vertex -31.5 0 1
      vertex -32.5 1 1
      vertex -31.5 1 0
    endloop
  endfacet
  facet normal 0.57735 -0.57735 -0.57735
    outer loop
      vertex 31.5 0 1
      vertex 31.5 1 0
      vertex 32.5 1 1
    endloop
  endfacet
  facet normal 0.707107 -0.707107 0
    outer loop
      vertex 31.5 0 50
      vertex 32.5 1 1
      vertex 32.5 1 50
    endloop
  endfacet
  facet normal 0.707107 -0.707107 0
    outer loop
      vertex 32.5 1 1
      vertex 31.5 0 50
      vertex 31.5 0 1
    endloop
  endfacet
  facet normal 0 0.707107 -0.707107
    outer loop
      vertex 31.5 41 0
      vertex -31.5 42 1
      vertex 31.5 42 1
    endloop
  endfacet
  facet normal 0 0.707107 -0.707107
    outer loop
      vertex -31.5 42 1
      vertex 31.5 41 0
      vertex -31.5 41 0
    endloop
  endfacet
  facet normal -0.707107 0.707107 0
    outer loop
      vertex -32.5 41 1
      vertex -31.5 42 50
      vertex -31.5 42 1
    endloop
  endfacet
  facet normal -0.707107 0.707107 0
    outer loop
      vertex -31.5 42 50
      vertex -32.5 41 1
      vertex -32.5 41 50
    endloop
  endfacet
  facet normal -0.707107 -0.707107 0
    outer loop
      vertex -31.5 0 1
      vertex -32.5 1 50
      vertex -32.5 1 1
    endloop
  endfacet
  facet normal -0.707107 -0.707107 0
    outer loop
      vertex -32.5 1 50
      vertex -31.5 0 1
      vertex -31.5 0 50
    endloop
  endfacet
  facet normal -0.57735 0.57735 -0.57735
    outer loop
      vertex -31.5 41 0
      vertex -32.5 41 1
      vertex -31.5 42 1
    endloop
  endfacet
  facet normal 1 0 0
    outer loop
      vertex -30.1 38.0858 46.8
      vertex -30.1 39.6 50
      vertex -30.1 38.0858 49.4
    endloop
  endfacet
  facet normal 1 0 0
    outer loop
      vertex -30.1 39.6 50
      vertex -30.1 33.7142 49.4
      vertex -30.1 38.0858 49.4
    endloop
  endfacet
  facet normal 1 0 0
    outer loop
      vertex -30.1 33.7142 49.4
      vertex -30.1 8.28578 49.4
      vertex -30.1 33.7142 46.8
    endloop
  endfacet
  facet normal 1 0 0
    outer loop
      vertex -30.1 39.6 50
      vertex -30.1 8.28578 49.4
      vertex -30.1 33.7142 49.4
    endloop
  endfacet
  facet normal 1 -0 0
    outer loop
      vertex -30.1 2.4 50
      vertex -30.1 8.28578 49.4
      vertex -30.1 39.6 50
    endloop
  endfacet
  facet normal 1 0 0
    outer loop
      vertex -30.1 3.91422 49.4
      vertex -30.1 2.4 50
      vertex -30.1 3.91422 46.8
    endloop
  endfacet
  facet normal 1 0 0
    outer loop
      vertex -30.1 8.28578 49.4
      vertex -30.1 2.4 50
      vertex -30.1 3.91422 49.4
    endloop
  endfacet
  facet normal 1 0 0
    outer loop
      vertex -30.1 39.6 50
      vertex -30.1 38.0858 46.8
      vertex -30.1 39.6 14.5
    endloop
  endfacet
  facet normal 1 -0 0
    outer loop
      vertex -30.1 38.0362 46.7724
      vertex -30.1 39.6 14.5
      vertex -30.1 38.0858 46.8
    endloop
  endfacet
  facet normal 1 -0 0
    outer loop
      vertex -30.1 37.4326 46.5049
      vertex -30.1 39.6 14.5
      vertex -30.1 38.0362 46.7724
    endloop
  endfacet
  facet normal 1 -0 0
    outer loop
      vertex -30.1 36.8914 46.3305
      vertex -30.1 39.6 14.5
      vertex -30.1 37.4326 46.5049
    endloop
  endfacet
  facet normal 1 -0 0
    outer loop
      vertex -30.1 36.3871 46.2319
      vertex -30.1 39.6 14.5
      vertex -30.1 36.8914 46.3305
    endloop
  endfacet
  facet normal 1 -0 0
    outer loop
      vertex -30.1 35.9 46.2
      vertex -30.1 39.6 14.5
      vertex -30.1 36.3871 46.2319
    endloop
  endfacet
  facet normal 1 0 0
    outer loop
      vertex -30.1 35.4129 46.2319
      vertex -30.1 39.6 14.5
      vertex -30.1 35.9 46.2
    endloop
  endfacet
  facet normal 1 0 0
    outer loop
      vertex -30.1 34.9086 46.3305
      vertex -30.1 39.6 14.5
      vertex -30.1 35.4129 46.2319
    endloop
  endfacet
  facet normal 1 0 0
    outer loop
      vertex -30.1 34.3674 46.5049
      vertex -30.1 39.6 14.5
      vertex -30.1 34.9086 46.3305
    endloop
  endfacet
  facet normal 1 0 0
    outer loop
      vertex -30.1 33.7638 46.7724
      vertex -30.1 39.6 14.5
      vertex -30.1 34.3674 46.5049
    endloop
  endfacet
  facet normal 1 0 0
    outer loop
      vertex -30.1 33.7142 46.8
      vertex -30.1 39.6 14.5
      vertex -30.1 33.7638 46.7724
    endloop
  endfacet
  facet normal 1 0 0
    outer loop
      vertex -30.1 8.28578 46.8
      vertex -30.1 33.7142 46.8
      vertex -30.1 8.28578 49.4
    endloop
  endfacet
  facet normal 1 0 0
    outer loop
      vertex -30.1 33.7142 46.8
      vertex -30.1 8.28578 46.8
      vertex -30.1 39.6 14.5
    endloop
  endfacet
  facet normal 1 0 0
    outer loop
      vertex -30.1 2.4 14.5
      vertex -30.1 8.28578 46.8
      vertex -30.1 8.2362 46.7724
    endloop
  endfacet
  facet normal 1 0 0
    outer loop
      vertex -30.1 2.4 14.5
      vertex -30.1 8.2362 46.7724
      vertex -30.1 7.63259 46.5049
    endloop
  endfacet
  facet normal 1 0 0
    outer loop
      vertex -30.1 2.4 14.5
      vertex -30.1 7.63259 46.5049
      vertex -30.1 7.09141 46.3305
    endloop
  endfacet
  facet normal 1 0 0
    outer loop
      vertex -30.1 2.4 14.5
      vertex -30.1 7.09141 46.3305
      vertex -30.1 6.58711 46.2319
    endloop
  endfacet
  facet normal 1 0 0
    outer loop
      vertex -30.1 2.4 14.5
      vertex -30.1 6.58711 46.2319
      vertex -30.1 6.1 46.2
    endloop
  endfacet
  facet normal 1 0 0
    outer loop
      vertex -30.1 2.4 14.5
      vertex -30.1 6.1 46.2
      vertex -30.1 5.61289 46.2319
    endloop
  endfacet
  facet normal 1 0 0
    outer loop
      vertex -30.1 2.4 14.5
      vertex -30.1 5.61289 46.2319
      vertex -30.1 5.10859 46.3305
    endloop
  endfacet
  facet normal 1 0 0
    outer loop
      vertex -30.1 2.4 14.5
      vertex -30.1 5.10859 46.3305
      vertex -30.1 4.56741 46.5049
    endloop
  endfacet
  facet normal 1 0 0
    outer loop
      vertex -30.1 2.4 14.5
      vertex -30.1 4.56741 46.5049
      vertex -30.1 3.9638 46.7724
    endloop
  endfacet
  facet normal 1 0 0
    outer loop
      vertex -30.1 2.4 14.5
      vertex -30.1 3.9638 46.7724
      vertex -30.1 3.91422 46.8
    endloop
  endfacet
  facet normal 1 0 0
    outer loop
      vertex -30.1 8.28578 46.8
      vertex -30.1 2.4 14.5
      vertex -30.1 39.6 14.5
    endloop
  endfacet
  facet normal 1 0 0
    outer loop
      vertex -30.1 2.4 14.5
      vertex -30.1 3.91422 46.8
      vertex -30.1 2.4 50
    endloop
  endfacet
  facet normal 0 0 1
    outer loop
      vertex 30.1 39.6 14.5
      vertex 27.55 29.5 14.5
      vertex 30.1 2.4 14.5
    endloop
  endfacet
  facet normal 0 0 1
    outer loop
      vertex 30.1 39.6 14.5
      vertex -27.55 29.5 14.5
      vertex 27.55 29.5 14.5
    endloop
  endfacet
  facet normal 0 0 1
    outer loop
      vertex -27.55 29.5 14.5
      vertex -30.1 39.6 14.5
      vertex -27.55 12.5 14.5
    endloop
  endfacet
  facet normal -0 0 1
    outer loop
      vertex -30.1 39.6 14.5
      vertex -27.55 29.5 14.5
      vertex 30.1 39.6 14.5
    endloop
  endfacet
  facet normal -0 0 1
    outer loop
      vertex 27.55 12.5 14.5
      vertex 30.1 2.4 14.5
      vertex 27.55 29.5 14.5
    endloop
  endfacet
  facet normal -0 0 1
    outer loop
      vertex -27.55 12.5 14.5
      vertex 30.1 2.4 14.5
      vertex 27.55 12.5 14.5
    endloop
  endfacet
  facet normal 0 0 1
    outer loop
      vertex -27.55 12.5 14.5
      vertex -30.1 2.4 14.5
      vertex 30.1 2.4 14.5
    endloop
  endfacet
  facet normal 0 0 1
    outer loop
      vertex -30.1 2.4 14.5
      vertex -27.55 12.5 14.5
      vertex -30.1 39.6 14.5
    endloop
  endfacet
  facet normal -1 0 0
    outer loop
      vertex 30.1 27 41.4
      vertex 30.1 16.33 43.57
      vertex 30.1 25.67 43.57
    endloop
  endfacet
  facet normal -1 0 0
    outer loop
      vertex 30.1 15 41.4
      vertex 30.1 16.33 43.57
      vertex 30.1 27 41.4
    endloop
  endfacet
  facet normal -1 0 0
    outer loop
      vertex 30.1 8.28578 46.8
      vertex 30.1 16.33 43.57
      vertex 30.1 15 41.4
    endloop
  endfacet
  facet normal -1 0 0
    outer loop
      vertex 30.1 16.33 43.57
      vertex 30.1 8.28578 46.8
      vertex 30.1 16.33 50
    endloop
  endfacet
  facet normal -1 0 0
    outer loop
      vertex 30.1 8.28578 49.4
      vertex 30.1 16.33 50
      vertex 30.1 8.28578 46.8
    endloop
  endfacet
  facet normal -1 0 0
    outer loop
      vertex 30.1 2.4 50
      vertex 30.1 8.28578 49.4
      vertex 30.1 3.91422 49.4
    endloop
  endfacet
  facet normal -1 0 0
    outer loop
      vertex 30.1 8.28578 49.4
      vertex 30.1 2.4 50
      vertex 30.1 16.33 50
    endloop
  endfacet
  facet normal -1 0 0
    outer loop
      vertex 30.1 3.91422 46.8
      vertex 30.1 2.4 50
      vertex 30.1 3.91422 49.4
    endloop
  endfacet
  facet normal -1 0 0
    outer loop
      vertex 30.1 39.6 14.5
      vertex 30.1 38.0858 46.8
      vertex 30.1 39.6 50
    endloop
  endfacet
  facet normal -1 0 0
    outer loop
      vertex 30.1 39.6 14.5
      vertex 30.1 38.0362 46.7724
      vertex 30.1 38.0858 46.8
    endloop
  endfacet
  facet normal -1 0 0
    outer loop
      vertex 30.1 39.6 14.5
      vertex 30.1 37.4326 46.5049
      vertex 30.1 38.0362 46.7724
    endloop
  endfacet
  facet normal -1 0 0
    outer loop
      vertex 30.1 26.7 32.8
      vertex 30.1 37.4326 46.5049
      vertex 30.1 39.6 14.5
    endloop
  endfacet
  facet normal -1 0 0
    outer loop
      vertex 30.1 37.4326 46.5049
      vertex 30.1 26.7 32.8
      vertex 30.1 36.8914 46.3305
    endloop
  endfacet
  facet normal -1 0 0
    outer loop
      vertex 30.1 36.8914 46.3305
      vertex 30.1 26.7 32.8
      vertex 30.1 36.3871 46.2319
    endloop
  endfacet
  facet normal -1 0 0
    outer loop
      vertex 30.1 36.3871 46.2319
      vertex 30.1 26.7 32.8
      vertex 30.1 35.9 46.2
    endloop
  endfacet
  facet normal -1 0 0
    outer loop
      vertex 30.1 26.7 38.9
      vertex 30.1 35.9 46.2
      vertex 30.1 26.7 32.8
    endloop
  endfacet
  facet normal -1 0 -0
    outer loop
      vertex 30.1 27 39.9
      vertex 30.1 35.9 46.2
      vertex 30.1 26.7 38.9
    endloop
  endfacet
  facet normal -1 -0 0
    outer loop
      vertex 30.1 35.9 46.2
      vertex 30.1 27 39.9
      vertex 30.1 35.4129 46.2319
    endloop
  endfacet
  facet normal -1 -0 0
    outer loop
      vertex 30.1 35.4129 46.2319
      vertex 30.1 27 39.9
      vertex 30.1 34.9086 46.3305
    endloop
  endfacet
  facet normal -1 -0 0
    outer loop
      vertex 30.1 33.7638 46.7724
      vertex 30.1 27 41.4
      vertex 30.1 33.7142 46.8
    endloop
  endfacet
  facet normal -1 0 0
    outer loop
      vertex 30.1 27 41.4
      vertex 30.1 34.9086 46.3305
      vertex 30.1 27 39.9
    endloop
  endfacet
  facet normal -1 -0 0
    outer loop
      vertex 30.1 34.9086 46.3305
      vertex 30.1 27 41.4
      vertex 30.1 34.3674 46.5049
    endloop
  endfacet
  facet normal -1 0 0
    outer loop
      vertex 30.1 39.6 14.5
      vertex 30.1 25.5 32.8
      vertex 30.1 26.7 32.8
    endloop
  endfacet
  facet normal -1 0 0
    outer loop
      vertex 30.1 25.5 32.8
      vertex 30.1 23.2 35.15
      vertex 30.1 25.5 38.9
    endloop
  endfacet
  facet normal -1 0 0
    outer loop
      vertex 30.1 16.5 32.8
      vertex 30.1 25.5 32.8
      vertex 30.1 39.6 14.5
    endloop
  endfacet
  facet normal -1 0 0
    outer loop
      vertex 30.1 25.5 32.8
      vertex 30.1 16.5 32.8
      vertex 30.1 23.2 35.15
    endloop
  endfacet
  facet normal -1 0 0
    outer loop
      vertex 30.1 16.5 38.9
      vertex 30.1 18.8 35.15
      vertex 30.1 16.5 32.8
    endloop
  endfacet
  facet normal -1 -0 0
    outer loop
      vertex 30.1 23.2 35.15
      vertex 30.1 16.5 32.8
      vertex 30.1 18.8 35.15
    endloop
  endfacet
  facet normal -1 0 0
    outer loop
      vertex 30.1 2.4 14.5
      vertex 30.1 16.5 32.8
      vertex 30.1 39.6 14.5
    endloop
  endfacet
  facet normal -1 0 0
    outer loop
      vertex 30.1 6.1 46.2
      vertex 30.1 15.3 38.9
      vertex 30.1 15.3 32.8
    endloop
  endfacet
  facet normal -1 0 0
    outer loop
      vertex 30.1 7.09141 46.3305
      vertex 30.1 15 41.4
      vertex 30.1 15 39.9
    endloop
  endfacet
  facet normal -1 0 0
    outer loop
      vertex 30.1 15.3 38.9
      vertex 30.1 6.1 46.2
      vertex 30.1 15 39.9
    endloop
  endfacet
  facet normal -1 0 0
    outer loop
      vertex 30.1 15 41.4
      vertex 30.1 8.2362 46.7724
      vertex 30.1 8.28578 46.8
    endloop
  endfacet
  facet normal -1 0 0
    outer loop
      vertex 30.1 15 41.4
      vertex 30.1 7.63259 46.5049
      vertex 30.1 8.2362 46.7724
    endloop
  endfacet
  facet normal -1 0 0
    outer loop
      vertex 30.1 15 41.4
      vertex 30.1 7.09141 46.3305
      vertex 30.1 7.63259 46.5049
    endloop
  endfacet
  facet normal -1 0 0
    outer loop
      vertex 30.1 15 39.9
      vertex 30.1 6.58711 46.2319
      vertex 30.1 7.09141 46.3305
    endloop
  endfacet
  facet normal -1 0 0
    outer loop
      vertex 30.1 15 39.9
      vertex 30.1 6.1 46.2
      vertex 30.1 6.58711 46.2319
    endloop
  endfacet
  facet normal -1 0 0
    outer loop
      vertex 30.1 15.3 32.8
      vertex 30.1 5.61289 46.2319
      vertex 30.1 6.1 46.2
    endloop
  endfacet
  facet normal -1 0 0
    outer loop
      vertex 30.1 15.3 32.8
      vertex 30.1 5.10859 46.3305
      vertex 30.1 5.61289 46.2319
    endloop
  endfacet
  facet normal -1 0 0
    outer loop
      vertex 30.1 15.3 32.8
      vertex 30.1 4.56741 46.5049
      vertex 30.1 5.10859 46.3305
    endloop
  endfacet
  facet normal -1 0 0
    outer loop
      vertex 30.1 2.4 14.5
      vertex 30.1 4.56741 46.5049
      vertex 30.1 15.3 32.8
    endloop
  endfacet
  facet normal -1 -0 0
    outer loop
      vertex 30.1 4.56741 46.5049
      vertex 30.1 2.4 14.5
      vertex 30.1 3.9638 46.7724
    endloop
  endfacet
  facet normal -1 0 0
    outer loop
      vertex 30.1 2.4 50
      vertex 30.1 3.91422 46.8
      vertex 30.1 2.4 14.5
    endloop
  endfacet
  facet normal -1 -0 0
    outer loop
      vertex 30.1 3.9638 46.7724
      vertex 30.1 2.4 14.5
      vertex 30.1 3.91422 46.8
    endloop
  endfacet
  facet normal -1 -0 0
    outer loop
      vertex 30.1 16.5 32.8
      vertex 30.1 2.4 14.5
      vertex 30.1 15.3 32.8
    endloop
  endfacet
  facet normal -1 0 0
    outer loop
      vertex 30.1 38.0858 49.4
      vertex 30.1 39.6 50
      vertex 30.1 38.0858 46.8
    endloop
  endfacet
  facet normal -1 0 0
    outer loop
      vertex 30.1 33.7142 49.4
      vertex 30.1 39.6 50
      vertex 30.1 38.0858 49.4
    endloop
  endfacet
  facet normal -1 0 0
    outer loop
      vertex 30.1 25.67 43.57
      vertex 30.1 33.7142 46.8
      vertex 30.1 27 41.4
    endloop
  endfacet
  facet normal -1 0 0
    outer loop
      vertex 30.1 25.67 50
      vertex 30.1 33.7142 46.8
      vertex 30.1 25.67 43.57
    endloop
  endfacet
  facet normal -1 0 0
    outer loop
      vertex 30.1 33.7142 49.4
      vertex 30.1 25.67 50
      vertex 30.1 39.6 50
    endloop
  endfacet
  facet normal -1 0 0
    outer loop
      vertex 30.1 33.7142 46.8
      vertex 30.1 25.67 50
      vertex 30.1 33.7142 49.4
    endloop
  endfacet
  facet normal -1 -0 0
    outer loop
      vertex 30.1 34.3674 46.5049
      vertex 30.1 27 41.4
      vertex 30.1 33.7638 46.7724
    endloop
  endfacet
  facet normal -1 0 0
    outer loop
      vertex 30.1 25.5 38.9
      vertex 30.1 27 39.9
      vertex 30.1 26.7 38.9
    endloop
  endfacet
  facet normal -1 0 0
    outer loop
      vertex 30.1 23.2 37.05
      vertex 30.1 25.5 38.9
      vertex 30.1 23.2 35.15
    endloop
  endfacet
  facet normal -1 0 0
    outer loop
      vertex 30.1 18.8 37.05
      vertex 30.1 25.5 38.9
      vertex 30.1 23.2 37.05
    endloop
  endfacet
  facet normal -1 0 0
    outer loop
      vertex 30.1 16.5 38.9
      vertex 30.1 25.5 38.9
      vertex 30.1 18.8 37.05
    endloop
  endfacet
  facet normal -1 0 0
    outer loop
      vertex 30.1 18.8 35.15
      vertex 30.1 16.5 38.9
      vertex 30.1 18.8 37.05
    endloop
  endfacet
  facet normal -1 0 0
    outer loop
      vertex 30.1 25.5 38.9
      vertex 30.1 16.5 38.9
      vertex 30.1 27 39.9
    endloop
  endfacet
  facet normal -1 0 0
    outer loop
      vertex 30.1 15 39.9
      vertex 30.1 16.5 38.9
      vertex 30.1 15.3 38.9
    endloop
  endfacet
  facet normal -1 0 0
    outer loop
      vertex 30.1 16.5 38.9
      vertex 30.1 15 39.9
      vertex 30.1 27 39.9
    endloop
  endfacet
  facet normal 0 1 -0
    outer loop
      vertex 24.2142 2.4 46.8
      vertex -24.2142 2.4 49.4
      vertex 24.2142 2.4 49.4
    endloop
  endfacet
  facet normal 0 1 0
    outer loop
      vertex 24.2142 2.4 46.8
      vertex -24.2142 2.4 46.8
      vertex -24.2142 2.4 49.4
    endloop
  endfacet
  facet normal 0 1 0
    outer loop
      vertex 25.5 2.4 39.8
      vertex 24.2142 2.4 46.8
      vertex 24.2638 2.4 46.7724
    endloop
  endfacet
  facet normal 0 1 0
    outer loop
      vertex 24.2142 2.4 46.8
      vertex 25.5 2.4 39.8
      vertex -24.2142 2.4 46.8
    endloop
  endfacet
  facet normal 0 1 0
    outer loop
      vertex 25.5 2.4 39.8
      vertex 24.2638 2.4 46.7724
      vertex 24.8674 2.4 46.5049
    endloop
  endfacet
  facet normal 0 1 0
    outer loop
      vertex -25.5 2.4 39.8
      vertex -24.2142 2.4 46.8
      vertex 25.5 2.4 39.8
    endloop
  endfacet
  facet normal 0 1 0
    outer loop
      vertex 25.5 2.4 39.8
      vertex 24.8674 2.4 46.5049
      vertex 25.4086 2.4 46.3305
    endloop
  endfacet
  facet normal 0 1 0
    outer loop
      vertex -24.2142 2.4 46.8
      vertex -25.5 2.4 39.8
      vertex -24.2638 2.4 46.7724
    endloop
  endfacet
  facet normal 0 1 -0
    outer loop
      vertex 25.5 2.4 39.8
      vertex 25.4086 2.4 46.3305
      vertex 25.9129 2.4 46.2319
    endloop
  endfacet
  facet normal 0 1 0
    outer loop
      vertex -24.2638 2.4 46.7724
      vertex -25.5 2.4 39.8
      vertex -24.8674 2.4 46.5049
    endloop
  endfacet
  facet normal 0 1 0
    outer loop
      vertex 25.5 2.4 39.8
      vertex 25.9129 2.4 46.2319
      vertex 26.4 2.4 46.2
    endloop
  endfacet
  facet normal 0 1 0
    outer loop
      vertex -24.8674 2.4 46.5049
      vertex -25.5 2.4 39.8
      vertex -25.4086 2.4 46.3305
    endloop
  endfacet
  facet normal 0 1 0
    outer loop
      vertex 24.2142 2.4 49.4
      vertex 30.1 2.4 50
      vertex 28.5858 2.4 49.4
    endloop
  endfacet
  facet normal 0 1 0
    outer loop
      vertex 30.1 2.4 50
      vertex 28.5858 2.4 46.8
      vertex 28.5858 2.4 49.4
    endloop
  endfacet
  facet normal 0 1 0
    outer loop
      vertex -25.4086 2.4 46.3305
      vertex -25.5 2.4 39.8
      vertex -25.9129 2.4 46.2319
    endloop
  endfacet
  facet normal 0 1 0
    outer loop
      vertex 26.8871 2.4 46.2319
      vertex 25.5 2.4 39.8
      vertex 26.4 2.4 46.2
    endloop
  endfacet
  facet normal 0 1 0
    outer loop
      vertex 27.3914 2.4 46.3305
      vertex 25.5 2.4 39.8
      vertex 26.8871 2.4 46.2319
    endloop
  endfacet
  facet normal 0 1 0
    outer loop
      vertex 27.9326 2.4 46.5049
      vertex 25.5 2.4 39.8
      vertex 27.3914 2.4 46.3305
    endloop
  endfacet
  facet normal 0 1 0
    outer loop
      vertex 28.5362 2.4 46.7724
      vertex 25.5 2.4 39.8
      vertex 27.9326 2.4 46.5049
    endloop
  endfacet
  facet normal 0 1 0
    outer loop
      vertex 28.5858 2.4 46.8
      vertex 25.5 2.4 39.8
      vertex 28.5362 2.4 46.7724
    endloop
  endfacet
  facet normal 0 1 -0
    outer loop
      vertex 30.1 2.4 14.5
      vertex 28.5858 2.4 46.8
      vertex 30.1 2.4 50
    endloop
  endfacet
  facet normal 0 1 0
    outer loop
      vertex 28.5858 2.4 46.8
      vertex 25.5 2.4 24.8
      vertex 25.5 2.4 39.8
    endloop
  endfacet
  facet normal 0 1 0
    outer loop
      vertex 25.5 2.4 24.8
      vertex 30.1 2.4 14.5
      vertex -25.5 2.4 24.8
    endloop
  endfacet
  facet normal 0 1 0
    outer loop
      vertex 28.5858 2.4 46.8
      vertex 30.1 2.4 14.5
      vertex 25.5 2.4 24.8
    endloop
  endfacet
  facet normal 0 1 0
    outer loop
      vertex 30.1 2.4 50
      vertex 24.2142 2.4 49.4
      vertex -30.1 2.4 50
    endloop
  endfacet
  facet normal 0 1 -0
    outer loop
      vertex -24.2142 2.4 49.4
      vertex -30.1 2.4 50
      vertex 24.2142 2.4 49.4
    endloop
  endfacet
  facet normal 0 1 -0
    outer loop
      vertex -28.5858 2.4 49.4
      vertex -30.1 2.4 50
      vertex -24.2142 2.4 49.4
    endloop
  endfacet
  facet normal 0 1 -0
    outer loop
      vertex -28.5858 2.4 46.8
      vertex -30.1 2.4 50
      vertex -28.5858 2.4 49.4
    endloop
  endfacet
  facet normal 0 1 0
    outer loop
      vertex -25.9129 2.4 46.2319
      vertex -25.5 2.4 39.8
      vertex -26.4 2.4 46.2
    endloop
  endfacet
  facet normal 0 1 0
    outer loop
      vertex -26.4 2.4 46.2
      vertex -25.5 2.4 39.8
      vertex -26.8871 2.4 46.2319
    endloop
  endfacet
  facet normal 0 1 0
    outer loop
      vertex -25.5 2.4 39.8
      vertex -27.3914 2.4 46.3305
      vertex -26.8871 2.4 46.2319
    endloop
  endfacet
  facet normal 0 1 0
    outer loop
      vertex -25.5 2.4 39.8
      vertex -27.9326 2.4 46.5049
      vertex -27.3914 2.4 46.3305
    endloop
  endfacet
  facet normal 0 1 0
    outer loop
      vertex -25.5 2.4 39.8
      vertex -28.5362 2.4 46.7724
      vertex -27.9326 2.4 46.5049
    endloop
  endfacet
  facet normal 0 1 0
    outer loop
      vertex -25.5 2.4 39.8
      vertex -28.5858 2.4 46.8
      vertex -28.5362 2.4 46.7724
    endloop
  endfacet
  facet normal 0 1 -0
    outer loop
      vertex -25.5 2.4 24.8
      vertex -28.5858 2.4 46.8
      vertex -25.5 2.4 39.8
    endloop
  endfacet
  facet normal 0 1 0
    outer loop
      vertex -30.1 2.4 14.5
      vertex -28.5858 2.4 46.8
      vertex -25.5 2.4 24.8
    endloop
  endfacet
  facet normal 0 1 0
    outer loop
      vertex -28.5858 2.4 46.8
      vertex -30.1 2.4 14.5
      vertex -30.1 2.4 50
    endloop
  endfacet
  facet normal 0 1 0
    outer loop
      vertex -30.1 2.4 14.5
      vertex -25.5 2.4 24.8
      vertex 30.1 2.4 14.5
    endloop
  endfacet
  facet normal 0 -1 0
    outer loop
      vertex -24.2142 39.6 46.8
      vertex 24.2142 39.6 49.4
      vertex -24.2142 39.6 49.4
    endloop
  endfacet
  facet normal 0 -1 0
    outer loop
      vertex -24.2142 39.6 46.8
      vertex 24.2142 39.6 46.8
      vertex 24.2142 39.6 49.4
    endloop
  endfacet
  facet normal 0 -1 0
    outer loop
      vertex -30.1 39.6 14.5
      vertex -24.2142 39.6 46.8
      vertex -24.2638 39.6 46.7724
    endloop
  endfacet
  facet normal 0 -1 -0
    outer loop
      vertex -24.2142 39.6 46.8
      vertex -30.1 39.6 14.5
      vertex 24.2142 39.6 46.8
    endloop
  endfacet
  facet normal 0 -1 0
    outer loop
      vertex -30.1 39.6 14.5
      vertex -24.2638 39.6 46.7724
      vertex -24.8674 39.6 46.5049
    endloop
  endfacet
  facet normal 0 -1 0
    outer loop
      vertex 30.1 39.6 14.5
      vertex 24.2142 39.6 46.8
      vertex -30.1 39.6 14.5
    endloop
  endfacet
  facet normal 0 -1 0
    outer loop
      vertex -30.1 39.6 14.5
      vertex -24.8674 39.6 46.5049
      vertex -25.4086 39.6 46.3305
    endloop
  endfacet
  facet normal 0 -1 0
    outer loop
      vertex 24.2142 39.6 46.8
      vertex 30.1 39.6 14.5
      vertex 24.2638 39.6 46.7724
    endloop
  endfacet
  facet normal 0 -1 0
    outer loop
      vertex -30.1 39.6 14.5
      vertex -25.4086 39.6 46.3305
      vertex -25.9129 39.6 46.2319
    endloop
  endfacet
  facet normal 0 -1 0
    outer loop
      vertex 24.2638 39.6 46.7724
      vertex 30.1 39.6 14.5
      vertex 24.8674 39.6 46.5049
    endloop
  endfacet
  facet normal 0 -1 0
    outer loop
      vertex -30.1 39.6 14.5
      vertex -25.9129 39.6 46.2319
      vertex -26.4 39.6 46.2
    endloop
  endfacet
  facet normal 0 -1 0
    outer loop
      vertex 24.8674 39.6 46.5049
      vertex 30.1 39.6 14.5
      vertex 25.4086 39.6 46.3305
    endloop
  endfacet
  facet normal 0 -1 0
    outer loop
      vertex -24.2142 39.6 49.4
      vertex -30.1 39.6 50
      vertex -28.5858 39.6 49.4
    endloop
  endfacet
  facet normal 0 -1 0
    outer loop
      vertex -30.1 39.6 50
      vertex -28.5858 39.6 46.8
      vertex -28.5858 39.6 49.4
    endloop
  endfacet
  facet normal 0 -1 0
    outer loop
      vertex 25.4086 39.6 46.3305
      vertex 30.1 39.6 14.5
      vertex 25.9129 39.6 46.2319
    endloop
  endfacet
  facet normal 0 -1 -0
    outer loop
      vertex -26.8871 39.6 46.2319
      vertex -30.1 39.6 14.5
      vertex -26.4 39.6 46.2
    endloop
  endfacet
  facet normal 0 -1 -0
    outer loop
      vertex -27.3914 39.6 46.3305
      vertex -30.1 39.6 14.5
      vertex -26.8871 39.6 46.2319
    endloop
  endfacet
  facet normal 0 -1 -0
    outer loop
      vertex -27.9326 39.6 46.5049
      vertex -30.1 39.6 14.5
      vertex -27.3914 39.6 46.3305
    endloop
  endfacet
  facet normal 0 -1 -0
    outer loop
      vertex -28.5362 39.6 46.7724
      vertex -30.1 39.6 14.5
      vertex -27.9326 39.6 46.5049
    endloop
  endfacet
  facet normal 0 -1 -0
    outer loop
      vertex -28.5858 39.6 46.8
      vertex -30.1 39.6 14.5
      vertex -28.5362 39.6 46.7724
    endloop
  endfacet
  facet normal 0 -1 0
    outer loop
      vertex -30.1 39.6 14.5
      vertex -28.5858 39.6 46.8
      vertex -30.1 39.6 50
    endloop
  endfacet
  facet normal 0 -1 0
    outer loop
      vertex -30.1 39.6 50
      vertex -24.2142 39.6 49.4
      vertex 30.1 39.6 50
    endloop
  endfacet
  facet normal 0 -1 0
    outer loop
      vertex 24.2142 39.6 49.4
      vertex 30.1 39.6 50
      vertex -24.2142 39.6 49.4
    endloop
  endfacet
  facet normal 0 -1 0
    outer loop
      vertex 28.5858 39.6 49.4
      vertex 30.1 39.6 50
      vertex 24.2142 39.6 49.4
    endloop
  endfacet
  facet normal 0 -1 0
    outer loop
      vertex 28.5858 39.6 46.8
      vertex 30.1 39.6 50
      vertex 28.5858 39.6 49.4
    endloop
  endfacet
  facet normal 0 -1 0
    outer loop
      vertex 25.9129 39.6 46.2319
      vertex 30.1 39.6 14.5
      vertex 26.4 39.6 46.2
    endloop
  endfacet
  facet normal 0 -1 0
    outer loop
      vertex 26.4 39.6 46.2
      vertex 30.1 39.6 14.5
      vertex 26.8871 39.6 46.2319
    endloop
  endfacet
  facet normal 0 -1 0
    outer loop
      vertex 26.8871 39.6 46.2319
      vertex 30.1 39.6 14.5
      vertex 27.3914 39.6 46.3305
    endloop
  endfacet
  facet normal 0 -1 0
    outer loop
      vertex 27.3914 39.6 46.3305
      vertex 30.1 39.6 14.5
      vertex 27.9326 39.6 46.5049
    endloop
  endfacet
  facet normal 0 -1 0
    outer loop
      vertex 28.5858 39.6 46.8
      vertex 30.1 39.6 14.5
      vertex 30.1 39.6 50
    endloop
  endfacet
  facet normal 0 -1 0
    outer loop
      vertex 28.5362 39.6 46.7724
      vertex 30.1 39.6 14.5
      vertex 28.5858 39.6 46.8
    endloop
  endfacet
  facet normal 0 -1 0
    outer loop
      vertex 27.9326 39.6 46.5049
      vertex 30.1 39.6 14.5
      vertex 28.5362 39.6 46.7724
    endloop
  endfacet
  facet normal 0 -1 0
    outer loop
      vertex 26.6 15.3 32.8
      vertex 30.1 15.3 38.9
      vertex 26.6 15.3 38.9
    endloop
  endfacet
  facet normal 0 -1 -0
    outer loop
      vertex 30.1 15.3 38.9
      vertex 26.6 15.3 32.8
      vertex 30.1 15.3 32.8
    endloop
  endfacet
  facet normal 0 0 -1
    outer loop
      vertex 26.6 15.3 32.8
      vertex 30.1 16.5 32.8
      vertex 30.1 15.3 32.8
    endloop
  endfacet
  facet normal -0 0 -1
    outer loop
      vertex 30.1 16.5 32.8
      vertex 26.6 15.3 32.8
      vertex 26.6 16.5 32.8
    endloop
  endfacet
  facet normal 0 1 -0
    outer loop
      vertex 30.1 16.5 32.8
      vertex 26.6 16.5 38.9
      vertex 30.1 16.5 38.9
    endloop
  endfacet
  facet normal 0 1 0
    outer loop
      vertex 26.6 16.5 38.9
      vertex 30.1 16.5 32.8
      vertex 26.6 16.5 32.8
    endloop
  endfacet
  facet normal -0 0 1
    outer loop
      vertex 26.6 16.5 38.9
      vertex 30.1 15.3 38.9
      vertex 30.1 16.5 38.9
    endloop
  endfacet
  facet normal 0 0 1
    outer loop
      vertex 30.1 15.3 38.9
      vertex 26.6 16.5 38.9
      vertex 26.6 15.3 38.9
    endloop
  endfacet
  facet normal -1 0 0
    outer loop
      vertex 26.6 15.3 32.8
      vertex 26.6 16.5 38.9
      vertex 26.6 16.5 32.8
    endloop
  endfacet
  facet normal -1 -0 0
    outer loop
      vertex 26.6 16.5 38.9
      vertex 26.6 15.3 32.8
      vertex 26.6 15.3 38.9
    endloop
  endfacet
  facet normal 0 -1 0
    outer loop
      vertex 26.6 25.5 32.8
      vertex 30.1 25.5 38.9
      vertex 26.6 25.5 38.9
    endloop
  endfacet
  facet normal 0 -1 -0
    outer loop
      vertex 30.1 25.5 38.9
      vertex 26.6 25.5 32.8
      vertex 30.1 25.5 32.8
    endloop
  endfacet
  facet normal 0 0 -1
    outer loop
      vertex 26.6 25.5 32.8
      vertex 30.1 26.7 32.8
      vertex 30.1 25.5 32.8
    endloop
  endfacet
  facet normal -0 0 -1
    outer loop
      vertex 30.1 26.7 32.8
      vertex 26.6 25.5 32.8
      vertex 26.6 26.7 32.8
    endloop
  endfacet
  facet normal 0 1 -0
    outer loop
      vertex 30.1 26.7 32.8
      vertex 26.6 26.7 38.9
      vertex 30.1 26.7 38.9
    endloop
  endfacet
  facet normal 0 1 0
    outer loop
      vertex 26.6 26.7 38.9
      vertex 30.1 26.7 32.8
      vertex 26.6 26.7 32.8
    endloop
  endfacet
  facet normal -0 0 1
    outer loop
      vertex 26.6 26.7 38.9
      vertex 30.1 25.5 38.9
      vertex 30.1 26.7 38.9
    endloop
  endfacet
  facet normal 0 0 1
    outer loop
      vertex 30.1 25.5 38.9
      vertex 26.6 26.7 38.9
      vertex 26.6 25.5 38.9
    endloop
  endfacet
  facet normal -1 0 0
    outer loop
      vertex 26.6 25.5 32.8
      vertex 26.6 26.7 38.9
      vertex 26.6 26.7 32.8
    endloop
  endfacet
  facet normal -1 -0 0
    outer loop
      vertex 26.6 26.7 38.9
      vertex 26.6 25.5 32.8
      vertex 26.6 25.5 38.9
    endloop
  endfacet
  facet normal 0.831475 -0.555561 0
    outer loop
      vertex -22.9886 33.2823 49.4
      vertex -22.6761 33.75 46.8
      vertex -22.6761 33.75 49.4
    endloop
  endfacet
  facet normal 0.831475 -0.555561 0
    outer loop
      vertex -22.6761 33.75 46.8
      vertex -22.9886 33.2823 49.4
      vertex -22.9886 33.2823 46.8
    endloop
  endfacet
  facet normal 0.32145 -0.946927 0
    outer loop
      vertex -25.2871 31.7465 46.8
      vertex -24.7545 31.9273 49.4
      vertex -25.2871 31.7465 49.4
    endloop
  endfacet
  facet normal 0.32145 -0.946927 0
    outer loop
      vertex -24.7545 31.9273 49.4
      vertex -25.2871 31.7465 46.8
      vertex -24.7545 31.9273 46.8
    endloop
  endfacet
  facet normal -0.4423 -0.896867 0
    outer loop
      vertex -28.55 32.1761 46.8
      vertex -28.0455 31.9273 49.4
      vertex -28.55 32.1761 49.4
    endloop
  endfacet
  facet normal -0.4423 -0.896867 -0
    outer loop
      vertex -28.0455 31.9273 49.4
      vertex -28.55 32.1761 46.8
      vertex -28.0455 31.9273 46.8
    endloop
  endfacet
  facet normal 0.980792 0.195056 0
    outer loop
      vertex -22.1368 36.4613 49.4
      vertex -22.2465 37.0129 46.8
      vertex -22.2465 37.0129 49.4
    endloop
  endfacet
  facet normal 0.980792 0.195056 0
    outer loop
      vertex -22.2465 37.0129 46.8
      vertex -22.1368 36.4613 49.4
      vertex -22.1368 36.4613 46.8
    endloop
  endfacet
  facet normal 0.980792 -0.195056 0
    outer loop
      vertex -22.2465 34.7871 49.4
      vertex -22.1368 35.3387 46.8
      vertex -22.1368 35.3387 49.4
    endloop
  endfacet
  facet normal 0.980792 -0.195056 0
    outer loop
      vertex -22.1368 35.3387 46.8
      vertex -22.2465 34.7871 49.4
      vertex -22.2465 34.7871 46.8
    endloop
  endfacet
  facet normal -0.0654216 -0.997858 0
    outer loop
      vertex -26.9613 31.6368 46.8
      vertex -26.4 31.6 49.4
      vertex -26.9613 31.6368 49.4
    endloop
  endfacet
  facet normal -0.0654216 -0.997858 -0
    outer loop
      vertex -26.4 31.6 49.4
      vertex -26.9613 31.6368 46.8
      vertex -26.4 31.6 46.8
    endloop
  endfacet
  facet normal 0.555561 -0.831475 0
    outer loop
      vertex -24.25 32.1761 46.8
      vertex -23.7823 32.4886 49.4
      vertex -24.25 32.1761 49.4
    endloop
  endfacet
  facet normal 0.555561 -0.831475 0
    outer loop
      vertex -23.7823 32.4886 49.4
      vertex -24.25 32.1761 46.8
      vertex -23.7823 32.4886 46.8
    endloop
  endfacet
  facet normal -0.751904 -0.659272 0
    outer loop
      vertex -29.4406 32.8594 46.8
      vertex -29.8114 33.2823 49.4
      vertex -29.8114 33.2823 46.8
    endloop
  endfacet
  facet normal -0.751904 -0.659272 0
    outer loop
      vertex -29.8114 33.2823 49.4
      vertex -29.4406 32.8594 46.8
      vertex -29.4406 32.8594 49.4
    endloop
  endfacet
  facet normal -0.555561 -0.831475 0
    outer loop
      vertex -29.0177 32.4886 46.8
      vertex -28.55 32.1761 49.4
      vertex -29.0177 32.4886 49.4
    endloop
  endfacet
  facet normal -0.555561 -0.831475 -0
    outer loop
      vertex -28.55 32.1761 49.4
      vertex -29.0177 32.4886 46.8
      vertex -28.55 32.1761 46.8
    endloop
  endfacet
  facet normal -0.195056 -0.980792 0
    outer loop
      vertex -27.5129 31.7465 46.8
      vertex -26.9613 31.6368 49.4
      vertex -27.5129 31.7465 49.4
    endloop
  endfacet
  facet normal -0.195056 -0.980792 -0
    outer loop
      vertex -26.9613 31.6368 49.4
      vertex -27.5129 31.7465 46.8
      vertex -26.9613 31.6368 46.8
    endloop
  endfacet
  facet normal -0.659272 -0.751904 0
    outer loop
      vertex -29.4406 32.8594 46.8
      vertex -29.0177 32.4886 49.4
      vertex -29.4406 32.8594 49.4
    endloop
  endfacet
  facet normal -0.659272 -0.751904 -0
    outer loop
      vertex -29.0177 32.4886 49.4
      vertex -29.4406 32.8594 46.8
      vertex -29.0177 32.4886 46.8
    endloop
  endfacet
  facet normal 0.997858 -0.0654216 0
    outer loop
      vertex -22.1368 35.3387 49.4
      vertex -22.1 35.9 46.8
      vertex -22.1 35.9 49.4
    endloop
  endfacet
  facet normal 0.997858 -0.0654216 0
    outer loop
      vertex -22.1 35.9 46.8
      vertex -22.1368 35.3387 49.4
      vertex -22.1368 35.3387 46.8
    endloop
  endfacet
  facet normal 0.946927 0.32145 0
    outer loop
      vertex -22.2465 37.0129 49.4
      vertex -22.4273 37.5455 46.8
      vertex -22.4273 37.5455 49.4
    endloop
  endfacet
  facet normal 0.946927 0.32145 0
    outer loop
      vertex -22.4273 37.5455 46.8
      vertex -22.2465 37.0129 49.4
      vertex -22.2465 37.0129 46.8
    endloop
  endfacet
  facet normal -0.659272 0.751904 0
    outer loop
      vertex -29.0177 39.3114 46.8
      vertex -29.4406 38.9406 49.4
      vertex -29.0177 39.3114 49.4
    endloop
  endfacet
  facet normal -0.659272 0.751904 0
    outer loop
      vertex -29.4406 38.9406 49.4
      vertex -29.0177 39.3114 46.8
      vertex -29.4406 38.9406 46.8
    endloop
  endfacet
  facet normal 0.555588 0.831457 -0
    outer loop
      vertex -23.7823 39.3114 46.8
      vertex -24.2142 39.6 49.4
      vertex -23.7823 39.3114 49.4
    endloop
  endfacet
  facet normal 0.555588 0.831457 0
    outer loop
      vertex -24.2142 39.6 49.4
      vertex -23.7823 39.3114 46.8
      vertex -24.2142 39.6 46.8
    endloop
  endfacet
  facet normal 0.659272 -0.751904 0
    outer loop
      vertex -23.7823 32.4886 46.8
      vertex -23.3594 32.8594 49.4
      vertex -23.7823 32.4886 49.4
    endloop
  endfacet
  facet normal 0.659272 -0.751904 0
    outer loop
      vertex -23.3594 32.8594 49.4
      vertex -23.7823 32.4886 46.8
      vertex -23.3594 32.8594 46.8
    endloop
  endfacet
  facet normal 0.751904 -0.659272 0
    outer loop
      vertex -23.3594 32.8594 49.4
      vertex -22.9886 33.2823 46.8
      vertex -22.9886 33.2823 49.4
    endloop
  endfacet
  facet normal 0.751904 -0.659272 0
    outer loop
      vertex -22.9886 33.2823 46.8
      vertex -23.3594 32.8594 49.4
      vertex -23.3594 32.8594 46.8
    endloop
  endfacet
  facet normal 0.195056 -0.980792 0
    outer loop
      vertex -25.8387 31.6368 46.8
      vertex -25.2871 31.7465 49.4
      vertex -25.8387 31.6368 49.4
    endloop
  endfacet
  facet normal 0.195056 -0.980792 0
    outer loop
      vertex -25.2871 31.7465 49.4
      vertex -25.8387 31.6368 46.8
      vertex -25.2871 31.7465 46.8
    endloop
  endfacet
  facet normal 0.0654216 -0.997858 0
    outer loop
      vertex -26.4 31.6 46.8
      vertex -25.8387 31.6368 49.4
      vertex -26.4 31.6 49.4
    endloop
  endfacet
  facet normal 0.0654216 -0.997858 0
    outer loop
      vertex -25.8387 31.6368 49.4
      vertex -26.4 31.6 46.8
      vertex -25.8387 31.6368 46.8
    endloop
  endfacet
  facet normal 0.4423 -0.896867 0
    outer loop
      vertex -24.7545 31.9273 46.8
      vertex -24.25 32.1761 49.4
      vertex -24.7545 31.9273 49.4
    endloop
  endfacet
  facet normal 0.4423 -0.896867 0
    outer loop
      vertex -24.25 32.1761 49.4
      vertex -24.7545 31.9273 46.8
      vertex -24.25 32.1761 46.8
    endloop
  endfacet
  facet normal -0.831457 -0.555588 0
    outer loop
      vertex -29.8114 33.2823 46.8
      vertex -30.1 33.7142 49.4
      vertex -30.1 33.7142 46.8
    endloop
  endfacet
  facet normal -0.831457 -0.555588 0
    outer loop
      vertex -30.1 33.7142 49.4
      vertex -29.8114 33.2823 46.8
      vertex -29.8114 33.2823 49.4
    endloop
  endfacet
  facet normal -0.32145 -0.946927 0
    outer loop
      vertex -28.0455 31.9273 46.8
      vertex -27.5129 31.7465 49.4
      vertex -28.0455 31.9273 49.4
    endloop
  endfacet
  facet normal -0.32145 -0.946927 -0
    outer loop
      vertex -27.5129 31.7465 49.4
      vertex -28.0455 31.9273 46.8
      vertex -27.5129 31.7465 46.8
    endloop
  endfacet
  facet normal 0.997858 0.0654216 0
    outer loop
      vertex -22.1 35.9 49.4
      vertex -22.1368 36.4613 46.8
      vertex -22.1368 36.4613 49.4
    endloop
  endfacet
  facet normal 0.997858 0.0654216 0
    outer loop
      vertex -22.1368 36.4613 46.8
      vertex -22.1 35.9 49.4
      vertex -22.1 35.9 46.8
    endloop
  endfacet
  facet normal 0.831475 0.555561 0
    outer loop
      vertex -22.6761 38.05 49.4
      vertex -22.9886 38.5177 46.8
      vertex -22.9886 38.5177 49.4
    endloop
  endfacet
  facet normal 0.831475 0.555561 0
    outer loop
      vertex -22.9886 38.5177 46.8
      vertex -22.6761 38.05 49.4
      vertex -22.6761 38.05 46.8
    endloop
  endfacet
  facet normal -0.751904 0.659272 0
    outer loop
      vertex -29.8114 38.5177 46.8
      vertex -29.4406 38.9406 49.4
      vertex -29.4406 38.9406 46.8
    endloop
  endfacet
  facet normal -0.751904 0.659272 0
    outer loop
      vertex -29.4406 38.9406 49.4
      vertex -29.8114 38.5177 46.8
      vertex -29.8114 38.5177 49.4
    endloop
  endfacet
  facet normal 0.659272 0.751904 -0
    outer loop
      vertex -23.3594 38.9406 46.8
      vertex -23.7823 39.3114 49.4
      vertex -23.3594 38.9406 49.4
    endloop
  endfacet
  facet normal 0.659272 0.751904 0
    outer loop
      vertex -23.7823 39.3114 49.4
      vertex -23.3594 38.9406 46.8
      vertex -23.7823 39.3114 46.8
    endloop
  endfacet
  facet normal 0.896867 -0.4423 0
    outer loop
      vertex -22.6761 33.75 49.4
      vertex -22.4273 34.2545 46.8
      vertex -22.4273 34.2545 49.4
    endloop
  endfacet
  facet normal 0.896867 -0.4423 0
    outer loop
      vertex -22.4273 34.2545 46.8
      vertex -22.6761 33.75 49.4
      vertex -22.6761 33.75 46.8
    endloop
  endfacet
  facet normal 0.946927 -0.32145 0
    outer loop
      vertex -22.4273 34.2545 49.4
      vertex -22.2465 34.7871 46.8
      vertex -22.2465 34.7871 49.4
    endloop
  endfacet
  facet normal 0.946927 -0.32145 0
    outer loop
      vertex -22.2465 34.7871 46.8
      vertex -22.4273 34.2545 49.4
      vertex -22.4273 34.2545 46.8
    endloop
  endfacet
  facet normal 0.896867 0.4423 0
    outer loop
      vertex -22.4273 37.5455 49.4
      vertex -22.6761 38.05 46.8
      vertex -22.6761 38.05 49.4
    endloop
  endfacet
  facet normal 0.896867 0.4423 0
    outer loop
      vertex -22.6761 38.05 46.8
      vertex -22.4273 37.5455 49.4
      vertex -22.4273 37.5455 46.8
    endloop
  endfacet
  facet normal 0.751904 0.659272 0
    outer loop
      vertex -22.9886 38.5177 49.4
      vertex -23.3594 38.9406 46.8
      vertex -23.3594 38.9406 49.4
    endloop
  endfacet
  facet normal 0.751904 0.659272 0
    outer loop
      vertex -23.3594 38.9406 46.8
      vertex -22.9886 38.5177 49.4
      vertex -22.9886 38.5177 46.8
    endloop
  endfacet
  facet normal 0 0 1
    outer loop
      vertex -23.3 35.9 49.4
      vertex -22.1 35.9 49.4
      vertex -22.1368 36.4613 49.4
    endloop
  endfacet
  facet normal 0 0 1
    outer loop
      vertex -23.3265 36.3046 49.4
      vertex -22.1368 36.4613 49.4
      vertex -22.2465 37.0129 49.4
    endloop
  endfacet
  facet normal 0 0 1
    outer loop
      vertex -22.1 35.9 49.4
      vertex -23.3 35.9 49.4
      vertex -22.1368 35.3387 49.4
    endloop
  endfacet
  facet normal 0 0 1
    outer loop
      vertex -23.4056 36.7023 49.4
      vertex -22.2465 37.0129 49.4
      vertex -22.4273 37.5455 49.4
    endloop
  endfacet
  facet normal -0 0 1
    outer loop
      vertex -23.3265 35.4954 49.4
      vertex -22.1368 35.3387 49.4
      vertex -23.3 35.9 49.4
    endloop
  endfacet
  facet normal 0 0 1
    outer loop
      vertex -23.536 37.0863 49.4
      vertex -22.4273 37.5455 49.4
      vertex -22.6761 38.05 49.4
    endloop
  endfacet
  facet normal 0 0 1
    outer loop
      vertex -22.1368 35.3387 49.4
      vertex -23.3265 35.4954 49.4
      vertex -22.2465 34.7871 49.4
    endloop
  endfacet
  facet normal 0 0 1
    outer loop
      vertex -23.7153 37.45 49.4
      vertex -22.6761 38.05 49.4
      vertex -22.9886 38.5177 49.4
    endloop
  endfacet
  facet normal -0 0 1
    outer loop
      vertex -23.4056 35.0977 49.4
      vertex -22.2465 34.7871 49.4
      vertex -23.3265 35.4954 49.4
    endloop
  endfacet
  facet normal 0 0 1
    outer loop
      vertex -22.2465 34.7871 49.4
      vertex -23.4056 35.0977 49.4
      vertex -22.4273 34.2545 49.4
    endloop
  endfacet
  facet normal 0 0 1
    outer loop
      vertex -22.1368 36.4613 49.4
      vertex -23.3265 36.3046 49.4
      vertex -23.3 35.9 49.4
    endloop
  endfacet
  facet normal 0 0 1
    outer loop
      vertex -23.9406 37.7872 49.4
      vertex -22.9886 38.5177 49.4
      vertex -23.3594 38.9406 49.4
    endloop
  endfacet
  facet normal 0 0 1
    outer loop
      vertex -22.2465 37.0129 49.4
      vertex -23.4056 36.7023 49.4
      vertex -23.3265 36.3046 49.4
    endloop
  endfacet
  facet normal 0 0 1
    outer loop
      vertex -22.4273 37.5455 49.4
      vertex -23.536 37.0863 49.4
      vertex -23.4056 36.7023 49.4
    endloop
  endfacet
  facet normal 0 0 1
    outer loop
      vertex -22.6761 38.05 49.4
      vertex -23.7153 37.45 49.4
      vertex -23.536 37.0863 49.4
    endloop
  endfacet
  facet normal 0 0 1
    outer loop
      vertex -24.208 38.092 49.4
      vertex -23.3594 38.9406 49.4
      vertex -23.7823 39.3114 49.4
    endloop
  endfacet
  facet normal 0 0 1
    outer loop
      vertex -22.9886 38.5177 49.4
      vertex -23.9406 37.7872 49.4
      vertex -23.7153 37.45 49.4
    endloop
  endfacet
  facet normal 0 0 1
    outer loop
      vertex -23.3594 38.9406 49.4
      vertex -24.208 38.092 49.4
      vertex -23.9406 37.7872 49.4
    endloop
  endfacet
  facet normal 0 0 1
    outer loop
      vertex -24.5128 38.3594 49.4
      vertex -23.7823 39.3114 49.4
      vertex -24.2142 39.6 49.4
    endloop
  endfacet
  facet normal 0 0 1
    outer loop
      vertex -23.7823 39.3114 49.4
      vertex -24.5128 38.3594 49.4
      vertex -24.208 38.092 49.4
    endloop
  endfacet
  facet normal 0 0 1
    outer loop
      vertex -24.2142 39.6 49.4
      vertex -24.85 38.5847 49.4
      vertex -24.5128 38.3594 49.4
    endloop
  endfacet
  facet normal 0 0 1
    outer loop
      vertex -24.2142 39.6 49.4
      vertex -25.2137 38.764 49.4
      vertex -24.85 38.5847 49.4
    endloop
  endfacet
  facet normal 0 0 1
    outer loop
      vertex -24.2142 39.6 49.4
      vertex -25.5977 38.8944 49.4
      vertex -25.2137 38.764 49.4
    endloop
  endfacet
  facet normal 0 0 1
    outer loop
      vertex -24.2142 39.6 49.4
      vertex -25.9954 38.9735 49.4
      vertex -25.5977 38.8944 49.4
    endloop
  endfacet
  facet normal 0 0 1
    outer loop
      vertex -24.2142 39.6 49.4
      vertex -26.4 39 49.4
      vertex -25.9954 38.9735 49.4
    endloop
  endfacet
  facet normal -0 0 1
    outer loop
      vertex -28.5858 39.6 49.4
      vertex -26.4 39 49.4
      vertex -24.2142 39.6 49.4
    endloop
  endfacet
  facet normal 0 0 1
    outer loop
      vertex -26.4 39 49.4
      vertex -28.5858 39.6 49.4
      vertex -26.8046 38.9735 49.4
    endloop
  endfacet
  facet normal 0 0 1
    outer loop
      vertex -26.8046 38.9735 49.4
      vertex -28.5858 39.6 49.4
      vertex -27.2023 38.8944 49.4
    endloop
  endfacet
  facet normal 0 0 1
    outer loop
      vertex -28.5858 39.6 49.4
      vertex -27.5863 38.764 49.4
      vertex -27.2023 38.8944 49.4
    endloop
  endfacet
  facet normal 0 0 1
    outer loop
      vertex -28.5858 39.6 49.4
      vertex -27.95 38.5847 49.4
      vertex -27.5863 38.764 49.4
    endloop
  endfacet
  facet normal 0 0 1
    outer loop
      vertex -28.5858 39.6 49.4
      vertex -28.2872 38.3594 49.4
      vertex -27.95 38.5847 49.4
    endloop
  endfacet
  facet normal -0 0 1
    outer loop
      vertex -29.0177 39.3114 49.4
      vertex -28.2872 38.3594 49.4
      vertex -28.5858 39.6 49.4
    endloop
  endfacet
  facet normal 0 0 1
    outer loop
      vertex -28.2872 38.3594 49.4
      vertex -29.0177 39.3114 49.4
      vertex -28.592 38.092 49.4
    endloop
  endfacet
  facet normal -0 0 1
    outer loop
      vertex -29.4406 38.9406 49.4
      vertex -28.592 38.092 49.4
      vertex -29.0177 39.3114 49.4
    endloop
  endfacet
  facet normal 0 0 1
    outer loop
      vertex -28.592 38.092 49.4
      vertex -29.4406 38.9406 49.4
      vertex -28.8594 37.7872 49.4
    endloop
  endfacet
  facet normal -0 0 1
    outer loop
      vertex -29.8114 38.5177 49.4
      vertex -28.8594 37.7872 49.4
      vertex -29.4406 38.9406 49.4
    endloop
  endfacet
  facet normal -0 0 1
    outer loop
      vertex -30.1 38.0858 49.4
      vertex -28.8594 37.7872 49.4
      vertex -29.8114 38.5177 49.4
    endloop
  endfacet
  facet normal 0 0 1
    outer loop
      vertex -28.8594 37.7872 49.4
      vertex -30.1 38.0858 49.4
      vertex -29.0847 37.45 49.4
    endloop
  endfacet
  facet normal 0 0 1
    outer loop
      vertex -29.0847 37.45 49.4
      vertex -30.1 38.0858 49.4
      vertex -29.264 37.0863 49.4
    endloop
  endfacet
  facet normal 0 0 1
    outer loop
      vertex -29.264 37.0863 49.4
      vertex -30.1 38.0858 49.4
      vertex -29.3944 36.7023 49.4
    endloop
  endfacet
  facet normal 0 0 1
    outer loop
      vertex -29.3944 36.7023 49.4
      vertex -30.1 38.0858 49.4
      vertex -29.4735 36.3046 49.4
    endloop
  endfacet
  facet normal -0 0 1
    outer loop
      vertex -23.536 34.7137 49.4
      vertex -22.4273 34.2545 49.4
      vertex -23.4056 35.0977 49.4
    endloop
  endfacet
  facet normal 0 0 1
    outer loop
      vertex -22.4273 34.2545 49.4
      vertex -23.536 34.7137 49.4
      vertex -22.6761 33.75 49.4
    endloop
  endfacet
  facet normal -0 0 1
    outer loop
      vertex -23.7153 34.35 49.4
      vertex -22.6761 33.75 49.4
      vertex -23.536 34.7137 49.4
    endloop
  endfacet
  facet normal 0 0 1
    outer loop
      vertex -22.6761 33.75 49.4
      vertex -23.7153 34.35 49.4
      vertex -22.9886 33.2823 49.4
    endloop
  endfacet
  facet normal -0 0 1
    outer loop
      vertex -23.9406 34.0128 49.4
      vertex -22.9886 33.2823 49.4
      vertex -23.7153 34.35 49.4
    endloop
  endfacet
  facet normal 0 0 1
    outer loop
      vertex -22.9886 33.2823 49.4
      vertex -23.9406 34.0128 49.4
      vertex -23.3594 32.8594 49.4
    endloop
  endfacet
  facet normal -0 0 1
    outer loop
      vertex -24.208 33.708 49.4
      vertex -23.3594 32.8594 49.4
      vertex -23.9406 34.0128 49.4
    endloop
  endfacet
  facet normal 0 0 1
    outer loop
      vertex -23.3594 32.8594 49.4
      vertex -24.208 33.708 49.4
      vertex -23.7823 32.4886 49.4
    endloop
  endfacet
  facet normal -0 0 1
    outer loop
      vertex -24.5128 33.4406 49.4
      vertex -23.7823 32.4886 49.4
      vertex -24.208 33.708 49.4
    endloop
  endfacet
  facet normal 0 0 1
    outer loop
      vertex -23.7823 32.4886 49.4
      vertex -24.5128 33.4406 49.4
      vertex -24.25 32.1761 49.4
    endloop
  endfacet
  facet normal -0 0 1
    outer loop
      vertex -24.85 33.2153 49.4
      vertex -24.25 32.1761 49.4
      vertex -24.5128 33.4406 49.4
    endloop
  endfacet
  facet normal 0 0 1
    outer loop
      vertex -24.25 32.1761 49.4
      vertex -24.85 33.2153 49.4
      vertex -24.7545 31.9273 49.4
    endloop
  endfacet
  facet normal -0 0 1
    outer loop
      vertex -25.2137 33.036 49.4
      vertex -24.7545 31.9273 49.4
      vertex -24.85 33.2153 49.4
    endloop
  endfacet
  facet normal 0 0 1
    outer loop
      vertex -25.2137 33.036 49.4
      vertex -25.2871 31.7465 49.4
      vertex -24.7545 31.9273 49.4
    endloop
  endfacet
  facet normal -0 0 1
    outer loop
      vertex -25.5977 32.9056 49.4
      vertex -25.2871 31.7465 49.4
      vertex -25.2137 33.036 49.4
    endloop
  endfacet
  facet normal 0 0 1
    outer loop
      vertex -25.5977 32.9056 49.4
      vertex -25.8387 31.6368 49.4
      vertex -25.2871 31.7465 49.4
    endloop
  endfacet
  facet normal -0 0 1
    outer loop
      vertex -25.9954 32.8265 49.4
      vertex -25.8387 31.6368 49.4
      vertex -25.5977 32.9056 49.4
    endloop
  endfacet
  facet normal -0 0 1
    outer loop
      vertex -26.4 32.8 49.4
      vertex -25.8387 31.6368 49.4
      vertex -25.9954 32.8265 49.4
    endloop
  endfacet
  facet normal 0 0 1
    outer loop
      vertex -26.4 32.8 49.4
      vertex -26.4 31.6 49.4
      vertex -25.8387 31.6368 49.4
    endloop
  endfacet
  facet normal 0 0 1
    outer loop
      vertex -26.8046 32.8265 49.4
      vertex -26.4 31.6 49.4
      vertex -26.4 32.8 49.4
    endloop
  endfacet
  facet normal 0 0 1
    outer loop
      vertex -26.8046 32.8265 49.4
      vertex -26.9613 31.6368 49.4
      vertex -26.4 31.6 49.4
    endloop
  endfacet
  facet normal 0 0 1
    outer loop
      vertex -27.2023 32.9056 49.4
      vertex -26.9613 31.6368 49.4
      vertex -26.8046 32.8265 49.4
    endloop
  endfacet
  facet normal 0 0 1
    outer loop
      vertex -27.2023 32.9056 49.4
      vertex -27.5129 31.7465 49.4
      vertex -26.9613 31.6368 49.4
    endloop
  endfacet
  facet normal 0 0 1
    outer loop
      vertex -27.5863 33.036 49.4
      vertex -27.5129 31.7465 49.4
      vertex -27.2023 32.9056 49.4
    endloop
  endfacet
  facet normal 0 0 1
    outer loop
      vertex -28.0455 31.9273 49.4
      vertex -27.5863 33.036 49.4
      vertex -27.95 33.2153 49.4
    endloop
  endfacet
  facet normal 0 0 1
    outer loop
      vertex -27.5863 33.036 49.4
      vertex -28.0455 31.9273 49.4
      vertex -27.5129 31.7465 49.4
    endloop
  endfacet
  facet normal 0 0 1
    outer loop
      vertex -28.55 32.1761 49.4
      vertex -27.95 33.2153 49.4
      vertex -28.2872 33.4406 49.4
    endloop
  endfacet
  facet normal 0 0 1
    outer loop
      vertex -27.95 33.2153 49.4
      vertex -28.55 32.1761 49.4
      vertex -28.0455 31.9273 49.4
    endloop
  endfacet
  facet normal 0 0 1
    outer loop
      vertex -29.0177 32.4886 49.4
      vertex -28.2872 33.4406 49.4
      vertex -28.592 33.708 49.4
    endloop
  endfacet
  facet normal 0 0 1
    outer loop
      vertex -29.4406 32.8594 49.4
      vertex -28.592 33.708 49.4
      vertex -28.8594 34.0128 49.4
    endloop
  endfacet
  facet normal 0 0 1
    outer loop
      vertex -28.2872 33.4406 49.4
      vertex -29.0177 32.4886 49.4
      vertex -28.55 32.1761 49.4
    endloop
  endfacet
  facet normal 0 0 1
    outer loop
      vertex -30.1 33.7142 49.4
      vertex -28.8594 34.0128 49.4
      vertex -29.0847 34.35 49.4
    endloop
  endfacet
  facet normal 0 0 1
    outer loop
      vertex -30.1 33.7142 49.4
      vertex -29.0847 34.35 49.4
      vertex -29.264 34.7137 49.4
    endloop
  endfacet
  facet normal 0 0 1
    outer loop
      vertex -30.1 33.7142 49.4
      vertex -29.264 34.7137 49.4
      vertex -29.3944 35.0977 49.4
    endloop
  endfacet
  facet normal 0 0 1
    outer loop
      vertex -28.592 33.708 49.4
      vertex -29.4406 32.8594 49.4
      vertex -29.0177 32.4886 49.4
    endloop
  endfacet
  facet normal 0 0 1
    outer loop
      vertex -30.1 33.7142 49.4
      vertex -29.3944 35.0977 49.4
      vertex -29.4735 35.4954 49.4
    endloop
  endfacet
  facet normal 0 0 1
    outer loop
      vertex -30.1 33.7142 49.4
      vertex -29.4735 35.4954 49.4
      vertex -29.5 35.9 49.4
    endloop
  endfacet
  facet normal 0 0 1
    outer loop
      vertex -29.4735 36.3046 49.4
      vertex -30.1 38.0858 49.4
      vertex -29.5 35.9 49.4
    endloop
  endfacet
  facet normal 0 0 1
    outer loop
      vertex -28.8594 34.0128 49.4
      vertex -29.8114 33.2823 49.4
      vertex -29.4406 32.8594 49.4
    endloop
  endfacet
  facet normal 0 0 1
    outer loop
      vertex -30.1 33.7142 49.4
      vertex -29.5 35.9 49.4
      vertex -30.1 38.0858 49.4
    endloop
  endfacet
  facet normal 0 0 1
    outer loop
      vertex -28.8594 34.0128 49.4
      vertex -30.1 33.7142 49.4
      vertex -29.8114 33.2823 49.4
    endloop
  endfacet
  facet normal -0.831457 0.555588 0
    outer loop
      vertex -30.1 38.0858 46.8
      vertex -29.8114 38.5177 49.4
      vertex -29.8114 38.5177 46.8
    endloop
  endfacet
  facet normal -0.831457 0.555588 0
    outer loop
      vertex -29.8114 38.5177 49.4
      vertex -30.1 38.0858 46.8
      vertex -30.1 38.0858 49.4
    endloop
  endfacet
  facet normal -0.555588 0.831457 0
    outer loop
      vertex -28.5858 39.6 46.8
      vertex -29.0177 39.3114 49.4
      vertex -28.5858 39.6 49.4
    endloop
  endfacet
  facet normal -0.555588 0.831457 0
    outer loop
      vertex -29.0177 39.3114 49.4
      vertex -28.5858 39.6 46.8
      vertex -29.0177 39.3114 46.8
    endloop
  endfacet
  facet normal 0.706348 -0.0463097 -0.706348
    outer loop
      vertex -22.1368 35.3387 46.8
      vertex -26.4 35.9 42.5
      vertex -22.1 35.9 46.8
    endloop
  endfacet
  facet normal -0.670271 0.227618 -0.706347
    outer loop
      vertex -30.1 36.8914 46.3305
      vertex -30.1 37.4326 46.5049
      vertex -26.4 35.9 42.5
    endloop
  endfacet
  facet normal -0.138073 -0.694267 -0.706349
    outer loop
      vertex -26.9613 31.6368 46.8
      vertex -27.5129 31.7465 46.8
      vertex -26.4 35.9 42.5
    endloop
  endfacet
  facet normal 0.227618 0.670271 -0.706347
    outer loop
      vertex -24.8674 39.6 46.5049
      vertex -26.4 35.9 42.5
      vertex -25.4086 39.6 46.3305
    endloop
  endfacet
  facet normal -0.532244 -0.466673 -0.706351
    outer loop
      vertex -29.4406 32.8594 46.8
      vertex -29.8114 33.2823 46.8
      vertex -26.4 35.9 42.5
    endloop
  endfacet
  facet normal 0.393262 -0.588572 -0.706348
    outer loop
      vertex -24.25 32.1761 46.8
      vertex -26.4 35.9 42.5
      vertex -23.7823 32.4886 46.8
    endloop
  endfacet
  facet normal -0.313035 0.634889 -0.706346
    outer loop
      vertex -26.4 35.9 42.5
      vertex -28.5362 39.6 46.7724
      vertex -27.9326 39.6 46.5049
    endloop
  endfacet
  facet normal 0.63486 0.313089 -0.706348
    outer loop
      vertex -22.4273 37.5455 46.8
      vertex -26.4 35.9 42.5
      vertex -22.6761 38.05 46.8
    endloop
  endfacet
  facet normal -0.393262 -0.588572 -0.706348
    outer loop
      vertex -28.55 32.1761 46.8
      vertex -29.0177 32.4886 46.8
      vertex -26.4 35.9 42.5
    endloop
  endfacet
  facet normal -0.670271 -0.227618 -0.706347
    outer loop
      vertex -30.1 34.3674 46.5049
      vertex -30.1 34.9086 46.3305
      vertex -26.4 35.9 42.5
    endloop
  endfacet
  facet normal 0.0463097 -0.706348 -0.706348
    outer loop
      vertex -26.4 31.6 46.8
      vertex -26.4 35.9 42.5
      vertex -25.8387 31.6368 46.8
    endloop
  endfacet
  facet normal 0.588572 -0.393262 -0.706348
    outer loop
      vertex -22.9886 33.2823 46.8
      vertex -26.4 35.9 42.5
      vertex -22.6761 33.75 46.8
    endloop
  endfacet
  facet normal -0.466673 -0.532244 -0.706351
    outer loop
      vertex -29.0177 32.4886 46.8
      vertex -29.4406 32.8594 46.8
      vertex -26.4 35.9 42.5
    endloop
  endfacet
  facet normal -0.0463097 -0.706348 -0.706348
    outer loop
      vertex -26.4 31.6 46.8
      vertex -26.9613 31.6368 46.8
      vertex -26.4 35.9 42.5
    endloop
  endfacet
  facet normal 0.694267 -0.138073 -0.706349
    outer loop
      vertex -22.2465 34.7871 46.8
      vertex -26.4 35.9 42.5
      vertex -22.1368 35.3387 46.8
    endloop
  endfacet
  facet normal -0.694259 0.138105 -0.706351
    outer loop
      vertex -30.1 36.3871 46.2319
      vertex -30.1 36.8914 46.3305
      vertex -26.4 35.9 42.5
    endloop
  endfacet
  facet normal -0.532244 0.466673 -0.706351
    outer loop
      vertex -26.4 35.9 42.5
      vertex -29.8114 38.5177 46.8
      vertex -29.4406 38.9406 46.8
    endloop
  endfacet
  facet normal -0.466673 0.532244 -0.706351
    outer loop
      vertex -26.4 35.9 42.5
      vertex -29.4406 38.9406 46.8
      vertex -29.0177 39.3114 46.8
    endloop
  endfacet
  facet normal -0.227618 0.670271 -0.706347
    outer loop
      vertex -26.4 35.9 42.5
      vertex -27.9326 39.6 46.5049
      vertex -27.3914 39.6 46.3305
    endloop
  endfacet
  facet normal 0.138105 0.694259 -0.706351
    outer loop
      vertex -25.4086 39.6 46.3305
      vertex -26.4 35.9 42.5
      vertex -25.9129 39.6 46.2319
    endloop
  endfacet
  facet normal 0.466673 0.532244 -0.706351
    outer loop
      vertex -23.3594 38.9406 46.8
      vertex -26.4 35.9 42.5
      vertex -23.7823 39.3114 46.8
    endloop
  endfacet
  facet normal 0.532244 0.466673 -0.706351
    outer loop
      vertex -22.9886 38.5177 46.8
      vertex -26.4 35.9 42.5
      vertex -23.3594 38.9406 46.8
    endloop
  endfacet
  facet normal 0.670295 0.227543 -0.706349
    outer loop
      vertex -22.2465 37.0129 46.8
      vertex -26.4 35.9 42.5
      vertex -22.4273 37.5455 46.8
    endloop
  endfacet
  facet normal -0.313089 -0.63486 -0.706348
    outer loop
      vertex -28.0455 31.9273 46.8
      vertex -28.55 32.1761 46.8
      vertex -26.4 35.9 42.5
    endloop
  endfacet
  facet normal -0.227543 -0.670295 -0.706349
    outer loop
      vertex -27.5129 31.7465 46.8
      vertex -28.0455 31.9273 46.8
      vertex -26.4 35.9 42.5
    endloop
  endfacet
  facet normal -0.634889 -0.313035 -0.706346
    outer loop
      vertex -30.1 33.7638 46.7724
      vertex -30.1 34.3674 46.5049
      vertex -26.4 35.9 42.5
    endloop
  endfacet
  facet normal -0.588385 -0.393165 -0.706558
    outer loop
      vertex -30.1 33.7638 46.7724
      vertex -29.8114 33.2823 46.8
      vertex -30.1 33.7142 46.8
    endloop
  endfacet
  facet normal -0.588571 -0.393264 -0.706348
    outer loop
      vertex -29.8114 33.2823 46.8
      vertex -30.1 33.7638 46.7724
      vertex -26.4 35.9 42.5
    endloop
  endfacet
  facet normal -0.70635 -0.0462586 -0.70635
    outer loop
      vertex -30.1 35.4129 46.2319
      vertex -30.1 35.9 46.2
      vertex -26.4 35.9 42.5
    endloop
  endfacet
  facet normal -0.694259 -0.138105 -0.706351
    outer loop
      vertex -30.1 34.9086 46.3305
      vertex -30.1 35.4129 46.2319
      vertex -26.4 35.9 42.5
    endloop
  endfacet
  facet normal 0.227543 -0.670295 -0.706349
    outer loop
      vertex -25.2871 31.7465 46.8
      vertex -26.4 35.9 42.5
      vertex -24.7545 31.9273 46.8
    endloop
  endfacet
  facet normal 0.313089 -0.63486 -0.706348
    outer loop
      vertex -24.7545 31.9273 46.8
      vertex -26.4 35.9 42.5
      vertex -24.25 32.1761 46.8
    endloop
  endfacet
  facet normal 0.138073 -0.694267 -0.706349
    outer loop
      vertex -25.8387 31.6368 46.8
      vertex -26.4 35.9 42.5
      vertex -25.2871 31.7465 46.8
    endloop
  endfacet
  facet normal 0.466673 -0.532244 -0.706351
    outer loop
      vertex -23.7823 32.4886 46.8
      vertex -26.4 35.9 42.5
      vertex -23.3594 32.8594 46.8
    endloop
  endfacet
  facet normal 0.532244 -0.466673 -0.706351
    outer loop
      vertex -23.3594 32.8594 46.8
      vertex -26.4 35.9 42.5
      vertex -22.9886 33.2823 46.8
    endloop
  endfacet
  facet normal 0.63486 -0.313089 -0.706348
    outer loop
      vertex -22.6761 33.75 46.8
      vertex -26.4 35.9 42.5
      vertex -22.4273 34.2545 46.8
    endloop
  endfacet
  facet normal 0.670295 -0.227543 -0.706349
    outer loop
      vertex -22.4273 34.2545 46.8
      vertex -26.4 35.9 42.5
      vertex -22.2465 34.7871 46.8
    endloop
  endfacet
  facet normal -0.70635 0.0462586 -0.70635
    outer loop
      vertex -30.1 35.9 46.2
      vertex -30.1 36.3871 46.2319
      vertex -26.4 35.9 42.5
    endloop
  endfacet
  facet normal -0.588571 0.393264 -0.706348
    outer loop
      vertex -30.1 38.0362 46.7724
      vertex -29.8114 38.5177 46.8
      vertex -26.4 35.9 42.5
    endloop
  endfacet
  facet normal -0.588385 0.393165 -0.706558
    outer loop
      vertex -29.8114 38.5177 46.8
      vertex -30.1 38.0362 46.7724
      vertex -30.1 38.0858 46.8
    endloop
  endfacet
  facet normal -0.634889 0.313035 -0.706346
    outer loop
      vertex -30.1 37.4326 46.5049
      vertex -30.1 38.0362 46.7724
      vertex -26.4 35.9 42.5
    endloop
  endfacet
  facet normal -0.393264 0.588571 -0.706348
    outer loop
      vertex -29.0177 39.3114 46.8
      vertex -28.5362 39.6 46.7724
      vertex -26.4 35.9 42.5
    endloop
  endfacet
  facet normal -0.393165 0.588385 -0.706558
    outer loop
      vertex -28.5362 39.6 46.7724
      vertex -29.0177 39.3114 46.8
      vertex -28.5858 39.6 46.8
    endloop
  endfacet
  facet normal -0.0462586 0.70635 -0.70635
    outer loop
      vertex -26.4 35.9 42.5
      vertex -26.8871 39.6 46.2319
      vertex -26.4 39.6 46.2
    endloop
  endfacet
  facet normal -0.138105 0.694259 -0.706351
    outer loop
      vertex -26.4 35.9 42.5
      vertex -27.3914 39.6 46.3305
      vertex -26.8871 39.6 46.2319
    endloop
  endfacet
  facet normal 0.0462586 0.70635 -0.70635
    outer loop
      vertex -26.4 35.9 42.5
      vertex -26.4 39.6 46.2
      vertex -25.9129 39.6 46.2319
    endloop
  endfacet
  facet normal 0.393165 0.588385 -0.706558
    outer loop
      vertex -23.7823 39.3114 46.8
      vertex -24.2638 39.6 46.7724
      vertex -24.2142 39.6 46.8
    endloop
  endfacet
  facet normal 0.393264 0.588571 -0.706348
    outer loop
      vertex -24.2638 39.6 46.7724
      vertex -23.7823 39.3114 46.8
      vertex -26.4 35.9 42.5
    endloop
  endfacet
  facet normal 0.313035 0.634889 -0.706346
    outer loop
      vertex -24.2638 39.6 46.7724
      vertex -26.4 35.9 42.5
      vertex -24.8674 39.6 46.5049
    endloop
  endfacet
  facet normal 0.588572 0.393262 -0.706348
    outer loop
      vertex -22.6761 38.05 46.8
      vertex -26.4 35.9 42.5
      vertex -22.9886 38.5177 46.8
    endloop
  endfacet
  facet normal 0.706348 0.0463097 -0.706348
    outer loop
      vertex -22.1 35.9 46.8
      vertex -26.4 35.9 42.5
      vertex -22.1368 36.4613 46.8
    endloop
  endfacet
  facet normal 0.694267 0.138073 -0.706349
    outer loop
      vertex -22.1368 36.4613 46.8
      vertex -26.4 35.9 42.5
      vertex -22.2465 37.0129 46.8
    endloop
  endfacet
  facet normal 0.831459 -0.555586 0
    outer loop
      vertex -22.9886 3.48233 49.4
      vertex -22.6761 3.95 46.8
      vertex -22.6761 3.95 49.4
    endloop
  endfacet
  facet normal 0.831459 -0.555586 0
    outer loop
      vertex -22.6761 3.95 46.8
      vertex -22.9886 3.48233 49.4
      vertex -22.9886 3.48233 46.8
    endloop
  endfacet
  facet normal 0.997857 0.0654263 0
    outer loop
      vertex -22.1 6.1 49.4
      vertex -22.1368 6.66126 46.8
      vertex -22.1368 6.66126 49.4
    endloop
  endfacet
  facet normal 0.997857 0.0654263 0
    outer loop
      vertex -22.1368 6.66126 46.8
      vertex -22.1 6.1 49.4
      vertex -22.1 6.1 46.8
    endloop
  endfacet
  facet normal 0.442286 0.896874 -0
    outer loop
      vertex -24.25 9.82391 46.8
      vertex -24.7545 10.0727 49.4
      vertex -24.25 9.82391 49.4
    endloop
  endfacet
  facet normal 0.442286 0.896874 0
    outer loop
      vertex -24.7545 10.0727 49.4
      vertex -24.25 9.82391 46.8
      vertex -24.7545 10.0727 46.8
    endloop
  endfacet
  facet normal 0.555562 -0.831475 0
    outer loop
      vertex -24.2142 2.4 46.8
      vertex -23.7823 2.68858 49.4
      vertex -24.2142 2.4 49.4
    endloop
  endfacet
  facet normal 0.555562 -0.831475 0
    outer loop
      vertex -23.7823 2.68858 49.4
      vertex -24.2142 2.4 46.8
      vertex -23.7823 2.68858 46.8
    endloop
  endfacet
  facet normal -0.751897 -0.659281 0
    outer loop
      vertex -29.4406 3.05944 46.8
      vertex -29.8114 3.48233 49.4
      vertex -29.8114 3.48233 46.8
    endloop
  endfacet
  facet normal -0.751897 -0.659281 0
    outer loop
      vertex -29.8114 3.48233 49.4
      vertex -29.4406 3.05944 46.8
      vertex -29.4406 3.05944 49.4
    endloop
  endfacet
  facet normal -0.555562 -0.831475 0
    outer loop
      vertex -29.0177 2.68858 46.8
      vertex -28.5858 2.4 49.4
      vertex -29.0177 2.68858 49.4
    endloop
  endfacet
  facet normal -0.555562 -0.831475 -0
    outer loop
      vertex -28.5858 2.4 49.4
      vertex -29.0177 2.68858 46.8
      vertex -28.5858 2.4 46.8
    endloop
  endfacet
  facet normal -0.659332 -0.751852 0
    outer loop
      vertex -29.4406 3.05944 46.8
      vertex -29.0177 2.68858 49.4
      vertex -29.4406 3.05944 49.4
    endloop
  endfacet
  facet normal -0.659332 -0.751852 -0
    outer loop
      vertex -29.0177 2.68858 49.4
      vertex -29.4406 3.05944 46.8
      vertex -29.0177 2.68858 46.8
    endloop
  endfacet
  facet normal 0.997857 -0.0654263 0
    outer loop
      vertex -22.1368 5.53874 49.4
      vertex -22.1 6.1 46.8
      vertex -22.1 6.1 49.4
    endloop
  endfacet
  facet normal 0.997857 -0.0654263 0
    outer loop
      vertex -22.1 6.1 46.8
      vertex -22.1368 5.53874 49.4
      vertex -22.1368 5.53874 46.8
    endloop
  endfacet
  facet normal 0.555549 0.831484 -0
    outer loop
      vertex -23.7823 9.51142 46.8
      vertex -24.25 9.82391 49.4
      vertex -23.7823 9.51142 49.4
    endloop
  endfacet
  facet normal 0.555549 0.831484 0
    outer loop
      vertex -24.25 9.82391 49.4
      vertex -23.7823 9.51142 46.8
      vertex -24.25 9.82391 46.8
    endloop
  endfacet
  facet normal 0.831459 0.555586 0
    outer loop
      vertex -22.6761 8.25 49.4
      vertex -22.9886 8.71767 46.8
      vertex -22.9886 8.71767 49.4
    endloop
  endfacet
  facet normal 0.831459 0.555586 0
    outer loop
      vertex -22.9886 8.71767 46.8
      vertex -22.6761 8.25 49.4
      vertex -22.6761 8.25 46.8
    endloop
  endfacet
  facet normal 0.32145 0.946927 -0
    outer loop
      vertex -24.7545 10.0727 46.8
      vertex -25.2871 10.2535 49.4
      vertex -24.7545 10.0727 49.4
    endloop
  endfacet
  facet normal 0.32145 0.946927 0
    outer loop
      vertex -25.2871 10.2535 49.4
      vertex -24.7545 10.0727 46.8
      vertex -25.2871 10.2535 46.8
    endloop
  endfacet
  facet normal 0.659332 -0.751852 0
    outer loop
      vertex -23.7823 2.68858 46.8
      vertex -23.3594 3.05944 49.4
      vertex -23.7823 2.68858 49.4
    endloop
  endfacet
  facet normal 0.659332 -0.751852 0
    outer loop
      vertex -23.3594 3.05944 49.4
      vertex -23.7823 2.68858 46.8
      vertex -23.3594 3.05944 46.8
    endloop
  endfacet
  facet normal 0.980796 0.195036 0
    outer loop
      vertex -22.1368 6.66126 49.4
      vertex -22.2465 7.21292 46.8
      vertex -22.2465 7.21292 49.4
    endloop
  endfacet
  facet normal 0.980796 0.195036 0
    outer loop
      vertex -22.2465 7.21292 46.8
      vertex -22.1368 6.66126 49.4
      vertex -22.1368 6.66126 46.8
    endloop
  endfacet
  facet normal 0.195056 0.980792 -0
    outer loop
      vertex -25.2871 10.2535 46.8
      vertex -25.8387 10.3632 49.4
      vertex -25.2871 10.2535 49.4
    endloop
  endfacet
  facet normal 0.195056 0.980792 0
    outer loop
      vertex -25.8387 10.3632 49.4
      vertex -25.2871 10.2535 46.8
      vertex -25.8387 10.3632 46.8
    endloop
  endfacet
  facet normal 0.896853 -0.442329 0
    outer loop
      vertex -22.6761 3.95 49.4
      vertex -22.4273 4.45446 46.8
      vertex -22.4273 4.45446 49.4
    endloop
  endfacet
  facet normal 0.896853 -0.442329 0
    outer loop
      vertex -22.4273 4.45446 46.8
      vertex -22.6761 3.95 49.4
      vertex -22.6761 3.95 46.8
    endloop
  endfacet
  facet normal 0.94693 -0.321439 0
    outer loop
      vertex -22.4273 4.45446 49.4
      vertex -22.2465 4.98708 46.8
      vertex -22.2465 4.98708 49.4
    endloop
  endfacet
  facet normal 0.94693 -0.321439 0
    outer loop
      vertex -22.2465 4.98708 46.8
      vertex -22.4273 4.45446 49.4
      vertex -22.4273 4.45446 46.8
    endloop
  endfacet
  facet normal 0.980796 -0.195036 0
    outer loop
      vertex -22.2465 4.98708 49.4
      vertex -22.1368 5.53874 46.8
      vertex -22.1368 5.53874 49.4
    endloop
  endfacet
  facet normal 0.980796 -0.195036 0
    outer loop
      vertex -22.1368 5.53874 46.8
      vertex -22.2465 4.98708 49.4
      vertex -22.2465 4.98708 46.8
    endloop
  endfacet
  facet normal 0.751897 -0.659281 0
    outer loop
      vertex -23.3594 3.05944 49.4
      vertex -22.9886 3.48233 46.8
      vertex -22.9886 3.48233 49.4
    endloop
  endfacet
  facet normal 0.751897 -0.659281 0
    outer loop
      vertex -22.9886 3.48233 46.8
      vertex -23.3594 3.05944 49.4
      vertex -23.3594 3.05944 46.8
    endloop
  endfacet
  facet normal -0.831452 -0.555597 0
    outer loop
      vertex -29.8114 3.48233 46.8
      vertex -30.1 3.91422 49.4
      vertex -30.1 3.91422 46.8
    endloop
  endfacet
  facet normal -0.831452 -0.555597 0
    outer loop
      vertex -30.1 3.91422 49.4
      vertex -29.8114 3.48233 46.8
      vertex -29.8114 3.48233 49.4
    endloop
  endfacet
  facet normal 0.94693 0.321439 0
    outer loop
      vertex -22.2465 7.21292 49.4
      vertex -22.4273 7.74554 46.8
      vertex -22.4273 7.74554 49.4
    endloop
  endfacet
  facet normal 0.94693 0.321439 0
    outer loop
      vertex -22.4273 7.74554 46.8
      vertex -22.2465 7.21292 49.4
      vertex -22.2465 7.21292 46.8
    endloop
  endfacet
  facet normal 0.896853 0.442329 0
    outer loop
      vertex -22.4273 7.74554 49.4
      vertex -22.6761 8.25 46.8
      vertex -22.6761 8.25 49.4
    endloop
  endfacet
  facet normal 0.896853 0.442329 0
    outer loop
      vertex -22.6761 8.25 46.8
      vertex -22.4273 7.74554 49.4
      vertex -22.4273 7.74554 46.8
    endloop
  endfacet
  facet normal 0.0654216 0.997858 -0
    outer loop
      vertex -25.8387 10.3632 46.8
      vertex -26.4 10.4 49.4
      vertex -25.8387 10.3632 49.4
    endloop
  endfacet
  facet normal 0.0654216 0.997858 0
    outer loop
      vertex -26.4 10.4 49.4
      vertex -25.8387 10.3632 46.8
      vertex -26.4 10.4 46.8
    endloop
  endfacet
  facet normal -0.32145 0.946927 0
    outer loop
      vertex -27.5129 10.2535 46.8
      vertex -28.0455 10.0727 49.4
      vertex -27.5129 10.2535 49.4
    endloop
  endfacet
  facet normal -0.32145 0.946927 0
    outer loop
      vertex -28.0455 10.0727 49.4
      vertex -27.5129 10.2535 46.8
      vertex -28.0455 10.0727 46.8
    endloop
  endfacet
  facet normal -0.751897 0.659281 0
    outer loop
      vertex -29.8114 8.71767 46.8
      vertex -29.4406 9.14056 49.4
      vertex -29.4406 9.14056 46.8
    endloop
  endfacet
  facet normal -0.751897 0.659281 0
    outer loop
      vertex -29.4406 9.14056 49.4
      vertex -29.8114 8.71767 46.8
      vertex -29.8114 8.71767 49.4
    endloop
  endfacet
  facet normal 0.659332 0.751852 -0
    outer loop
      vertex -23.3594 9.14056 46.8
      vertex -23.7823 9.51142 49.4
      vertex -23.3594 9.14056 49.4
    endloop
  endfacet
  facet normal 0.659332 0.751852 0
    outer loop
      vertex -23.7823 9.51142 49.4
      vertex -23.3594 9.14056 46.8
      vertex -23.7823 9.51142 46.8
    endloop
  endfacet
  facet normal 0.751897 0.659281 0
    outer loop
      vertex -22.9886 8.71767 49.4
      vertex -23.3594 9.14056 46.8
      vertex -23.3594 9.14056 49.4
    endloop
  endfacet
  facet normal 0.751897 0.659281 0
    outer loop
      vertex -23.3594 9.14056 46.8
      vertex -22.9886 8.71767 49.4
      vertex -22.9886 8.71767 46.8
    endloop
  endfacet
  facet normal -0.659332 0.751852 0
    outer loop
      vertex -29.0177 9.51142 46.8
      vertex -29.4406 9.14056 49.4
      vertex -29.0177 9.51142 49.4
    endloop
  endfacet
  facet normal -0.659332 0.751852 0
    outer loop
      vertex -29.4406 9.14056 49.4
      vertex -29.0177 9.51142 46.8
      vertex -29.4406 9.14056 46.8
    endloop
  endfacet
  facet normal -0.195056 0.980792 0
    outer loop
      vertex -26.9613 10.3632 46.8
      vertex -27.5129 10.2535 49.4
      vertex -26.9613 10.3632 49.4
    endloop
  endfacet
  facet normal -0.195056 0.980792 0
    outer loop
      vertex -27.5129 10.2535 49.4
      vertex -26.9613 10.3632 46.8
      vertex -27.5129 10.2535 46.8
    endloop
  endfacet
  facet normal -0.555549 0.831484 0
    outer loop
      vertex -28.55 9.82391 46.8
      vertex -29.0177 9.51142 49.4
      vertex -28.55 9.82391 49.4
    endloop
  endfacet
  facet normal -0.555549 0.831484 0
    outer loop
      vertex -29.0177 9.51142 49.4
      vertex -28.55 9.82391 46.8
      vertex -29.0177 9.51142 46.8
    endloop
  endfacet
  facet normal -0.442286 0.896874 0
    outer loop
      vertex -28.0455 10.0727 46.8
      vertex -28.55 9.82391 49.4
      vertex -28.0455 10.0727 49.4
    endloop
  endfacet
  facet normal -0.442286 0.896874 0
    outer loop
      vertex -28.55 9.82391 49.4
      vertex -28.0455 10.0727 46.8
      vertex -28.55 9.82391 46.8
    endloop
  endfacet
  facet normal 0 0 1
    outer loop
      vertex -23.3 6.1 49.4
      vertex -22.1 6.1 49.4
      vertex -22.1368 6.66126 49.4
    endloop
  endfacet
  facet normal 0 0 1
    outer loop
      vertex -23.3265 6.50463 49.4
      vertex -22.1368 6.66126 49.4
      vertex -22.2465 7.21292 49.4
    endloop
  endfacet
  facet normal 0 0 1
    outer loop
      vertex -22.1 6.1 49.4
      vertex -23.3 6.1 49.4
      vertex -22.1368 5.53874 49.4
    endloop
  endfacet
  facet normal 0 0 1
    outer loop
      vertex -23.4056 6.90234 49.4
      vertex -22.2465 7.21292 49.4
      vertex -22.4273 7.74554 49.4
    endloop
  endfacet
  facet normal -0 0 1
    outer loop
      vertex -23.3265 5.69537 49.4
      vertex -22.1368 5.53874 49.4
      vertex -23.3 6.1 49.4
    endloop
  endfacet
  facet normal 0 0 1
    outer loop
      vertex -23.536 7.28632 49.4
      vertex -22.4273 7.74554 49.4
      vertex -22.6761 8.25 49.4
    endloop
  endfacet
  facet normal 0 0 1
    outer loop
      vertex -22.1368 5.53874 49.4
      vertex -23.3265 5.69537 49.4
      vertex -22.2465 4.98708 49.4
    endloop
  endfacet
  facet normal 0 0 1
    outer loop
      vertex -23.7153 7.65 49.4
      vertex -22.6761 8.25 49.4
      vertex -22.9886 8.71767 49.4
    endloop
  endfacet
  facet normal -0 0 1
    outer loop
      vertex -23.4056 5.29766 49.4
      vertex -22.2465 4.98708 49.4
      vertex -23.3265 5.69537 49.4
    endloop
  endfacet
  facet normal 0 0 1
    outer loop
      vertex -22.2465 4.98708 49.4
      vertex -23.4056 5.29766 49.4
      vertex -22.4273 4.45446 49.4
    endloop
  endfacet
  facet normal 0 0 1
    outer loop
      vertex -22.1368 6.66126 49.4
      vertex -23.3265 6.50463 49.4
      vertex -23.3 6.1 49.4
    endloop
  endfacet
  facet normal 0 0 1
    outer loop
      vertex -23.9406 7.98716 49.4
      vertex -22.9886 8.71767 49.4
      vertex -23.3594 9.14056 49.4
    endloop
  endfacet
  facet normal 0 0 1
    outer loop
      vertex -22.2465 7.21292 49.4
      vertex -23.4056 6.90234 49.4
      vertex -23.3265 6.50463 49.4
    endloop
  endfacet
  facet normal 0 0 1
    outer loop
      vertex -22.4273 7.74554 49.4
      vertex -23.536 7.28632 49.4
      vertex -23.4056 6.90234 49.4
    endloop
  endfacet
  facet normal 0 0 1
    outer loop
      vertex -22.6761 8.25 49.4
      vertex -23.7153 7.65 49.4
      vertex -23.536 7.28632 49.4
    endloop
  endfacet
  facet normal 0 0 1
    outer loop
      vertex -24.208 8.29203 49.4
      vertex -23.3594 9.14056 49.4
      vertex -23.7823 9.51142 49.4
    endloop
  endfacet
  facet normal 0 0 1
    outer loop
      vertex -22.9886 8.71767 49.4
      vertex -23.9406 7.98716 49.4
      vertex -23.7153 7.65 49.4
    endloop
  endfacet
  facet normal 0 0 1
    outer loop
      vertex -23.3594 9.14056 49.4
      vertex -24.208 8.29203 49.4
      vertex -23.9406 7.98716 49.4
    endloop
  endfacet
  facet normal 0 0 1
    outer loop
      vertex -24.5128 8.5594 49.4
      vertex -23.7823 9.51142 49.4
      vertex -24.25 9.82391 49.4
    endloop
  endfacet
  facet normal 0 0 1
    outer loop
      vertex -23.7823 9.51142 49.4
      vertex -24.5128 8.5594 49.4
      vertex -24.208 8.29203 49.4
    endloop
  endfacet
  facet normal 0 0 1
    outer loop
      vertex -24.85 8.78468 49.4
      vertex -24.25 9.82391 49.4
      vertex -24.7545 10.0727 49.4
    endloop
  endfacet
  facet normal 0 0 1
    outer loop
      vertex -24.25 9.82391 49.4
      vertex -24.85 8.78468 49.4
      vertex -24.5128 8.5594 49.4
    endloop
  endfacet
  facet normal 0 0 1
    outer loop
      vertex -24.7545 10.0727 49.4
      vertex -25.2137 8.96403 49.4
      vertex -24.85 8.78468 49.4
    endloop
  endfacet
  facet normal 0 0 1
    outer loop
      vertex -25.2871 10.2535 49.4
      vertex -25.2137 8.96403 49.4
      vertex -24.7545 10.0727 49.4
    endloop
  endfacet
  facet normal 0 0 1
    outer loop
      vertex -25.2871 10.2535 49.4
      vertex -25.5977 9.09437 49.4
      vertex -25.2137 8.96403 49.4
    endloop
  endfacet
  facet normal 0 0 1
    outer loop
      vertex -25.8387 10.3632 49.4
      vertex -25.5977 9.09437 49.4
      vertex -25.2871 10.2535 49.4
    endloop
  endfacet
  facet normal 0 0 1
    outer loop
      vertex -25.8387 10.3632 49.4
      vertex -25.9954 9.17348 49.4
      vertex -25.5977 9.09437 49.4
    endloop
  endfacet
  facet normal 0 0 1
    outer loop
      vertex -26.4 10.4 49.4
      vertex -25.9954 9.17348 49.4
      vertex -25.8387 10.3632 49.4
    endloop
  endfacet
  facet normal 0 0 1
    outer loop
      vertex -26.4 10.4 49.4
      vertex -26.4 9.2 49.4
      vertex -25.9954 9.17348 49.4
    endloop
  endfacet
  facet normal 0 0 1
    outer loop
      vertex -26.4 10.4 49.4
      vertex -26.8046 9.17348 49.4
      vertex -26.4 9.2 49.4
    endloop
  endfacet
  facet normal -0 0 1
    outer loop
      vertex -26.9613 10.3632 49.4
      vertex -26.8046 9.17348 49.4
      vertex -26.4 10.4 49.4
    endloop
  endfacet
  facet normal 0 0 1
    outer loop
      vertex -26.9613 10.3632 49.4
      vertex -27.2023 9.09437 49.4
      vertex -26.8046 9.17348 49.4
    endloop
  endfacet
  facet normal -0 0 1
    outer loop
      vertex -27.5129 10.2535 49.4
      vertex -27.2023 9.09437 49.4
      vertex -26.9613 10.3632 49.4
    endloop
  endfacet
  facet normal 0 0 1
    outer loop
      vertex -27.5129 10.2535 49.4
      vertex -27.5863 8.96403 49.4
      vertex -27.2023 9.09437 49.4
    endloop
  endfacet
  facet normal -0 0 1
    outer loop
      vertex -28.0455 10.0727 49.4
      vertex -27.5863 8.96403 49.4
      vertex -27.5129 10.2535 49.4
    endloop
  endfacet
  facet normal 0 0 1
    outer loop
      vertex -27.5863 8.96403 49.4
      vertex -28.0455 10.0727 49.4
      vertex -27.95 8.78468 49.4
    endloop
  endfacet
  facet normal -0 0 1
    outer loop
      vertex -28.55 9.82391 49.4
      vertex -27.95 8.78468 49.4
      vertex -28.0455 10.0727 49.4
    endloop
  endfacet
  facet normal 0 0 1
    outer loop
      vertex -27.95 8.78468 49.4
      vertex -28.55 9.82391 49.4
      vertex -28.2872 8.5594 49.4
    endloop
  endfacet
  facet normal -0 0 1
    outer loop
      vertex -29.0177 9.51142 49.4
      vertex -28.2872 8.5594 49.4
      vertex -28.55 9.82391 49.4
    endloop
  endfacet
  facet normal 0 0 1
    outer loop
      vertex -28.2872 8.5594 49.4
      vertex -29.0177 9.51142 49.4
      vertex -28.592 8.29203 49.4
    endloop
  endfacet
  facet normal -0 0 1
    outer loop
      vertex -29.4406 9.14056 49.4
      vertex -28.592 8.29203 49.4
      vertex -29.0177 9.51142 49.4
    endloop
  endfacet
  facet normal 0 0 1
    outer loop
      vertex -28.592 8.29203 49.4
      vertex -29.4406 9.14056 49.4
      vertex -28.8594 7.98716 49.4
    endloop
  endfacet
  facet normal -0 0 1
    outer loop
      vertex -29.8114 8.71767 49.4
      vertex -28.8594 7.98716 49.4
      vertex -29.4406 9.14056 49.4
    endloop
  endfacet
  facet normal -0 0 1
    outer loop
      vertex -30.1 8.28578 49.4
      vertex -28.8594 7.98716 49.4
      vertex -29.8114 8.71767 49.4
    endloop
  endfacet
  facet normal 0 0 1
    outer loop
      vertex -28.8594 7.98716 49.4
      vertex -30.1 8.28578 49.4
      vertex -29.0847 7.65 49.4
    endloop
  endfacet
  facet normal 0 0 1
    outer loop
      vertex -29.0847 7.65 49.4
      vertex -30.1 8.28578 49.4
      vertex -29.264 7.28632 49.4
    endloop
  endfacet
  facet normal 0 0 1
    outer loop
      vertex -29.264 7.28632 49.4
      vertex -30.1 8.28578 49.4
      vertex -29.3944 6.90234 49.4
    endloop
  endfacet
  facet normal 0 0 1
    outer loop
      vertex -29.3944 6.90234 49.4
      vertex -30.1 8.28578 49.4
      vertex -29.4735 6.50463 49.4
    endloop
  endfacet
  facet normal -0 0 1
    outer loop
      vertex -23.536 4.91368 49.4
      vertex -22.4273 4.45446 49.4
      vertex -23.4056 5.29766 49.4
    endloop
  endfacet
  facet normal 0 0 1
    outer loop
      vertex -22.4273 4.45446 49.4
      vertex -23.536 4.91368 49.4
      vertex -22.6761 3.95 49.4
    endloop
  endfacet
  facet normal -0 0 1
    outer loop
      vertex -23.7153 4.55 49.4
      vertex -22.6761 3.95 49.4
      vertex -23.536 4.91368 49.4
    endloop
  endfacet
  facet normal 0 0 1
    outer loop
      vertex -22.6761 3.95 49.4
      vertex -23.7153 4.55 49.4
      vertex -22.9886 3.48233 49.4
    endloop
  endfacet
  facet normal -0 0 1
    outer loop
      vertex -23.9406 4.21284 49.4
      vertex -22.9886 3.48233 49.4
      vertex -23.7153 4.55 49.4
    endloop
  endfacet
  facet normal 0 0 1
    outer loop
      vertex -22.9886 3.48233 49.4
      vertex -23.9406 4.21284 49.4
      vertex -23.3594 3.05944 49.4
    endloop
  endfacet
  facet normal -0 0 1
    outer loop
      vertex -24.208 3.90797 49.4
      vertex -23.3594 3.05944 49.4
      vertex -23.9406 4.21284 49.4
    endloop
  endfacet
  facet normal 0 0 1
    outer loop
      vertex -23.3594 3.05944 49.4
      vertex -24.208 3.90797 49.4
      vertex -23.7823 2.68858 49.4
    endloop
  endfacet
  facet normal -0 0 1
    outer loop
      vertex -24.5128 3.6406 49.4
      vertex -23.7823 2.68858 49.4
      vertex -24.208 3.90797 49.4
    endloop
  endfacet
  facet normal 0 0 1
    outer loop
      vertex -23.7823 2.68858 49.4
      vertex -24.5128 3.6406 49.4
      vertex -24.2142 2.4 49.4
    endloop
  endfacet
  facet normal -0 0 1
    outer loop
      vertex -24.85 3.41532 49.4
      vertex -24.2142 2.4 49.4
      vertex -24.5128 3.6406 49.4
    endloop
  endfacet
  facet normal -0 0 1
    outer loop
      vertex -25.2137 3.23597 49.4
      vertex -24.2142 2.4 49.4
      vertex -24.85 3.41532 49.4
    endloop
  endfacet
  facet normal -0 0 1
    outer loop
      vertex -25.5977 3.10563 49.4
      vertex -24.2142 2.4 49.4
      vertex -25.2137 3.23597 49.4
    endloop
  endfacet
  facet normal -0 0 1
    outer loop
      vertex -25.9954 3.02652 49.4
      vertex -24.2142 2.4 49.4
      vertex -25.5977 3.10563 49.4
    endloop
  endfacet
  facet normal -0 0 1
    outer loop
      vertex -26.4 3 49.4
      vertex -24.2142 2.4 49.4
      vertex -25.9954 3.02652 49.4
    endloop
  endfacet
  facet normal 0 0 1
    outer loop
      vertex -28.5858 2.4 49.4
      vertex -26.4 3 49.4
      vertex -26.8046 3.02652 49.4
    endloop
  endfacet
  facet normal 0 0 1
    outer loop
      vertex -28.5858 2.4 49.4
      vertex -26.8046 3.02652 49.4
      vertex -27.2023 3.10563 49.4
    endloop
  endfacet
  facet normal 0 0 1
    outer loop
      vertex -26.4 3 49.4
      vertex -28.5858 2.4 49.4
      vertex -24.2142 2.4 49.4
    endloop
  endfacet
  facet normal 0 0 1
    outer loop
      vertex -27.5863 3.23597 49.4
      vertex -28.5858 2.4 49.4
      vertex -27.2023 3.10563 49.4
    endloop
  endfacet
  facet normal 0 0 1
    outer loop
      vertex -27.95 3.41532 49.4
      vertex -28.5858 2.4 49.4
      vertex -27.5863 3.23597 49.4
    endloop
  endfacet
  facet normal 0 0 1
    outer loop
      vertex -28.2872 3.6406 49.4
      vertex -28.5858 2.4 49.4
      vertex -27.95 3.41532 49.4
    endloop
  endfacet
  facet normal 0 0 1
    outer loop
      vertex -29.0177 2.68858 49.4
      vertex -28.2872 3.6406 49.4
      vertex -28.592 3.90797 49.4
    endloop
  endfacet
  facet normal 0 0 1
    outer loop
      vertex -29.4406 3.05944 49.4
      vertex -28.592 3.90797 49.4
      vertex -28.8594 4.21284 49.4
    endloop
  endfacet
  facet normal 0 0 1
    outer loop
      vertex -28.2872 3.6406 49.4
      vertex -29.0177 2.68858 49.4
      vertex -28.5858 2.4 49.4
    endloop
  endfacet
  facet normal 0 0 1
    outer loop
      vertex -30.1 3.91422 49.4
      vertex -28.8594 4.21284 49.4
      vertex -29.0847 4.55 49.4
    endloop
  endfacet
  facet normal 0 0 1
    outer loop
      vertex -30.1 3.91422 49.4
      vertex -29.0847 4.55 49.4
      vertex -29.264 4.91368 49.4
    endloop
  endfacet
  facet normal 0 0 1
    outer loop
      vertex -30.1 3.91422 49.4
      vertex -29.264 4.91368 49.4
      vertex -29.3944 5.29766 49.4
    endloop
  endfacet
  facet normal 0 0 1
    outer loop
      vertex -28.592 3.90797 49.4
      vertex -29.4406 3.05944 49.4
      vertex -29.0177 2.68858 49.4
    endloop
  endfacet
  facet normal 0 0 1
    outer loop
      vertex -30.1 3.91422 49.4
      vertex -29.3944 5.29766 49.4
      vertex -29.4735 5.69537 49.4
    endloop
  endfacet
  facet normal 0 0 1
    outer loop
      vertex -30.1 3.91422 49.4
      vertex -29.4735 5.69537 49.4
      vertex -29.5 6.1 49.4
    endloop
  endfacet
  facet normal 0 0 1
    outer loop
      vertex -29.4735 6.50463 49.4
      vertex -30.1 8.28578 49.4
      vertex -29.5 6.1 49.4
    endloop
  endfacet
  facet normal 0 0 1
    outer loop
      vertex -28.8594 4.21284 49.4
      vertex -29.8114 3.48233 49.4
      vertex -29.4406 3.05944 49.4
    endloop
  endfacet
  facet normal 0 0 1
    outer loop
      vertex -30.1 3.91422 49.4
      vertex -29.5 6.1 49.4
      vertex -30.1 8.28578 49.4
    endloop
  endfacet
  facet normal 0 0 1
    outer loop
      vertex -28.8594 4.21284 49.4
      vertex -30.1 3.91422 49.4
      vertex -29.8114 3.48233 49.4
    endloop
  endfacet
  facet normal -0.831452 0.555597 0
    outer loop
      vertex -30.1 8.28578 46.8
      vertex -29.8114 8.71767 49.4
      vertex -29.8114 8.71767 46.8
    endloop
  endfacet
  facet normal -0.831452 0.555597 0
    outer loop
      vertex -29.8114 8.71767 49.4
      vertex -30.1 8.28578 46.8
      vertex -30.1 8.28578 49.4
    endloop
  endfacet
  facet normal -0.0654216 0.997858 0
    outer loop
      vertex -26.4 10.4 46.8
      vertex -26.9613 10.3632 49.4
      vertex -26.4 10.4 49.4
    endloop
  endfacet
  facet normal -0.0654216 0.997858 0
    outer loop
      vertex -26.9613 10.3632 49.4
      vertex -26.4 10.4 46.8
      vertex -26.9613 10.3632 46.8
    endloop
  endfacet
  facet normal 0.706348 -0.046313 -0.706348
    outer loop
      vertex -22.1368 5.53874 46.8
      vertex -26.4 6.1 42.5
      vertex -22.1 6.1 46.8
    endloop
  endfacet
  facet normal -0.70635 0.0462576 -0.70635
    outer loop
      vertex -30.1 6.1 46.2
      vertex -30.1 6.58711 46.2319
      vertex -26.4 6.1 42.5
    endloop
  endfacet
  facet normal -0.138105 -0.694259 -0.706351
    outer loop
      vertex -26.8871 2.4 46.2319
      vertex -27.3914 2.4 46.3305
      vertex -26.4 6.1 42.5
    endloop
  endfacet
  facet normal 0.0463097 0.706348 -0.706348
    outer loop
      vertex -26.4 6.1 42.5
      vertex -26.4 10.4 46.8
      vertex -25.8387 10.3632 46.8
    endloop
  endfacet
  facet normal -0.53224 -0.466681 -0.706349
    outer loop
      vertex -29.4406 3.05944 46.8
      vertex -29.8114 3.48233 46.8
      vertex -26.4 6.1 42.5
    endloop
  endfacet
  facet normal 0.393156 -0.588412 -0.706541
    outer loop
      vertex -24.2638 2.4 46.7724
      vertex -23.7823 2.68858 46.8
      vertex -24.2142 2.4 46.8
    endloop
  endfacet
  facet normal 0.393246 -0.588582 -0.706349
    outer loop
      vertex -23.7823 2.68858 46.8
      vertex -24.2638 2.4 46.7724
      vertex -26.4 6.1 42.5
    endloop
  endfacet
  facet normal -0.466717 0.532207 -0.70635
    outer loop
      vertex -26.4 6.1 42.5
      vertex -29.4406 9.14056 46.8
      vertex -29.0177 9.51142 46.8
    endloop
  endfacet
  facet normal 0.53224 0.466681 -0.706349
    outer loop
      vertex -22.9886 8.71767 46.8
      vertex -26.4 6.1 42.5
      vertex -23.3594 9.14056 46.8
    endloop
  endfacet
  facet normal -0.393156 -0.588412 -0.706541
    outer loop
      vertex -29.0177 2.68858 46.8
      vertex -28.5362 2.4 46.7724
      vertex -28.5858 2.4 46.8
    endloop
  endfacet
  facet normal -0.393246 -0.588582 -0.706349
    outer loop
      vertex -28.5362 2.4 46.7724
      vertex -29.0177 2.68858 46.8
      vertex -26.4 6.1 42.5
    endloop
  endfacet
  facet normal -0.670268 -0.227627 -0.706347
    outer loop
      vertex -30.1 4.56741 46.5049
      vertex -30.1 5.10859 46.3305
      vertex -26.4 6.1 42.5
    endloop
  endfacet
  facet normal 0.138105 -0.694259 -0.706351
    outer loop
      vertex -25.9129 2.4 46.2319
      vertex -26.4 6.1 42.5
      vertex -25.4086 2.4 46.3305
    endloop
  endfacet
  facet normal 0.588561 -0.39328 -0.706348
    outer loop
      vertex -22.9886 3.48233 46.8
      vertex -26.4 6.1 42.5
      vertex -22.6761 3.95 46.8
    endloop
  endfacet
  facet normal -0.634892 0.313029 -0.706346
    outer loop
      vertex -30.1 7.63259 46.5049
      vertex -30.1 8.2362 46.7724
      vertex -26.4 6.1 42.5
    endloop
  endfacet
  facet normal -0.227543 0.670295 -0.706349
    outer loop
      vertex -26.4 6.1 42.5
      vertex -28.0455 10.0727 46.8
      vertex -27.5129 10.2535 46.8
    endloop
  endfacet
  facet normal 0.313078 0.634865 -0.706349
    outer loop
      vertex -24.25 9.82391 46.8
      vertex -26.4 6.1 42.5
      vertex -24.7545 10.0727 46.8
    endloop
  endfacet
  facet normal 0.670297 0.227535 -0.70635
    outer loop
      vertex -22.2465 7.21292 46.8
      vertex -26.4 6.1 42.5
      vertex -22.4273 7.74554 46.8
    endloop
  endfacet
  facet normal -0.227618 -0.670271 -0.706347
    outer loop
      vertex -27.3914 2.4 46.3305
      vertex -27.9326 2.4 46.5049
      vertex -26.4 6.1 42.5
    endloop
  endfacet
  facet normal -0.466717 -0.532207 -0.70635
    outer loop
      vertex -29.0177 2.68858 46.8
      vertex -29.4406 3.05944 46.8
      vertex -26.4 6.1 42.5
    endloop
  endfacet
  facet normal -0.588495 -0.393247 -0.706421
    outer loop
      vertex -30.1 3.9638 46.7724
      vertex -29.8114 3.48233 46.8
      vertex -30.1 3.91422 46.8
    endloop
  endfacet
  facet normal -0.58856 -0.393282 -0.706348
    outer loop
      vertex -29.8114 3.48233 46.8
      vertex -30.1 3.9638 46.7724
      vertex -26.4 6.1 42.5
    endloop
  endfacet
  facet normal -0.694259 -0.138105 -0.706351
    outer loop
      vertex -30.1 5.10859 46.3305
      vertex -30.1 5.61289 46.2319
      vertex -26.4 6.1 42.5
    endloop
  endfacet
  facet normal 0.313035 -0.634889 -0.706346
    outer loop
      vertex -24.8674 2.4 46.5049
      vertex -26.4 6.1 42.5
      vertex -24.2638 2.4 46.7724
    endloop
  endfacet
  facet normal -0.0462586 -0.70635 -0.70635
    outer loop
      vertex -26.4 2.4 46.2
      vertex -26.8871 2.4 46.2319
      vertex -26.4 6.1 42.5
    endloop
  endfacet
  facet normal 0.53224 -0.466681 -0.706349
    outer loop
      vertex -23.3594 3.05944 46.8
      vertex -26.4 6.1 42.5
      vertex -22.9886 3.48233 46.8
    endloop
  endfacet
  facet normal 0.670297 -0.227535 -0.70635
    outer loop
      vertex -22.4273 4.45446 46.8
      vertex -26.4 6.1 42.5
      vertex -22.2465 4.98708 46.8
    endloop
  endfacet
  facet normal 0.69427 -0.138059 -0.706349
    outer loop
      vertex -22.2465 4.98708 46.8
      vertex -26.4 6.1 42.5
      vertex -22.1368 5.53874 46.8
    endloop
  endfacet
  facet normal -0.670268 0.227627 -0.706347
    outer loop
      vertex -30.1 7.09141 46.3305
      vertex -30.1 7.63259 46.5049
      vertex -26.4 6.1 42.5
    endloop
  endfacet
  facet normal -0.53224 0.466681 -0.706349
    outer loop
      vertex -26.4 6.1 42.5
      vertex -29.8114 8.71767 46.8
      vertex -29.4406 9.14056 46.8
    endloop
  endfacet
  facet normal -0.393253 0.588577 -0.706349
    outer loop
      vertex -26.4 6.1 42.5
      vertex -29.0177 9.51142 46.8
      vertex -28.55 9.82391 46.8
    endloop
  endfacet
  facet normal -0.138073 0.694267 -0.706349
    outer loop
      vertex -26.4 6.1 42.5
      vertex -27.5129 10.2535 46.8
      vertex -26.9613 10.3632 46.8
    endloop
  endfacet
  facet normal 0.227543 0.670295 -0.706349
    outer loop
      vertex -24.7545 10.0727 46.8
      vertex -26.4 6.1 42.5
      vertex -25.2871 10.2535 46.8
    endloop
  endfacet
  facet normal 0.466717 0.532207 -0.70635
    outer loop
      vertex -23.3594 9.14056 46.8
      vertex -26.4 6.1 42.5
      vertex -23.7823 9.51142 46.8
    endloop
  endfacet
  facet normal 0.588561 0.39328 -0.706348
    outer loop
      vertex -22.6761 8.25 46.8
      vertex -26.4 6.1 42.5
      vertex -22.9886 8.71767 46.8
    endloop
  endfacet
  facet normal 0.69427 0.138059 -0.706349
    outer loop
      vertex -22.1368 6.66126 46.8
      vertex -26.4 6.1 42.5
      vertex -22.2465 7.21292 46.8
    endloop
  endfacet
  facet normal -0.313035 -0.634889 -0.706346
    outer loop
      vertex -27.9326 2.4 46.5049
      vertex -28.5362 2.4 46.7724
      vertex -26.4 6.1 42.5
    endloop
  endfacet
  facet normal -0.634892 -0.313029 -0.706346
    outer loop
      vertex -30.1 3.9638 46.7724
      vertex -30.1 4.56741 46.5049
      vertex -26.4 6.1 42.5
    endloop
  endfacet
  facet normal -0.70635 -0.0462576 -0.70635
    outer loop
      vertex -30.1 5.61289 46.2319
      vertex -30.1 6.1 46.2
      vertex -26.4 6.1 42.5
    endloop
  endfacet
  facet normal 0.227618 -0.670271 -0.706347
    outer loop
      vertex -25.4086 2.4 46.3305
      vertex -26.4 6.1 42.5
      vertex -24.8674 2.4 46.5049
    endloop
  endfacet
  facet normal 0.0462586 -0.70635 -0.70635
    outer loop
      vertex -26.4 2.4 46.2
      vertex -26.4 6.1 42.5
      vertex -25.9129 2.4 46.2319
    endloop
  endfacet
  facet normal 0.466717 -0.532207 -0.70635
    outer loop
      vertex -23.7823 2.68858 46.8
      vertex -26.4 6.1 42.5
      vertex -23.3594 3.05944 46.8
    endloop
  endfacet
  facet normal 0.63485 -0.313108 -0.706349
    outer loop
      vertex -22.6761 3.95 46.8
      vertex -26.4 6.1 42.5
      vertex -22.4273 4.45446 46.8
    endloop
  endfacet
  facet normal -0.694259 0.138105 -0.706351
    outer loop
      vertex -30.1 6.58711 46.2319
      vertex -30.1 7.09141 46.3305
      vertex -26.4 6.1 42.5
    endloop
  endfacet
  facet normal -0.58856 0.393282 -0.706348
    outer loop
      vertex -30.1 8.2362 46.7724
      vertex -29.8114 8.71767 46.8
      vertex -26.4 6.1 42.5
    endloop
  endfacet
  facet normal -0.588495 0.393247 -0.706421
    outer loop
      vertex -29.8114 8.71767 46.8
      vertex -30.1 8.2362 46.7724
      vertex -30.1 8.28578 46.8
    endloop
  endfacet
  facet normal -0.313078 0.634865 -0.706349
    outer loop
      vertex -26.4 6.1 42.5
      vertex -28.55 9.82391 46.8
      vertex -28.0455 10.0727 46.8
    endloop
  endfacet
  facet normal -0.0463097 0.706348 -0.706348
    outer loop
      vertex -26.4 6.1 42.5
      vertex -26.9613 10.3632 46.8
      vertex -26.4 10.4 46.8
    endloop
  endfacet
  facet normal 0.138073 0.694267 -0.706349
    outer loop
      vertex -25.2871 10.2535 46.8
      vertex -26.4 6.1 42.5
      vertex -25.8387 10.3632 46.8
    endloop
  endfacet
  facet normal 0.393253 0.588577 -0.706349
    outer loop
      vertex -23.7823 9.51142 46.8
      vertex -26.4 6.1 42.5
      vertex -24.25 9.82391 46.8
    endloop
  endfacet
  facet normal 0.63485 0.313108 -0.706349
    outer loop
      vertex -22.4273 7.74554 46.8
      vertex -26.4 6.1 42.5
      vertex -22.6761 8.25 46.8
    endloop
  endfacet
  facet normal 0.706348 0.046313 -0.706348
    outer loop
      vertex -22.1 6.1 46.8
      vertex -26.4 6.1 42.5
      vertex -22.1368 6.66126 46.8
    endloop
  endfacet
  facet normal -0.997858 -0.0654216 0
    outer loop
      vertex 22.1368 35.3387 46.8
      vertex 22.1 35.9 49.4
      vertex 22.1 35.9 46.8
    endloop
  endfacet
  facet normal -0.997858 -0.0654216 0
    outer loop
      vertex 22.1 35.9 49.4
      vertex 22.1368 35.3387 46.8
      vertex 22.1368 35.3387 49.4
    endloop
  endfacet
  facet normal -0.0654216 -0.997858 0
    outer loop
      vertex 25.8387 31.6368 46.8
      vertex 26.4 31.6 49.4
      vertex 25.8387 31.6368 49.4
    endloop
  endfacet
  facet normal -0.0654216 -0.997858 -0
    outer loop
      vertex 26.4 31.6 49.4
      vertex 25.8387 31.6368 46.8
      vertex 26.4 31.6 46.8
    endloop
  endfacet
  facet normal 0.659272 -0.751904 0
    outer loop
      vertex 29.0177 32.4886 46.8
      vertex 29.4406 32.8594 49.4
      vertex 29.0177 32.4886 49.4
    endloop
  endfacet
  facet normal 0.659272 -0.751904 0
    outer loop
      vertex 29.4406 32.8594 49.4
      vertex 29.0177 32.4886 46.8
      vertex 29.4406 32.8594 46.8
    endloop
  endfacet
  facet normal -0.659272 -0.751904 0
    outer loop
      vertex 23.3594 32.8594 46.8
      vertex 23.7823 32.4886 49.4
      vertex 23.3594 32.8594 49.4
    endloop
  endfacet
  facet normal -0.659272 -0.751904 -0
    outer loop
      vertex 23.7823 32.4886 49.4
      vertex 23.3594 32.8594 46.8
      vertex 23.7823 32.4886 46.8
    endloop
  endfacet
  facet normal -0.4423 -0.896867 0
    outer loop
      vertex 24.25 32.1761 46.8
      vertex 24.7545 31.9273 49.4
      vertex 24.25 32.1761 49.4
    endloop
  endfacet
  facet normal -0.4423 -0.896867 -0
    outer loop
      vertex 24.7545 31.9273 49.4
      vertex 24.25 32.1761 46.8
      vertex 24.7545 31.9273 46.8
    endloop
  endfacet
  facet normal 0.831457 -0.555588 0
    outer loop
      vertex 29.8114 33.2823 49.4
      vertex 30.1 33.7142 46.8
      vertex 30.1 33.7142 49.4
    endloop
  endfacet
  facet normal 0.831457 -0.555588 0
    outer loop
      vertex 30.1 33.7142 46.8
      vertex 29.8114 33.2823 49.4
      vertex 29.8114 33.2823 46.8
    endloop
  endfacet
  facet normal 0.32145 -0.946927 0
    outer loop
      vertex 27.5129 31.7465 46.8
      vertex 28.0455 31.9273 49.4
      vertex 27.5129 31.7465 49.4
    endloop
  endfacet
  facet normal 0.32145 -0.946927 0
    outer loop
      vertex 28.0455 31.9273 49.4
      vertex 27.5129 31.7465 46.8
      vertex 28.0455 31.9273 46.8
    endloop
  endfacet
  facet normal 0.555561 -0.831475 0
    outer loop
      vertex 28.55 32.1761 46.8
      vertex 29.0177 32.4886 49.4
      vertex 28.55 32.1761 49.4
    endloop
  endfacet
  facet normal 0.555561 -0.831475 0
    outer loop
      vertex 29.0177 32.4886 49.4
      vertex 28.55 32.1761 46.8
      vertex 29.0177 32.4886 46.8
    endloop
  endfacet
  facet normal -0.831475 -0.555561 0
    outer loop
      vertex 22.9886 33.2823 46.8
      vertex 22.6761 33.75 49.4
      vertex 22.6761 33.75 46.8
    endloop
  endfacet
  facet normal -0.831475 -0.555561 0
    outer loop
      vertex 22.6761 33.75 49.4
      vertex 22.9886 33.2823 46.8
      vertex 22.9886 33.2823 49.4
    endloop
  endfacet
  facet normal -0.751904 -0.659272 0
    outer loop
      vertex 23.3594 32.8594 46.8
      vertex 22.9886 33.2823 49.4
      vertex 22.9886 33.2823 46.8
    endloop
  endfacet
  facet normal -0.751904 -0.659272 0
    outer loop
      vertex 22.9886 33.2823 49.4
      vertex 23.3594 32.8594 46.8
      vertex 23.3594 32.8594 49.4
    endloop
  endfacet
  facet normal -0.946927 -0.32145 0
    outer loop
      vertex 22.4273 34.2545 46.8
      vertex 22.2465 34.7871 49.4
      vertex 22.2465 34.7871 46.8
    endloop
  endfacet
  facet normal -0.946927 -0.32145 0
    outer loop
      vertex 22.2465 34.7871 49.4
      vertex 22.4273 34.2545 46.8
      vertex 22.4273 34.2545 49.4
    endloop
  endfacet
  facet normal -0.555561 -0.831475 0
    outer loop
      vertex 23.7823 32.4886 46.8
      vertex 24.25 32.1761 49.4
      vertex 23.7823 32.4886 49.4
    endloop
  endfacet
  facet normal -0.555561 -0.831475 -0
    outer loop
      vertex 24.25 32.1761 49.4
      vertex 23.7823 32.4886 46.8
      vertex 24.25 32.1761 46.8
    endloop
  endfacet
  facet normal -0.195056 -0.980792 0
    outer loop
      vertex 25.2871 31.7465 46.8
      vertex 25.8387 31.6368 49.4
      vertex 25.2871 31.7465 49.4
    endloop
  endfacet
  facet normal -0.195056 -0.980792 -0
    outer loop
      vertex 25.8387 31.6368 49.4
      vertex 25.2871 31.7465 46.8
      vertex 25.8387 31.6368 46.8
    endloop
  endfacet
  facet normal 0.751904 -0.659272 0
    outer loop
      vertex 29.4406 32.8594 49.4
      vertex 29.8114 33.2823 46.8
      vertex 29.8114 33.2823 49.4
    endloop
  endfacet
  facet normal 0.751904 -0.659272 0
    outer loop
      vertex 29.8114 33.2823 46.8
      vertex 29.4406 32.8594 49.4
      vertex 29.4406 32.8594 46.8
    endloop
  endfacet
  facet normal 0.195056 -0.980792 0
    outer loop
      vertex 26.9613 31.6368 46.8
      vertex 27.5129 31.7465 49.4
      vertex 26.9613 31.6368 49.4
    endloop
  endfacet
  facet normal 0.195056 -0.980792 0
    outer loop
      vertex 27.5129 31.7465 49.4
      vertex 26.9613 31.6368 46.8
      vertex 27.5129 31.7465 46.8
    endloop
  endfacet
  facet normal 0.0654216 -0.997858 0
    outer loop
      vertex 26.4 31.6 46.8
      vertex 26.9613 31.6368 49.4
      vertex 26.4 31.6 49.4
    endloop
  endfacet
  facet normal 0.0654216 -0.997858 0
    outer loop
      vertex 26.9613 31.6368 49.4
      vertex 26.4 31.6 46.8
      vertex 26.9613 31.6368 46.8
    endloop
  endfacet
  facet normal -0.896867 -0.4423 0
    outer loop
      vertex 22.6761 33.75 46.8
      vertex 22.4273 34.2545 49.4
      vertex 22.4273 34.2545 46.8
    endloop
  endfacet
  facet normal -0.896867 -0.4423 0
    outer loop
      vertex 22.4273 34.2545 49.4
      vertex 22.6761 33.75 46.8
      vertex 22.6761 33.75 49.4
    endloop
  endfacet
  facet normal -0.980792 -0.195056 0
    outer loop
      vertex 22.2465 34.7871 46.8
      vertex 22.1368 35.3387 49.4
      vertex 22.1368 35.3387 46.8
    endloop
  endfacet
  facet normal -0.980792 -0.195056 0
    outer loop
      vertex 22.1368 35.3387 49.4
      vertex 22.2465 34.7871 46.8
      vertex 22.2465 34.7871 49.4
    endloop
  endfacet
  facet normal 0.831457 0.555588 0
    outer loop
      vertex 30.1 38.0858 49.4
      vertex 29.8114 38.5177 46.8
      vertex 29.8114 38.5177 49.4
    endloop
  endfacet
  facet normal 0.831457 0.555588 0
    outer loop
      vertex 29.8114 38.5177 46.8
      vertex 30.1 38.0858 49.4
      vertex 30.1 38.0858 46.8
    endloop
  endfacet
  facet normal 0 0 1
    outer loop
      vertex 28.8594 37.7872 49.4
      vertex 30.1 38.0858 49.4
      vertex 29.8114 38.5177 49.4
    endloop
  endfacet
  facet normal 0 0 1
    outer loop
      vertex 30.1 38.0858 49.4
      vertex 29.5 35.9 49.4
      vertex 30.1 33.7142 49.4
    endloop
  endfacet
  facet normal -0 0 1
    outer loop
      vertex 29.4735 35.4954 49.4
      vertex 30.1 33.7142 49.4
      vertex 29.5 35.9 49.4
    endloop
  endfacet
  facet normal 0 0 1
    outer loop
      vertex 30.1 38.0858 49.4
      vertex 29.4735 36.3046 49.4
      vertex 29.5 35.9 49.4
    endloop
  endfacet
  facet normal 0 0 1
    outer loop
      vertex 28.8594 37.7872 49.4
      vertex 29.8114 38.5177 49.4
      vertex 29.4406 38.9406 49.4
    endloop
  endfacet
  facet normal 0 0 1
    outer loop
      vertex 30.1 38.0858 49.4
      vertex 29.3944 36.7023 49.4
      vertex 29.4735 36.3046 49.4
    endloop
  endfacet
  facet normal 0 0 1
    outer loop
      vertex 30.1 38.0858 49.4
      vertex 29.264 37.0863 49.4
      vertex 29.3944 36.7023 49.4
    endloop
  endfacet
  facet normal 0 0 1
    outer loop
      vertex 30.1 38.0858 49.4
      vertex 29.0847 37.45 49.4
      vertex 29.264 37.0863 49.4
    endloop
  endfacet
  facet normal 0 0 1
    outer loop
      vertex 28.592 38.092 49.4
      vertex 29.4406 38.9406 49.4
      vertex 29.0177 39.3114 49.4
    endloop
  endfacet
  facet normal 0 0 1
    outer loop
      vertex 30.1 38.0858 49.4
      vertex 28.8594 37.7872 49.4
      vertex 29.0847 37.45 49.4
    endloop
  endfacet
  facet normal 0 0 1
    outer loop
      vertex 29.4406 38.9406 49.4
      vertex 28.592 38.092 49.4
      vertex 28.8594 37.7872 49.4
    endloop
  endfacet
  facet normal 0 0 1
    outer loop
      vertex 28.2872 38.3594 49.4
      vertex 29.0177 39.3114 49.4
      vertex 28.5858 39.6 49.4
    endloop
  endfacet
  facet normal 0 0 1
    outer loop
      vertex 29.0177 39.3114 49.4
      vertex 28.2872 38.3594 49.4
      vertex 28.592 38.092 49.4
    endloop
  endfacet
  facet normal 0 0 1
    outer loop
      vertex 28.5858 39.6 49.4
      vertex 27.95 38.5847 49.4
      vertex 28.2872 38.3594 49.4
    endloop
  endfacet
  facet normal 0 0 1
    outer loop
      vertex 28.5858 39.6 49.4
      vertex 27.5863 38.764 49.4
      vertex 27.95 38.5847 49.4
    endloop
  endfacet
  facet normal 0 0 1
    outer loop
      vertex 28.5858 39.6 49.4
      vertex 27.2023 38.8944 49.4
      vertex 27.5863 38.764 49.4
    endloop
  endfacet
  facet normal 0 0 1
    outer loop
      vertex 28.5858 39.6 49.4
      vertex 26.8046 38.9735 49.4
      vertex 27.2023 38.8944 49.4
    endloop
  endfacet
  facet normal 0 0 1
    outer loop
      vertex 28.5858 39.6 49.4
      vertex 26.4 39 49.4
      vertex 26.8046 38.9735 49.4
    endloop
  endfacet
  facet normal -0 0 1
    outer loop
      vertex 24.2142 39.6 49.4
      vertex 26.4 39 49.4
      vertex 28.5858 39.6 49.4
    endloop
  endfacet
  facet normal 0 0 1
    outer loop
      vertex 26.4 39 49.4
      vertex 24.2142 39.6 49.4
      vertex 25.9954 38.9735 49.4
    endloop
  endfacet
  facet normal 0 0 1
    outer loop
      vertex 25.9954 38.9735 49.4
      vertex 24.2142 39.6 49.4
      vertex 25.5977 38.8944 49.4
    endloop
  endfacet
  facet normal 0 0 1
    outer loop
      vertex 24.2142 39.6 49.4
      vertex 25.2137 38.764 49.4
      vertex 25.5977 38.8944 49.4
    endloop
  endfacet
  facet normal 0 0 1
    outer loop
      vertex 24.2142 39.6 49.4
      vertex 24.85 38.5847 49.4
      vertex 25.2137 38.764 49.4
    endloop
  endfacet
  facet normal 0 0 1
    outer loop
      vertex 24.2142 39.6 49.4
      vertex 24.5128 38.3594 49.4
      vertex 24.85 38.5847 49.4
    endloop
  endfacet
  facet normal -0 0 1
    outer loop
      vertex 23.7823 39.3114 49.4
      vertex 24.5128 38.3594 49.4
      vertex 24.2142 39.6 49.4
    endloop
  endfacet
  facet normal 0 0 1
    outer loop
      vertex 24.5128 38.3594 49.4
      vertex 23.7823 39.3114 49.4
      vertex 24.208 38.092 49.4
    endloop
  endfacet
  facet normal -0 0 1
    outer loop
      vertex 23.3594 38.9406 49.4
      vertex 24.208 38.092 49.4
      vertex 23.7823 39.3114 49.4
    endloop
  endfacet
  facet normal 0 0 1
    outer loop
      vertex 24.208 38.092 49.4
      vertex 23.3594 38.9406 49.4
      vertex 23.9406 37.7872 49.4
    endloop
  endfacet
  facet normal -0 0 1
    outer loop
      vertex 22.9886 38.5177 49.4
      vertex 23.9406 37.7872 49.4
      vertex 23.3594 38.9406 49.4
    endloop
  endfacet
  facet normal 0 0 1
    outer loop
      vertex 23.9406 37.7872 49.4
      vertex 22.9886 38.5177 49.4
      vertex 23.7153 37.45 49.4
    endloop
  endfacet
  facet normal -0 0 1
    outer loop
      vertex 22.6761 38.05 49.4
      vertex 23.7153 37.45 49.4
      vertex 22.9886 38.5177 49.4
    endloop
  endfacet
  facet normal 0 0 1
    outer loop
      vertex 23.7153 37.45 49.4
      vertex 22.6761 38.05 49.4
      vertex 23.536 37.0863 49.4
    endloop
  endfacet
  facet normal -0 0 1
    outer loop
      vertex 22.4273 37.5455 49.4
      vertex 23.536 37.0863 49.4
      vertex 22.6761 38.05 49.4
    endloop
  endfacet
  facet normal 0 0 1
    outer loop
      vertex 23.536 37.0863 49.4
      vertex 22.4273 37.5455 49.4
      vertex 23.4056 36.7023 49.4
    endloop
  endfacet
  facet normal -0 0 1
    outer loop
      vertex 29.3944 35.0977 49.4
      vertex 30.1 33.7142 49.4
      vertex 29.4735 35.4954 49.4
    endloop
  endfacet
  facet normal -0 0 1
    outer loop
      vertex 29.264 34.7137 49.4
      vertex 30.1 33.7142 49.4
      vertex 29.3944 35.0977 49.4
    endloop
  endfacet
  facet normal -0 0 1
    outer loop
      vertex 29.0847 34.35 49.4
      vertex 30.1 33.7142 49.4
      vertex 29.264 34.7137 49.4
    endloop
  endfacet
  facet normal -0 0 1
    outer loop
      vertex 28.8594 34.0128 49.4
      vertex 30.1 33.7142 49.4
      vertex 29.0847 34.35 49.4
    endloop
  endfacet
  facet normal 0 0 1
    outer loop
      vertex 30.1 33.7142 49.4
      vertex 28.8594 34.0128 49.4
      vertex 29.8114 33.2823 49.4
    endloop
  endfacet
  facet normal 0 0 1
    outer loop
      vertex 29.8114 33.2823 49.4
      vertex 28.8594 34.0128 49.4
      vertex 29.4406 32.8594 49.4
    endloop
  endfacet
  facet normal -0 0 1
    outer loop
      vertex 28.592 33.708 49.4
      vertex 29.4406 32.8594 49.4
      vertex 28.8594 34.0128 49.4
    endloop
  endfacet
  facet normal 0 0 1
    outer loop
      vertex 29.4406 32.8594 49.4
      vertex 28.592 33.708 49.4
      vertex 29.0177 32.4886 49.4
    endloop
  endfacet
  facet normal -0 0 1
    outer loop
      vertex 28.2872 33.4406 49.4
      vertex 29.0177 32.4886 49.4
      vertex 28.592 33.708 49.4
    endloop
  endfacet
  facet normal 0 0 1
    outer loop
      vertex 29.0177 32.4886 49.4
      vertex 28.2872 33.4406 49.4
      vertex 28.55 32.1761 49.4
    endloop
  endfacet
  facet normal -0 0 1
    outer loop
      vertex 27.95 33.2153 49.4
      vertex 28.55 32.1761 49.4
      vertex 28.2872 33.4406 49.4
    endloop
  endfacet
  facet normal 0 0 1
    outer loop
      vertex 28.55 32.1761 49.4
      vertex 27.95 33.2153 49.4
      vertex 28.0455 31.9273 49.4
    endloop
  endfacet
  facet normal -0 0 1
    outer loop
      vertex 27.5863 33.036 49.4
      vertex 28.0455 31.9273 49.4
      vertex 27.95 33.2153 49.4
    endloop
  endfacet
  facet normal 0 0 1
    outer loop
      vertex 27.5863 33.036 49.4
      vertex 27.5129 31.7465 49.4
      vertex 28.0455 31.9273 49.4
    endloop
  endfacet
  facet normal -0 0 1
    outer loop
      vertex 27.2023 32.9056 49.4
      vertex 27.5129 31.7465 49.4
      vertex 27.5863 33.036 49.4
    endloop
  endfacet
  facet normal 0 0 1
    outer loop
      vertex 27.2023 32.9056 49.4
      vertex 26.9613 31.6368 49.4
      vertex 27.5129 31.7465 49.4
    endloop
  endfacet
  facet normal -0 0 1
    outer loop
      vertex 26.8046 32.8265 49.4
      vertex 26.9613 31.6368 49.4
      vertex 27.2023 32.9056 49.4
    endloop
  endfacet
  facet normal -0 0 1
    outer loop
      vertex 26.4 32.8 49.4
      vertex 26.9613 31.6368 49.4
      vertex 26.8046 32.8265 49.4
    endloop
  endfacet
  facet normal 0 0 1
    outer loop
      vertex 26.4 32.8 49.4
      vertex 26.4 31.6 49.4
      vertex 26.9613 31.6368 49.4
    endloop
  endfacet
  facet normal 0 0 1
    outer loop
      vertex 25.9954 32.8265 49.4
      vertex 26.4 31.6 49.4
      vertex 26.4 32.8 49.4
    endloop
  endfacet
  facet normal 0 0 1
    outer loop
      vertex 25.9954 32.8265 49.4
      vertex 25.8387 31.6368 49.4
      vertex 26.4 31.6 49.4
    endloop
  endfacet
  facet normal 0 0 1
    outer loop
      vertex 25.5977 32.9056 49.4
      vertex 25.8387 31.6368 49.4
      vertex 25.9954 32.8265 49.4
    endloop
  endfacet
  facet normal 0 0 1
    outer loop
      vertex 25.5977 32.9056 49.4
      vertex 25.2871 31.7465 49.4
      vertex 25.8387 31.6368 49.4
    endloop
  endfacet
  facet normal 0 0 1
    outer loop
      vertex 25.2137 33.036 49.4
      vertex 25.2871 31.7465 49.4
      vertex 25.5977 32.9056 49.4
    endloop
  endfacet
  facet normal 0 0 1
    outer loop
      vertex 24.7545 31.9273 49.4
      vertex 25.2137 33.036 49.4
      vertex 24.85 33.2153 49.4
    endloop
  endfacet
  facet normal 0 0 1
    outer loop
      vertex 25.2137 33.036 49.4
      vertex 24.7545 31.9273 49.4
      vertex 25.2871 31.7465 49.4
    endloop
  endfacet
  facet normal 0 0 1
    outer loop
      vertex 24.25 32.1761 49.4
      vertex 24.85 33.2153 49.4
      vertex 24.5128 33.4406 49.4
    endloop
  endfacet
  facet normal 0 0 1
    outer loop
      vertex 24.85 33.2153 49.4
      vertex 24.25 32.1761 49.4
      vertex 24.7545 31.9273 49.4
    endloop
  endfacet
  facet normal 0 0 1
    outer loop
      vertex 23.7823 32.4886 49.4
      vertex 24.5128 33.4406 49.4
      vertex 24.208 33.708 49.4
    endloop
  endfacet
  facet normal 0 0 1
    outer loop
      vertex 23.3594 32.8594 49.4
      vertex 24.208 33.708 49.4
      vertex 23.9406 34.0128 49.4
    endloop
  endfacet
  facet normal 0 0 1
    outer loop
      vertex 24.5128 33.4406 49.4
      vertex 23.7823 32.4886 49.4
      vertex 24.25 32.1761 49.4
    endloop
  endfacet
  facet normal 0 0 1
    outer loop
      vertex 22.9886 33.2823 49.4
      vertex 23.9406 34.0128 49.4
      vertex 23.7153 34.35 49.4
    endloop
  endfacet
  facet normal 0 0 1
    outer loop
      vertex 22.6761 33.75 49.4
      vertex 23.7153 34.35 49.4
      vertex 23.536 34.7137 49.4
    endloop
  endfacet
  facet normal 0 0 1
    outer loop
      vertex 22.4273 34.2545 49.4
      vertex 23.536 34.7137 49.4
      vertex 23.4056 35.0977 49.4
    endloop
  endfacet
  facet normal 0 0 1
    outer loop
      vertex 24.208 33.708 49.4
      vertex 23.3594 32.8594 49.4
      vertex 23.7823 32.4886 49.4
    endloop
  endfacet
  facet normal 0 0 1
    outer loop
      vertex 22.2465 34.7871 49.4
      vertex 23.4056 35.0977 49.4
      vertex 23.3265 35.4954 49.4
    endloop
  endfacet
  facet normal 0 0 1
    outer loop
      vertex 22.1368 35.3387 49.4
      vertex 23.3265 35.4954 49.4
      vertex 23.3 35.9 49.4
    endloop
  endfacet
  facet normal -0 0 1
    outer loop
      vertex 22.2465 37.0129 49.4
      vertex 23.4056 36.7023 49.4
      vertex 22.4273 37.5455 49.4
    endloop
  endfacet
  facet normal 0 0 1
    outer loop
      vertex 23.9406 34.0128 49.4
      vertex 22.9886 33.2823 49.4
      vertex 23.3594 32.8594 49.4
    endloop
  endfacet
  facet normal 0 0 1
    outer loop
      vertex 23.4056 36.7023 49.4
      vertex 22.2465 37.0129 49.4
      vertex 23.3265 36.3046 49.4
    endloop
  endfacet
  facet normal 0 0 1
    outer loop
      vertex 23.7153 34.35 49.4
      vertex 22.6761 33.75 49.4
      vertex 22.9886 33.2823 49.4
    endloop
  endfacet
  facet normal -0 0 1
    outer loop
      vertex 22.1368 36.4613 49.4
      vertex 23.3265 36.3046 49.4
      vertex 22.2465 37.0129 49.4
    endloop
  endfacet
  facet normal 0 0 1
    outer loop
      vertex 23.536 34.7137 49.4
      vertex 22.4273 34.2545 49.4
      vertex 22.6761 33.75 49.4
    endloop
  endfacet
  facet normal 0 0 1
    outer loop
      vertex 23.3265 36.3046 49.4
      vertex 22.1368 36.4613 49.4
      vertex 23.3 35.9 49.4
    endloop
  endfacet
  facet normal 0 0 1
    outer loop
      vertex 23.4056 35.0977 49.4
      vertex 22.2465 34.7871 49.4
      vertex 22.4273 34.2545 49.4
    endloop
  endfacet
  facet normal 0 0 1
    outer loop
      vertex 22.1 35.9 49.4
      vertex 23.3 35.9 49.4
      vertex 22.1368 36.4613 49.4
    endloop
  endfacet
  facet normal 0 0 1
    outer loop
      vertex 23.3265 35.4954 49.4
      vertex 22.1368 35.3387 49.4
      vertex 22.2465 34.7871 49.4
    endloop
  endfacet
  facet normal 0 0 1
    outer loop
      vertex 23.3 35.9 49.4
      vertex 22.1 35.9 49.4
      vertex 22.1368 35.3387 49.4
    endloop
  endfacet
  facet normal 0.555588 0.831457 -0
    outer loop
      vertex 29.0177 39.3114 46.8
      vertex 28.5858 39.6 49.4
      vertex 29.0177 39.3114 49.4
    endloop
  endfacet
  facet normal 0.555588 0.831457 0
    outer loop
      vertex 28.5858 39.6 49.4
      vertex 29.0177 39.3114 46.8
      vertex 28.5858 39.6 46.8
    endloop
  endfacet
  facet normal 0.4423 -0.896867 0
    outer loop
      vertex 28.0455 31.9273 46.8
      vertex 28.55 32.1761 49.4
      vertex 28.0455 31.9273 49.4
    endloop
  endfacet
  facet normal 0.4423 -0.896867 0
    outer loop
      vertex 28.55 32.1761 49.4
      vertex 28.0455 31.9273 46.8
      vertex 28.55 32.1761 46.8
    endloop
  endfacet
  facet normal -0.32145 -0.946927 0
    outer loop
      vertex 24.7545 31.9273 46.8
      vertex 25.2871 31.7465 49.4
      vertex 24.7545 31.9273 49.4
    endloop
  endfacet
  facet normal -0.32145 -0.946927 -0
    outer loop
      vertex 25.2871 31.7465 49.4
      vertex 24.7545 31.9273 46.8
      vertex 25.2871 31.7465 46.8
    endloop
  endfacet
  facet normal -0.751904 0.659272 0
    outer loop
      vertex 22.9886 38.5177 46.8
      vertex 23.3594 38.9406 49.4
      vertex 23.3594 38.9406 46.8
    endloop
  endfacet
  facet normal -0.751904 0.659272 0
    outer loop
      vertex 23.3594 38.9406 49.4
      vertex 22.9886 38.5177 46.8
      vertex 22.9886 38.5177 49.4
    endloop
  endfacet
  facet normal -0.896867 0.4423 0
    outer loop
      vertex 22.4273 37.5455 46.8
      vertex 22.6761 38.05 49.4
      vertex 22.6761 38.05 46.8
    endloop
  endfacet
  facet normal -0.896867 0.4423 0
    outer loop
      vertex 22.6761 38.05 49.4
      vertex 22.4273 37.5455 46.8
      vertex 22.4273 37.5455 49.4
    endloop
  endfacet
  facet normal -0.946927 0.32145 0
    outer loop
      vertex 22.2465 37.0129 46.8
      vertex 22.4273 37.5455 49.4
      vertex 22.4273 37.5455 46.8
    endloop
  endfacet
  facet normal -0.946927 0.32145 0
    outer loop
      vertex 22.4273 37.5455 49.4
      vertex 22.2465 37.0129 46.8
      vertex 22.2465 37.0129 49.4
    endloop
  endfacet
  facet normal -0.997858 0.0654216 0
    outer loop
      vertex 22.1 35.9 46.8
      vertex 22.1368 36.4613 49.4
      vertex 22.1368 36.4613 46.8
    endloop
  endfacet
  facet normal -0.997858 0.0654216 0
    outer loop
      vertex 22.1368 36.4613 49.4
      vertex 22.1 35.9 46.8
      vertex 22.1 35.9 49.4
    endloop
  endfacet
  facet normal 0.659272 0.751904 -0
    outer loop
      vertex 29.4406 38.9406 46.8
      vertex 29.0177 39.3114 49.4
      vertex 29.4406 38.9406 49.4
    endloop
  endfacet
  facet normal 0.659272 0.751904 0
    outer loop
      vertex 29.0177 39.3114 49.4
      vertex 29.4406 38.9406 46.8
      vertex 29.0177 39.3114 46.8
    endloop
  endfacet
  facet normal -0.659272 0.751904 0
    outer loop
      vertex 23.7823 39.3114 46.8
      vertex 23.3594 38.9406 49.4
      vertex 23.7823 39.3114 49.4
    endloop
  endfacet
  facet normal -0.659272 0.751904 0
    outer loop
      vertex 23.3594 38.9406 49.4
      vertex 23.7823 39.3114 46.8
      vertex 23.3594 38.9406 46.8
    endloop
  endfacet
  facet normal -0.831475 0.555561 0
    outer loop
      vertex 22.6761 38.05 46.8
      vertex 22.9886 38.5177 49.4
      vertex 22.9886 38.5177 46.8
    endloop
  endfacet
  facet normal -0.831475 0.555561 0
    outer loop
      vertex 22.9886 38.5177 49.4
      vertex 22.6761 38.05 46.8
      vertex 22.6761 38.05 49.4
    endloop
  endfacet
  facet normal -0.980792 0.195056 0
    outer loop
      vertex 22.1368 36.4613 46.8
      vertex 22.2465 37.0129 49.4
      vertex 22.2465 37.0129 46.8
    endloop
  endfacet
  facet normal -0.980792 0.195056 0
    outer loop
      vertex 22.2465 37.0129 49.4
      vertex 22.1368 36.4613 46.8
      vertex 22.1368 36.4613 49.4
    endloop
  endfacet
  facet normal 0.751904 0.659272 0
    outer loop
      vertex 29.8114 38.5177 49.4
      vertex 29.4406 38.9406 46.8
      vertex 29.4406 38.9406 49.4
    endloop
  endfacet
  facet normal 0.751904 0.659272 0
    outer loop
      vertex 29.4406 38.9406 46.8
      vertex 29.8114 38.5177 49.4
      vertex 29.8114 38.5177 46.8
    endloop
  endfacet
  facet normal -0.555588 0.831457 0
    outer loop
      vertex 24.2142 39.6 46.8
      vertex 23.7823 39.3114 49.4
      vertex 24.2142 39.6 49.4
    endloop
  endfacet
  facet normal -0.555588 0.831457 0
    outer loop
      vertex 23.7823 39.3114 49.4
      vertex 24.2142 39.6 46.8
      vertex 23.7823 39.3114 46.8
    endloop
  endfacet
  facet normal 0.70635 -0.0462586 -0.70635
    outer loop
      vertex 30.1 35.4129 46.2319
      vertex 26.4 35.9 42.5
      vertex 30.1 35.9 46.2
    endloop
  endfacet
  facet normal -0.706348 0.0463097 -0.706348
    outer loop
      vertex 26.4 35.9 42.5
      vertex 22.1 35.9 46.8
      vertex 22.1368 36.4613 46.8
    endloop
  endfacet
  facet normal -0.138073 -0.694267 -0.706349
    outer loop
      vertex 25.8387 31.6368 46.8
      vertex 25.2871 31.7465 46.8
      vertex 26.4 35.9 42.5
    endloop
  endfacet
  facet normal 0.0462586 0.70635 -0.70635
    outer loop
      vertex 26.4 35.9 42.5
      vertex 26.4 39.6 46.2
      vertex 26.8871 39.6 46.2319
    endloop
  endfacet
  facet normal -0.532244 -0.466673 -0.706351
    outer loop
      vertex 23.3594 32.8594 46.8
      vertex 22.9886 33.2823 46.8
      vertex 26.4 35.9 42.5
    endloop
  endfacet
  facet normal 0.393262 -0.588572 -0.706348
    outer loop
      vertex 28.55 32.1761 46.8
      vertex 26.4 35.9 42.5
      vertex 29.0177 32.4886 46.8
    endloop
  endfacet
  facet normal -0.466673 0.532244 -0.706351
    outer loop
      vertex 26.4 35.9 42.5
      vertex 23.3594 38.9406 46.8
      vertex 23.7823 39.3114 46.8
    endloop
  endfacet
  facet normal 0.532244 0.466673 -0.706351
    outer loop
      vertex 29.8114 38.5177 46.8
      vertex 26.4 35.9 42.5
      vertex 29.4406 38.9406 46.8
    endloop
  endfacet
  facet normal -0.393262 -0.588572 -0.706348
    outer loop
      vertex 24.25 32.1761 46.8
      vertex 23.7823 32.4886 46.8
      vertex 26.4 35.9 42.5
    endloop
  endfacet
  facet normal -0.670295 -0.227543 -0.706349
    outer loop
      vertex 22.4273 34.2545 46.8
      vertex 22.2465 34.7871 46.8
      vertex 26.4 35.9 42.5
    endloop
  endfacet
  facet normal 0.138073 -0.694267 -0.706349
    outer loop
      vertex 26.9613 31.6368 46.8
      vertex 26.4 35.9 42.5
      vertex 27.5129 31.7465 46.8
    endloop
  endfacet
  facet normal 0.588385 -0.393165 -0.706558
    outer loop
      vertex 29.8114 33.2823 46.8
      vertex 30.1 33.7638 46.7724
      vertex 30.1 33.7142 46.8
    endloop
  endfacet
  facet normal 0.588571 -0.393264 -0.706348
    outer loop
      vertex 30.1 33.7638 46.7724
      vertex 29.8114 33.2823 46.8
      vertex 26.4 35.9 42.5
    endloop
  endfacet
  facet normal -0.63486 0.313089 -0.706348
    outer loop
      vertex 26.4 35.9 42.5
      vertex 22.4273 37.5455 46.8
      vertex 22.6761 38.05 46.8
    endloop
  endfacet
  facet normal -0.227618 0.670271 -0.706347
    outer loop
      vertex 26.4 35.9 42.5
      vertex 24.8674 39.6 46.5049
      vertex 25.4086 39.6 46.3305
    endloop
  endfacet
  facet normal 0.313035 0.634889 -0.706346
    outer loop
      vertex 28.5362 39.6 46.7724
      vertex 26.4 35.9 42.5
      vertex 27.9326 39.6 46.5049
    endloop
  endfacet
  facet normal 0.670271 0.227618 -0.706347
    outer loop
      vertex 30.1 36.8914 46.3305
      vertex 26.4 35.9 42.5
      vertex 30.1 37.4326 46.5049
    endloop
  endfacet
  facet normal -0.227543 -0.670295 -0.706349
    outer loop
      vertex 25.2871 31.7465 46.8
      vertex 24.7545 31.9273 46.8
      vertex 26.4 35.9 42.5
    endloop
  endfacet
  facet normal -0.466673 -0.532244 -0.706351
    outer loop
      vertex 23.7823 32.4886 46.8
      vertex 23.3594 32.8594 46.8
      vertex 26.4 35.9 42.5
    endloop
  endfacet
  facet normal -0.588572 -0.393262 -0.706348
    outer loop
      vertex 22.9886 33.2823 46.8
      vertex 22.6761 33.75 46.8
      vertex 26.4 35.9 42.5
    endloop
  endfacet
  facet normal -0.694267 -0.138073 -0.706349
    outer loop
      vertex 22.2465 34.7871 46.8
      vertex 22.1368 35.3387 46.8
      vertex 26.4 35.9 42.5
    endloop
  endfacet
  facet normal 0.313089 -0.63486 -0.706348
    outer loop
      vertex 28.0455 31.9273 46.8
      vertex 26.4 35.9 42.5
      vertex 28.55 32.1761 46.8
    endloop
  endfacet
  facet normal -0.0463097 -0.706348 -0.706348
    outer loop
      vertex 26.4 31.6 46.8
      vertex 25.8387 31.6368 46.8
      vertex 26.4 35.9 42.5
    endloop
  endfacet
  facet normal 0.532244 -0.466673 -0.706351
    outer loop
      vertex 29.4406 32.8594 46.8
      vertex 26.4 35.9 42.5
      vertex 29.8114 33.2823 46.8
    endloop
  endfacet
  facet normal 0.670271 -0.227618 -0.706347
    outer loop
      vertex 30.1 34.3674 46.5049
      vertex 26.4 35.9 42.5
      vertex 30.1 34.9086 46.3305
    endloop
  endfacet
  facet normal 0.694259 -0.138105 -0.706351
    outer loop
      vertex 30.1 34.9086 46.3305
      vertex 26.4 35.9 42.5
      vertex 30.1 35.4129 46.2319
    endloop
  endfacet
  facet normal -0.670295 0.227543 -0.706349
    outer loop
      vertex 26.4 35.9 42.5
      vertex 22.2465 37.0129 46.8
      vertex 22.4273 37.5455 46.8
    endloop
  endfacet
  facet normal -0.532244 0.466673 -0.706351
    outer loop
      vertex 26.4 35.9 42.5
      vertex 22.9886 38.5177 46.8
      vertex 23.3594 38.9406 46.8
    endloop
  endfacet
  facet normal -0.393264 0.588571 -0.706348
    outer loop
      vertex 23.7823 39.3114 46.8
      vertex 24.2638 39.6 46.7724
      vertex 26.4 35.9 42.5
    endloop
  endfacet
  facet normal -0.393165 0.588385 -0.706558
    outer loop
      vertex 24.2638 39.6 46.7724
      vertex 23.7823 39.3114 46.8
      vertex 24.2142 39.6 46.8
    endloop
  endfacet
  facet normal -0.138105 0.694259 -0.706351
    outer loop
      vertex 26.4 35.9 42.5
      vertex 25.4086 39.6 46.3305
      vertex 25.9129 39.6 46.2319
    endloop
  endfacet
  facet normal 0.227618 0.670271 -0.706347
    outer loop
      vertex 27.9326 39.6 46.5049
      vertex 26.4 35.9 42.5
      vertex 27.3914 39.6 46.3305
    endloop
  endfacet
  facet normal 0.466673 0.532244 -0.706351
    outer loop
      vertex 29.4406 38.9406 46.8
      vertex 26.4 35.9 42.5
      vertex 29.0177 39.3114 46.8
    endloop
  endfacet
  facet normal 0.588385 0.393165 -0.706558
    outer loop
      vertex 30.1 38.0362 46.7724
      vertex 29.8114 38.5177 46.8
      vertex 30.1 38.0858 46.8
    endloop
  endfacet
  facet normal 0.588571 0.393264 -0.706348
    outer loop
      vertex 29.8114 38.5177 46.8
      vertex 30.1 38.0362 46.7724
      vertex 26.4 35.9 42.5
    endloop
  endfacet
  facet normal 0.694259 0.138105 -0.706351
    outer loop
      vertex 30.1 36.3871 46.2319
      vertex 26.4 35.9 42.5
      vertex 30.1 36.8914 46.3305
    endloop
  endfacet
  facet normal -0.313089 -0.63486 -0.706348
    outer loop
      vertex 24.7545 31.9273 46.8
      vertex 24.25 32.1761 46.8
      vertex 26.4 35.9 42.5
    endloop
  endfacet
  facet normal -0.63486 -0.313089 -0.706348
    outer loop
      vertex 22.6761 33.75 46.8
      vertex 22.4273 34.2545 46.8
      vertex 26.4 35.9 42.5
    endloop
  endfacet
  facet normal -0.706348 -0.0463097 -0.706348
    outer loop
      vertex 22.1368 35.3387 46.8
      vertex 22.1 35.9 46.8
      vertex 26.4 35.9 42.5
    endloop
  endfacet
  facet normal 0.227543 -0.670295 -0.706349
    outer loop
      vertex 27.5129 31.7465 46.8
      vertex 26.4 35.9 42.5
      vertex 28.0455 31.9273 46.8
    endloop
  endfacet
  facet normal 0.0463097 -0.706348 -0.706348
    outer loop
      vertex 26.4 31.6 46.8
      vertex 26.4 35.9 42.5
      vertex 26.9613 31.6368 46.8
    endloop
  endfacet
  facet normal 0.466673 -0.532244 -0.706351
    outer loop
      vertex 29.0177 32.4886 46.8
      vertex 26.4 35.9 42.5
      vertex 29.4406 32.8594 46.8
    endloop
  endfacet
  facet normal 0.634889 -0.313035 -0.706346
    outer loop
      vertex 30.1 33.7638 46.7724
      vertex 26.4 35.9 42.5
      vertex 30.1 34.3674 46.5049
    endloop
  endfacet
  facet normal -0.694267 0.138073 -0.706349
    outer loop
      vertex 26.4 35.9 42.5
      vertex 22.1368 36.4613 46.8
      vertex 22.2465 37.0129 46.8
    endloop
  endfacet
  facet normal -0.588572 0.393262 -0.706348
    outer loop
      vertex 26.4 35.9 42.5
      vertex 22.6761 38.05 46.8
      vertex 22.9886 38.5177 46.8
    endloop
  endfacet
  facet normal -0.313035 0.634889 -0.706346
    outer loop
      vertex 26.4 35.9 42.5
      vertex 24.2638 39.6 46.7724
      vertex 24.8674 39.6 46.5049
    endloop
  endfacet
  facet normal -0.0462586 0.70635 -0.70635
    outer loop
      vertex 26.4 35.9 42.5
      vertex 25.9129 39.6 46.2319
      vertex 26.4 39.6 46.2
    endloop
  endfacet
  facet normal 0.138105 0.694259 -0.706351
    outer loop
      vertex 27.3914 39.6 46.3305
      vertex 26.4 35.9 42.5
      vertex 26.8871 39.6 46.2319
    endloop
  endfacet
  facet normal 0.393165 0.588385 -0.706558
    outer loop
      vertex 29.0177 39.3114 46.8
      vertex 28.5362 39.6 46.7724
      vertex 28.5858 39.6 46.8
    endloop
  endfacet
  facet normal 0.393264 0.588571 -0.706348
    outer loop
      vertex 28.5362 39.6 46.7724
      vertex 29.0177 39.3114 46.8
      vertex 26.4 35.9 42.5
    endloop
  endfacet
  facet normal 0.634889 0.313035 -0.706346
    outer loop
      vertex 30.1 37.4326 46.5049
      vertex 26.4 35.9 42.5
      vertex 30.1 38.0362 46.7724
    endloop
  endfacet
  facet normal 0.70635 0.0462586 -0.70635
    outer loop
      vertex 30.1 35.9 46.2
      vertex 26.4 35.9 42.5
      vertex 30.1 36.3871 46.2319
    endloop
  endfacet
  facet normal -0.94693 -0.321439 0
    outer loop
      vertex 22.4273 4.45446 46.8
      vertex 22.2465 4.98708 49.4
      vertex 22.2465 4.98708 46.8
    endloop
  endfacet
  facet normal -0.94693 -0.321439 0
    outer loop
      vertex 22.2465 4.98708 49.4
      vertex 22.4273 4.45446 46.8
      vertex 22.4273 4.45446 49.4
    endloop
  endfacet
  facet normal 0.831452 -0.555597 0
    outer loop
      vertex 29.8114 3.48233 49.4
      vertex 30.1 3.91422 46.8
      vertex 30.1 3.91422 49.4
    endloop
  endfacet
  facet normal 0.831452 -0.555597 0
    outer loop
      vertex 30.1 3.91422 46.8
      vertex 29.8114 3.48233 49.4
      vertex 29.8114 3.48233 46.8
    endloop
  endfacet
  facet normal -0.896853 -0.442329 0
    outer loop
      vertex 22.6761 3.95 46.8
      vertex 22.4273 4.45446 49.4
      vertex 22.4273 4.45446 46.8
    endloop
  endfacet
  facet normal -0.896853 -0.442329 0
    outer loop
      vertex 22.4273 4.45446 49.4
      vertex 22.6761 3.95 46.8
      vertex 22.6761 3.95 49.4
    endloop
  endfacet
  facet normal 0.442286 0.896874 -0
    outer loop
      vertex 28.55 9.82391 46.8
      vertex 28.0455 10.0727 49.4
      vertex 28.55 9.82391 49.4
    endloop
  endfacet
  facet normal 0.442286 0.896874 0
    outer loop
      vertex 28.0455 10.0727 49.4
      vertex 28.55 9.82391 46.8
      vertex 28.0455 10.0727 46.8
    endloop
  endfacet
  facet normal 0.555562 -0.831475 0
    outer loop
      vertex 28.5858 2.4 46.8
      vertex 29.0177 2.68858 49.4
      vertex 28.5858 2.4 49.4
    endloop
  endfacet
  facet normal 0.555562 -0.831475 0
    outer loop
      vertex 29.0177 2.68858 49.4
      vertex 28.5858 2.4 46.8
      vertex 29.0177 2.68858 46.8
    endloop
  endfacet
  facet normal -0.751897 -0.659281 0
    outer loop
      vertex 23.3594 3.05944 46.8
      vertex 22.9886 3.48233 49.4
      vertex 22.9886 3.48233 46.8
    endloop
  endfacet
  facet normal -0.751897 -0.659281 0
    outer loop
      vertex 22.9886 3.48233 49.4
      vertex 23.3594 3.05944 46.8
      vertex 23.3594 3.05944 49.4
    endloop
  endfacet
  facet normal -0.555562 -0.831475 0
    outer loop
      vertex 23.7823 2.68858 46.8
      vertex 24.2142 2.4 49.4
      vertex 23.7823 2.68858 49.4
    endloop
  endfacet
  facet normal -0.555562 -0.831475 -0
    outer loop
      vertex 24.2142 2.4 49.4
      vertex 23.7823 2.68858 46.8
      vertex 24.2142 2.4 46.8
    endloop
  endfacet
  facet normal -0.659332 -0.751852 0
    outer loop
      vertex 23.3594 3.05944 46.8
      vertex 23.7823 2.68858 49.4
      vertex 23.3594 3.05944 49.4
    endloop
  endfacet
  facet normal -0.659332 -0.751852 -0
    outer loop
      vertex 23.7823 2.68858 49.4
      vertex 23.3594 3.05944 46.8
      vertex 23.7823 2.68858 46.8
    endloop
  endfacet
  facet normal 0.555549 0.831484 -0
    outer loop
      vertex 29.0177 9.51142 46.8
      vertex 28.55 9.82391 49.4
      vertex 29.0177 9.51142 49.4
    endloop
  endfacet
  facet normal 0.555549 0.831484 0
    outer loop
      vertex 28.55 9.82391 49.4
      vertex 29.0177 9.51142 46.8
      vertex 28.55 9.82391 46.8
    endloop
  endfacet
  facet normal 0.831452 0.555597 0
    outer loop
      vertex 30.1 8.28578 49.4
      vertex 29.8114 8.71767 46.8
      vertex 29.8114 8.71767 49.4
    endloop
  endfacet
  facet normal 0.831452 0.555597 0
    outer loop
      vertex 29.8114 8.71767 46.8
      vertex 30.1 8.28578 49.4
      vertex 30.1 8.28578 46.8
    endloop
  endfacet
  facet normal 0.32145 0.946927 -0
    outer loop
      vertex 28.0455 10.0727 46.8
      vertex 27.5129 10.2535 49.4
      vertex 28.0455 10.0727 49.4
    endloop
  endfacet
  facet normal 0.32145 0.946927 0
    outer loop
      vertex 27.5129 10.2535 49.4
      vertex 28.0455 10.0727 46.8
      vertex 27.5129 10.2535 46.8
    endloop
  endfacet
  facet normal 0.659332 -0.751852 0
    outer loop
      vertex 29.0177 2.68858 46.8
      vertex 29.4406 3.05944 49.4
      vertex 29.0177 2.68858 49.4
    endloop
  endfacet
  facet normal 0.659332 -0.751852 0
    outer loop
      vertex 29.4406 3.05944 49.4
      vertex 29.0177 2.68858 46.8
      vertex 29.4406 3.05944 46.8
    endloop
  endfacet
  facet normal 0.751897 -0.659281 0
    outer loop
      vertex 29.4406 3.05944 49.4
      vertex 29.8114 3.48233 46.8
      vertex 29.8114 3.48233 49.4
    endloop
  endfacet
  facet normal 0.751897 -0.659281 0
    outer loop
      vertex 29.8114 3.48233 46.8
      vertex 29.4406 3.05944 49.4
      vertex 29.4406 3.05944 46.8
    endloop
  endfacet
  facet normal -0.997857 -0.0654263 0
    outer loop
      vertex 22.1368 5.53874 46.8
      vertex 22.1 6.1 49.4
      vertex 22.1 6.1 46.8
    endloop
  endfacet
  facet normal -0.997857 -0.0654263 0
    outer loop
      vertex 22.1 6.1 49.4
      vertex 22.1368 5.53874 46.8
      vertex 22.1368 5.53874 49.4
    endloop
  endfacet
  facet normal 0.195056 0.980792 -0
    outer loop
      vertex 27.5129 10.2535 46.8
      vertex 26.9613 10.3632 49.4
      vertex 27.5129 10.2535 49.4
    endloop
  endfacet
  facet normal 0.195056 0.980792 0
    outer loop
      vertex 26.9613 10.3632 49.4
      vertex 27.5129 10.2535 46.8
      vertex 26.9613 10.3632 46.8
    endloop
  endfacet
  facet normal -0.980796 -0.195036 0
    outer loop
      vertex 22.2465 4.98708 46.8
      vertex 22.1368 5.53874 49.4
      vertex 22.1368 5.53874 46.8
    endloop
  endfacet
  facet normal -0.980796 -0.195036 0
    outer loop
      vertex 22.1368 5.53874 49.4
      vertex 22.2465 4.98708 46.8
      vertex 22.2465 4.98708 49.4
    endloop
  endfacet
  facet normal -0.831459 -0.555586 0
    outer loop
      vertex 22.9886 3.48233 46.8
      vertex 22.6761 3.95 49.4
      vertex 22.6761 3.95 46.8
    endloop
  endfacet
  facet normal -0.831459 -0.555586 0
    outer loop
      vertex 22.6761 3.95 49.4
      vertex 22.9886 3.48233 46.8
      vertex 22.9886 3.48233 49.4
    endloop
  endfacet
  facet normal 0.0654216 0.997858 -0
    outer loop
      vertex 26.9613 10.3632 46.8
      vertex 26.4 10.4 49.4
      vertex 26.9613 10.3632 49.4
    endloop
  endfacet
  facet normal 0.0654216 0.997858 0
    outer loop
      vertex 26.4 10.4 49.4
      vertex 26.9613 10.3632 46.8
      vertex 26.4 10.4 46.8
    endloop
  endfacet
  facet normal -0.32145 0.946927 0
    outer loop
      vertex 25.2871 10.2535 46.8
      vertex 24.7545 10.0727 49.4
      vertex 25.2871 10.2535 49.4
    endloop
  endfacet
  facet normal -0.32145 0.946927 0
    outer loop
      vertex 24.7545 10.0727 49.4
      vertex 25.2871 10.2535 46.8
      vertex 24.7545 10.0727 46.8
    endloop
  endfacet
  facet normal -0.997857 0.0654263 0
    outer loop
      vertex 22.1 6.1 46.8
      vertex 22.1368 6.66126 49.4
      vertex 22.1368 6.66126 46.8
    endloop
  endfacet
  facet normal -0.997857 0.0654263 0
    outer loop
      vertex 22.1368 6.66126 49.4
      vertex 22.1 6.1 46.8
      vertex 22.1 6.1 49.4
    endloop
  endfacet
  facet normal -0.94693 0.321439 0
    outer loop
      vertex 22.2465 7.21292 46.8
      vertex 22.4273 7.74554 49.4
      vertex 22.4273 7.74554 46.8
    endloop
  endfacet
  facet normal -0.94693 0.321439 0
    outer loop
      vertex 22.4273 7.74554 49.4
      vertex 22.2465 7.21292 46.8
      vertex 22.2465 7.21292 49.4
    endloop
  endfacet
  facet normal -0.751897 0.659281 0
    outer loop
      vertex 22.9886 8.71767 46.8
      vertex 23.3594 9.14056 49.4
      vertex 23.3594 9.14056 46.8
    endloop
  endfacet
  facet normal -0.751897 0.659281 0
    outer loop
      vertex 23.3594 9.14056 49.4
      vertex 22.9886 8.71767 46.8
      vertex 22.9886 8.71767 49.4
    endloop
  endfacet
  facet normal -0.896853 0.442329 0
    outer loop
      vertex 22.4273 7.74554 46.8
      vertex 22.6761 8.25 49.4
      vertex 22.6761 8.25 46.8
    endloop
  endfacet
  facet normal -0.896853 0.442329 0
    outer loop
      vertex 22.6761 8.25 49.4
      vertex 22.4273 7.74554 46.8
      vertex 22.4273 7.74554 49.4
    endloop
  endfacet
  facet normal 0.659332 0.751852 -0
    outer loop
      vertex 29.4406 9.14056 46.8
      vertex 29.0177 9.51142 49.4
      vertex 29.4406 9.14056 49.4
    endloop
  endfacet
  facet normal 0.659332 0.751852 0
    outer loop
      vertex 29.0177 9.51142 49.4
      vertex 29.4406 9.14056 46.8
      vertex 29.0177 9.51142 46.8
    endloop
  endfacet
  facet normal -0.659332 0.751852 0
    outer loop
      vertex 23.7823 9.51142 46.8
      vertex 23.3594 9.14056 49.4
      vertex 23.7823 9.51142 49.4
    endloop
  endfacet
  facet normal -0.659332 0.751852 0
    outer loop
      vertex 23.3594 9.14056 49.4
      vertex 23.7823 9.51142 46.8
      vertex 23.3594 9.14056 46.8
    endloop
  endfacet
  facet normal -0.195056 0.980792 0
    outer loop
      vertex 25.8387 10.3632 46.8
      vertex 25.2871 10.2535 49.4
      vertex 25.8387 10.3632 49.4
    endloop
  endfacet
  facet normal -0.195056 0.980792 0
    outer loop
      vertex 25.2871 10.2535 49.4
      vertex 25.8387 10.3632 46.8
      vertex 25.2871 10.2535 46.8
    endloop
  endfacet
  facet normal -0.555549 0.831484 0
    outer loop
      vertex 24.25 9.82391 46.8
      vertex 23.7823 9.51142 49.4
      vertex 24.25 9.82391 49.4
    endloop
  endfacet
  facet normal -0.555549 0.831484 0
    outer loop
      vertex 23.7823 9.51142 49.4
      vertex 24.25 9.82391 46.8
      vertex 23.7823 9.51142 46.8
    endloop
  endfacet
  facet normal -0.442286 0.896874 0
    outer loop
      vertex 24.7545 10.0727 46.8
      vertex 24.25 9.82391 49.4
      vertex 24.7545 10.0727 49.4
    endloop
  endfacet
  facet normal -0.442286 0.896874 0
    outer loop
      vertex 24.25 9.82391 49.4
      vertex 24.7545 10.0727 46.8
      vertex 24.25 9.82391 46.8
    endloop
  endfacet
  facet normal 0 0 1
    outer loop
      vertex 28.8594 7.98716 49.4
      vertex 30.1 8.28578 49.4
      vertex 29.8114 8.71767 49.4
    endloop
  endfacet
  facet normal 0 0 1
    outer loop
      vertex 30.1 8.28578 49.4
      vertex 29.5 6.1 49.4
      vertex 30.1 3.91422 49.4
    endloop
  endfacet
  facet normal -0 0 1
    outer loop
      vertex 29.4735 5.69537 49.4
      vertex 30.1 3.91422 49.4
      vertex 29.5 6.1 49.4
    endloop
  endfacet
  facet normal 0 0 1
    outer loop
      vertex 30.1 8.28578 49.4
      vertex 29.4735 6.50463 49.4
      vertex 29.5 6.1 49.4
    endloop
  endfacet
  facet normal 0 0 1
    outer loop
      vertex 28.8594 7.98716 49.4
      vertex 29.8114 8.71767 49.4
      vertex 29.4406 9.14056 49.4
    endloop
  endfacet
  facet normal 0 0 1
    outer loop
      vertex 30.1 8.28578 49.4
      vertex 29.3944 6.90234 49.4
      vertex 29.4735 6.50463 49.4
    endloop
  endfacet
  facet normal 0 0 1
    outer loop
      vertex 30.1 8.28578 49.4
      vertex 29.264 7.28632 49.4
      vertex 29.3944 6.90234 49.4
    endloop
  endfacet
  facet normal 0 0 1
    outer loop
      vertex 30.1 8.28578 49.4
      vertex 29.0847 7.65 49.4
      vertex 29.264 7.28632 49.4
    endloop
  endfacet
  facet normal 0 0 1
    outer loop
      vertex 28.592 8.29203 49.4
      vertex 29.4406 9.14056 49.4
      vertex 29.0177 9.51142 49.4
    endloop
  endfacet
  facet normal 0 0 1
    outer loop
      vertex 30.1 8.28578 49.4
      vertex 28.8594 7.98716 49.4
      vertex 29.0847 7.65 49.4
    endloop
  endfacet
  facet normal 0 0 1
    outer loop
      vertex 29.4406 9.14056 49.4
      vertex 28.592 8.29203 49.4
      vertex 28.8594 7.98716 49.4
    endloop
  endfacet
  facet normal 0 0 1
    outer loop
      vertex 28.2872 8.5594 49.4
      vertex 29.0177 9.51142 49.4
      vertex 28.55 9.82391 49.4
    endloop
  endfacet
  facet normal 0 0 1
    outer loop
      vertex 29.0177 9.51142 49.4
      vertex 28.2872 8.5594 49.4
      vertex 28.592 8.29203 49.4
    endloop
  endfacet
  facet normal 0 0 1
    outer loop
      vertex 27.95 8.78468 49.4
      vertex 28.55 9.82391 49.4
      vertex 28.0455 10.0727 49.4
    endloop
  endfacet
  facet normal 0 0 1
    outer loop
      vertex 28.55 9.82391 49.4
      vertex 27.95 8.78468 49.4
      vertex 28.2872 8.5594 49.4
    endloop
  endfacet
  facet normal 0 0 1
    outer loop
      vertex 28.0455 10.0727 49.4
      vertex 27.5863 8.96403 49.4
      vertex 27.95 8.78468 49.4
    endloop
  endfacet
  facet normal 0 0 1
    outer loop
      vertex 27.5129 10.2535 49.4
      vertex 27.5863 8.96403 49.4
      vertex 28.0455 10.0727 49.4
    endloop
  endfacet
  facet normal 0 0 1
    outer loop
      vertex 27.5129 10.2535 49.4
      vertex 27.2023 9.09437 49.4
      vertex 27.5863 8.96403 49.4
    endloop
  endfacet
  facet normal 0 0 1
    outer loop
      vertex 26.9613 10.3632 49.4
      vertex 27.2023 9.09437 49.4
      vertex 27.5129 10.2535 49.4
    endloop
  endfacet
  facet normal 0 0 1
    outer loop
      vertex 26.9613 10.3632 49.4
      vertex 26.8046 9.17348 49.4
      vertex 27.2023 9.09437 49.4
    endloop
  endfacet
  facet normal 0 0 1
    outer loop
      vertex 26.4 10.4 49.4
      vertex 26.8046 9.17348 49.4
      vertex 26.9613 10.3632 49.4
    endloop
  endfacet
  facet normal 0 0 1
    outer loop
      vertex 26.4 10.4 49.4
      vertex 26.4 9.2 49.4
      vertex 26.8046 9.17348 49.4
    endloop
  endfacet
  facet normal 0 0 1
    outer loop
      vertex 26.4 10.4 49.4
      vertex 25.9954 9.17348 49.4
      vertex 26.4 9.2 49.4
    endloop
  endfacet
  facet normal -0 0 1
    outer loop
      vertex 25.8387 10.3632 49.4
      vertex 25.9954 9.17348 49.4
      vertex 26.4 10.4 49.4
    endloop
  endfacet
  facet normal 0 0 1
    outer loop
      vertex 25.8387 10.3632 49.4
      vertex 25.5977 9.09437 49.4
      vertex 25.9954 9.17348 49.4
    endloop
  endfacet
  facet normal -0 0 1
    outer loop
      vertex 25.2871 10.2535 49.4
      vertex 25.5977 9.09437 49.4
      vertex 25.8387 10.3632 49.4
    endloop
  endfacet
  facet normal 0 0 1
    outer loop
      vertex 25.2871 10.2535 49.4
      vertex 25.2137 8.96403 49.4
      vertex 25.5977 9.09437 49.4
    endloop
  endfacet
  facet normal -0 0 1
    outer loop
      vertex 24.7545 10.0727 49.4
      vertex 25.2137 8.96403 49.4
      vertex 25.2871 10.2535 49.4
    endloop
  endfacet
  facet normal 0 0 1
    outer loop
      vertex 25.2137 8.96403 49.4
      vertex 24.7545 10.0727 49.4
      vertex 24.85 8.78468 49.4
    endloop
  endfacet
  facet normal -0 0 1
    outer loop
      vertex 24.25 9.82391 49.4
      vertex 24.85 8.78468 49.4
      vertex 24.7545 10.0727 49.4
    endloop
  endfacet
  facet normal 0 0 1
    outer loop
      vertex 24.85 8.78468 49.4
      vertex 24.25 9.82391 49.4
      vertex 24.5128 8.5594 49.4
    endloop
  endfacet
  facet normal -0 0 1
    outer loop
      vertex 23.7823 9.51142 49.4
      vertex 24.5128 8.5594 49.4
      vertex 24.25 9.82391 49.4
    endloop
  endfacet
  facet normal 0 0 1
    outer loop
      vertex 24.5128 8.5594 49.4
      vertex 23.7823 9.51142 49.4
      vertex 24.208 8.29203 49.4
    endloop
  endfacet
  facet normal -0 0 1
    outer loop
      vertex 23.3594 9.14056 49.4
      vertex 24.208 8.29203 49.4
      vertex 23.7823 9.51142 49.4
    endloop
  endfacet
  facet normal 0 0 1
    outer loop
      vertex 24.208 8.29203 49.4
      vertex 23.3594 9.14056 49.4
      vertex 23.9406 7.98716 49.4
    endloop
  endfacet
  facet normal -0 0 1
    outer loop
      vertex 22.9886 8.71767 49.4
      vertex 23.9406 7.98716 49.4
      vertex 23.3594 9.14056 49.4
    endloop
  endfacet
  facet normal 0 0 1
    outer loop
      vertex 23.9406 7.98716 49.4
      vertex 22.9886 8.71767 49.4
      vertex 23.7153 7.65 49.4
    endloop
  endfacet
  facet normal -0 0 1
    outer loop
      vertex 22.6761 8.25 49.4
      vertex 23.7153 7.65 49.4
      vertex 22.9886 8.71767 49.4
    endloop
  endfacet
  facet normal 0 0 1
    outer loop
      vertex 23.7153 7.65 49.4
      vertex 22.6761 8.25 49.4
      vertex 23.536 7.28632 49.4
    endloop
  endfacet
  facet normal -0 0 1
    outer loop
      vertex 22.4273 7.74554 49.4
      vertex 23.536 7.28632 49.4
      vertex 22.6761 8.25 49.4
    endloop
  endfacet
  facet normal 0 0 1
    outer loop
      vertex 23.536 7.28632 49.4
      vertex 22.4273 7.74554 49.4
      vertex 23.4056 6.90234 49.4
    endloop
  endfacet
  facet normal -0 0 1
    outer loop
      vertex 29.3944 5.29766 49.4
      vertex 30.1 3.91422 49.4
      vertex 29.4735 5.69537 49.4
    endloop
  endfacet
  facet normal -0 0 1
    outer loop
      vertex 29.264 4.91368 49.4
      vertex 30.1 3.91422 49.4
      vertex 29.3944 5.29766 49.4
    endloop
  endfacet
  facet normal -0 0 1
    outer loop
      vertex 29.0847 4.55 49.4
      vertex 30.1 3.91422 49.4
      vertex 29.264 4.91368 49.4
    endloop
  endfacet
  facet normal -0 0 1
    outer loop
      vertex 28.8594 4.21284 49.4
      vertex 30.1 3.91422 49.4
      vertex 29.0847 4.55 49.4
    endloop
  endfacet
  facet normal 0 0 1
    outer loop
      vertex 30.1 3.91422 49.4
      vertex 28.8594 4.21284 49.4
      vertex 29.8114 3.48233 49.4
    endloop
  endfacet
  facet normal 0 0 1
    outer loop
      vertex 29.8114 3.48233 49.4
      vertex 28.8594 4.21284 49.4
      vertex 29.4406 3.05944 49.4
    endloop
  endfacet
  facet normal -0 0 1
    outer loop
      vertex 28.592 3.90797 49.4
      vertex 29.4406 3.05944 49.4
      vertex 28.8594 4.21284 49.4
    endloop
  endfacet
  facet normal 0 0 1
    outer loop
      vertex 29.4406 3.05944 49.4
      vertex 28.592 3.90797 49.4
      vertex 29.0177 2.68858 49.4
    endloop
  endfacet
  facet normal -0 0 1
    outer loop
      vertex 28.2872 3.6406 49.4
      vertex 29.0177 2.68858 49.4
      vertex 28.592 3.90797 49.4
    endloop
  endfacet
  facet normal 0 0 1
    outer loop
      vertex 29.0177 2.68858 49.4
      vertex 28.2872 3.6406 49.4
      vertex 28.5858 2.4 49.4
    endloop
  endfacet
  facet normal -0 0 1
    outer loop
      vertex 27.95 3.41532 49.4
      vertex 28.5858 2.4 49.4
      vertex 28.2872 3.6406 49.4
    endloop
  endfacet
  facet normal -0 0 1
    outer loop
      vertex 27.5863 3.23597 49.4
      vertex 28.5858 2.4 49.4
      vertex 27.95 3.41532 49.4
    endloop
  endfacet
  facet normal -0 0 1
    outer loop
      vertex 27.2023 3.10563 49.4
      vertex 28.5858 2.4 49.4
      vertex 27.5863 3.23597 49.4
    endloop
  endfacet
  facet normal -0 0 1
    outer loop
      vertex 26.8046 3.02652 49.4
      vertex 28.5858 2.4 49.4
      vertex 27.2023 3.10563 49.4
    endloop
  endfacet
  facet normal -0 0 1
    outer loop
      vertex 26.4 3 49.4
      vertex 28.5858 2.4 49.4
      vertex 26.8046 3.02652 49.4
    endloop
  endfacet
  facet normal 0 0 1
    outer loop
      vertex 24.2142 2.4 49.4
      vertex 26.4 3 49.4
      vertex 25.9954 3.02652 49.4
    endloop
  endfacet
  facet normal 0 0 1
    outer loop
      vertex 24.2142 2.4 49.4
      vertex 25.9954 3.02652 49.4
      vertex 25.5977 3.10563 49.4
    endloop
  endfacet
  facet normal 0 0 1
    outer loop
      vertex 26.4 3 49.4
      vertex 24.2142 2.4 49.4
      vertex 28.5858 2.4 49.4
    endloop
  endfacet
  facet normal 0 0 1
    outer loop
      vertex 25.2137 3.23597 49.4
      vertex 24.2142 2.4 49.4
      vertex 25.5977 3.10563 49.4
    endloop
  endfacet
  facet normal 0 0 1
    outer loop
      vertex 24.85 3.41532 49.4
      vertex 24.2142 2.4 49.4
      vertex 25.2137 3.23597 49.4
    endloop
  endfacet
  facet normal 0 0 1
    outer loop
      vertex 24.5128 3.6406 49.4
      vertex 24.2142 2.4 49.4
      vertex 24.85 3.41532 49.4
    endloop
  endfacet
  facet normal 0 0 1
    outer loop
      vertex 23.7823 2.68858 49.4
      vertex 24.5128 3.6406 49.4
      vertex 24.208 3.90797 49.4
    endloop
  endfacet
  facet normal 0 0 1
    outer loop
      vertex 23.3594 3.05944 49.4
      vertex 24.208 3.90797 49.4
      vertex 23.9406 4.21284 49.4
    endloop
  endfacet
  facet normal 0 0 1
    outer loop
      vertex 24.5128 3.6406 49.4
      vertex 23.7823 2.68858 49.4
      vertex 24.2142 2.4 49.4
    endloop
  endfacet
  facet normal 0 0 1
    outer loop
      vertex 22.9886 3.48233 49.4
      vertex 23.9406 4.21284 49.4
      vertex 23.7153 4.55 49.4
    endloop
  endfacet
  facet normal 0 0 1
    outer loop
      vertex 22.6761 3.95 49.4
      vertex 23.7153 4.55 49.4
      vertex 23.536 4.91368 49.4
    endloop
  endfacet
  facet normal 0 0 1
    outer loop
      vertex 22.4273 4.45446 49.4
      vertex 23.536 4.91368 49.4
      vertex 23.4056 5.29766 49.4
    endloop
  endfacet
  facet normal 0 0 1
    outer loop
      vertex 24.208 3.90797 49.4
      vertex 23.3594 3.05944 49.4
      vertex 23.7823 2.68858 49.4
    endloop
  endfacet
  facet normal 0 0 1
    outer loop
      vertex 22.2465 4.98708 49.4
      vertex 23.4056 5.29766 49.4
      vertex 23.3265 5.69537 49.4
    endloop
  endfacet
  facet normal 0 0 1
    outer loop
      vertex 22.1368 5.53874 49.4
      vertex 23.3265 5.69537 49.4
      vertex 23.3 6.1 49.4
    endloop
  endfacet
  facet normal -0 0 1
    outer loop
      vertex 22.2465 7.21292 49.4
      vertex 23.4056 6.90234 49.4
      vertex 22.4273 7.74554 49.4
    endloop
  endfacet
  facet normal 0 0 1
    outer loop
      vertex 23.9406 4.21284 49.4
      vertex 22.9886 3.48233 49.4
      vertex 23.3594 3.05944 49.4
    endloop
  endfacet
  facet normal 0 0 1
    outer loop
      vertex 23.4056 6.90234 49.4
      vertex 22.2465 7.21292 49.4
      vertex 23.3265 6.50463 49.4
    endloop
  endfacet
  facet normal 0 0 1
    outer loop
      vertex 23.7153 4.55 49.4
      vertex 22.6761 3.95 49.4
      vertex 22.9886 3.48233 49.4
    endloop
  endfacet
  facet normal -0 0 1
    outer loop
      vertex 22.1368 6.66126 49.4
      vertex 23.3265 6.50463 49.4
      vertex 22.2465 7.21292 49.4
    endloop
  endfacet
  facet normal 0 0 1
    outer loop
      vertex 23.536 4.91368 49.4
      vertex 22.4273 4.45446 49.4
      vertex 22.6761 3.95 49.4
    endloop
  endfacet
  facet normal 0 0 1
    outer loop
      vertex 23.3265 6.50463 49.4
      vertex 22.1368 6.66126 49.4
      vertex 23.3 6.1 49.4
    endloop
  endfacet
  facet normal 0 0 1
    outer loop
      vertex 23.4056 5.29766 49.4
      vertex 22.2465 4.98708 49.4
      vertex 22.4273 4.45446 49.4
    endloop
  endfacet
  facet normal 0 0 1
    outer loop
      vertex 22.1 6.1 49.4
      vertex 23.3 6.1 49.4
      vertex 22.1368 6.66126 49.4
    endloop
  endfacet
  facet normal 0 0 1
    outer loop
      vertex 23.3265 5.69537 49.4
      vertex 22.1368 5.53874 49.4
      vertex 22.2465 4.98708 49.4
    endloop
  endfacet
  facet normal 0 0 1
    outer loop
      vertex 23.3 6.1 49.4
      vertex 22.1 6.1 49.4
      vertex 22.1368 5.53874 49.4
    endloop
  endfacet
  facet normal -0.980796 0.195036 0
    outer loop
      vertex 22.1368 6.66126 46.8
      vertex 22.2465 7.21292 49.4
      vertex 22.2465 7.21292 46.8
    endloop
  endfacet
  facet normal -0.980796 0.195036 0
    outer loop
      vertex 22.2465 7.21292 49.4
      vertex 22.1368 6.66126 46.8
      vertex 22.1368 6.66126 49.4
    endloop
  endfacet
  facet normal -0.831459 0.555586 0
    outer loop
      vertex 22.6761 8.25 46.8
      vertex 22.9886 8.71767 49.4
      vertex 22.9886 8.71767 46.8
    endloop
  endfacet
  facet normal -0.831459 0.555586 0
    outer loop
      vertex 22.9886 8.71767 49.4
      vertex 22.6761 8.25 46.8
      vertex 22.6761 8.25 49.4
    endloop
  endfacet
  facet normal 0.751897 0.659281 0
    outer loop
      vertex 29.8114 8.71767 49.4
      vertex 29.4406 9.14056 46.8
      vertex 29.4406 9.14056 49.4
    endloop
  endfacet
  facet normal 0.751897 0.659281 0
    outer loop
      vertex 29.4406 9.14056 46.8
      vertex 29.8114 8.71767 49.4
      vertex 29.8114 8.71767 46.8
    endloop
  endfacet
  facet normal -0.0654216 0.997858 0
    outer loop
      vertex 26.4 10.4 46.8
      vertex 25.8387 10.3632 49.4
      vertex 26.4 10.4 49.4
    endloop
  endfacet
  facet normal -0.0654216 0.997858 0
    outer loop
      vertex 25.8387 10.3632 49.4
      vertex 26.4 10.4 46.8
      vertex 25.8387 10.3632 46.8
    endloop
  endfacet
  facet normal 0.70635 -0.0462576 -0.70635
    outer loop
      vertex 30.1 5.61289 46.2319
      vertex 26.4 6.1 42.5
      vertex 30.1 6.1 46.2
    endloop
  endfacet
  facet normal -0.706348 0.046313 -0.706348
    outer loop
      vertex 26.4 6.1 42.5
      vertex 22.1 6.1 46.8
      vertex 22.1368 6.66126 46.8
    endloop
  endfacet
  facet normal -0.138105 -0.694259 -0.706351
    outer loop
      vertex 25.9129 2.4 46.2319
      vertex 25.4086 2.4 46.3305
      vertex 26.4 6.1 42.5
    endloop
  endfacet
  facet normal 0.0463097 0.706348 -0.706348
    outer loop
      vertex 26.4 6.1 42.5
      vertex 26.4 10.4 46.8
      vertex 26.9613 10.3632 46.8
    endloop
  endfacet
  facet normal -0.53224 -0.466681 -0.706349
    outer loop
      vertex 23.3594 3.05944 46.8
      vertex 22.9886 3.48233 46.8
      vertex 26.4 6.1 42.5
    endloop
  endfacet
  facet normal 0.393156 -0.588412 -0.706541
    outer loop
      vertex 28.5362 2.4 46.7724
      vertex 29.0177 2.68858 46.8
      vertex 28.5858 2.4 46.8
    endloop
  endfacet
  facet normal 0.393246 -0.588582 -0.706349
    outer loop
      vertex 29.0177 2.68858 46.8
      vertex 28.5362 2.4 46.7724
      vertex 26.4 6.1 42.5
    endloop
  endfacet
  facet normal -0.466717 0.532207 -0.70635
    outer loop
      vertex 26.4 6.1 42.5
      vertex 23.3594 9.14056 46.8
      vertex 23.7823 9.51142 46.8
    endloop
  endfacet
  facet normal 0.53224 0.466681 -0.706349
    outer loop
      vertex 29.8114 8.71767 46.8
      vertex 26.4 6.1 42.5
      vertex 29.4406 9.14056 46.8
    endloop
  endfacet
  facet normal -0.393156 -0.588412 -0.706541
    outer loop
      vertex 23.7823 2.68858 46.8
      vertex 24.2638 2.4 46.7724
      vertex 24.2142 2.4 46.8
    endloop
  endfacet
  facet normal -0.393246 -0.588582 -0.706349
    outer loop
      vertex 24.2638 2.4 46.7724
      vertex 23.7823 2.68858 46.8
      vertex 26.4 6.1 42.5
    endloop
  endfacet
  facet normal -0.670297 -0.227535 -0.70635
    outer loop
      vertex 22.4273 4.45446 46.8
      vertex 22.2465 4.98708 46.8
      vertex 26.4 6.1 42.5
    endloop
  endfacet
  facet normal 0.138105 -0.694259 -0.706351
    outer loop
      vertex 26.8871 2.4 46.2319
      vertex 26.4 6.1 42.5
      vertex 27.3914 2.4 46.3305
    endloop
  endfacet
  facet normal 0.588495 -0.393247 -0.706421
    outer loop
      vertex 29.8114 3.48233 46.8
      vertex 30.1 3.9638 46.7724
      vertex 30.1 3.91422 46.8
    endloop
  endfacet
  facet normal 0.58856 -0.393282 -0.706348
    outer loop
      vertex 30.1 3.9638 46.7724
      vertex 29.8114 3.48233 46.8
      vertex 26.4 6.1 42.5
    endloop
  endfacet
  facet normal -0.63485 0.313108 -0.706349
    outer loop
      vertex 26.4 6.1 42.5
      vertex 22.4273 7.74554 46.8
      vertex 22.6761 8.25 46.8
    endloop
  endfacet
  facet normal -0.227543 0.670295 -0.706349
    outer loop
      vertex 26.4 6.1 42.5
      vertex 24.7545 10.0727 46.8
      vertex 25.2871 10.2535 46.8
    endloop
  endfacet
  facet normal 0.313078 0.634865 -0.706349
    outer loop
      vertex 28.55 9.82391 46.8
      vertex 26.4 6.1 42.5
      vertex 28.0455 10.0727 46.8
    endloop
  endfacet
  facet normal 0.670268 0.227627 -0.706347
    outer loop
      vertex 30.1 7.09141 46.3305
      vertex 26.4 6.1 42.5
      vertex 30.1 7.63259 46.5049
    endloop
  endfacet
  facet normal -0.227618 -0.670271 -0.706347
    outer loop
      vertex 25.4086 2.4 46.3305
      vertex 24.8674 2.4 46.5049
      vertex 26.4 6.1 42.5
    endloop
  endfacet
  facet normal -0.466717 -0.532207 -0.70635
    outer loop
      vertex 23.7823 2.68858 46.8
      vertex 23.3594 3.05944 46.8
      vertex 26.4 6.1 42.5
    endloop
  endfacet
  facet normal -0.588561 -0.39328 -0.706348
    outer loop
      vertex 22.9886 3.48233 46.8
      vertex 22.6761 3.95 46.8
      vertex 26.4 6.1 42.5
    endloop
  endfacet
  facet normal -0.69427 -0.138059 -0.706349
    outer loop
      vertex 22.2465 4.98708 46.8
      vertex 22.1368 5.53874 46.8
      vertex 26.4 6.1 42.5
    endloop
  endfacet
  facet normal 0.313035 -0.634889 -0.706346
    outer loop
      vertex 27.9326 2.4 46.5049
      vertex 26.4 6.1 42.5
      vertex 28.5362 2.4 46.7724
    endloop
  endfacet
  facet normal -0.0462586 -0.70635 -0.70635
    outer loop
      vertex 26.4 2.4 46.2
      vertex 25.9129 2.4 46.2319
      vertex 26.4 6.1 42.5
    endloop
  endfacet
  facet normal 0.53224 -0.466681 -0.706349
    outer loop
      vertex 29.4406 3.05944 46.8
      vertex 26.4 6.1 42.5
      vertex 29.8114 3.48233 46.8
    endloop
  endfacet
  facet normal 0.670268 -0.227627 -0.706347
    outer loop
      vertex 30.1 4.56741 46.5049
      vertex 26.4 6.1 42.5
      vertex 30.1 5.10859 46.3305
    endloop
  endfacet
  facet normal 0.694259 -0.138105 -0.706351
    outer loop
      vertex 30.1 5.10859 46.3305
      vertex 26.4 6.1 42.5
      vertex 30.1 5.61289 46.2319
    endloop
  endfacet
  facet normal -0.670297 0.227535 -0.70635
    outer loop
      vertex 26.4 6.1 42.5
      vertex 22.2465 7.21292 46.8
      vertex 22.4273 7.74554 46.8
    endloop
  endfacet
  facet normal -0.53224 0.466681 -0.706349
    outer loop
      vertex 26.4 6.1 42.5
      vertex 22.9886 8.71767 46.8
      vertex 23.3594 9.14056 46.8
    endloop
  endfacet
  facet normal -0.393253 0.588577 -0.706349
    outer loop
      vertex 26.4 6.1 42.5
      vertex 23.7823 9.51142 46.8
      vertex 24.25 9.82391 46.8
    endloop
  endfacet
  facet normal -0.138073 0.694267 -0.706349
    outer loop
      vertex 26.4 6.1 42.5
      vertex 25.2871 10.2535 46.8
      vertex 25.8387 10.3632 46.8
    endloop
  endfacet
  facet normal 0.227543 0.670295 -0.706349
    outer loop
      vertex 28.0455 10.0727 46.8
      vertex 26.4 6.1 42.5
      vertex 27.5129 10.2535 46.8
    endloop
  endfacet
  facet normal 0.466717 0.532207 -0.70635
    outer loop
      vertex 29.4406 9.14056 46.8
      vertex 26.4 6.1 42.5
      vertex 29.0177 9.51142 46.8
    endloop
  endfacet
  facet normal 0.588495 0.393247 -0.706421
    outer loop
      vertex 30.1 8.2362 46.7724
      vertex 29.8114 8.71767 46.8
      vertex 30.1 8.28578 46.8
    endloop
  endfacet
  facet normal 0.58856 0.393282 -0.706348
    outer loop
      vertex 29.8114 8.71767 46.8
      vertex 30.1 8.2362 46.7724
      vertex 26.4 6.1 42.5
    endloop
  endfacet
  facet normal 0.694259 0.138105 -0.706351
    outer loop
      vertex 30.1 6.58711 46.2319
      vertex 26.4 6.1 42.5
      vertex 30.1 7.09141 46.3305
    endloop
  endfacet
  facet normal -0.313035 -0.634889 -0.706346
    outer loop
      vertex 24.8674 2.4 46.5049
      vertex 24.2638 2.4 46.7724
      vertex 26.4 6.1 42.5
    endloop
  endfacet
  facet normal -0.63485 -0.313108 -0.706349
    outer loop
      vertex 22.6761 3.95 46.8
      vertex 22.4273 4.45446 46.8
      vertex 26.4 6.1 42.5
    endloop
  endfacet
  facet normal -0.706348 -0.046313 -0.706348
    outer loop
      vertex 22.1368 5.53874 46.8
      vertex 22.1 6.1 46.8
      vertex 26.4 6.1 42.5
    endloop
  endfacet
  facet normal 0.227618 -0.670271 -0.706347
    outer loop
      vertex 27.3914 2.4 46.3305
      vertex 26.4 6.1 42.5
      vertex 27.9326 2.4 46.5049
    endloop
  endfacet
  facet normal 0.0462586 -0.70635 -0.70635
    outer loop
      vertex 26.4 2.4 46.2
      vertex 26.4 6.1 42.5
      vertex 26.8871 2.4 46.2319
    endloop
  endfacet
  facet normal 0.466717 -0.532207 -0.70635
    outer loop
      vertex 29.0177 2.68858 46.8
      vertex 26.4 6.1 42.5
      vertex 29.4406 3.05944 46.8
    endloop
  endfacet
  facet normal 0.634892 -0.313029 -0.706346
    outer loop
      vertex 30.1 3.9638 46.7724
      vertex 26.4 6.1 42.5
      vertex 30.1 4.56741 46.5049
    endloop
  endfacet
  facet normal -0.69427 0.138059 -0.706349
    outer loop
      vertex 26.4 6.1 42.5
      vertex 22.1368 6.66126 46.8
      vertex 22.2465 7.21292 46.8
    endloop
  endfacet
  facet normal -0.588561 0.39328 -0.706348
    outer loop
      vertex 26.4 6.1 42.5
      vertex 22.6761 8.25 46.8
      vertex 22.9886 8.71767 46.8
    endloop
  endfacet
  facet normal -0.313078 0.634865 -0.706349
    outer loop
      vertex 26.4 6.1 42.5
      vertex 24.25 9.82391 46.8
      vertex 24.7545 10.0727 46.8
    endloop
  endfacet
  facet normal -0.0463097 0.706348 -0.706348
    outer loop
      vertex 26.4 6.1 42.5
      vertex 25.8387 10.3632 46.8
      vertex 26.4 10.4 46.8
    endloop
  endfacet
  facet normal 0.138073 0.694267 -0.706349
    outer loop
      vertex 27.5129 10.2535 46.8
      vertex 26.4 6.1 42.5
      vertex 26.9613 10.3632 46.8
    endloop
  endfacet
  facet normal 0.393253 0.588577 -0.706349
    outer loop
      vertex 29.0177 9.51142 46.8
      vertex 26.4 6.1 42.5
      vertex 28.55 9.82391 46.8
    endloop
  endfacet
  facet normal 0.634892 0.313029 -0.706346
    outer loop
      vertex 30.1 7.63259 46.5049
      vertex 26.4 6.1 42.5
      vertex 30.1 8.2362 46.7724
    endloop
  endfacet
  facet normal 0.70635 0.0462576 -0.70635
    outer loop
      vertex 30.1 6.1 46.2
      vertex 26.4 6.1 42.5
      vertex 30.1 6.58711 46.2319
    endloop
  endfacet
  facet normal -0.997862 0.0653568 0
    outer loop
      vertex -23.3265 35.4954 47.4
      vertex -23.3 35.9 49.4
      vertex -23.3 35.9 47.4
    endloop
  endfacet
  facet normal -0.997862 0.0653568 0
    outer loop
      vertex -23.3 35.9 49.4
      vertex -23.3265 35.4954 47.4
      vertex -23.3265 35.4954 49.4
    endloop
  endfacet
  facet normal 0.997862 0.0653568 0
    outer loop
      vertex -29.4735 35.4954 49.4
      vertex -29.5 35.9 47.4
      vertex -29.5 35.9 49.4
    endloop
  endfacet
  facet normal 0.997862 0.0653568 0
    outer loop
      vertex -29.5 35.9 47.4
      vertex -29.4735 35.4954 49.4
      vertex -29.4735 35.4954 47.4
    endloop
  endfacet
  facet normal -0.0653568 0.997862 0
    outer loop
      vertex -25.9954 32.8265 47.4
      vertex -26.4 32.8 49.4
      vertex -25.9954 32.8265 49.4
    endloop
  endfacet
  facet normal -0.0653568 0.997862 0
    outer loop
      vertex -26.4 32.8 49.4
      vertex -25.9954 32.8265 47.4
      vertex -26.4 32.8 47.4
    endloop
  endfacet
  facet normal 0.0653568 -0.997862 0
    outer loop
      vertex -26.8046 38.9735 47.4
      vertex -26.4 39 49.4
      vertex -26.8046 38.9735 49.4
    endloop
  endfacet
  facet normal 0.0653568 -0.997862 0
    outer loop
      vertex -26.4 39 49.4
      vertex -26.8046 38.9735 47.4
      vertex -26.4 39 47.4
    endloop
  endfacet
  facet normal -0.659482 0.751721 0
    outer loop
      vertex -24.208 33.708 47.4
      vertex -24.5128 33.4406 49.4
      vertex -24.208 33.708 49.4
    endloop
  endfacet
  facet normal -0.659482 0.751721 0
    outer loop
      vertex -24.5128 33.4406 49.4
      vertex -24.208 33.708 47.4
      vertex -24.5128 33.4406 47.4
    endloop
  endfacet
  facet normal 0.659482 0.751721 -0
    outer loop
      vertex -28.2872 33.4406 47.4
      vertex -28.592 33.708 49.4
      vertex -28.2872 33.4406 49.4
    endloop
  endfacet
  facet normal 0.659482 0.751721 0
    outer loop
      vertex -28.592 33.708 49.4
      vertex -28.2872 33.4406 47.4
      vertex -28.592 33.708 47.4
    endloop
  endfacet
  facet normal 0.321549 0.946893 -0
    outer loop
      vertex -27.2023 32.9056 47.4
      vertex -27.5863 33.036 49.4
      vertex -27.2023 32.9056 49.4
    endloop
  endfacet
  facet normal 0.321549 0.946893 0
    outer loop
      vertex -27.5863 33.036 49.4
      vertex -27.2023 32.9056 47.4
      vertex -27.5863 33.036 47.4
    endloop
  endfacet
  facet normal -0.831481 -0.555553 0
    outer loop
      vertex -23.7153 37.45 47.4
      vertex -23.9406 37.7872 49.4
      vertex -23.9406 37.7872 47.4
    endloop
  endfacet
  facet normal -0.831481 -0.555553 0
    outer loop
      vertex -23.9406 37.7872 49.4
      vertex -23.7153 37.45 47.4
      vertex -23.7153 37.45 49.4
    endloop
  endfacet
  facet normal -0.896928 0.442176 0
    outer loop
      vertex -23.7153 34.35 47.4
      vertex -23.536 34.7137 49.4
      vertex -23.536 34.7137 47.4
    endloop
  endfacet
  facet normal -0.896928 0.442176 0
    outer loop
      vertex -23.536 34.7137 49.4
      vertex -23.7153 34.35 47.4
      vertex -23.7153 34.35 49.4
    endloop
  endfacet
  facet normal -0.980789 0.195073 0
    outer loop
      vertex -23.4056 35.0977 47.4
      vertex -23.3265 35.4954 49.4
      vertex -23.3265 35.4954 47.4
    endloop
  endfacet
  facet normal -0.980789 0.195073 0
    outer loop
      vertex -23.3265 35.4954 49.4
      vertex -23.4056 35.0977 47.4
      vertex -23.4056 35.0977 49.4
    endloop
  endfacet
  facet normal -0.321549 0.946893 0
    outer loop
      vertex -25.2137 33.036 47.4
      vertex -25.5977 32.9056 49.4
      vertex -25.2137 33.036 49.4
    endloop
  endfacet
  facet normal -0.321549 0.946893 0
    outer loop
      vertex -25.5977 32.9056 49.4
      vertex -25.2137 33.036 47.4
      vertex -25.5977 32.9056 47.4
    endloop
  endfacet
  facet normal -0.195073 0.980789 0
    outer loop
      vertex -25.5977 32.9056 47.4
      vertex -25.9954 32.8265 49.4
      vertex -25.5977 32.9056 49.4
    endloop
  endfacet
  facet normal -0.195073 0.980789 0
    outer loop
      vertex -25.9954 32.8265 49.4
      vertex -25.5977 32.9056 47.4
      vertex -25.9954 32.8265 47.4
    endloop
  endfacet
  facet normal -0.555553 0.831481 0
    outer loop
      vertex -24.5128 33.4406 47.4
      vertex -24.85 33.2153 49.4
      vertex -24.5128 33.4406 49.4
    endloop
  endfacet
  facet normal -0.555553 0.831481 0
    outer loop
      vertex -24.85 33.2153 49.4
      vertex -24.5128 33.4406 47.4
      vertex -24.85 33.2153 47.4
    endloop
  endfacet
  facet normal 0.896928 0.442176 0
    outer loop
      vertex -29.0847 34.35 49.4
      vertex -29.264 34.7137 47.4
      vertex -29.264 34.7137 49.4
    endloop
  endfacet
  facet normal 0.896928 0.442176 0
    outer loop
      vertex -29.264 34.7137 47.4
      vertex -29.0847 34.35 49.4
      vertex -29.0847 34.35 47.4
    endloop
  endfacet
  facet normal 0.831481 0.555553 0
    outer loop
      vertex -28.8594 34.0128 49.4
      vertex -29.0847 34.35 47.4
      vertex -29.0847 34.35 49.4
    endloop
  endfacet
  facet normal 0.831481 0.555553 0
    outer loop
      vertex -29.0847 34.35 47.4
      vertex -28.8594 34.0128 49.4
      vertex -28.8594 34.0128 47.4
    endloop
  endfacet
  facet normal 0.946893 0.321549 0
    outer loop
      vertex -29.264 34.7137 49.4
      vertex -29.3944 35.0977 47.4
      vertex -29.3944 35.0977 49.4
    endloop
  endfacet
  facet normal 0.946893 0.321549 0
    outer loop
      vertex -29.3944 35.0977 47.4
      vertex -29.264 34.7137 49.4
      vertex -29.264 34.7137 47.4
    endloop
  endfacet
  facet normal 0.442176 0.896928 -0
    outer loop
      vertex -27.5863 33.036 47.4
      vertex -27.95 33.2153 49.4
      vertex -27.5863 33.036 49.4
    endloop
  endfacet
  facet normal 0.442176 0.896928 0
    outer loop
      vertex -27.95 33.2153 49.4
      vertex -27.5863 33.036 47.4
      vertex -27.95 33.2153 47.4
    endloop
  endfacet
  facet normal 0.195073 0.980789 -0
    outer loop
      vertex -26.8046 32.8265 47.4
      vertex -27.2023 32.9056 49.4
      vertex -26.8046 32.8265 49.4
    endloop
  endfacet
  facet normal 0.195073 0.980789 0
    outer loop
      vertex -27.2023 32.9056 49.4
      vertex -26.8046 32.8265 47.4
      vertex -27.2023 32.9056 47.4
    endloop
  endfacet
  facet normal -0.321549 -0.946893 0
    outer loop
      vertex -25.5977 38.8944 47.4
      vertex -25.2137 38.764 49.4
      vertex -25.5977 38.8944 49.4
    endloop
  endfacet
  facet normal -0.321549 -0.946893 -0
    outer loop
      vertex -25.2137 38.764 49.4
      vertex -25.5977 38.8944 47.4
      vertex -25.2137 38.764 47.4
    endloop
  endfacet
  facet normal 0.442176 -0.896928 0
    outer loop
      vertex -27.95 38.5847 47.4
      vertex -27.5863 38.764 49.4
      vertex -27.95 38.5847 49.4
    endloop
  endfacet
  facet normal 0.442176 -0.896928 0
    outer loop
      vertex -27.5863 38.764 49.4
      vertex -27.95 38.5847 47.4
      vertex -27.5863 38.764 47.4
    endloop
  endfacet
  facet normal 0.321549 -0.946893 0
    outer loop
      vertex -27.5863 38.764 47.4
      vertex -27.2023 38.8944 49.4
      vertex -27.5863 38.764 49.4
    endloop
  endfacet
  facet normal 0.321549 -0.946893 0
    outer loop
      vertex -27.2023 38.8944 49.4
      vertex -27.5863 38.764 47.4
      vertex -27.2023 38.8944 47.4
    endloop
  endfacet
  facet normal 0.896928 -0.442176 0
    outer loop
      vertex -29.264 37.0863 49.4
      vertex -29.0847 37.45 47.4
      vertex -29.0847 37.45 49.4
    endloop
  endfacet
  facet normal 0.896928 -0.442176 0
    outer loop
      vertex -29.0847 37.45 47.4
      vertex -29.264 37.0863 49.4
      vertex -29.264 37.0863 47.4
    endloop
  endfacet
  facet normal 0.831481 -0.555553 0
    outer loop
      vertex -29.0847 37.45 49.4
      vertex -28.8594 37.7872 47.4
      vertex -28.8594 37.7872 49.4
    endloop
  endfacet
  facet normal 0.831481 -0.555553 0
    outer loop
      vertex -28.8594 37.7872 47.4
      vertex -29.0847 37.45 49.4
      vertex -29.0847 37.45 47.4
    endloop
  endfacet
  facet normal -0.946893 0.321549 0
    outer loop
      vertex -23.536 34.7137 47.4
      vertex -23.4056 35.0977 49.4
      vertex -23.4056 35.0977 47.4
    endloop
  endfacet
  facet normal -0.946893 0.321549 0
    outer loop
      vertex -23.4056 35.0977 49.4
      vertex -23.536 34.7137 47.4
      vertex -23.536 34.7137 49.4
    endloop
  endfacet
  facet normal -0.751721 0.659482 0
    outer loop
      vertex -24.208 33.708 47.4
      vertex -23.9406 34.0128 49.4
      vertex -23.9406 34.0128 47.4
    endloop
  endfacet
  facet normal -0.751721 0.659482 0
    outer loop
      vertex -23.9406 34.0128 49.4
      vertex -24.208 33.708 47.4
      vertex -24.208 33.708 49.4
    endloop
  endfacet
  facet normal -0.831481 0.555553 0
    outer loop
      vertex -23.9406 34.0128 47.4
      vertex -23.7153 34.35 49.4
      vertex -23.7153 34.35 47.4
    endloop
  endfacet
  facet normal -0.831481 0.555553 0
    outer loop
      vertex -23.7153 34.35 49.4
      vertex -23.9406 34.0128 47.4
      vertex -23.9406 34.0128 49.4
    endloop
  endfacet
  facet normal -0.442176 0.896928 0
    outer loop
      vertex -24.85 33.2153 47.4
      vertex -25.2137 33.036 49.4
      vertex -24.85 33.2153 49.4
    endloop
  endfacet
  facet normal -0.442176 0.896928 0
    outer loop
      vertex -25.2137 33.036 49.4
      vertex -24.85 33.2153 47.4
      vertex -25.2137 33.036 47.4
    endloop
  endfacet
  facet normal 0.980789 0.195073 0
    outer loop
      vertex -29.3944 35.0977 49.4
      vertex -29.4735 35.4954 47.4
      vertex -29.4735 35.4954 49.4
    endloop
  endfacet
  facet normal 0.980789 0.195073 0
    outer loop
      vertex -29.4735 35.4954 47.4
      vertex -29.3944 35.0977 49.4
      vertex -29.3944 35.0977 47.4
    endloop
  endfacet
  facet normal 0 0 1
    outer loop
      vertex -23.3265 36.3046 47.4
      vertex -23.3265 35.4954 47.4
      vertex -23.3 35.9 47.4
    endloop
  endfacet
  facet normal 0 0 1
    outer loop
      vertex -23.4056 36.7023 47.4
      vertex -23.3265 35.4954 47.4
      vertex -23.3265 36.3046 47.4
    endloop
  endfacet
  facet normal 0 0 1
    outer loop
      vertex -23.4056 36.7023 47.4
      vertex -23.4056 35.0977 47.4
      vertex -23.3265 35.4954 47.4
    endloop
  endfacet
  facet normal 0 0 1
    outer loop
      vertex -23.536 37.0863 47.4
      vertex -23.4056 35.0977 47.4
      vertex -23.4056 36.7023 47.4
    endloop
  endfacet
  facet normal 0 0 1
    outer loop
      vertex -23.536 37.0863 47.4
      vertex -23.536 34.7137 47.4
      vertex -23.4056 35.0977 47.4
    endloop
  endfacet
  facet normal 0 0 1
    outer loop
      vertex -23.7153 37.45 47.4
      vertex -23.536 34.7137 47.4
      vertex -23.536 37.0863 47.4
    endloop
  endfacet
  facet normal 0 0 1
    outer loop
      vertex -23.7153 37.45 47.4
      vertex -23.7153 34.35 47.4
      vertex -23.536 34.7137 47.4
    endloop
  endfacet
  facet normal 0 0 1
    outer loop
      vertex -23.9406 37.7872 47.4
      vertex -23.7153 34.35 47.4
      vertex -23.7153 37.45 47.4
    endloop
  endfacet
  facet normal 0 0 1
    outer loop
      vertex -23.9406 37.7872 47.4
      vertex -23.9406 34.0128 47.4
      vertex -23.7153 34.35 47.4
    endloop
  endfacet
  facet normal 0 0 1
    outer loop
      vertex -24.208 38.092 47.4
      vertex -23.9406 34.0128 47.4
      vertex -23.9406 37.7872 47.4
    endloop
  endfacet
  facet normal 0 0 1
    outer loop
      vertex -24.208 38.092 47.4
      vertex -24.208 33.708 47.4
      vertex -23.9406 34.0128 47.4
    endloop
  endfacet
  facet normal 0 0 1
    outer loop
      vertex -24.5128 38.3594 47.4
      vertex -24.208 33.708 47.4
      vertex -24.208 38.092 47.4
    endloop
  endfacet
  facet normal 0 0 1
    outer loop
      vertex -24.5128 38.3594 47.4
      vertex -24.5128 33.4406 47.4
      vertex -24.208 33.708 47.4
    endloop
  endfacet
  facet normal 0 0 1
    outer loop
      vertex -24.85 38.5847 47.4
      vertex -24.5128 33.4406 47.4
      vertex -24.5128 38.3594 47.4
    endloop
  endfacet
  facet normal 0 0 1
    outer loop
      vertex -24.85 38.5847 47.4
      vertex -24.85 33.2153 47.4
      vertex -24.5128 33.4406 47.4
    endloop
  endfacet
  facet normal 0 0 1
    outer loop
      vertex -25.2137 38.764 47.4
      vertex -24.85 33.2153 47.4
      vertex -24.85 38.5847 47.4
    endloop
  endfacet
  facet normal 0 0 1
    outer loop
      vertex -25.2137 38.764 47.4
      vertex -25.2137 33.036 47.4
      vertex -24.85 33.2153 47.4
    endloop
  endfacet
  facet normal 0 0 1
    outer loop
      vertex -25.5977 38.8944 47.4
      vertex -25.2137 33.036 47.4
      vertex -25.2137 38.764 47.4
    endloop
  endfacet
  facet normal 0 0 1
    outer loop
      vertex -25.5977 38.8944 47.4
      vertex -25.5977 32.9056 47.4
      vertex -25.2137 33.036 47.4
    endloop
  endfacet
  facet normal 0 0 1
    outer loop
      vertex -25.9954 38.9735 47.4
      vertex -25.5977 32.9056 47.4
      vertex -25.5977 38.8944 47.4
    endloop
  endfacet
  facet normal 0 0 1
    outer loop
      vertex -25.9954 38.9735 47.4
      vertex -25.9954 32.8265 47.4
      vertex -25.5977 32.9056 47.4
    endloop
  endfacet
  facet normal 0 0 1
    outer loop
      vertex -26.4 39 47.4
      vertex -25.9954 32.8265 47.4
      vertex -25.9954 38.9735 47.4
    endloop
  endfacet
  facet normal 0 0 1
    outer loop
      vertex -26.4 39 47.4
      vertex -26.4 32.8 47.4
      vertex -25.9954 32.8265 47.4
    endloop
  endfacet
  facet normal -0 0 1
    outer loop
      vertex -26.8046 38.9735 47.4
      vertex -26.4 32.8 47.4
      vertex -26.4 39 47.4
    endloop
  endfacet
  facet normal 0 0 1
    outer loop
      vertex -26.8046 38.9735 47.4
      vertex -26.8046 32.8265 47.4
      vertex -26.4 32.8 47.4
    endloop
  endfacet
  facet normal -0 0 1
    outer loop
      vertex -27.2023 38.8944 47.4
      vertex -26.8046 32.8265 47.4
      vertex -26.8046 38.9735 47.4
    endloop
  endfacet
  facet normal 0 0 1
    outer loop
      vertex -27.2023 38.8944 47.4
      vertex -27.2023 32.9056 47.4
      vertex -26.8046 32.8265 47.4
    endloop
  endfacet
  facet normal -0 0 1
    outer loop
      vertex -27.5863 38.764 47.4
      vertex -27.2023 32.9056 47.4
      vertex -27.2023 38.8944 47.4
    endloop
  endfacet
  facet normal 0 0 1
    outer loop
      vertex -27.5863 38.764 47.4
      vertex -27.5863 33.036 47.4
      vertex -27.2023 32.9056 47.4
    endloop
  endfacet
  facet normal -0 0 1
    outer loop
      vertex -27.95 38.5847 47.4
      vertex -27.5863 33.036 47.4
      vertex -27.5863 38.764 47.4
    endloop
  endfacet
  facet normal 0 0 1
    outer loop
      vertex -27.95 38.5847 47.4
      vertex -27.95 33.2153 47.4
      vertex -27.5863 33.036 47.4
    endloop
  endfacet
  facet normal -0 0 1
    outer loop
      vertex -28.2872 38.3594 47.4
      vertex -27.95 33.2153 47.4
      vertex -27.95 38.5847 47.4
    endloop
  endfacet
  facet normal 0 0 1
    outer loop
      vertex -28.2872 38.3594 47.4
      vertex -28.2872 33.4406 47.4
      vertex -27.95 33.2153 47.4
    endloop
  endfacet
  facet normal -0 0 1
    outer loop
      vertex -28.592 38.092 47.4
      vertex -28.2872 33.4406 47.4
      vertex -28.2872 38.3594 47.4
    endloop
  endfacet
  facet normal 0 0 1
    outer loop
      vertex -28.592 38.092 47.4
      vertex -28.592 33.708 47.4
      vertex -28.2872 33.4406 47.4
    endloop
  endfacet
  facet normal -0 0 1
    outer loop
      vertex -28.8594 37.7872 47.4
      vertex -28.592 33.708 47.4
      vertex -28.592 38.092 47.4
    endloop
  endfacet
  facet normal 0 0 1
    outer loop
      vertex -28.8594 37.7872 47.4
      vertex -28.8594 34.0128 47.4
      vertex -28.592 33.708 47.4
    endloop
  endfacet
  facet normal -0 0 1
    outer loop
      vertex -29.0847 37.45 47.4
      vertex -28.8594 34.0128 47.4
      vertex -28.8594 37.7872 47.4
    endloop
  endfacet
  facet normal 0 0 1
    outer loop
      vertex -29.0847 37.45 47.4
      vertex -29.0847 34.35 47.4
      vertex -28.8594 34.0128 47.4
    endloop
  endfacet
  facet normal -0 0 1
    outer loop
      vertex -29.264 37.0863 47.4
      vertex -29.0847 34.35 47.4
      vertex -29.0847 37.45 47.4
    endloop
  endfacet
  facet normal 0 0 1
    outer loop
      vertex -29.264 37.0863 47.4
      vertex -29.264 34.7137 47.4
      vertex -29.0847 34.35 47.4
    endloop
  endfacet
  facet normal -0 0 1
    outer loop
      vertex -29.3944 36.7023 47.4
      vertex -29.264 34.7137 47.4
      vertex -29.264 37.0863 47.4
    endloop
  endfacet
  facet normal 0 0 1
    outer loop
      vertex -29.3944 36.7023 47.4
      vertex -29.3944 35.0977 47.4
      vertex -29.264 34.7137 47.4
    endloop
  endfacet
  facet normal -0 0 1
    outer loop
      vertex -29.4735 36.3046 47.4
      vertex -29.3944 35.0977 47.4
      vertex -29.3944 36.7023 47.4
    endloop
  endfacet
  facet normal 0 0 1
    outer loop
      vertex -29.4735 36.3046 47.4
      vertex -29.4735 35.4954 47.4
      vertex -29.3944 35.0977 47.4
    endloop
  endfacet
  facet normal 0 -0 1
    outer loop
      vertex -29.4735 35.4954 47.4
      vertex -29.4735 36.3046 47.4
      vertex -29.5 35.9 47.4
    endloop
  endfacet
  facet normal 0.555553 0.831481 -0
    outer loop
      vertex -27.95 33.2153 47.4
      vertex -28.2872 33.4406 49.4
      vertex -27.95 33.2153 49.4
    endloop
  endfacet
  facet normal 0.555553 0.831481 0
    outer loop
      vertex -28.2872 33.4406 49.4
      vertex -27.95 33.2153 47.4
      vertex -28.2872 33.4406 47.4
    endloop
  endfacet
  facet normal 0.0653568 0.997862 -0
    outer loop
      vertex -26.4 32.8 47.4
      vertex -26.8046 32.8265 49.4
      vertex -26.4 32.8 49.4
    endloop
  endfacet
  facet normal 0.0653568 0.997862 0
    outer loop
      vertex -26.8046 32.8265 49.4
      vertex -26.4 32.8 47.4
      vertex -26.8046 32.8265 47.4
    endloop
  endfacet
  facet normal -0.997862 -0.0653568 0
    outer loop
      vertex -23.3 35.9 47.4
      vertex -23.3265 36.3046 49.4
      vertex -23.3265 36.3046 47.4
    endloop
  endfacet
  facet normal -0.997862 -0.0653568 0
    outer loop
      vertex -23.3265 36.3046 49.4
      vertex -23.3 35.9 47.4
      vertex -23.3 35.9 49.4
    endloop
  endfacet
  facet normal -0.0653568 -0.997862 0
    outer loop
      vertex -26.4 39 47.4
      vertex -25.9954 38.9735 49.4
      vertex -26.4 39 49.4
    endloop
  endfacet
  facet normal -0.0653568 -0.997862 -0
    outer loop
      vertex -25.9954 38.9735 49.4
      vertex -26.4 39 47.4
      vertex -25.9954 38.9735 47.4
    endloop
  endfacet
  facet normal -0.555553 -0.831481 0
    outer loop
      vertex -24.85 38.5847 47.4
      vertex -24.5128 38.3594 49.4
      vertex -24.85 38.5847 49.4
    endloop
  endfacet
  facet normal -0.555553 -0.831481 -0
    outer loop
      vertex -24.5128 38.3594 49.4
      vertex -24.85 38.5847 47.4
      vertex -24.5128 38.3594 47.4
    endloop
  endfacet
  facet normal -0.751721 -0.659482 0
    outer loop
      vertex -23.9406 37.7872 47.4
      vertex -24.208 38.092 49.4
      vertex -24.208 38.092 47.4
    endloop
  endfacet
  facet normal -0.751721 -0.659482 0
    outer loop
      vertex -24.208 38.092 49.4
      vertex -23.9406 37.7872 47.4
      vertex -23.9406 37.7872 49.4
    endloop
  endfacet
  facet normal -0.980789 -0.195073 0
    outer loop
      vertex -23.3265 36.3046 47.4
      vertex -23.4056 36.7023 49.4
      vertex -23.4056 36.7023 47.4
    endloop
  endfacet
  facet normal -0.980789 -0.195073 0
    outer loop
      vertex -23.4056 36.7023 49.4
      vertex -23.3265 36.3046 47.4
      vertex -23.3265 36.3046 49.4
    endloop
  endfacet
  facet normal 0.555553 -0.831481 0
    outer loop
      vertex -28.2872 38.3594 47.4
      vertex -27.95 38.5847 49.4
      vertex -28.2872 38.3594 49.4
    endloop
  endfacet
  facet normal 0.555553 -0.831481 0
    outer loop
      vertex -27.95 38.5847 49.4
      vertex -28.2872 38.3594 47.4
      vertex -27.95 38.5847 47.4
    endloop
  endfacet
  facet normal 0.659482 -0.751721 0
    outer loop
      vertex -28.592 38.092 47.4
      vertex -28.2872 38.3594 49.4
      vertex -28.592 38.092 49.4
    endloop
  endfacet
  facet normal 0.659482 -0.751721 0
    outer loop
      vertex -28.2872 38.3594 49.4
      vertex -28.592 38.092 47.4
      vertex -28.2872 38.3594 47.4
    endloop
  endfacet
  facet normal 0.195073 -0.980789 0
    outer loop
      vertex -27.2023 38.8944 47.4
      vertex -26.8046 38.9735 49.4
      vertex -27.2023 38.8944 49.4
    endloop
  endfacet
  facet normal 0.195073 -0.980789 0
    outer loop
      vertex -26.8046 38.9735 49.4
      vertex -27.2023 38.8944 47.4
      vertex -26.8046 38.9735 47.4
    endloop
  endfacet
  facet normal 0.751721 -0.659482 0
    outer loop
      vertex -28.8594 37.7872 49.4
      vertex -28.592 38.092 47.4
      vertex -28.592 38.092 49.4
    endloop
  endfacet
  facet normal 0.751721 -0.659482 0
    outer loop
      vertex -28.592 38.092 47.4
      vertex -28.8594 37.7872 49.4
      vertex -28.8594 37.7872 47.4
    endloop
  endfacet
  facet normal 0.946893 -0.321549 0
    outer loop
      vertex -29.3944 36.7023 49.4
      vertex -29.264 37.0863 47.4
      vertex -29.264 37.0863 49.4
    endloop
  endfacet
  facet normal 0.946893 -0.321549 0
    outer loop
      vertex -29.264 37.0863 47.4
      vertex -29.3944 36.7023 49.4
      vertex -29.3944 36.7023 47.4
    endloop
  endfacet
  facet normal 0.997862 -0.0653568 0
    outer loop
      vertex -29.5 35.9 49.4
      vertex -29.4735 36.3046 47.4
      vertex -29.4735 36.3046 49.4
    endloop
  endfacet
  facet normal 0.997862 -0.0653568 0
    outer loop
      vertex -29.4735 36.3046 47.4
      vertex -29.5 35.9 49.4
      vertex -29.5 35.9 47.4
    endloop
  endfacet
  facet normal 0.751721 0.659482 0
    outer loop
      vertex -28.592 33.708 49.4
      vertex -28.8594 34.0128 47.4
      vertex -28.8594 34.0128 49.4
    endloop
  endfacet
  facet normal 0.751721 0.659482 0
    outer loop
      vertex -28.8594 34.0128 47.4
      vertex -28.592 33.708 49.4
      vertex -28.592 33.708 47.4
    endloop
  endfacet
  facet normal -0.195073 -0.980789 0
    outer loop
      vertex -25.9954 38.9735 47.4
      vertex -25.5977 38.8944 49.4
      vertex -25.9954 38.9735 49.4
    endloop
  endfacet
  facet normal -0.195073 -0.980789 -0
    outer loop
      vertex -25.5977 38.8944 49.4
      vertex -25.9954 38.9735 47.4
      vertex -25.5977 38.8944 47.4
    endloop
  endfacet
  facet normal -0.442176 -0.896928 0
    outer loop
      vertex -25.2137 38.764 47.4
      vertex -24.85 38.5847 49.4
      vertex -25.2137 38.764 49.4
    endloop
  endfacet
  facet normal -0.442176 -0.896928 -0
    outer loop
      vertex -24.85 38.5847 49.4
      vertex -25.2137 38.764 47.4
      vertex -24.85 38.5847 47.4
    endloop
  endfacet
  facet normal -0.659482 -0.751721 0
    outer loop
      vertex -24.5128 38.3594 47.4
      vertex -24.208 38.092 49.4
      vertex -24.5128 38.3594 49.4
    endloop
  endfacet
  facet normal -0.659482 -0.751721 -0
    outer loop
      vertex -24.208 38.092 49.4
      vertex -24.5128 38.3594 47.4
      vertex -24.208 38.092 47.4
    endloop
  endfacet
  facet normal -0.896928 -0.442176 0
    outer loop
      vertex -23.536 37.0863 47.4
      vertex -23.7153 37.45 49.4
      vertex -23.7153 37.45 47.4
    endloop
  endfacet
  facet normal -0.896928 -0.442176 0
    outer loop
      vertex -23.7153 37.45 49.4
      vertex -23.536 37.0863 47.4
      vertex -23.536 37.0863 49.4
    endloop
  endfacet
  facet normal 0.980789 -0.195073 0
    outer loop
      vertex -29.4735 36.3046 49.4
      vertex -29.3944 36.7023 47.4
      vertex -29.3944 36.7023 49.4
    endloop
  endfacet
  facet normal 0.980789 -0.195073 0
    outer loop
      vertex -29.3944 36.7023 47.4
      vertex -29.4735 36.3046 49.4
      vertex -29.4735 36.3046 47.4
    endloop
  endfacet
  facet normal -0.946893 -0.321549 0
    outer loop
      vertex -23.4056 36.7023 47.4
      vertex -23.536 37.0863 49.4
      vertex -23.536 37.0863 47.4
    endloop
  endfacet
  facet normal -0.946893 -0.321549 0
    outer loop
      vertex -23.536 37.0863 49.4
      vertex -23.4056 36.7023 47.4
      vertex -23.4056 36.7023 49.4
    endloop
  endfacet
  facet normal -0.997862 0.0653519 0
    outer loop
      vertex -23.3265 5.69537 47.4
      vertex -23.3 6.1 49.4
      vertex -23.3 6.1 47.4
    endloop
  endfacet
  facet normal -0.997862 0.0653519 0
    outer loop
      vertex -23.3 6.1 49.4
      vertex -23.3265 5.69537 47.4
      vertex -23.3265 5.69537 49.4
    endloop
  endfacet
  facet normal 0.0654059 0.997859 -0
    outer loop
      vertex -26.4 3 47.4
      vertex -26.8046 3.02652 49.4
      vertex -26.4 3 49.4
    endloop
  endfacet
  facet normal 0.0654059 0.997859 0
    outer loop
      vertex -26.8046 3.02652 49.4
      vertex -26.4 3 47.4
      vertex -26.8046 3.02652 47.4
    endloop
  endfacet
  facet normal -0.0654059 -0.997859 0
    outer loop
      vertex -26.4 9.2 47.4
      vertex -25.9954 9.17348 49.4
      vertex -26.4 9.2 49.4
    endloop
  endfacet
  facet normal -0.0654059 -0.997859 -0
    outer loop
      vertex -25.9954 9.17348 49.4
      vertex -26.4 9.2 47.4
      vertex -25.9954 9.17348 47.4
    endloop
  endfacet
  facet normal -0.65944 0.751757 0
    outer loop
      vertex -24.208 3.90797 47.4
      vertex -24.5128 3.6406 49.4
      vertex -24.208 3.90797 49.4
    endloop
  endfacet
  facet normal -0.65944 0.751757 0
    outer loop
      vertex -24.5128 3.6406 49.4
      vertex -24.208 3.90797 47.4
      vertex -24.5128 3.6406 47.4
    endloop
  endfacet
  facet normal 0.751796 0.659396 0
    outer loop
      vertex -28.592 3.90797 49.4
      vertex -28.8594 4.21284 47.4
      vertex -28.8594 4.21284 49.4
    endloop
  endfacet
  facet normal 0.751796 0.659396 0
    outer loop
      vertex -28.8594 4.21284 47.4
      vertex -28.592 3.90797 49.4
      vertex -28.592 3.90797 47.4
    endloop
  endfacet
  facet normal 0.442275 0.89688 -0
    outer loop
      vertex -27.5863 3.23597 47.4
      vertex -27.95 3.41532 49.4
      vertex -27.5863 3.23597 49.4
    endloop
  endfacet
  facet normal 0.442275 0.89688 0
    outer loop
      vertex -27.95 3.41532 49.4
      vertex -27.5863 3.23597 47.4
      vertex -27.95 3.41532 47.4
    endloop
  endfacet
  facet normal -0.946888 -0.321564 0
    outer loop
      vertex -23.4056 6.90234 47.4
      vertex -23.536 7.28632 49.4
      vertex -23.536 7.28632 47.4
    endloop
  endfacet
  facet normal -0.946888 -0.321564 0
    outer loop
      vertex -23.536 7.28632 49.4
      vertex -23.4056 6.90234 47.4
      vertex -23.4056 6.90234 49.4
    endloop
  endfacet
  facet normal -0.896919 0.442195 0
    outer loop
      vertex -23.7153 4.55 47.4
      vertex -23.536 4.91368 49.4
      vertex -23.536 4.91368 47.4
    endloop
  endfacet
  facet normal -0.896919 0.442195 0
    outer loop
      vertex -23.536 4.91368 49.4
      vertex -23.7153 4.55 47.4
      vertex -23.7153 4.55 49.4
    endloop
  endfacet
  facet normal -0.98079 0.195068 0
    outer loop
      vertex -23.4056 5.29766 47.4
      vertex -23.3265 5.69537 49.4
      vertex -23.3265 5.69537 47.4
    endloop
  endfacet
  facet normal -0.98079 0.195068 0
    outer loop
      vertex -23.3265 5.69537 49.4
      vertex -23.4056 5.29766 47.4
      vertex -23.4056 5.29766 49.4
    endloop
  endfacet
  facet normal -0.321416 0.946938 0
    outer loop
      vertex -25.2137 3.23597 47.4
      vertex -25.5977 3.10563 49.4
      vertex -25.2137 3.23597 49.4
    endloop
  endfacet
  facet normal -0.321416 0.946938 0
    outer loop
      vertex -25.5977 3.10563 49.4
      vertex -25.2137 3.23597 47.4
      vertex -25.5977 3.10563 47.4
    endloop
  endfacet
  facet normal -0.555519 0.831504 0
    outer loop
      vertex -24.5128 3.6406 47.4
      vertex -24.85 3.41532 49.4
      vertex -24.5128 3.6406 49.4
    endloop
  endfacet
  facet normal -0.555519 0.831504 0
    outer loop
      vertex -24.85 3.41532 49.4
      vertex -24.5128 3.6406 47.4
      vertex -24.85 3.41532 47.4
    endloop
  endfacet
  facet normal 0.946888 0.321564 0
    outer loop
      vertex -29.264 4.91368 49.4
      vertex -29.3944 5.29766 47.4
      vertex -29.3944 5.29766 49.4
    endloop
  endfacet
  facet normal 0.946888 0.321564 0
    outer loop
      vertex -29.3944 5.29766 47.4
      vertex -29.264 4.91368 49.4
      vertex -29.264 4.91368 47.4
    endloop
  endfacet
  facet normal 0.83145 0.555599 0
    outer loop
      vertex -28.8594 4.21284 49.4
      vertex -29.0847 4.55 47.4
      vertex -29.0847 4.55 49.4
    endloop
  endfacet
  facet normal 0.83145 0.555599 0
    outer loop
      vertex -29.0847 4.55 47.4
      vertex -28.8594 4.21284 49.4
      vertex -28.8594 4.21284 47.4
    endloop
  endfacet
  facet normal 0 0 1
    outer loop
      vertex -23.3265 6.50463 47.4
      vertex -23.3265 5.69537 47.4
      vertex -23.3 6.1 47.4
    endloop
  endfacet
  facet normal 0 0 1
    outer loop
      vertex -23.4056 6.90234 47.4
      vertex -23.3265 5.69537 47.4
      vertex -23.3265 6.50463 47.4
    endloop
  endfacet
  facet normal 0 0 1
    outer loop
      vertex -23.4056 6.90234 47.4
      vertex -23.4056 5.29766 47.4
      vertex -23.3265 5.69537 47.4
    endloop
  endfacet
  facet normal 0 0 1
    outer loop
      vertex -23.536 7.28632 47.4
      vertex -23.4056 5.29766 47.4
      vertex -23.4056 6.90234 47.4
    endloop
  endfacet
  facet normal 0 0 1
    outer loop
      vertex -23.536 7.28632 47.4
      vertex -23.536 4.91368 47.4
      vertex -23.4056 5.29766 47.4
    endloop
  endfacet
  facet normal 0 0 1
    outer loop
      vertex -23.7153 7.65 47.4
      vertex -23.536 4.91368 47.4
      vertex -23.536 7.28632 47.4
    endloop
  endfacet
  facet normal 0 0 1
    outer loop
      vertex -23.7153 7.65 47.4
      vertex -23.7153 4.55 47.4
      vertex -23.536 4.91368 47.4
    endloop
  endfacet
  facet normal 0 0 1
    outer loop
      vertex -23.9406 7.98716 47.4
      vertex -23.7153 4.55 47.4
      vertex -23.7153 7.65 47.4
    endloop
  endfacet
  facet normal 0 0 1
    outer loop
      vertex -23.9406 7.98716 47.4
      vertex -23.9406 4.21284 47.4
      vertex -23.7153 4.55 47.4
    endloop
  endfacet
  facet normal 0 0 1
    outer loop
      vertex -24.208 8.29203 47.4
      vertex -23.9406 4.21284 47.4
      vertex -23.9406 7.98716 47.4
    endloop
  endfacet
  facet normal 0 0 1
    outer loop
      vertex -24.208 8.29203 47.4
      vertex -24.208 3.90797 47.4
      vertex -23.9406 4.21284 47.4
    endloop
  endfacet
  facet normal 0 0 1
    outer loop
      vertex -24.5128 8.5594 47.4
      vertex -24.208 3.90797 47.4
      vertex -24.208 8.29203 47.4
    endloop
  endfacet
  facet normal 0 0 1
    outer loop
      vertex -24.5128 8.5594 47.4
      vertex -24.5128 3.6406 47.4
      vertex -24.208 3.90797 47.4
    endloop
  endfacet
  facet normal 0 0 1
    outer loop
      vertex -24.85 8.78468 47.4
      vertex -24.5128 3.6406 47.4
      vertex -24.5128 8.5594 47.4
    endloop
  endfacet
  facet normal 0 0 1
    outer loop
      vertex -24.85 8.78468 47.4
      vertex -24.85 3.41532 47.4
      vertex -24.5128 3.6406 47.4
    endloop
  endfacet
  facet normal 0 0 1
    outer loop
      vertex -25.2137 8.96403 47.4
      vertex -24.85 3.41532 47.4
      vertex -24.85 8.78468 47.4
    endloop
  endfacet
  facet normal 0 0 1
    outer loop
      vertex -25.2137 8.96403 47.4
      vertex -25.2137 3.23597 47.4
      vertex -24.85 3.41532 47.4
    endloop
  endfacet
  facet normal 0 0 1
    outer loop
      vertex -25.5977 9.09437 47.4
      vertex -25.2137 3.23597 47.4
      vertex -25.2137 8.96403 47.4
    endloop
  endfacet
  facet normal 0 0 1
    outer loop
      vertex -25.5977 9.09437 47.4
      vertex -25.5977 3.10563 47.4
      vertex -25.2137 3.23597 47.4
    endloop
  endfacet
  facet normal 0 0 1
    outer loop
      vertex -25.9954 9.17348 47.4
      vertex -25.5977 3.10563 47.4
      vertex -25.5977 9.09437 47.4
    endloop
  endfacet
  facet normal 0 0 1
    outer loop
      vertex -25.9954 9.17348 47.4
      vertex -25.9954 3.02652 47.4
      vertex -25.5977 3.10563 47.4
    endloop
  endfacet
  facet normal 0 0 1
    outer loop
      vertex -26.4 9.2 47.4
      vertex -25.9954 3.02652 47.4
      vertex -25.9954 9.17348 47.4
    endloop
  endfacet
  facet normal 0 0 1
    outer loop
      vertex -26.4 9.2 47.4
      vertex -26.4 3 47.4
      vertex -25.9954 3.02652 47.4
    endloop
  endfacet
  facet normal -0 0 1
    outer loop
      vertex -26.8046 9.17348 47.4
      vertex -26.4 3 47.4
      vertex -26.4 9.2 47.4
    endloop
  endfacet
  facet normal 0 0 1
    outer loop
      vertex -26.8046 9.17348 47.4
      vertex -26.8046 3.02652 47.4
      vertex -26.4 3 47.4
    endloop
  endfacet
  facet normal -0 0 1
    outer loop
      vertex -27.2023 9.09437 47.4
      vertex -26.8046 3.02652 47.4
      vertex -26.8046 9.17348 47.4
    endloop
  endfacet
  facet normal 0 0 1
    outer loop
      vertex -27.2023 9.09437 47.4
      vertex -27.2023 3.10563 47.4
      vertex -26.8046 3.02652 47.4
    endloop
  endfacet
  facet normal -0 0 1
    outer loop
      vertex -27.5863 8.96403 47.4
      vertex -27.2023 3.10563 47.4
      vertex -27.2023 9.09437 47.4
    endloop
  endfacet
  facet normal 0 0 1
    outer loop
      vertex -27.5863 8.96403 47.4
      vertex -27.5863 3.23597 47.4
      vertex -27.2023 3.10563 47.4
    endloop
  endfacet
  facet normal -0 0 1
    outer loop
      vertex -27.95 8.78468 47.4
      vertex -27.5863 3.23597 47.4
      vertex -27.5863 8.96403 47.4
    endloop
  endfacet
  facet normal 0 0 1
    outer loop
      vertex -27.95 8.78468 47.4
      vertex -27.95 3.41532 47.4
      vertex -27.5863 3.23597 47.4
    endloop
  endfacet
  facet normal -0 0 1
    outer loop
      vertex -28.2872 8.5594 47.4
      vertex -27.95 3.41532 47.4
      vertex -27.95 8.78468 47.4
    endloop
  endfacet
  facet normal 0 0 1
    outer loop
      vertex -28.2872 8.5594 47.4
      vertex -28.2872 3.6406 47.4
      vertex -27.95 3.41532 47.4
    endloop
  endfacet
  facet normal -0 0 1
    outer loop
      vertex -28.592 8.29203 47.4
      vertex -28.2872 3.6406 47.4
      vertex -28.2872 8.5594 47.4
    endloop
  endfacet
  facet normal 0 0 1
    outer loop
      vertex -28.592 8.29203 47.4
      vertex -28.592 3.90797 47.4
      vertex -28.2872 3.6406 47.4
    endloop
  endfacet
  facet normal -0 0 1
    outer loop
      vertex -28.8594 7.98716 47.4
      vertex -28.592 3.90797 47.4
      vertex -28.592 8.29203 47.4
    endloop
  endfacet
  facet normal 0 0 1
    outer loop
      vertex -28.8594 7.98716 47.4
      vertex -28.8594 4.21284 47.4
      vertex -28.592 3.90797 47.4
    endloop
  endfacet
  facet normal -0 0 1
    outer loop
      vertex -29.0847 7.65 47.4
      vertex -28.8594 4.21284 47.4
      vertex -28.8594 7.98716 47.4
    endloop
  endfacet
  facet normal 0 0 1
    outer loop
      vertex -29.0847 7.65 47.4
      vertex -29.0847 4.55 47.4
      vertex -28.8594 4.21284 47.4
    endloop
  endfacet
  facet normal -0 0 1
    outer loop
      vertex -29.264 7.28632 47.4
      vertex -29.0847 4.55 47.4
      vertex -29.0847 7.65 47.4
    endloop
  endfacet
  facet normal 0 0 1
    outer loop
      vertex -29.264 7.28632 47.4
      vertex -29.264 4.91368 47.4
      vertex -29.0847 4.55 47.4
    endloop
  endfacet
  facet normal -0 0 1
    outer loop
      vertex -29.3944 6.90234 47.4
      vertex -29.264 4.91368 47.4
      vertex -29.264 7.28632 47.4
    endloop
  endfacet
  facet normal 0 0 1
    outer loop
      vertex -29.3944 6.90234 47.4
      vertex -29.3944 5.29766 47.4
      vertex -29.264 4.91368 47.4
    endloop
  endfacet
  facet normal -0 0 1
    outer loop
      vertex -29.4735 6.50463 47.4
      vertex -29.3944 5.29766 47.4
      vertex -29.3944 6.90234 47.4
    endloop
  endfacet
  facet normal 0 0 1
    outer loop
      vertex -29.4735 6.50463 47.4
      vertex -29.4735 5.69537 47.4
      vertex -29.3944 5.29766 47.4
    endloop
  endfacet
  facet normal 0 -0 1
    outer loop
      vertex -29.4735 5.69537 47.4
      vertex -29.4735 6.50463 47.4
      vertex -29.5 6.1 47.4
    endloop
  endfacet
  facet normal 0.195096 0.980784 -0
    outer loop
      vertex -26.8046 3.02652 47.4
      vertex -27.2023 3.10563 49.4
      vertex -26.8046 3.02652 49.4
    endloop
  endfacet
  facet normal 0.195096 0.980784 0
    outer loop
      vertex -27.2023 3.10563 49.4
      vertex -26.8046 3.02652 47.4
      vertex -27.2023 3.10563 47.4
    endloop
  endfacet
  facet normal -0.195096 -0.980784 0
    outer loop
      vertex -25.9954 9.17348 47.4
      vertex -25.5977 9.09437 49.4
      vertex -25.9954 9.17348 49.4
    endloop
  endfacet
  facet normal -0.195096 -0.980784 -0
    outer loop
      vertex -25.5977 9.09437 49.4
      vertex -25.9954 9.17348 47.4
      vertex -25.5977 9.09437 47.4
    endloop
  endfacet
  facet normal -0.946888 0.321564 0
    outer loop
      vertex -23.536 4.91368 47.4
      vertex -23.4056 5.29766 49.4
      vertex -23.4056 5.29766 47.4
    endloop
  endfacet
  facet normal -0.946888 0.321564 0
    outer loop
      vertex -23.4056 5.29766 49.4
      vertex -23.536 4.91368 47.4
      vertex -23.536 4.91368 49.4
    endloop
  endfacet
  facet normal -0.751796 0.659396 0
    outer loop
      vertex -24.208 3.90797 47.4
      vertex -23.9406 4.21284 49.4
      vertex -23.9406 4.21284 47.4
    endloop
  endfacet
  facet normal -0.751796 0.659396 0
    outer loop
      vertex -23.9406 4.21284 49.4
      vertex -24.208 3.90797 47.4
      vertex -24.208 3.90797 49.4
    endloop
  endfacet
  facet normal -0.83145 0.555599 0
    outer loop
      vertex -23.9406 4.21284 47.4
      vertex -23.7153 4.55 49.4
      vertex -23.7153 4.55 47.4
    endloop
  endfacet
  facet normal -0.83145 0.555599 0
    outer loop
      vertex -23.7153 4.55 49.4
      vertex -23.9406 4.21284 47.4
      vertex -23.9406 4.21284 49.4
    endloop
  endfacet
  facet normal -0.195096 0.980784 0
    outer loop
      vertex -25.5977 3.10563 47.4
      vertex -25.9954 3.02652 49.4
      vertex -25.5977 3.10563 49.4
    endloop
  endfacet
  facet normal -0.195096 0.980784 0
    outer loop
      vertex -25.9954 3.02652 49.4
      vertex -25.5977 3.10563 47.4
      vertex -25.9954 3.02652 47.4
    endloop
  endfacet
  facet normal -0.0654059 0.997859 0
    outer loop
      vertex -25.9954 3.02652 47.4
      vertex -26.4 3 49.4
      vertex -25.9954 3.02652 49.4
    endloop
  endfacet
  facet normal -0.0654059 0.997859 0
    outer loop
      vertex -26.4 3 49.4
      vertex -25.9954 3.02652 47.4
      vertex -26.4 3 47.4
    endloop
  endfacet
  facet normal -0.442275 0.89688 0
    outer loop
      vertex -24.85 3.41532 47.4
      vertex -25.2137 3.23597 49.4
      vertex -24.85 3.41532 49.4
    endloop
  endfacet
  facet normal -0.442275 0.89688 0
    outer loop
      vertex -25.2137 3.23597 49.4
      vertex -24.85 3.41532 47.4
      vertex -25.2137 3.23597 47.4
    endloop
  endfacet
  facet normal 0.896919 0.442195 0
    outer loop
      vertex -29.0847 4.55 49.4
      vertex -29.264 4.91368 47.4
      vertex -29.264 4.91368 49.4
    endloop
  endfacet
  facet normal 0.896919 0.442195 0
    outer loop
      vertex -29.264 4.91368 47.4
      vertex -29.0847 4.55 49.4
      vertex -29.0847 4.55 47.4
    endloop
  endfacet
  facet normal 0.98079 0.195068 0
    outer loop
      vertex -29.3944 5.29766 49.4
      vertex -29.4735 5.69537 47.4
      vertex -29.4735 5.69537 49.4
    endloop
  endfacet
  facet normal 0.98079 0.195068 0
    outer loop
      vertex -29.4735 5.69537 47.4
      vertex -29.3944 5.29766 49.4
      vertex -29.3944 5.29766 47.4
    endloop
  endfacet
  facet normal 0.997862 0.0653519 0
    outer loop
      vertex -29.4735 5.69537 49.4
      vertex -29.5 6.1 47.4
      vertex -29.5 6.1 49.4
    endloop
  endfacet
  facet normal 0.997862 0.0653519 0
    outer loop
      vertex -29.5 6.1 47.4
      vertex -29.4735 5.69537 49.4
      vertex -29.4735 5.69537 47.4
    endloop
  endfacet
  facet normal 0.997862 -0.0653519 0
    outer loop
      vertex -29.5 6.1 49.4
      vertex -29.4735 6.50463 47.4
      vertex -29.4735 6.50463 49.4
    endloop
  endfacet
  facet normal 0.997862 -0.0653519 0
    outer loop
      vertex -29.4735 6.50463 47.4
      vertex -29.5 6.1 49.4
      vertex -29.5 6.1 47.4
    endloop
  endfacet
  facet normal 0.555519 0.831504 -0
    outer loop
      vertex -27.95 3.41532 47.4
      vertex -28.2872 3.6406 49.4
      vertex -27.95 3.41532 49.4
    endloop
  endfacet
  facet normal 0.555519 0.831504 0
    outer loop
      vertex -28.2872 3.6406 49.4
      vertex -27.95 3.41532 47.4
      vertex -28.2872 3.6406 47.4
    endloop
  endfacet
  facet normal 0.65944 0.751757 -0
    outer loop
      vertex -28.2872 3.6406 47.4
      vertex -28.592 3.90797 49.4
      vertex -28.2872 3.6406 49.4
    endloop
  endfacet
  facet normal 0.65944 0.751757 0
    outer loop
      vertex -28.592 3.90797 49.4
      vertex -28.2872 3.6406 47.4
      vertex -28.592 3.90797 47.4
    endloop
  endfacet
  facet normal 0.321416 0.946938 -0
    outer loop
      vertex -27.2023 3.10563 47.4
      vertex -27.5863 3.23597 49.4
      vertex -27.2023 3.10563 49.4
    endloop
  endfacet
  facet normal 0.321416 0.946938 0
    outer loop
      vertex -27.5863 3.23597 49.4
      vertex -27.2023 3.10563 47.4
      vertex -27.5863 3.23597 47.4
    endloop
  endfacet
  facet normal -0.83145 -0.555599 0
    outer loop
      vertex -23.7153 7.65 47.4
      vertex -23.9406 7.98716 49.4
      vertex -23.9406 7.98716 47.4
    endloop
  endfacet
  facet normal -0.83145 -0.555599 0
    outer loop
      vertex -23.9406 7.98716 49.4
      vertex -23.7153 7.65 47.4
      vertex -23.7153 7.65 49.4
    endloop
  endfacet
  facet normal -0.98079 -0.195068 0
    outer loop
      vertex -23.3265 6.50463 47.4
      vertex -23.4056 6.90234 49.4
      vertex -23.4056 6.90234 47.4
    endloop
  endfacet
  facet normal -0.98079 -0.195068 0
    outer loop
      vertex -23.4056 6.90234 49.4
      vertex -23.3265 6.50463 47.4
      vertex -23.3265 6.50463 49.4
    endloop
  endfacet
  facet normal 0.555519 -0.831504 0
    outer loop
      vertex -28.2872 8.5594 47.4
      vertex -27.95 8.78468 49.4
      vertex -28.2872 8.5594 49.4
    endloop
  endfacet
  facet normal 0.555519 -0.831504 0
    outer loop
      vertex -27.95 8.78468 49.4
      vertex -28.2872 8.5594 47.4
      vertex -27.95 8.78468 47.4
    endloop
  endfacet
  facet normal 0.83145 -0.555599 0
    outer loop
      vertex -29.0847 7.65 49.4
      vertex -28.8594 7.98716 47.4
      vertex -28.8594 7.98716 49.4
    endloop
  endfacet
  facet normal 0.83145 -0.555599 0
    outer loop
      vertex -28.8594 7.98716 47.4
      vertex -29.0847 7.65 49.4
      vertex -29.0847 7.65 47.4
    endloop
  endfacet
  facet normal 0.65944 -0.751757 0
    outer loop
      vertex -28.592 8.29203 47.4
      vertex -28.2872 8.5594 49.4
      vertex -28.592 8.29203 49.4
    endloop
  endfacet
  facet normal 0.65944 -0.751757 0
    outer loop
      vertex -28.2872 8.5594 49.4
      vertex -28.592 8.29203 47.4
      vertex -28.2872 8.5594 47.4
    endloop
  endfacet
  facet normal 0.98079 -0.195068 0
    outer loop
      vertex -29.4735 6.50463 49.4
      vertex -29.3944 6.90234 47.4
      vertex -29.3944 6.90234 49.4
    endloop
  endfacet
  facet normal 0.98079 -0.195068 0
    outer loop
      vertex -29.3944 6.90234 47.4
      vertex -29.4735 6.50463 49.4
      vertex -29.4735 6.50463 47.4
    endloop
  endfacet
  facet normal -0.555519 -0.831504 0
    outer loop
      vertex -24.85 8.78468 47.4
      vertex -24.5128 8.5594 49.4
      vertex -24.85 8.78468 49.4
    endloop
  endfacet
  facet normal -0.555519 -0.831504 -0
    outer loop
      vertex -24.5128 8.5594 49.4
      vertex -24.85 8.78468 47.4
      vertex -24.5128 8.5594 47.4
    endloop
  endfacet
  facet normal -0.896919 -0.442195 0
    outer loop
      vertex -23.536 7.28632 47.4
      vertex -23.7153 7.65 49.4
      vertex -23.7153 7.65 47.4
    endloop
  endfacet
  facet normal -0.896919 -0.442195 0
    outer loop
      vertex -23.7153 7.65 49.4
      vertex -23.536 7.28632 47.4
      vertex -23.536 7.28632 49.4
    endloop
  endfacet
  facet normal -0.997862 -0.0653519 0
    outer loop
      vertex -23.3 6.1 47.4
      vertex -23.3265 6.50463 49.4
      vertex -23.3265 6.50463 47.4
    endloop
  endfacet
  facet normal -0.997862 -0.0653519 0
    outer loop
      vertex -23.3265 6.50463 49.4
      vertex -23.3 6.1 47.4
      vertex -23.3 6.1 49.4
    endloop
  endfacet
  facet normal 0.946888 -0.321564 0
    outer loop
      vertex -29.3944 6.90234 49.4
      vertex -29.264 7.28632 47.4
      vertex -29.264 7.28632 49.4
    endloop
  endfacet
  facet normal 0.946888 -0.321564 0
    outer loop
      vertex -29.264 7.28632 47.4
      vertex -29.3944 6.90234 49.4
      vertex -29.3944 6.90234 47.4
    endloop
  endfacet
  facet normal 0.896919 -0.442195 0
    outer loop
      vertex -29.264 7.28632 49.4
      vertex -29.0847 7.65 47.4
      vertex -29.0847 7.65 49.4
    endloop
  endfacet
  facet normal 0.896919 -0.442195 0
    outer loop
      vertex -29.0847 7.65 47.4
      vertex -29.264 7.28632 49.4
      vertex -29.264 7.28632 47.4
    endloop
  endfacet
  facet normal -0.751796 -0.659396 0
    outer loop
      vertex -23.9406 7.98716 47.4
      vertex -24.208 8.29203 49.4
      vertex -24.208 8.29203 47.4
    endloop
  endfacet
  facet normal -0.751796 -0.659396 0
    outer loop
      vertex -24.208 8.29203 49.4
      vertex -23.9406 7.98716 47.4
      vertex -23.9406 7.98716 49.4
    endloop
  endfacet
  facet normal -0.442275 -0.89688 0
    outer loop
      vertex -25.2137 8.96403 47.4
      vertex -24.85 8.78468 49.4
      vertex -25.2137 8.96403 49.4
    endloop
  endfacet
  facet normal -0.442275 -0.89688 -0
    outer loop
      vertex -24.85 8.78468 49.4
      vertex -25.2137 8.96403 47.4
      vertex -24.85 8.78468 47.4
    endloop
  endfacet
  facet normal -0.321416 -0.946938 0
    outer loop
      vertex -25.5977 9.09437 47.4
      vertex -25.2137 8.96403 49.4
      vertex -25.5977 9.09437 49.4
    endloop
  endfacet
  facet normal -0.321416 -0.946938 -0
    outer loop
      vertex -25.2137 8.96403 49.4
      vertex -25.5977 9.09437 47.4
      vertex -25.2137 8.96403 47.4
    endloop
  endfacet
  facet normal 0.195096 -0.980784 0
    outer loop
      vertex -27.2023 9.09437 47.4
      vertex -26.8046 9.17348 49.4
      vertex -27.2023 9.09437 49.4
    endloop
  endfacet
  facet normal 0.195096 -0.980784 0
    outer loop
      vertex -26.8046 9.17348 49.4
      vertex -27.2023 9.09437 47.4
      vertex -26.8046 9.17348 47.4
    endloop
  endfacet
  facet normal 0.751796 -0.659396 0
    outer loop
      vertex -28.8594 7.98716 49.4
      vertex -28.592 8.29203 47.4
      vertex -28.592 8.29203 49.4
    endloop
  endfacet
  facet normal 0.751796 -0.659396 0
    outer loop
      vertex -28.592 8.29203 47.4
      vertex -28.8594 7.98716 49.4
      vertex -28.8594 7.98716 47.4
    endloop
  endfacet
  facet normal -0.65944 -0.751757 0
    outer loop
      vertex -24.5128 8.5594 47.4
      vertex -24.208 8.29203 49.4
      vertex -24.5128 8.5594 49.4
    endloop
  endfacet
  facet normal -0.65944 -0.751757 -0
    outer loop
      vertex -24.208 8.29203 49.4
      vertex -24.5128 8.5594 47.4
      vertex -24.208 8.29203 47.4
    endloop
  endfacet
  facet normal 0.442275 -0.89688 0
    outer loop
      vertex -27.95 8.78468 47.4
      vertex -27.5863 8.96403 49.4
      vertex -27.95 8.78468 49.4
    endloop
  endfacet
  facet normal 0.442275 -0.89688 0
    outer loop
      vertex -27.5863 8.96403 49.4
      vertex -27.95 8.78468 47.4
      vertex -27.5863 8.96403 47.4
    endloop
  endfacet
  facet normal 0.0654059 -0.997859 0
    outer loop
      vertex -26.8046 9.17348 47.4
      vertex -26.4 9.2 49.4
      vertex -26.8046 9.17348 49.4
    endloop
  endfacet
  facet normal 0.0654059 -0.997859 0
    outer loop
      vertex -26.4 9.2 49.4
      vertex -26.8046 9.17348 47.4
      vertex -26.4 9.2 47.4
    endloop
  endfacet
  facet normal 0.321416 -0.946938 0
    outer loop
      vertex -27.5863 8.96403 47.4
      vertex -27.2023 9.09437 49.4
      vertex -27.5863 8.96403 49.4
    endloop
  endfacet
  facet normal 0.321416 -0.946938 0
    outer loop
      vertex -27.2023 9.09437 49.4
      vertex -27.5863 8.96403 47.4
      vertex -27.2023 9.09437 47.4
    endloop
  endfacet
  facet normal -0.555553 0.831481 0
    outer loop
      vertex 28.2872 33.4406 47.4
      vertex 27.95 33.2153 49.4
      vertex 28.2872 33.4406 49.4
    endloop
  endfacet
  facet normal -0.555553 0.831481 0
    outer loop
      vertex 27.95 33.2153 49.4
      vertex 28.2872 33.4406 47.4
      vertex 27.95 33.2153 47.4
    endloop
  endfacet
  facet normal -0.980789 -0.195073 0
    outer loop
      vertex 29.4735 36.3046 47.4
      vertex 29.3944 36.7023 49.4
      vertex 29.3944 36.7023 47.4
    endloop
  endfacet
  facet normal -0.980789 -0.195073 0
    outer loop
      vertex 29.3944 36.7023 49.4
      vertex 29.4735 36.3046 47.4
      vertex 29.4735 36.3046 49.4
    endloop
  endfacet
  facet normal 0.321549 -0.946893 0
    outer loop
      vertex 25.2137 38.764 47.4
      vertex 25.5977 38.8944 49.4
      vertex 25.2137 38.764 49.4
    endloop
  endfacet
  facet normal 0.321549 -0.946893 0
    outer loop
      vertex 25.5977 38.8944 49.4
      vertex 25.2137 38.764 47.4
      vertex 25.5977 38.8944 47.4
    endloop
  endfacet
  facet normal 0.321549 0.946893 -0
    outer loop
      vertex 25.5977 32.9056 47.4
      vertex 25.2137 33.036 49.4
      vertex 25.5977 32.9056 49.4
    endloop
  endfacet
  facet normal 0.321549 0.946893 0
    outer loop
      vertex 25.2137 33.036 49.4
      vertex 25.5977 32.9056 47.4
      vertex 25.2137 33.036 47.4
    endloop
  endfacet
  facet normal 0.896928 0.442176 0
    outer loop
      vertex 23.7153 34.35 49.4
      vertex 23.536 34.7137 47.4
      vertex 23.536 34.7137 49.4
    endloop
  endfacet
  facet normal 0.896928 0.442176 0
    outer loop
      vertex 23.536 34.7137 47.4
      vertex 23.7153 34.35 49.4
      vertex 23.7153 34.35 47.4
    endloop
  endfacet
  facet normal -0.751721 -0.659482 0
    outer loop
      vertex 28.8594 37.7872 47.4
      vertex 28.592 38.092 49.4
      vertex 28.592 38.092 47.4
    endloop
  endfacet
  facet normal -0.751721 -0.659482 0
    outer loop
      vertex 28.592 38.092 49.4
      vertex 28.8594 37.7872 47.4
      vertex 28.8594 37.7872 49.4
    endloop
  endfacet
  facet normal -0.896928 0.442176 0
    outer loop
      vertex 29.0847 34.35 47.4
      vertex 29.264 34.7137 49.4
      vertex 29.264 34.7137 47.4
    endloop
  endfacet
  facet normal -0.896928 0.442176 0
    outer loop
      vertex 29.264 34.7137 49.4
      vertex 29.0847 34.35 47.4
      vertex 29.0847 34.35 49.4
    endloop
  endfacet
  facet normal -0.980789 0.195073 0
    outer loop
      vertex 29.3944 35.0977 47.4
      vertex 29.4735 35.4954 49.4
      vertex 29.4735 35.4954 47.4
    endloop
  endfacet
  facet normal -0.980789 0.195073 0
    outer loop
      vertex 29.4735 35.4954 49.4
      vertex 29.3944 35.0977 47.4
      vertex 29.3944 35.0977 49.4
    endloop
  endfacet
  facet normal -0.831481 0.555553 0
    outer loop
      vertex 28.8594 34.0128 47.4
      vertex 29.0847 34.35 49.4
      vertex 29.0847 34.35 47.4
    endloop
  endfacet
  facet normal -0.831481 0.555553 0
    outer loop
      vertex 29.0847 34.35 49.4
      vertex 28.8594 34.0128 47.4
      vertex 28.8594 34.0128 49.4
    endloop
  endfacet
  facet normal -0.659482 0.751721 0
    outer loop
      vertex 28.592 33.708 47.4
      vertex 28.2872 33.4406 49.4
      vertex 28.592 33.708 49.4
    endloop
  endfacet
  facet normal -0.659482 0.751721 0
    outer loop
      vertex 28.2872 33.4406 49.4
      vertex 28.592 33.708 47.4
      vertex 28.2872 33.4406 47.4
    endloop
  endfacet
  facet normal -0.442176 0.896928 0
    outer loop
      vertex 27.95 33.2153 47.4
      vertex 27.5863 33.036 49.4
      vertex 27.95 33.2153 49.4
    endloop
  endfacet
  facet normal -0.442176 0.896928 0
    outer loop
      vertex 27.5863 33.036 49.4
      vertex 27.95 33.2153 47.4
      vertex 27.5863 33.036 47.4
    endloop
  endfacet
  facet normal -0.195073 0.980789 0
    outer loop
      vertex 27.2023 32.9056 47.4
      vertex 26.8046 32.8265 49.4
      vertex 27.2023 32.9056 49.4
    endloop
  endfacet
  facet normal -0.195073 0.980789 0
    outer loop
      vertex 26.8046 32.8265 49.4
      vertex 27.2023 32.9056 47.4
      vertex 26.8046 32.8265 47.4
    endloop
  endfacet
  facet normal 0.980789 0.195073 0
    outer loop
      vertex 23.4056 35.0977 49.4
      vertex 23.3265 35.4954 47.4
      vertex 23.3265 35.4954 49.4
    endloop
  endfacet
  facet normal 0.980789 0.195073 0
    outer loop
      vertex 23.3265 35.4954 47.4
      vertex 23.4056 35.0977 49.4
      vertex 23.4056 35.0977 47.4
    endloop
  endfacet
  facet normal 0.751721 0.659482 0
    outer loop
      vertex 24.208 33.708 49.4
      vertex 23.9406 34.0128 47.4
      vertex 23.9406 34.0128 49.4
    endloop
  endfacet
  facet normal 0.751721 0.659482 0
    outer loop
      vertex 23.9406 34.0128 47.4
      vertex 24.208 33.708 49.4
      vertex 24.208 33.708 47.4
    endloop
  endfacet
  facet normal 0.442176 0.896928 -0
    outer loop
      vertex 25.2137 33.036 47.4
      vertex 24.85 33.2153 49.4
      vertex 25.2137 33.036 49.4
    endloop
  endfacet
  facet normal 0.442176 0.896928 0
    outer loop
      vertex 24.85 33.2153 49.4
      vertex 25.2137 33.036 47.4
      vertex 24.85 33.2153 47.4
    endloop
  endfacet
  facet normal 0.195073 0.980789 -0
    outer loop
      vertex 25.9954 32.8265 47.4
      vertex 25.5977 32.9056 49.4
      vertex 25.9954 32.8265 49.4
    endloop
  endfacet
  facet normal 0.195073 0.980789 0
    outer loop
      vertex 25.5977 32.9056 49.4
      vertex 25.9954 32.8265 47.4
      vertex 25.5977 32.9056 47.4
    endloop
  endfacet
  facet normal -0.997862 0.0653568 0
    outer loop
      vertex 29.4735 35.4954 47.4
      vertex 29.5 35.9 49.4
      vertex 29.5 35.9 47.4
    endloop
  endfacet
  facet normal -0.997862 0.0653568 0
    outer loop
      vertex 29.5 35.9 49.4
      vertex 29.4735 35.4954 47.4
      vertex 29.4735 35.4954 49.4
    endloop
  endfacet
  facet normal -0.946893 -0.321549 0
    outer loop
      vertex 29.3944 36.7023 47.4
      vertex 29.264 37.0863 49.4
      vertex 29.264 37.0863 47.4
    endloop
  endfacet
  facet normal -0.946893 -0.321549 0
    outer loop
      vertex 29.264 37.0863 49.4
      vertex 29.3944 36.7023 47.4
      vertex 29.3944 36.7023 49.4
    endloop
  endfacet
  facet normal 0.195073 -0.980789 0
    outer loop
      vertex 25.5977 38.8944 47.4
      vertex 25.9954 38.9735 49.4
      vertex 25.5977 38.8944 49.4
    endloop
  endfacet
  facet normal 0.195073 -0.980789 0
    outer loop
      vertex 25.9954 38.9735 49.4
      vertex 25.5977 38.8944 47.4
      vertex 25.9954 38.9735 47.4
    endloop
  endfacet
  facet normal 0.659482 -0.751721 0
    outer loop
      vertex 24.208 38.092 47.4
      vertex 24.5128 38.3594 49.4
      vertex 24.208 38.092 49.4
    endloop
  endfacet
  facet normal 0.659482 -0.751721 0
    outer loop
      vertex 24.5128 38.3594 49.4
      vertex 24.208 38.092 47.4
      vertex 24.5128 38.3594 47.4
    endloop
  endfacet
  facet normal 0.896928 -0.442176 0
    outer loop
      vertex 23.536 37.0863 49.4
      vertex 23.7153 37.45 47.4
      vertex 23.7153 37.45 49.4
    endloop
  endfacet
  facet normal 0.896928 -0.442176 0
    outer loop
      vertex 23.7153 37.45 47.4
      vertex 23.536 37.0863 49.4
      vertex 23.536 37.0863 47.4
    endloop
  endfacet
  facet normal 0.980789 -0.195073 0
    outer loop
      vertex 23.3265 36.3046 49.4
      vertex 23.4056 36.7023 47.4
      vertex 23.4056 36.7023 49.4
    endloop
  endfacet
  facet normal 0.980789 -0.195073 0
    outer loop
      vertex 23.4056 36.7023 47.4
      vertex 23.3265 36.3046 49.4
      vertex 23.3265 36.3046 47.4
    endloop
  endfacet
  facet normal -0.946893 0.321549 0
    outer loop
      vertex 29.264 34.7137 47.4
      vertex 29.3944 35.0977 49.4
      vertex 29.3944 35.0977 47.4
    endloop
  endfacet
  facet normal -0.946893 0.321549 0
    outer loop
      vertex 29.3944 35.0977 49.4
      vertex 29.264 34.7137 47.4
      vertex 29.264 34.7137 49.4
    endloop
  endfacet
  facet normal -0.751721 0.659482 0
    outer loop
      vertex 28.592 33.708 47.4
      vertex 28.8594 34.0128 49.4
      vertex 28.8594 34.0128 47.4
    endloop
  endfacet
  facet normal -0.751721 0.659482 0
    outer loop
      vertex 28.8594 34.0128 49.4
      vertex 28.592 33.708 47.4
      vertex 28.592 33.708 49.4
    endloop
  endfacet
  facet normal -0.0653568 0.997862 0
    outer loop
      vertex 26.8046 32.8265 47.4
      vertex 26.4 32.8 49.4
      vertex 26.8046 32.8265 49.4
    endloop
  endfacet
  facet normal -0.0653568 0.997862 0
    outer loop
      vertex 26.4 32.8 49.4
      vertex 26.8046 32.8265 47.4
      vertex 26.4 32.8 47.4
    endloop
  endfacet
  facet normal -0.321549 0.946893 0
    outer loop
      vertex 27.5863 33.036 47.4
      vertex 27.2023 32.9056 49.4
      vertex 27.5863 33.036 49.4
    endloop
  endfacet
  facet normal -0.321549 0.946893 0
    outer loop
      vertex 27.2023 32.9056 49.4
      vertex 27.5863 33.036 47.4
      vertex 27.2023 32.9056 47.4
    endloop
  endfacet
  facet normal 0.997862 0.0653568 0
    outer loop
      vertex 23.3265 35.4954 49.4
      vertex 23.3 35.9 47.4
      vertex 23.3 35.9 49.4
    endloop
  endfacet
  facet normal 0.997862 0.0653568 0
    outer loop
      vertex 23.3 35.9 47.4
      vertex 23.3265 35.4954 49.4
      vertex 23.3265 35.4954 47.4
    endloop
  endfacet
  facet normal 0.946893 0.321549 0
    outer loop
      vertex 23.536 34.7137 49.4
      vertex 23.4056 35.0977 47.4
      vertex 23.4056 35.0977 49.4
    endloop
  endfacet
  facet normal 0.946893 0.321549 0
    outer loop
      vertex 23.4056 35.0977 47.4
      vertex 23.536 34.7137 49.4
      vertex 23.536 34.7137 47.4
    endloop
  endfacet
  facet normal 0.831481 0.555553 0
    outer loop
      vertex 23.9406 34.0128 49.4
      vertex 23.7153 34.35 47.4
      vertex 23.7153 34.35 49.4
    endloop
  endfacet
  facet normal 0.831481 0.555553 0
    outer loop
      vertex 23.7153 34.35 47.4
      vertex 23.9406 34.0128 49.4
      vertex 23.9406 34.0128 47.4
    endloop
  endfacet
  facet normal 0.0653568 0.997862 -0
    outer loop
      vertex 26.4 32.8 47.4
      vertex 25.9954 32.8265 49.4
      vertex 26.4 32.8 49.4
    endloop
  endfacet
  facet normal 0.0653568 0.997862 0
    outer loop
      vertex 25.9954 32.8265 49.4
      vertex 26.4 32.8 47.4
      vertex 25.9954 32.8265 47.4
    endloop
  endfacet
  facet normal 0.555553 0.831481 -0
    outer loop
      vertex 24.85 33.2153 47.4
      vertex 24.5128 33.4406 49.4
      vertex 24.85 33.2153 49.4
    endloop
  endfacet
  facet normal 0.555553 0.831481 0
    outer loop
      vertex 24.5128 33.4406 49.4
      vertex 24.85 33.2153 47.4
      vertex 24.5128 33.4406 47.4
    endloop
  endfacet
  facet normal 0.659482 0.751721 -0
    outer loop
      vertex 24.5128 33.4406 47.4
      vertex 24.208 33.708 49.4
      vertex 24.5128 33.4406 49.4
    endloop
  endfacet
  facet normal 0.659482 0.751721 0
    outer loop
      vertex 24.208 33.708 49.4
      vertex 24.5128 33.4406 47.4
      vertex 24.208 33.708 47.4
    endloop
  endfacet
  facet normal -0.997862 -0.0653568 0
    outer loop
      vertex 29.5 35.9 47.4
      vertex 29.4735 36.3046 49.4
      vertex 29.4735 36.3046 47.4
    endloop
  endfacet
  facet normal -0.997862 -0.0653568 0
    outer loop
      vertex 29.4735 36.3046 49.4
      vertex 29.5 35.9 47.4
      vertex 29.5 35.9 49.4
    endloop
  endfacet
  facet normal -0.0653568 -0.997862 0
    outer loop
      vertex 26.4 39 47.4
      vertex 26.8046 38.9735 49.4
      vertex 26.4 39 49.4
    endloop
  endfacet
  facet normal -0.0653568 -0.997862 -0
    outer loop
      vertex 26.8046 38.9735 49.4
      vertex 26.4 39 47.4
      vertex 26.8046 38.9735 47.4
    endloop
  endfacet
  facet normal -0.831481 -0.555553 0
    outer loop
      vertex 29.0847 37.45 47.4
      vertex 28.8594 37.7872 49.4
      vertex 28.8594 37.7872 47.4
    endloop
  endfacet
  facet normal -0.831481 -0.555553 0
    outer loop
      vertex 28.8594 37.7872 49.4
      vertex 29.0847 37.45 47.4
      vertex 29.0847 37.45 49.4
    endloop
  endfacet
  facet normal -0.896928 -0.442176 0
    outer loop
      vertex 29.264 37.0863 47.4
      vertex 29.0847 37.45 49.4
      vertex 29.0847 37.45 47.4
    endloop
  endfacet
  facet normal -0.896928 -0.442176 0
    outer loop
      vertex 29.0847 37.45 49.4
      vertex 29.264 37.0863 47.4
      vertex 29.264 37.0863 49.4
    endloop
  endfacet
  facet normal -0.195073 -0.980789 0
    outer loop
      vertex 26.8046 38.9735 47.4
      vertex 27.2023 38.8944 49.4
      vertex 26.8046 38.9735 49.4
    endloop
  endfacet
  facet normal -0.195073 -0.980789 -0
    outer loop
      vertex 27.2023 38.8944 49.4
      vertex 26.8046 38.9735 47.4
      vertex 27.2023 38.8944 47.4
    endloop
  endfacet
  facet normal -0.321549 -0.946893 0
    outer loop
      vertex 27.2023 38.8944 47.4
      vertex 27.5863 38.764 49.4
      vertex 27.2023 38.8944 49.4
    endloop
  endfacet
  facet normal -0.321549 -0.946893 -0
    outer loop
      vertex 27.5863 38.764 49.4
      vertex 27.2023 38.8944 47.4
      vertex 27.5863 38.764 47.4
    endloop
  endfacet
  facet normal -0.555553 -0.831481 0
    outer loop
      vertex 27.95 38.5847 47.4
      vertex 28.2872 38.3594 49.4
      vertex 27.95 38.5847 49.4
    endloop
  endfacet
  facet normal -0.555553 -0.831481 -0
    outer loop
      vertex 28.2872 38.3594 49.4
      vertex 27.95 38.5847 47.4
      vertex 28.2872 38.3594 47.4
    endloop
  endfacet
  facet normal 0.0653568 -0.997862 0
    outer loop
      vertex 25.9954 38.9735 47.4
      vertex 26.4 39 49.4
      vertex 25.9954 38.9735 49.4
    endloop
  endfacet
  facet normal 0.0653568 -0.997862 0
    outer loop
      vertex 26.4 39 49.4
      vertex 25.9954 38.9735 47.4
      vertex 26.4 39 47.4
    endloop
  endfacet
  facet normal 0.442176 -0.896928 0
    outer loop
      vertex 24.85 38.5847 47.4
      vertex 25.2137 38.764 49.4
      vertex 24.85 38.5847 49.4
    endloop
  endfacet
  facet normal 0.442176 -0.896928 0
    outer loop
      vertex 25.2137 38.764 49.4
      vertex 24.85 38.5847 47.4
      vertex 25.2137 38.764 47.4
    endloop
  endfacet
  facet normal 0.946893 -0.321549 0
    outer loop
      vertex 23.4056 36.7023 49.4
      vertex 23.536 37.0863 47.4
      vertex 23.536 37.0863 49.4
    endloop
  endfacet
  facet normal 0.946893 -0.321549 0
    outer loop
      vertex 23.536 37.0863 47.4
      vertex 23.4056 36.7023 49.4
      vertex 23.4056 36.7023 47.4
    endloop
  endfacet
  facet normal 0.997862 -0.0653568 0
    outer loop
      vertex 23.3 35.9 49.4
      vertex 23.3265 36.3046 47.4
      vertex 23.3265 36.3046 49.4
    endloop
  endfacet
  facet normal 0.997862 -0.0653568 0
    outer loop
      vertex 23.3265 36.3046 47.4
      vertex 23.3 35.9 49.4
      vertex 23.3 35.9 47.4
    endloop
  endfacet
  facet normal 0.831481 -0.555553 0
    outer loop
      vertex 23.7153 37.45 49.4
      vertex 23.9406 37.7872 47.4
      vertex 23.9406 37.7872 49.4
    endloop
  endfacet
  facet normal 0.831481 -0.555553 0
    outer loop
      vertex 23.9406 37.7872 47.4
      vertex 23.7153 37.45 49.4
      vertex 23.7153 37.45 47.4
    endloop
  endfacet
  facet normal 0 0 1
    outer loop
      vertex 29.4735 36.3046 47.4
      vertex 29.4735 35.4954 47.4
      vertex 29.5 35.9 47.4
    endloop
  endfacet
  facet normal 0 0 1
    outer loop
      vertex 29.3944 36.7023 47.4
      vertex 29.4735 35.4954 47.4
      vertex 29.4735 36.3046 47.4
    endloop
  endfacet
  facet normal 0 0 1
    outer loop
      vertex 29.3944 36.7023 47.4
      vertex 29.3944 35.0977 47.4
      vertex 29.4735 35.4954 47.4
    endloop
  endfacet
  facet normal 0 0 1
    outer loop
      vertex 29.264 37.0863 47.4
      vertex 29.3944 35.0977 47.4
      vertex 29.3944 36.7023 47.4
    endloop
  endfacet
  facet normal 0 0 1
    outer loop
      vertex 29.264 37.0863 47.4
      vertex 29.264 34.7137 47.4
      vertex 29.3944 35.0977 47.4
    endloop
  endfacet
  facet normal 0 0 1
    outer loop
      vertex 29.0847 37.45 47.4
      vertex 29.264 34.7137 47.4
      vertex 29.264 37.0863 47.4
    endloop
  endfacet
  facet normal 0 0 1
    outer loop
      vertex 29.0847 37.45 47.4
      vertex 29.0847 34.35 47.4
      vertex 29.264 34.7137 47.4
    endloop
  endfacet
  facet normal 0 0 1
    outer loop
      vertex 28.8594 37.7872 47.4
      vertex 29.0847 34.35 47.4
      vertex 29.0847 37.45 47.4
    endloop
  endfacet
  facet normal 0 0 1
    outer loop
      vertex 28.8594 37.7872 47.4
      vertex 28.8594 34.0128 47.4
      vertex 29.0847 34.35 47.4
    endloop
  endfacet
  facet normal 0 0 1
    outer loop
      vertex 28.592 38.092 47.4
      vertex 28.8594 34.0128 47.4
      vertex 28.8594 37.7872 47.4
    endloop
  endfacet
  facet normal 0 0 1
    outer loop
      vertex 28.592 38.092 47.4
      vertex 28.592 33.708 47.4
      vertex 28.8594 34.0128 47.4
    endloop
  endfacet
  facet normal 0 0 1
    outer loop
      vertex 28.2872 38.3594 47.4
      vertex 28.592 33.708 47.4
      vertex 28.592 38.092 47.4
    endloop
  endfacet
  facet normal 0 0 1
    outer loop
      vertex 28.2872 38.3594 47.4
      vertex 28.2872 33.4406 47.4
      vertex 28.592 33.708 47.4
    endloop
  endfacet
  facet normal 0 0 1
    outer loop
      vertex 27.95 38.5847 47.4
      vertex 28.2872 33.4406 47.4
      vertex 28.2872 38.3594 47.4
    endloop
  endfacet
  facet normal 0 0 1
    outer loop
      vertex 27.95 38.5847 47.4
      vertex 27.95 33.2153 47.4
      vertex 28.2872 33.4406 47.4
    endloop
  endfacet
  facet normal 0 0 1
    outer loop
      vertex 27.5863 38.764 47.4
      vertex 27.95 33.2153 47.4
      vertex 27.95 38.5847 47.4
    endloop
  endfacet
  facet normal 0 0 1
    outer loop
      vertex 27.5863 38.764 47.4
      vertex 27.5863 33.036 47.4
      vertex 27.95 33.2153 47.4
    endloop
  endfacet
  facet normal 0 0 1
    outer loop
      vertex 27.2023 38.8944 47.4
      vertex 27.5863 33.036 47.4
      vertex 27.5863 38.764 47.4
    endloop
  endfacet
  facet normal 0 0 1
    outer loop
      vertex 27.2023 38.8944 47.4
      vertex 27.2023 32.9056 47.4
      vertex 27.5863 33.036 47.4
    endloop
  endfacet
  facet normal 0 0 1
    outer loop
      vertex 26.8046 38.9735 47.4
      vertex 27.2023 32.9056 47.4
      vertex 27.2023 38.8944 47.4
    endloop
  endfacet
  facet normal 0 0 1
    outer loop
      vertex 26.8046 38.9735 47.4
      vertex 26.8046 32.8265 47.4
      vertex 27.2023 32.9056 47.4
    endloop
  endfacet
  facet normal 0 0 1
    outer loop
      vertex 26.4 39 47.4
      vertex 26.8046 32.8265 47.4
      vertex 26.8046 38.9735 47.4
    endloop
  endfacet
  facet normal 0 0 1
    outer loop
      vertex 26.4 39 47.4
      vertex 26.4 32.8 47.4
      vertex 26.8046 32.8265 47.4
    endloop
  endfacet
  facet normal -0 0 1
    outer loop
      vertex 25.9954 38.9735 47.4
      vertex 26.4 32.8 47.4
      vertex 26.4 39 47.4
    endloop
  endfacet
  facet normal 0 0 1
    outer loop
      vertex 25.9954 38.9735 47.4
      vertex 25.9954 32.8265 47.4
      vertex 26.4 32.8 47.4
    endloop
  endfacet
  facet normal -0 0 1
    outer loop
      vertex 25.5977 38.8944 47.4
      vertex 25.9954 32.8265 47.4
      vertex 25.9954 38.9735 47.4
    endloop
  endfacet
  facet normal 0 0 1
    outer loop
      vertex 25.5977 38.8944 47.4
      vertex 25.5977 32.9056 47.4
      vertex 25.9954 32.8265 47.4
    endloop
  endfacet
  facet normal -0 0 1
    outer loop
      vertex 25.2137 38.764 47.4
      vertex 25.5977 32.9056 47.4
      vertex 25.5977 38.8944 47.4
    endloop
  endfacet
  facet normal 0 0 1
    outer loop
      vertex 25.2137 38.764 47.4
      vertex 25.2137 33.036 47.4
      vertex 25.5977 32.9056 47.4
    endloop
  endfacet
  facet normal -0 0 1
    outer loop
      vertex 24.85 38.5847 47.4
      vertex 25.2137 33.036 47.4
      vertex 25.2137 38.764 47.4
    endloop
  endfacet
  facet normal 0 0 1
    outer loop
      vertex 24.85 38.5847 47.4
      vertex 24.85 33.2153 47.4
      vertex 25.2137 33.036 47.4
    endloop
  endfacet
  facet normal -0 0 1
    outer loop
      vertex 24.5128 38.3594 47.4
      vertex 24.85 33.2153 47.4
      vertex 24.85 38.5847 47.4
    endloop
  endfacet
  facet normal 0 0 1
    outer loop
      vertex 24.5128 38.3594 47.4
      vertex 24.5128 33.4406 47.4
      vertex 24.85 33.2153 47.4
    endloop
  endfacet
  facet normal -0 0 1
    outer loop
      vertex 24.208 38.092 47.4
      vertex 24.5128 33.4406 47.4
      vertex 24.5128 38.3594 47.4
    endloop
  endfacet
  facet normal 0 0 1
    outer loop
      vertex 24.208 38.092 47.4
      vertex 24.208 33.708 47.4
      vertex 24.5128 33.4406 47.4
    endloop
  endfacet
  facet normal -0 0 1
    outer loop
      vertex 23.9406 37.7872 47.4
      vertex 24.208 33.708 47.4
      vertex 24.208 38.092 47.4
    endloop
  endfacet
  facet normal 0 0 1
    outer loop
      vertex 23.9406 37.7872 47.4
      vertex 23.9406 34.0128 47.4
      vertex 24.208 33.708 47.4
    endloop
  endfacet
  facet normal -0 0 1
    outer loop
      vertex 23.7153 37.45 47.4
      vertex 23.9406 34.0128 47.4
      vertex 23.9406 37.7872 47.4
    endloop
  endfacet
  facet normal 0 0 1
    outer loop
      vertex 23.7153 37.45 47.4
      vertex 23.7153 34.35 47.4
      vertex 23.9406 34.0128 47.4
    endloop
  endfacet
  facet normal -0 0 1
    outer loop
      vertex 23.536 37.0863 47.4
      vertex 23.7153 34.35 47.4
      vertex 23.7153 37.45 47.4
    endloop
  endfacet
  facet normal 0 0 1
    outer loop
      vertex 23.536 37.0863 47.4
      vertex 23.536 34.7137 47.4
      vertex 23.7153 34.35 47.4
    endloop
  endfacet
  facet normal -0 0 1
    outer loop
      vertex 23.4056 36.7023 47.4
      vertex 23.536 34.7137 47.4
      vertex 23.536 37.0863 47.4
    endloop
  endfacet
  facet normal 0 0 1
    outer loop
      vertex 23.4056 36.7023 47.4
      vertex 23.4056 35.0977 47.4
      vertex 23.536 34.7137 47.4
    endloop
  endfacet
  facet normal -0 0 1
    outer loop
      vertex 23.3265 36.3046 47.4
      vertex 23.4056 35.0977 47.4
      vertex 23.4056 36.7023 47.4
    endloop
  endfacet
  facet normal 0 0 1
    outer loop
      vertex 23.3265 36.3046 47.4
      vertex 23.3265 35.4954 47.4
      vertex 23.4056 35.0977 47.4
    endloop
  endfacet
  facet normal 0 -0 1
    outer loop
      vertex 23.3265 35.4954 47.4
      vertex 23.3265 36.3046 47.4
      vertex 23.3 35.9 47.4
    endloop
  endfacet
  facet normal -0.442176 -0.896928 0
    outer loop
      vertex 27.5863 38.764 47.4
      vertex 27.95 38.5847 49.4
      vertex 27.5863 38.764 49.4
    endloop
  endfacet
  facet normal -0.442176 -0.896928 -0
    outer loop
      vertex 27.95 38.5847 49.4
      vertex 27.5863 38.764 47.4
      vertex 27.95 38.5847 47.4
    endloop
  endfacet
  facet normal -0.659482 -0.751721 0
    outer loop
      vertex 28.2872 38.3594 47.4
      vertex 28.592 38.092 49.4
      vertex 28.2872 38.3594 49.4
    endloop
  endfacet
  facet normal -0.659482 -0.751721 -0
    outer loop
      vertex 28.592 38.092 49.4
      vertex 28.2872 38.3594 47.4
      vertex 28.592 38.092 47.4
    endloop
  endfacet
  facet normal 0.555553 -0.831481 0
    outer loop
      vertex 24.5128 38.3594 47.4
      vertex 24.85 38.5847 49.4
      vertex 24.5128 38.3594 49.4
    endloop
  endfacet
  facet normal 0.555553 -0.831481 0
    outer loop
      vertex 24.85 38.5847 49.4
      vertex 24.5128 38.3594 47.4
      vertex 24.85 38.5847 47.4
    endloop
  endfacet
  facet normal 0.751721 -0.659482 0
    outer loop
      vertex 23.9406 37.7872 49.4
      vertex 24.208 38.092 47.4
      vertex 24.208 38.092 49.4
    endloop
  endfacet
  facet normal 0.751721 -0.659482 0
    outer loop
      vertex 24.208 38.092 47.4
      vertex 23.9406 37.7872 49.4
      vertex 23.9406 37.7872 47.4
    endloop
  endfacet
  facet normal -0.83145 0.555599 0
    outer loop
      vertex 28.8594 4.21284 47.4
      vertex 29.0847 4.55 49.4
      vertex 29.0847 4.55 47.4
    endloop
  endfacet
  facet normal -0.83145 0.555599 0
    outer loop
      vertex 29.0847 4.55 49.4
      vertex 28.8594 4.21284 47.4
      vertex 28.8594 4.21284 49.4
    endloop
  endfacet
  facet normal -0.321416 0.946938 0
    outer loop
      vertex 27.5863 3.23597 47.4
      vertex 27.2023 3.10563 49.4
      vertex 27.5863 3.23597 49.4
    endloop
  endfacet
  facet normal -0.321416 0.946938 0
    outer loop
      vertex 27.2023 3.10563 49.4
      vertex 27.5863 3.23597 47.4
      vertex 27.2023 3.10563 47.4
    endloop
  endfacet
  facet normal 0.442275 0.89688 -0
    outer loop
      vertex 25.2137 3.23597 47.4
      vertex 24.85 3.41532 49.4
      vertex 25.2137 3.23597 49.4
    endloop
  endfacet
  facet normal 0.442275 0.89688 0
    outer loop
      vertex 24.85 3.41532 49.4
      vertex 25.2137 3.23597 47.4
      vertex 24.85 3.41532 47.4
    endloop
  endfacet
  facet normal 0.946888 0.321564 0
    outer loop
      vertex 23.536 4.91368 49.4
      vertex 23.4056 5.29766 47.4
      vertex 23.4056 5.29766 49.4
    endloop
  endfacet
  facet normal 0.946888 0.321564 0
    outer loop
      vertex 23.4056 5.29766 47.4
      vertex 23.536 4.91368 49.4
      vertex 23.536 4.91368 47.4
    endloop
  endfacet
  facet normal -0.98079 -0.195068 0
    outer loop
      vertex 29.4735 6.50463 47.4
      vertex 29.3944 6.90234 49.4
      vertex 29.3944 6.90234 47.4
    endloop
  endfacet
  facet normal -0.98079 -0.195068 0
    outer loop
      vertex 29.3944 6.90234 49.4
      vertex 29.4735 6.50463 47.4
      vertex 29.4735 6.50463 49.4
    endloop
  endfacet
  facet normal -0.65944 0.751757 0
    outer loop
      vertex 28.592 3.90797 47.4
      vertex 28.2872 3.6406 49.4
      vertex 28.592 3.90797 49.4
    endloop
  endfacet
  facet normal -0.65944 0.751757 0
    outer loop
      vertex 28.2872 3.6406 49.4
      vertex 28.592 3.90797 47.4
      vertex 28.2872 3.6406 47.4
    endloop
  endfacet
  facet normal 0.0654059 0.997859 -0
    outer loop
      vertex 26.4 3 47.4
      vertex 25.9954 3.02652 49.4
      vertex 26.4 3 49.4
    endloop
  endfacet
  facet normal 0.0654059 0.997859 0
    outer loop
      vertex 25.9954 3.02652 49.4
      vertex 26.4 3 47.4
      vertex 25.9954 3.02652 47.4
    endloop
  endfacet
  facet normal -0.555519 0.831504 0
    outer loop
      vertex 28.2872 3.6406 47.4
      vertex 27.95 3.41532 49.4
      vertex 28.2872 3.6406 49.4
    endloop
  endfacet
  facet normal -0.555519 0.831504 0
    outer loop
      vertex 27.95 3.41532 49.4
      vertex 28.2872 3.6406 47.4
      vertex 27.95 3.41532 47.4
    endloop
  endfacet
  facet normal 0.997862 -0.0653519 0
    outer loop
      vertex 23.3 6.1 49.4
      vertex 23.3265 6.50463 47.4
      vertex 23.3265 6.50463 49.4
    endloop
  endfacet
  facet normal 0.997862 -0.0653519 0
    outer loop
      vertex 23.3265 6.50463 47.4
      vertex 23.3 6.1 49.4
      vertex 23.3 6.1 47.4
    endloop
  endfacet
  facet normal 0.83145 0.555599 0
    outer loop
      vertex 23.9406 4.21284 49.4
      vertex 23.7153 4.55 47.4
      vertex 23.7153 4.55 49.4
    endloop
  endfacet
  facet normal 0.83145 0.555599 0
    outer loop
      vertex 23.7153 4.55 47.4
      vertex 23.9406 4.21284 49.4
      vertex 23.9406 4.21284 47.4
    endloop
  endfacet
  facet normal 0.195096 0.980784 -0
    outer loop
      vertex 25.9954 3.02652 47.4
      vertex 25.5977 3.10563 49.4
      vertex 25.9954 3.02652 49.4
    endloop
  endfacet
  facet normal 0.195096 0.980784 0
    outer loop
      vertex 25.5977 3.10563 49.4
      vertex 25.9954 3.02652 47.4
      vertex 25.5977 3.10563 47.4
    endloop
  endfacet
  facet normal 0.751796 0.659396 0
    outer loop
      vertex 24.208 3.90797 49.4
      vertex 23.9406 4.21284 47.4
      vertex 23.9406 4.21284 49.4
    endloop
  endfacet
  facet normal 0.751796 0.659396 0
    outer loop
      vertex 23.9406 4.21284 47.4
      vertex 24.208 3.90797 49.4
      vertex 24.208 3.90797 47.4
    endloop
  endfacet
  facet normal -0.997862 0.0653519 0
    outer loop
      vertex 29.4735 5.69537 47.4
      vertex 29.5 6.1 49.4
      vertex 29.5 6.1 47.4
    endloop
  endfacet
  facet normal -0.997862 0.0653519 0
    outer loop
      vertex 29.5 6.1 49.4
      vertex 29.4735 5.69537 47.4
      vertex 29.4735 5.69537 49.4
    endloop
  endfacet
  facet normal -0.946888 -0.321564 0
    outer loop
      vertex 29.3944 6.90234 47.4
      vertex 29.264 7.28632 49.4
      vertex 29.264 7.28632 47.4
    endloop
  endfacet
  facet normal -0.946888 -0.321564 0
    outer loop
      vertex 29.264 7.28632 49.4
      vertex 29.3944 6.90234 47.4
      vertex 29.3944 6.90234 49.4
    endloop
  endfacet
  facet normal 0.555519 -0.831504 0
    outer loop
      vertex 24.5128 8.5594 47.4
      vertex 24.85 8.78468 49.4
      vertex 24.5128 8.5594 49.4
    endloop
  endfacet
  facet normal 0.555519 -0.831504 0
    outer loop
      vertex 24.85 8.78468 49.4
      vertex 24.5128 8.5594 47.4
      vertex 24.85 8.78468 47.4
    endloop
  endfacet
  facet normal 0.83145 -0.555599 0
    outer loop
      vertex 23.7153 7.65 49.4
      vertex 23.9406 7.98716 47.4
      vertex 23.9406 7.98716 49.4
    endloop
  endfacet
  facet normal 0.83145 -0.555599 0
    outer loop
      vertex 23.9406 7.98716 47.4
      vertex 23.7153 7.65 49.4
      vertex 23.7153 7.65 47.4
    endloop
  endfacet
  facet normal -0.555519 -0.831504 0
    outer loop
      vertex 27.95 8.78468 47.4
      vertex 28.2872 8.5594 49.4
      vertex 27.95 8.78468 49.4
    endloop
  endfacet
  facet normal -0.555519 -0.831504 -0
    outer loop
      vertex 28.2872 8.5594 49.4
      vertex 27.95 8.78468 47.4
      vertex 28.2872 8.5594 47.4
    endloop
  endfacet
  facet normal -0.751796 0.659396 0
    outer loop
      vertex 28.592 3.90797 47.4
      vertex 28.8594 4.21284 49.4
      vertex 28.8594 4.21284 47.4
    endloop
  endfacet
  facet normal -0.751796 0.659396 0
    outer loop
      vertex 28.8594 4.21284 49.4
      vertex 28.592 3.90797 47.4
      vertex 28.592 3.90797 49.4
    endloop
  endfacet
  facet normal -0.195096 0.980784 0
    outer loop
      vertex 27.2023 3.10563 47.4
      vertex 26.8046 3.02652 49.4
      vertex 27.2023 3.10563 49.4
    endloop
  endfacet
  facet normal -0.195096 0.980784 0
    outer loop
      vertex 26.8046 3.02652 49.4
      vertex 27.2023 3.10563 47.4
      vertex 26.8046 3.02652 47.4
    endloop
  endfacet
  facet normal -0.0654059 0.997859 0
    outer loop
      vertex 26.8046 3.02652 47.4
      vertex 26.4 3 49.4
      vertex 26.8046 3.02652 49.4
    endloop
  endfacet
  facet normal -0.0654059 0.997859 0
    outer loop
      vertex 26.4 3 49.4
      vertex 26.8046 3.02652 47.4
      vertex 26.4 3 47.4
    endloop
  endfacet
  facet normal -0.442275 0.89688 0
    outer loop
      vertex 27.95 3.41532 47.4
      vertex 27.5863 3.23597 49.4
      vertex 27.95 3.41532 49.4
    endloop
  endfacet
  facet normal -0.442275 0.89688 0
    outer loop
      vertex 27.5863 3.23597 49.4
      vertex 27.95 3.41532 47.4
      vertex 27.5863 3.23597 47.4
    endloop
  endfacet
  facet normal 0.98079 0.195068 0
    outer loop
      vertex 23.4056 5.29766 49.4
      vertex 23.3265 5.69537 47.4
      vertex 23.3265 5.69537 49.4
    endloop
  endfacet
  facet normal 0.98079 0.195068 0
    outer loop
      vertex 23.3265 5.69537 47.4
      vertex 23.4056 5.29766 49.4
      vertex 23.4056 5.29766 47.4
    endloop
  endfacet
  facet normal 0.997862 0.0653519 0
    outer loop
      vertex 23.3265 5.69537 49.4
      vertex 23.3 6.1 47.4
      vertex 23.3 6.1 49.4
    endloop
  endfacet
  facet normal 0.997862 0.0653519 0
    outer loop
      vertex 23.3 6.1 47.4
      vertex 23.3265 5.69537 49.4
      vertex 23.3265 5.69537 47.4
    endloop
  endfacet
  facet normal 0.896919 0.442195 0
    outer loop
      vertex 23.7153 4.55 49.4
      vertex 23.536 4.91368 47.4
      vertex 23.536 4.91368 49.4
    endloop
  endfacet
  facet normal 0.896919 0.442195 0
    outer loop
      vertex 23.536 4.91368 47.4
      vertex 23.7153 4.55 49.4
      vertex 23.7153 4.55 47.4
    endloop
  endfacet
  facet normal 0.321416 0.946938 -0
    outer loop
      vertex 25.5977 3.10563 47.4
      vertex 25.2137 3.23597 49.4
      vertex 25.5977 3.10563 49.4
    endloop
  endfacet
  facet normal 0.321416 0.946938 0
    outer loop
      vertex 25.2137 3.23597 49.4
      vertex 25.5977 3.10563 47.4
      vertex 25.2137 3.23597 47.4
    endloop
  endfacet
  facet normal 0.65944 0.751757 -0
    outer loop
      vertex 24.5128 3.6406 47.4
      vertex 24.208 3.90797 49.4
      vertex 24.5128 3.6406 49.4
    endloop
  endfacet
  facet normal 0.65944 0.751757 0
    outer loop
      vertex 24.208 3.90797 49.4
      vertex 24.5128 3.6406 47.4
      vertex 24.208 3.90797 47.4
    endloop
  endfacet
  facet normal 0.555519 0.831504 -0
    outer loop
      vertex 24.85 3.41532 47.4
      vertex 24.5128 3.6406 49.4
      vertex 24.85 3.41532 49.4
    endloop
  endfacet
  facet normal 0.555519 0.831504 0
    outer loop
      vertex 24.5128 3.6406 49.4
      vertex 24.85 3.41532 47.4
      vertex 24.5128 3.6406 47.4
    endloop
  endfacet
  facet normal -0.997862 -0.0653519 0
    outer loop
      vertex 29.5 6.1 47.4
      vertex 29.4735 6.50463 49.4
      vertex 29.4735 6.50463 47.4
    endloop
  endfacet
  facet normal -0.997862 -0.0653519 0
    outer loop
      vertex 29.4735 6.50463 49.4
      vertex 29.5 6.1 47.4
      vertex 29.5 6.1 49.4
    endloop
  endfacet
  facet normal -0.83145 -0.555599 0
    outer loop
      vertex 29.0847 7.65 47.4
      vertex 28.8594 7.98716 49.4
      vertex 28.8594 7.98716 47.4
    endloop
  endfacet
  facet normal -0.83145 -0.555599 0
    outer loop
      vertex 28.8594 7.98716 49.4
      vertex 29.0847 7.65 47.4
      vertex 29.0847 7.65 49.4
    endloop
  endfacet
  facet normal 0.98079 -0.195068 0
    outer loop
      vertex 23.3265 6.50463 49.4
      vertex 23.4056 6.90234 47.4
      vertex 23.4056 6.90234 49.4
    endloop
  endfacet
  facet normal 0.98079 -0.195068 0
    outer loop
      vertex 23.4056 6.90234 47.4
      vertex 23.3265 6.50463 49.4
      vertex 23.3265 6.50463 47.4
    endloop
  endfacet
  facet normal 0.65944 -0.751757 0
    outer loop
      vertex 24.208 8.29203 47.4
      vertex 24.5128 8.5594 49.4
      vertex 24.208 8.29203 49.4
    endloop
  endfacet
  facet normal 0.65944 -0.751757 0
    outer loop
      vertex 24.5128 8.5594 49.4
      vertex 24.208 8.29203 47.4
      vertex 24.5128 8.5594 47.4
    endloop
  endfacet
  facet normal -0.195096 -0.980784 0
    outer loop
      vertex 26.8046 9.17348 47.4
      vertex 27.2023 9.09437 49.4
      vertex 26.8046 9.17348 49.4
    endloop
  endfacet
  facet normal -0.195096 -0.980784 -0
    outer loop
      vertex 27.2023 9.09437 49.4
      vertex 26.8046 9.17348 47.4
      vertex 27.2023 9.09437 47.4
    endloop
  endfacet
  facet normal -0.896919 0.442195 0
    outer loop
      vertex 29.0847 4.55 47.4
      vertex 29.264 4.91368 49.4
      vertex 29.264 4.91368 47.4
    endloop
  endfacet
  facet normal -0.896919 0.442195 0
    outer loop
      vertex 29.264 4.91368 49.4
      vertex 29.0847 4.55 47.4
      vertex 29.0847 4.55 49.4
    endloop
  endfacet
  facet normal -0.946888 0.321564 0
    outer loop
      vertex 29.264 4.91368 47.4
      vertex 29.3944 5.29766 49.4
      vertex 29.3944 5.29766 47.4
    endloop
  endfacet
  facet normal -0.946888 0.321564 0
    outer loop
      vertex 29.3944 5.29766 49.4
      vertex 29.264 4.91368 47.4
      vertex 29.264 4.91368 49.4
    endloop
  endfacet
  facet normal -0.98079 0.195068 0
    outer loop
      vertex 29.3944 5.29766 47.4
      vertex 29.4735 5.69537 49.4
      vertex 29.4735 5.69537 47.4
    endloop
  endfacet
  facet normal -0.98079 0.195068 0
    outer loop
      vertex 29.4735 5.69537 49.4
      vertex 29.3944 5.29766 47.4
      vertex 29.3944 5.29766 49.4
    endloop
  endfacet
  facet normal 0 0 1
    outer loop
      vertex 29.4735 6.50463 47.4
      vertex 29.4735 5.69537 47.4
      vertex 29.5 6.1 47.4
    endloop
  endfacet
  facet normal 0 0 1
    outer loop
      vertex 29.3944 6.90234 47.4
      vertex 29.4735 5.69537 47.4
      vertex 29.4735 6.50463 47.4
    endloop
  endfacet
  facet normal 0 0 1
    outer loop
      vertex 29.3944 6.90234 47.4
      vertex 29.3944 5.29766 47.4
      vertex 29.4735 5.69537 47.4
    endloop
  endfacet
  facet normal 0 0 1
    outer loop
      vertex 29.264 7.28632 47.4
      vertex 29.3944 5.29766 47.4
      vertex 29.3944 6.90234 47.4
    endloop
  endfacet
  facet normal 0 0 1
    outer loop
      vertex 29.264 7.28632 47.4
      vertex 29.264 4.91368 47.4
      vertex 29.3944 5.29766 47.4
    endloop
  endfacet
  facet normal 0 0 1
    outer loop
      vertex 29.0847 7.65 47.4
      vertex 29.264 4.91368 47.4
      vertex 29.264 7.28632 47.4
    endloop
  endfacet
  facet normal 0 0 1
    outer loop
      vertex 29.0847 7.65 47.4
      vertex 29.0847 4.55 47.4
      vertex 29.264 4.91368 47.4
    endloop
  endfacet
  facet normal 0 0 1
    outer loop
      vertex 28.8594 7.98716 47.4
      vertex 29.0847 4.55 47.4
      vertex 29.0847 7.65 47.4
    endloop
  endfacet
  facet normal 0 0 1
    outer loop
      vertex 28.8594 7.98716 47.4
      vertex 28.8594 4.21284 47.4
      vertex 29.0847 4.55 47.4
    endloop
  endfacet
  facet normal 0 0 1
    outer loop
      vertex 28.592 8.29203 47.4
      vertex 28.8594 4.21284 47.4
      vertex 28.8594 7.98716 47.4
    endloop
  endfacet
  facet normal 0 0 1
    outer loop
      vertex 28.592 8.29203 47.4
      vertex 28.592 3.90797 47.4
      vertex 28.8594 4.21284 47.4
    endloop
  endfacet
  facet normal 0 0 1
    outer loop
      vertex 28.2872 8.5594 47.4
      vertex 28.592 3.90797 47.4
      vertex 28.592 8.29203 47.4
    endloop
  endfacet
  facet normal 0 0 1
    outer loop
      vertex 28.2872 8.5594 47.4
      vertex 28.2872 3.6406 47.4
      vertex 28.592 3.90797 47.4
    endloop
  endfacet
  facet normal 0 0 1
    outer loop
      vertex 27.95 8.78468 47.4
      vertex 28.2872 3.6406 47.4
      vertex 28.2872 8.5594 47.4
    endloop
  endfacet
  facet normal 0 0 1
    outer loop
      vertex 27.95 8.78468 47.4
      vertex 27.95 3.41532 47.4
      vertex 28.2872 3.6406 47.4
    endloop
  endfacet
  facet normal 0 0 1
    outer loop
      vertex 27.5863 8.96403 47.4
      vertex 27.95 3.41532 47.4
      vertex 27.95 8.78468 47.4
    endloop
  endfacet
  facet normal 0 0 1
    outer loop
      vertex 27.5863 8.96403 47.4
      vertex 27.5863 3.23597 47.4
      vertex 27.95 3.41532 47.4
    endloop
  endfacet
  facet normal 0 0 1
    outer loop
      vertex 27.2023 9.09437 47.4
      vertex 27.5863 3.23597 47.4
      vertex 27.5863 8.96403 47.4
    endloop
  endfacet
  facet normal 0 0 1
    outer loop
      vertex 27.2023 9.09437 47.4
      vertex 27.2023 3.10563 47.4
      vertex 27.5863 3.23597 47.4
    endloop
  endfacet
  facet normal 0 0 1
    outer loop
      vertex 26.8046 9.17348 47.4
      vertex 27.2023 3.10563 47.4
      vertex 27.2023 9.09437 47.4
    endloop
  endfacet
  facet normal 0 0 1
    outer loop
      vertex 26.8046 9.17348 47.4
      vertex 26.8046 3.02652 47.4
      vertex 27.2023 3.10563 47.4
    endloop
  endfacet
  facet normal 0 0 1
    outer loop
      vertex 26.4 9.2 47.4
      vertex 26.8046 3.02652 47.4
      vertex 26.8046 9.17348 47.4
    endloop
  endfacet
  facet normal 0 0 1
    outer loop
      vertex 26.4 9.2 47.4
      vertex 26.4 3 47.4
      vertex 26.8046 3.02652 47.4
    endloop
  endfacet
  facet normal -0 0 1
    outer loop
      vertex 25.9954 9.17348 47.4
      vertex 26.4 3 47.4
      vertex 26.4 9.2 47.4
    endloop
  endfacet
  facet normal 0 0 1
    outer loop
      vertex 25.9954 9.17348 47.4
      vertex 25.9954 3.02652 47.4
      vertex 26.4 3 47.4
    endloop
  endfacet
  facet normal -0 0 1
    outer loop
      vertex 25.5977 9.09437 47.4
      vertex 25.9954 3.02652 47.4
      vertex 25.9954 9.17348 47.4
    endloop
  endfacet
  facet normal 0 0 1
    outer loop
      vertex 25.5977 9.09437 47.4
      vertex 25.5977 3.10563 47.4
      vertex 25.9954 3.02652 47.4
    endloop
  endfacet
  facet normal -0 0 1
    outer loop
      vertex 25.2137 8.96403 47.4
      vertex 25.5977 3.10563 47.4
      vertex 25.5977 9.09437 47.4
    endloop
  endfacet
  facet normal 0 0 1
    outer loop
      vertex 25.2137 8.96403 47.4
      vertex 25.2137 3.23597 47.4
      vertex 25.5977 3.10563 47.4
    endloop
  endfacet
  facet normal -0 0 1
    outer loop
      vertex 24.85 8.78468 47.4
      vertex 25.2137 3.23597 47.4
      vertex 25.2137 8.96403 47.4
    endloop
  endfacet
  facet normal 0 0 1
    outer loop
      vertex 24.85 8.78468 47.4
      vertex 24.85 3.41532 47.4
      vertex 25.2137 3.23597 47.4
    endloop
  endfacet
  facet normal -0 0 1
    outer loop
      vertex 24.5128 8.5594 47.4
      vertex 24.85 3.41532 47.4
      vertex 24.85 8.78468 47.4
    endloop
  endfacet
  facet normal 0 0 1
    outer loop
      vertex 24.5128 8.5594 47.4
      vertex 24.5128 3.6406 47.4
      vertex 24.85 3.41532 47.4
    endloop
  endfacet
  facet normal -0 0 1
    outer loop
      vertex 24.208 8.29203 47.4
      vertex 24.5128 3.6406 47.4
      vertex 24.5128 8.5594 47.4
    endloop
  endfacet
  facet normal 0 0 1
    outer loop
      vertex 24.208 8.29203 47.4
      vertex 24.208 3.90797 47.4
      vertex 24.5128 3.6406 47.4
    endloop
  endfacet
  facet normal -0 0 1
    outer loop
      vertex 23.9406 7.98716 47.4
      vertex 24.208 3.90797 47.4
      vertex 24.208 8.29203 47.4
    endloop
  endfacet
  facet normal 0 0 1
    outer loop
      vertex 23.9406 7.98716 47.4
      vertex 23.9406 4.21284 47.4
      vertex 24.208 3.90797 47.4
    endloop
  endfacet
  facet normal -0 0 1
    outer loop
      vertex 23.7153 7.65 47.4
      vertex 23.9406 4.21284 47.4
      vertex 23.9406 7.98716 47.4
    endloop
  endfacet
  facet normal 0 0 1
    outer loop
      vertex 23.7153 7.65 47.4
      vertex 23.7153 4.55 47.4
      vertex 23.9406 4.21284 47.4
    endloop
  endfacet
  facet normal -0 0 1
    outer loop
      vertex 23.536 7.28632 47.4
      vertex 23.7153 4.55 47.4
      vertex 23.7153 7.65 47.4
    endloop
  endfacet
  facet normal 0 0 1
    outer loop
      vertex 23.536 7.28632 47.4
      vertex 23.536 4.91368 47.4
      vertex 23.7153 4.55 47.4
    endloop
  endfacet
  facet normal -0 0 1
    outer loop
      vertex 23.4056 6.90234 47.4
      vertex 23.536 4.91368 47.4
      vertex 23.536 7.28632 47.4
    endloop
  endfacet
  facet normal 0 0 1
    outer loop
      vertex 23.4056 6.90234 47.4
      vertex 23.4056 5.29766 47.4
      vertex 23.536 4.91368 47.4
    endloop
  endfacet
  facet normal -0 0 1
    outer loop
      vertex 23.3265 6.50463 47.4
      vertex 23.4056 5.29766 47.4
      vertex 23.4056 6.90234 47.4
    endloop
  endfacet
  facet normal 0 0 1
    outer loop
      vertex 23.3265 6.50463 47.4
      vertex 23.3265 5.69537 47.4
      vertex 23.4056 5.29766 47.4
    endloop
  endfacet
  facet normal 0 -0 1
    outer loop
      vertex 23.3265 5.69537 47.4
      vertex 23.3265 6.50463 47.4
      vertex 23.3 6.1 47.4
    endloop
  endfacet
  facet normal -0.896919 -0.442195 0
    outer loop
      vertex 29.264 7.28632 47.4
      vertex 29.0847 7.65 49.4
      vertex 29.0847 7.65 47.4
    endloop
  endfacet
  facet normal -0.896919 -0.442195 0
    outer loop
      vertex 29.0847 7.65 49.4
      vertex 29.264 7.28632 47.4
      vertex 29.264 7.28632 49.4
    endloop
  endfacet
  facet normal 0.321416 -0.946938 0
    outer loop
      vertex 25.2137 8.96403 47.4
      vertex 25.5977 9.09437 49.4
      vertex 25.2137 8.96403 49.4
    endloop
  endfacet
  facet normal 0.321416 -0.946938 0
    outer loop
      vertex 25.5977 9.09437 49.4
      vertex 25.2137 8.96403 47.4
      vertex 25.5977 9.09437 47.4
    endloop
  endfacet
  facet normal -0.0654059 -0.997859 0
    outer loop
      vertex 26.4 9.2 47.4
      vertex 26.8046 9.17348 49.4
      vertex 26.4 9.2 49.4
    endloop
  endfacet
  facet normal -0.0654059 -0.997859 -0
    outer loop
      vertex 26.8046 9.17348 49.4
      vertex 26.4 9.2 47.4
      vertex 26.8046 9.17348 47.4
    endloop
  endfacet
  facet normal 0.896919 -0.442195 0
    outer loop
      vertex 23.536 7.28632 49.4
      vertex 23.7153 7.65 47.4
      vertex 23.7153 7.65 49.4
    endloop
  endfacet
  facet normal 0.896919 -0.442195 0
    outer loop
      vertex 23.7153 7.65 47.4
      vertex 23.536 7.28632 49.4
      vertex 23.536 7.28632 47.4
    endloop
  endfacet
  facet normal 0.946888 -0.321564 0
    outer loop
      vertex 23.4056 6.90234 49.4
      vertex 23.536 7.28632 47.4
      vertex 23.536 7.28632 49.4
    endloop
  endfacet
  facet normal 0.946888 -0.321564 0
    outer loop
      vertex 23.536 7.28632 47.4
      vertex 23.4056 6.90234 49.4
      vertex 23.4056 6.90234 47.4
    endloop
  endfacet
  facet normal -0.442275 -0.89688 0
    outer loop
      vertex 27.5863 8.96403 47.4
      vertex 27.95 8.78468 49.4
      vertex 27.5863 8.96403 49.4
    endloop
  endfacet
  facet normal -0.442275 -0.89688 -0
    outer loop
      vertex 27.95 8.78468 49.4
      vertex 27.5863 8.96403 47.4
      vertex 27.95 8.78468 47.4
    endloop
  endfacet
  facet normal -0.321416 -0.946938 0
    outer loop
      vertex 27.2023 9.09437 47.4
      vertex 27.5863 8.96403 49.4
      vertex 27.2023 9.09437 49.4
    endloop
  endfacet
  facet normal -0.321416 -0.946938 -0
    outer loop
      vertex 27.5863 8.96403 49.4
      vertex 27.2023 9.09437 47.4
      vertex 27.5863 8.96403 47.4
    endloop
  endfacet
  facet normal -0.751796 -0.659396 0
    outer loop
      vertex 28.8594 7.98716 47.4
      vertex 28.592 8.29203 49.4
      vertex 28.592 8.29203 47.4
    endloop
  endfacet
  facet normal -0.751796 -0.659396 0
    outer loop
      vertex 28.592 8.29203 49.4
      vertex 28.8594 7.98716 47.4
      vertex 28.8594 7.98716 49.4
    endloop
  endfacet
  facet normal 0.195096 -0.980784 0
    outer loop
      vertex 25.5977 9.09437 47.4
      vertex 25.9954 9.17348 49.4
      vertex 25.5977 9.09437 49.4
    endloop
  endfacet
  facet normal 0.195096 -0.980784 0
    outer loop
      vertex 25.9954 9.17348 49.4
      vertex 25.5977 9.09437 47.4
      vertex 25.9954 9.17348 47.4
    endloop
  endfacet
  facet normal 0.442275 -0.89688 0
    outer loop
      vertex 24.85 8.78468 47.4
      vertex 25.2137 8.96403 49.4
      vertex 24.85 8.78468 49.4
    endloop
  endfacet
  facet normal 0.442275 -0.89688 0
    outer loop
      vertex 25.2137 8.96403 49.4
      vertex 24.85 8.78468 47.4
      vertex 25.2137 8.96403 47.4
    endloop
  endfacet
  facet normal 0.751796 -0.659396 0
    outer loop
      vertex 23.9406 7.98716 49.4
      vertex 24.208 8.29203 47.4
      vertex 24.208 8.29203 49.4
    endloop
  endfacet
  facet normal 0.751796 -0.659396 0
    outer loop
      vertex 24.208 8.29203 47.4
      vertex 23.9406 7.98716 49.4
      vertex 23.9406 7.98716 47.4
    endloop
  endfacet
  facet normal -0.65944 -0.751757 0
    outer loop
      vertex 28.2872 8.5594 47.4
      vertex 28.592 8.29203 49.4
      vertex 28.2872 8.5594 49.4
    endloop
  endfacet
  facet normal -0.65944 -0.751757 -0
    outer loop
      vertex 28.592 8.29203 49.4
      vertex 28.2872 8.5594 47.4
      vertex 28.592 8.29203 47.4
    endloop
  endfacet
  facet normal 0.0654059 -0.997859 0
    outer loop
      vertex 25.9954 9.17348 47.4
      vertex 26.4 9.2 49.4
      vertex 25.9954 9.17348 49.4
    endloop
  endfacet
  facet normal 0.0654059 -0.997859 0
    outer loop
      vertex 26.4 9.2 49.4
      vertex 25.9954 9.17348 47.4
      vertex 26.4 9.2 47.4
    endloop
  endfacet
  facet normal 0 1 0
    outer loop
      vertex 31.1 16.33 48.9
      vertex 32.5 16.33 50
      vertex 32.5 16.33 48.9
    endloop
  endfacet
  facet normal 0 1 0
    outer loop
      vertex 32.5 16.33 50
      vertex 31.1 16.33 48.9
      vertex 30.1 16.33 50
    endloop
  endfacet
  facet normal 0 1 0
    outer loop
      vertex 30.1 16.33 43.57
      vertex 31.1 16.33 48.9
      vertex 31.1 16.33 43.57
    endloop
  endfacet
  facet normal 0 1 0
    outer loop
      vertex 31.1 16.33 48.9
      vertex 30.1 16.33 43.57
      vertex 30.1 16.33 50
    endloop
  endfacet
  facet normal -0 0 1
    outer loop
      vertex 30.1 25.67 43.57
      vertex 31.1 16.33 43.57
      vertex 31.1 25.67 43.57
    endloop
  endfacet
  facet normal 0 0 1
    outer loop
      vertex 31.1 16.33 43.57
      vertex 30.1 25.67 43.57
      vertex 30.1 16.33 43.57
    endloop
  endfacet
  facet normal 0 -1 0
    outer loop
      vertex 30.1 25.67 50
      vertex 31.1 25.67 48.9
      vertex 32.5 25.67 50
    endloop
  endfacet
  facet normal 0 -1 0
    outer loop
      vertex 30.1 25.67 43.57
      vertex 31.1 25.67 48.9
      vertex 30.1 25.67 50
    endloop
  endfacet
  facet normal 0 -1 -0
    outer loop
      vertex 31.1 25.67 48.9
      vertex 30.1 25.67 43.57
      vertex 31.1 25.67 43.57
    endloop
  endfacet
  facet normal 0 -1 -0
    outer loop
      vertex 32.5 25.67 50
      vertex 31.1 25.67 48.9
      vertex 32.5 25.67 48.9
    endloop
  endfacet
  facet normal 0 1 -0
    outer loop
      vertex 32.5 14.75 41.9
      vertex 31.1 14.75 48.9
      vertex 32.5 14.75 48.9
    endloop
  endfacet
  facet normal 0 1 0
    outer loop
      vertex 31.1 14.75 48.9
      vertex 32.5 14.75 41.9
      vertex 31.1 14.75 41.9
    endloop
  endfacet
  facet normal -0 0 1
    outer loop
      vertex 31.1 27.25 41.9
      vertex 32.5 14.75 41.9
      vertex 32.5 27.25 41.9
    endloop
  endfacet
  facet normal 0 0 1
    outer loop
      vertex 32.5 14.75 41.9
      vertex 31.1 27.25 41.9
      vertex 31.1 14.75 41.9
    endloop
  endfacet
  facet normal 0 -1 0
    outer loop
      vertex 31.1 27.25 41.9
      vertex 32.5 27.25 48.9
      vertex 31.1 27.25 48.9
    endloop
  endfacet
  facet normal 0 -1 -0
    outer loop
      vertex 32.5 27.25 48.9
      vertex 31.1 27.25 41.9
      vertex 32.5 27.25 41.9
    endloop
  endfacet
  facet normal 0 0 -1
    outer loop
      vertex 31.1 14.75 48.9
      vertex 32.5 16.33 48.9
      vertex 32.5 14.75 48.9
    endloop
  endfacet
  facet normal -0 0 -1
    outer loop
      vertex 32.5 16.33 48.9
      vertex 31.1 14.75 48.9
      vertex 31.1 16.33 48.9
    endloop
  endfacet
  facet normal 0 0 -1
    outer loop
      vertex 31.1 25.67 48.9
      vertex 32.5 27.25 48.9
      vertex 32.5 25.67 48.9
    endloop
  endfacet
  facet normal -0 0 -1
    outer loop
      vertex 32.5 27.25 48.9
      vertex 31.1 25.67 48.9
      vertex 31.1 27.25 48.9
    endloop
  endfacet
  facet normal 1 0 0
    outer loop
      vertex 31.1 16.33 48.9
      vertex 31.1 14.75 48.9
      vertex 31.1 16.33 43.57
    endloop
  endfacet
  facet normal 1 0 0
    outer loop
      vertex 31.1 25.67 43.57
      vertex 31.1 27.25 48.9
      vertex 31.1 25.67 48.9
    endloop
  endfacet
  facet normal 1 0 0
    outer loop
      vertex 31.1 27.25 48.9
      vertex 31.1 25.67 43.57
      vertex 31.1 27.25 41.9
    endloop
  endfacet
  facet normal 1 -0 0
    outer loop
      vertex 31.1 16.33 43.57
      vertex 31.1 27.25 41.9
      vertex 31.1 25.67 43.57
    endloop
  endfacet
  facet normal 1 0 0
    outer loop
      vertex 31.1 16.33 43.57
      vertex 31.1 14.75 41.9
      vertex 31.1 27.25 41.9
    endloop
  endfacet
  facet normal 1 0 0
    outer loop
      vertex 31.1 14.75 41.9
      vertex 31.1 16.33 43.57
      vertex 31.1 14.75 48.9
    endloop
  endfacet
  facet normal 0 1 -0
    outer loop
      vertex 32.5 18.8 35.15
      vertex 30.1 18.8 37.05
      vertex 32.5 18.8 37.05
    endloop
  endfacet
  facet normal 0 1 0
    outer loop
      vertex 30.1 18.8 37.05
      vertex 32.5 18.8 35.15
      vertex 30.1 18.8 35.15
    endloop
  endfacet
  facet normal -0 0 1
    outer loop
      vertex 30.1 23.2 35.15
      vertex 32.5 18.8 35.15
      vertex 32.5 23.2 35.15
    endloop
  endfacet
  facet normal 0 0 1
    outer loop
      vertex 32.5 18.8 35.15
      vertex 30.1 23.2 35.15
      vertex 30.1 18.8 35.15
    endloop
  endfacet
  facet normal 0 -1 0
    outer loop
      vertex 30.1 23.2 35.15
      vertex 32.5 23.2 37.05
      vertex 30.1 23.2 37.05
    endloop
  endfacet
  facet normal 0 -1 -0
    outer loop
      vertex 32.5 23.2 37.05
      vertex 30.1 23.2 35.15
      vertex 32.5 23.2 35.15
    endloop
  endfacet
  facet normal 0 0 -1
    outer loop
      vertex 30.1 18.8 37.05
      vertex 32.5 23.2 37.05
      vertex 32.5 18.8 37.05
    endloop
  endfacet
  facet normal -0 0 -1
    outer loop
      vertex 32.5 23.2 37.05
      vertex 30.1 18.8 37.05
      vertex 30.1 23.2 37.05
    endloop
  endfacet
  facet normal 0 1 -0
    outer loop
      vertex 31.89 15 39.9
      vertex 30.1 15 41.4
      vertex 31.89 15 41.4
    endloop
  endfacet
  facet normal 0 1 0
    outer loop
      vertex 30.1 15 41.4
      vertex 31.89 15 39.9
      vertex 30.1 15 39.9
    endloop
  endfacet
  facet normal -0 0 1
    outer loop
      vertex 30.1 27 39.9
      vertex 31.89 15 39.9
      vertex 31.89 27 39.9
    endloop
  endfacet
  facet normal 0 0 1
    outer loop
      vertex 31.89 15 39.9
      vertex 30.1 27 39.9
      vertex 30.1 15 39.9
    endloop
  endfacet
  facet normal 0 -1 0
    outer loop
      vertex 30.1 27 39.9
      vertex 31.89 27 41.4
      vertex 30.1 27 41.4
    endloop
  endfacet
  facet normal 0 -1 -0
    outer loop
      vertex 31.89 27 41.4
      vertex 30.1 27 39.9
      vertex 31.89 27 39.9
    endloop
  endfacet
  facet normal 0 0 -1
    outer loop
      vertex 30.1 15 41.4
      vertex 31.89 27 41.4
      vertex 31.89 15 41.4
    endloop
  endfacet
  facet normal -0 0 -1
    outer loop
      vertex 31.89 27 41.4
      vertex 30.1 15 41.4
      vertex 30.1 27 41.4
    endloop
  endfacet
  facet normal -1 0 0
    outer loop
      vertex 31.89 15 39.9
      vertex 31.89 27 41.4
      vertex 31.89 27 39.9
    endloop
  endfacet
  facet normal -1 -0 0
    outer loop
      vertex 31.89 27 41.4
      vertex 31.89 15 39.9
      vertex 31.89 15 41.4
    endloop
  endfacet
  facet normal 1 -0 0
    outer loop
      vertex -29.05 11 12.5
      vertex -29.05 31 0
      vertex -29.05 31 12.5
    endloop
  endfacet
  facet normal 1 0 0
    outer loop
      vertex -29.05 31 0
      vertex -29.05 11 12.5
      vertex -29.05 11 0
    endloop
  endfacet
  facet normal -1 0 0
    outer loop
      vertex 29.05 11 0
      vertex 29.05 31 12.5
      vertex 29.05 31 0
    endloop
  endfacet
  facet normal -1 -0 0
    outer loop
      vertex 29.05 31 12.5
      vertex 29.05 11 0
      vertex 29.05 11 12.5
    endloop
  endfacet
  facet normal 0 0 -1
    outer loop
      vertex 29.05 11 12.5
      vertex 27.55 12.5 12.5
      vertex 29.05 31 12.5
    endloop
  endfacet
  facet normal 0 0 -1
    outer loop
      vertex 29.05 11 12.5
      vertex -27.55 12.5 12.5
      vertex 27.55 12.5 12.5
    endloop
  endfacet
  facet normal -0 0 -1
    outer loop
      vertex -27.55 12.5 12.5
      vertex -29.05 11 12.5
      vertex -27.55 29.5 12.5
    endloop
  endfacet
  facet normal 0 0 -1
    outer loop
      vertex -29.05 11 12.5
      vertex -27.55 12.5 12.5
      vertex 29.05 11 12.5
    endloop
  endfacet
  facet normal 0 0 -1
    outer loop
      vertex 27.55 29.5 12.5
      vertex 29.05 31 12.5
      vertex 27.55 12.5 12.5
    endloop
  endfacet
  facet normal 0 0 -1
    outer loop
      vertex -27.55 29.5 12.5
      vertex 29.05 31 12.5
      vertex 27.55 29.5 12.5
    endloop
  endfacet
  facet normal 0 0 -1
    outer loop
      vertex -27.55 29.5 12.5
      vertex -29.05 31 12.5
      vertex 29.05 31 12.5
    endloop
  endfacet
  facet normal 0 0 -1
    outer loop
      vertex -29.05 31 12.5
      vertex -27.55 29.5 12.5
      vertex -29.05 11 12.5
    endloop
  endfacet
  facet normal 0 -1 0
    outer loop
      vertex -29.05 31 0
      vertex 29.05 31 12.5
      vertex -29.05 31 12.5
    endloop
  endfacet
  facet normal 0 -1 -0
    outer loop
      vertex 29.05 31 12.5
      vertex -29.05 31 0
      vertex 29.05 31 0
    endloop
  endfacet
  facet normal 0 1 -0
    outer loop
      vertex 29.05 11 0
      vertex -29.05 11 12.5
      vertex 29.05 11 12.5
    endloop
  endfacet
  facet normal 0 1 0
    outer loop
      vertex -29.05 11 12.5
      vertex 29.05 11 0
      vertex -29.05 11 0
    endloop
  endfacet
  facet normal 1 -0 0
    outer loop
      vertex -27.55 12.5 14.5
      vertex -27.55 29.5 12.5
      vertex -27.55 29.5 14.5
    endloop
  endfacet
  facet normal 1 0 0
    outer loop
      vertex -27.55 29.5 12.5
      vertex -27.55 12.5 14.5
      vertex -27.55 12.5 12.5
    endloop
  endfacet
  facet normal -1 0 0
    outer loop
      vertex 27.55 12.5 12.5
      vertex 27.55 29.5 14.5
      vertex 27.55 29.5 12.5
    endloop
  endfacet
  facet normal -1 -0 0
    outer loop
      vertex 27.55 29.5 14.5
      vertex 27.55 12.5 12.5
      vertex 27.55 12.5 14.5
    endloop
  endfacet
  facet normal 0 -1 0
    outer loop
      vertex -27.55 29.5 12.5
      vertex 27.55 29.5 14.5
      vertex -27.55 29.5 14.5
    endloop
  endfacet
  facet normal 0 -1 -0
    outer loop
      vertex 27.55 29.5 14.5
      vertex -27.55 29.5 12.5
      vertex 27.55 29.5 12.5
    endloop
  endfacet
  facet normal 0 1 -0
    outer loop
      vertex 27.55 12.5 12.5
      vertex -27.55 12.5 14.5
      vertex 27.55 12.5 14.5
    endloop
  endfacet
  facet normal 0 1 0
    outer loop
      vertex -27.55 12.5 14.5
      vertex 27.55 12.5 12.5
      vertex -27.55 12.5 12.5
    endloop
  endfacet
  facet normal 0 0 -1
    outer loop
      vertex -20.9972 7.215 1
      vertex -21.6429 5.85902 1
      vertex -21.6404 5.95944 1
    endloop
  endfacet
  facet normal 0 0 -1
    outer loop
      vertex -20.9972 7.215 1
      vertex -21.6504 5.76666 1
      vertex -21.6429 5.85902 1
    endloop
  endfacet
  facet normal 0 0 -1
    outer loop
      vertex -21.6404 5.15488 1
      vertex -21.6629 5.68233 1
      vertex -21.6504 5.76666 1
    endloop
  endfacet
  facet normal 0 0 -1
    outer loop
      vertex -21.6404 5.15488 1
      vertex -21.6803 5.60605 1
      vertex -21.6629 5.68233 1
    endloop
  endfacet
  facet normal 0 0 -1
    outer loop
      vertex -21.8001 5.38075 1
      vertex -21.6404 5.15488 1
      vertex -21.7021 5.15488 1
    endloop
  endfacet
  facet normal 0 0 -1
    outer loop
      vertex -21.6404 5.15488 1
      vertex -21.7028 5.53781 1
      vertex -21.6803 5.60605 1
    endloop
  endfacet
  facet normal 0 0 -1
    outer loop
      vertex -21.943 5.28789 1
      vertex -21.7021 5.15488 1
      vertex -21.7164 5.08495 1
    endloop
  endfacet
  facet normal 0 0 -1
    outer loop
      vertex -21.6404 5.15488 1
      vertex -21.7302 5.47762 1
      vertex -21.7028 5.53781 1
    endloop
  endfacet
  facet normal 0 0 -1
    outer loop
      vertex -21.943 5.28789 1
      vertex -21.7164 5.08495 1
      vertex -21.7348 5.02031 1
    endloop
  endfacet
  facet normal 0 0 -1
    outer loop
      vertex -22.0008 5.27069 1
      vertex -21.7348 5.02031 1
      vertex -21.7573 4.96095 1
    endloop
  endfacet
  facet normal 0 0 -1
    outer loop
      vertex -21.6404 5.15488 1
      vertex -21.7626 5.42546 1
      vertex -21.7302 5.47762 1
    endloop
  endfacet
  facet normal 0 0 -1
    outer loop
      vertex -22.0008 5.27069 1
      vertex -21.7573 4.96095 1
      vertex -21.7839 4.90688 1
    endloop
  endfacet
  facet normal 0 0 -1
    outer loop
      vertex -21.6404 5.15488 1
      vertex -21.8001 5.38075 1
      vertex -21.7626 5.42546 1
    endloop
  endfacet
  facet normal 0 0 -1
    outer loop
      vertex -22.0637 5.26038 1
      vertex -21.7839 4.90688 1
      vertex -21.8146 4.85808 1
    endloop
  endfacet
  facet normal 0 0 -1
    outer loop
      vertex -21.7021 5.15488 1
      vertex -21.8427 5.34291 1
      vertex -21.8001 5.38075 1
    endloop
  endfacet
  facet normal 0 0 -1
    outer loop
      vertex -22.0637 5.26038 1
      vertex -21.8146 4.85808 1
      vertex -21.8495 4.81456 1
    endloop
  endfacet
  facet normal 0 0 -1
    outer loop
      vertex -22.0637 5.26038 1
      vertex -21.8495 4.81456 1
      vertex -21.8884 4.77631 1
    endloop
  endfacet
  facet normal 0 0 -1
    outer loop
      vertex -21.7021 5.15488 1
      vertex -21.8903 5.31197 1
      vertex -21.8427 5.34291 1
    endloop
  endfacet
  facet normal 0 0 -1
    outer loop
      vertex -22.0637 5.26038 1
      vertex -21.8884 4.77631 1
      vertex -21.9321 4.74324 1
    endloop
  endfacet
  facet normal 0 0 -1
    outer loop
      vertex -21.7021 5.15488 1
      vertex -21.943 5.28789 1
      vertex -21.8903 5.31197 1
    endloop
  endfacet
  facet normal 0 0 -1
    outer loop
      vertex -22.1317 5.25693 1
      vertex -21.9321 4.74324 1
      vertex -21.9812 4.71527 1
    endloop
  endfacet
  facet normal 0 0 -1
    outer loop
      vertex -21.7348 5.02031 1
      vertex -22.0008 5.27069 1
      vertex -21.943 5.28789 1
    endloop
  endfacet
  facet normal 0 0 -1
    outer loop
      vertex -22.1317 5.25693 1
      vertex -21.9812 4.71527 1
      vertex -22.0357 4.69237 1
    endloop
  endfacet
  facet normal 0 0 -1
    outer loop
      vertex -21.7839 4.90688 1
      vertex -22.0637 5.26038 1
      vertex -22.0008 5.27069 1
    endloop
  endfacet
  facet normal 0 0 -1
    outer loop
      vertex -22.1317 5.25693 1
      vertex -22.0357 4.69237 1
      vertex -22.0955 4.67458 1
    endloop
  endfacet
  facet normal 0 0 -1
    outer loop
      vertex -21.9321 4.74324 1
      vertex -22.1317 5.25693 1
      vertex -22.0637 5.26038 1
    endloop
  endfacet
  facet normal 0 0 -1
    outer loop
      vertex -22.1966 5.26068 1
      vertex -22.0955 4.67458 1
      vertex -22.1607 4.66185 1
    endloop
  endfacet
  facet normal 0 0 -1
    outer loop
      vertex -22.0955 4.67458 1
      vertex -22.1966 5.26068 1
      vertex -22.1317 5.25693 1
    endloop
  endfacet
  facet normal 0 0 -1
    outer loop
      vertex -22.2313 4.65422 1
      vertex -22.1966 5.26068 1
      vertex -22.1607 4.66185 1
    endloop
  endfacet
  facet normal 0 0 -1
    outer loop
      vertex -22.3073 4.65167 1
      vertex -22.1966 5.26068 1
      vertex -22.2313 4.65422 1
    endloop
  endfacet
  facet normal -0 0 -1
    outer loop
      vertex -22.1966 5.26068 1
      vertex -22.3073 4.65167 1
      vertex -22.2572 5.27196 1
    endloop
  endfacet
  facet normal 0 0 -1
    outer loop
      vertex -22.4379 4.65865 1
      vertex -22.2572 5.27196 1
      vertex -22.3073 4.65167 1
    endloop
  endfacet
  facet normal -0 0 -1
    outer loop
      vertex -22.2572 5.27196 1
      vertex -22.4379 4.65865 1
      vertex -22.3135 5.29073 1
    endloop
  endfacet
  facet normal 0 0 -1
    outer loop
      vertex -22.5599 4.67958 1
      vertex -22.3135 5.29073 1
      vertex -22.4379 4.65865 1
    endloop
  endfacet
  facet normal -0 0 -1
    outer loop
      vertex -22.3135 5.29073 1
      vertex -22.5599 4.67958 1
      vertex -22.3653 5.317 1
    endloop
  endfacet
  facet normal 0 0 -1
    outer loop
      vertex -22.6732 4.71445 1
      vertex -22.3653 5.317 1
      vertex -22.5599 4.67958 1
    endloop
  endfacet
  facet normal 0 0 -1
    outer loop
      vertex -22.7778 4.76328 1
      vertex -22.3653 5.317 1
      vertex -22.6732 4.71445 1
    endloop
  endfacet
  facet normal -0 0 -1
    outer loop
      vertex -22.3653 5.317 1
      vertex -22.7778 4.76328 1
      vertex -22.4129 5.35078 1
    endloop
  endfacet
  facet normal 0 0 -1
    outer loop
      vertex -22.8737 4.82605 1
      vertex -22.4129 5.35078 1
      vertex -22.7778 4.76328 1
    endloop
  endfacet
  facet normal -0 0 -1
    outer loop
      vertex -22.4129 5.35078 1
      vertex -22.8737 4.82605 1
      vertex -22.456 5.39209 1
    endloop
  endfacet
  facet normal 0 0 -1
    outer loop
      vertex -22.9609 4.90277 1
      vertex -22.456 5.39209 1
      vertex -22.8737 4.82605 1
    endloop
  endfacet
  facet normal 0 0 -1
    outer loop
      vertex -23.0395 4.99345 1
      vertex -22.456 5.39209 1
      vertex -22.9609 4.90277 1
    endloop
  endfacet
  facet normal -0 0 -1
    outer loop
      vertex -22.456 5.39209 1
      vertex -23.0395 4.99345 1
      vertex -22.4948 5.44089 1
    endloop
  endfacet
  facet normal 0 0 -1
    outer loop
      vertex -23.1085 5.09686 1
      vertex -22.4948 5.44089 1
      vertex -23.0395 4.99345 1
    endloop
  endfacet
  facet normal 0 0 -1
    outer loop
      vertex -23.1668 5.21181 1
      vertex -22.5288 5.49652 1
      vertex -23.1085 5.09686 1
    endloop
  endfacet
  facet normal -0 0 -1
    outer loop
      vertex -22.4948 5.44089 1
      vertex -23.1085 5.09686 1
      vertex -22.5288 5.49652 1
    endloop
  endfacet
  facet normal 0 0 -1
    outer loop
      vertex -21.6404 5.15488 1
      vertex -20.9972 7.215 1
      vertex -20.9972 3.65485 1
    endloop
  endfacet
  facet normal 0 0 -1
    outer loop
      vertex -21.6492 6.15202 1
      vertex -20.9972 7.215 1
      vertex -21.6426 6.0598 1
    endloop
  endfacet
  facet normal 0 0 -1
    outer loop
      vertex -21.6404 5.15488 1
      vertex -20.9972 3.65485 1
      vertex -21.6404 3.65485 1
    endloop
  endfacet
  facet normal 0 0 -1
    outer loop
      vertex -21.6504 5.76666 1
      vertex -20.9972 7.215 1
      vertex -21.6404 5.15488 1
    endloop
  endfacet
  facet normal 0 0 -1
    outer loop
      vertex -20.9972 7.215 1
      vertex -21.6404 5.95944 1
      vertex -21.6426 6.0598 1
    endloop
  endfacet
  facet normal 0 0 -1
    outer loop
      vertex -21.6602 6.23611 1
      vertex -20.9972 7.215 1
      vertex -21.6492 6.15202 1
    endloop
  endfacet
  facet normal -0 0 -1
    outer loop
      vertex -20.9972 7.215 1
      vertex -21.6369 6.75929 1
      vertex -21.5478 7.23872 1
    endloop
  endfacet
  facet normal 0 0 -1
    outer loop
      vertex -21.6757 6.31206 1
      vertex -20.9972 7.215 1
      vertex -21.6602 6.23611 1
    endloop
  endfacet
  facet normal 0 0 -1
    outer loop
      vertex -20.9972 7.215 1
      vertex -21.6757 6.31206 1
      vertex -21.6369 6.75929 1
    endloop
  endfacet
  facet normal 0 0 -1
    outer loop
      vertex -21.6955 6.37987 1
      vertex -21.6369 6.75929 1
      vertex -21.6757 6.31206 1
    endloop
  endfacet
  facet normal 0 0 -1
    outer loop
      vertex -21.7197 6.43954 1
      vertex -21.6369 6.75929 1
      vertex -21.6955 6.37987 1
    endloop
  endfacet
  facet normal 0 0 -1
    outer loop
      vertex -21.7484 6.49109 1
      vertex -21.6369 6.75929 1
      vertex -21.7197 6.43954 1
    endloop
  endfacet
  facet normal 0 0 -1
    outer loop
      vertex -21.7827 6.53517 1
      vertex -21.6369 6.75929 1
      vertex -21.7484 6.49109 1
    endloop
  endfacet
  facet normal -0 0 -1
    outer loop
      vertex -21.6369 6.75929 1
      vertex -21.7827 6.53517 1
      vertex -21.6926 6.75929 1
    endloop
  endfacet
  facet normal 0 0 -1
    outer loop
      vertex -21.8238 6.57246 1
      vertex -21.6926 6.75929 1
      vertex -21.7827 6.53517 1
    endloop
  endfacet
  facet normal 0 0 -1
    outer loop
      vertex -21.8717 6.60298 1
      vertex -21.6926 6.75929 1
      vertex -21.8238 6.57246 1
    endloop
  endfacet
  facet normal 0 0 -1
    outer loop
      vertex -21.9264 6.62671 1
      vertex -21.6926 6.75929 1
      vertex -21.8717 6.60298 1
    endloop
  endfacet
  facet normal -0 0 -1
    outer loop
      vertex -21.6926 6.75929 1
      vertex -21.9264 6.62671 1
      vertex -21.7059 6.8286 1
    endloop
  endfacet
  facet normal -0 0 -1
    outer loop
      vertex -21.7059 6.8286 1
      vertex -21.9264 6.62671 1
      vertex -21.7242 6.89278 1
    endloop
  endfacet
  facet normal 0 0 -1
    outer loop
      vertex -21.988 6.64368 1
      vertex -21.7242 6.89278 1
      vertex -21.9264 6.62671 1
    endloop
  endfacet
  facet normal -0 0 -1
    outer loop
      vertex -21.7242 6.89278 1
      vertex -21.988 6.64368 1
      vertex -21.7474 6.95183 1
    endloop
  endfacet
  facet normal -0 0 -1
    outer loop
      vertex -21.7474 6.95183 1
      vertex -21.988 6.64368 1
      vertex -21.7755 7.00574 1
    endloop
  endfacet
  facet normal 0 0 -1
    outer loop
      vertex -22.0564 6.65384 1
      vertex -21.7755 7.00574 1
      vertex -21.988 6.64368 1
    endloop
  endfacet
  facet normal -0 0 -1
    outer loop
      vertex -21.7755 7.00574 1
      vertex -22.0564 6.65384 1
      vertex -21.8086 7.05452 1
    endloop
  endfacet
  facet normal -0 0 -1
    outer loop
      vertex -21.8086 7.05452 1
      vertex -22.0564 6.65384 1
      vertex -21.8467 7.09816 1
    endloop
  endfacet
  facet normal -0 0 -1
    outer loop
      vertex -21.8467 7.09816 1
      vertex -22.0564 6.65384 1
      vertex -21.8896 7.13666 1
    endloop
  endfacet
  facet normal -0 0 -1
    outer loop
      vertex -21.8896 7.13666 1
      vertex -22.0564 6.65384 1
      vertex -21.9372 7.17003 1
    endloop
  endfacet
  facet normal 0 0 -1
    outer loop
      vertex -22.1317 6.65723 1
      vertex -21.9372 7.17003 1
      vertex -22.0564 6.65384 1
    endloop
  endfacet
  facet normal -0 0 -1
    outer loop
      vertex -21.9372 7.17003 1
      vertex -22.1317 6.65723 1
      vertex -21.989 7.19827 1
    endloop
  endfacet
  facet normal -0 0 -1
    outer loop
      vertex -21.989 7.19827 1
      vertex -22.1317 6.65723 1
      vertex -22.0451 7.22137 1
    endloop
  endfacet
  facet normal -0 0 -1
    outer loop
      vertex -22.0451 7.22137 1
      vertex -22.1317 6.65723 1
      vertex -22.1054 7.23935 1
    endloop
  endfacet
  facet normal 0 0 -1
    outer loop
      vertex -22.1985 6.65364 1
      vertex -22.1054 7.23935 1
      vertex -22.1317 6.65723 1
    endloop
  endfacet
  facet normal -0 0 -1
    outer loop
      vertex -22.1054 7.23935 1
      vertex -22.1985 6.65364 1
      vertex -22.1701 7.25218 1
    endloop
  endfacet
  facet normal 0 0 -1
    outer loop
      vertex -22.1985 6.65364 1
      vertex -22.2389 7.25989 1
      vertex -22.1701 7.25218 1
    endloop
  endfacet
  facet normal 0 0 -1
    outer loop
      vertex -22.2604 6.6429 1
      vertex -22.2389 7.25989 1
      vertex -22.1985 6.65364 1
    endloop
  endfacet
  facet normal 0 0 -1
    outer loop
      vertex -22.2604 6.6429 1
      vertex -22.3121 7.26245 1
      vertex -22.2389 7.25989 1
    endloop
  endfacet
  facet normal 0 0 -1
    outer loop
      vertex -22.4414 7.25557 1
      vertex -22.2604 6.6429 1
      vertex -22.3176 6.62497 1
    endloop
  endfacet
  facet normal 0 0 -1
    outer loop
      vertex -22.5623 7.23494 1
      vertex -22.3176 6.62497 1
      vertex -22.37 6.59988 1
    endloop
  endfacet
  facet normal 0 0 -1
    outer loop
      vertex -22.6747 7.20055 1
      vertex -22.37 6.59988 1
      vertex -22.4176 6.56763 1
    endloop
  endfacet
  facet normal 0 0 -1
    outer loop
      vertex -22.2604 6.6429 1
      vertex -22.4414 7.25557 1
      vertex -22.3121 7.26245 1
    endloop
  endfacet
  facet normal 0 0 -1
    outer loop
      vertex -22.8741 7.0905 1
      vertex -22.4176 6.56763 1
      vertex -22.4604 6.5282 1
    endloop
  endfacet
  facet normal 0 0 -1
    outer loop
      vertex -23.0395 6.92543 1
      vertex -22.4604 6.5282 1
      vertex -22.4984 6.4816 1
    endloop
  endfacet
  facet normal 0 0 -1
    outer loop
      vertex -23.1085 6.82318 1
      vertex -22.4984 6.4816 1
      vertex -22.5314 6.42793 1
    endloop
  endfacet
  facet normal 0 0 -1
    outer loop
      vertex -23.1668 6.70901 1
      vertex -22.5314 6.42793 1
      vertex -22.5594 6.36729 1
    endloop
  endfacet
  facet normal 0 0 -1
    outer loop
      vertex -22.3176 6.62497 1
      vertex -22.5623 7.23494 1
      vertex -22.4414 7.25557 1
    endloop
  endfacet
  facet normal 0 0 -1
    outer loop
      vertex -23.2146 6.58292 1
      vertex -22.5594 6.36729 1
      vertex -22.5823 6.29967 1
    endloop
  endfacet
  facet normal 0 0 -1
    outer loop
      vertex -23.2517 6.44492 1
      vertex -22.5823 6.29967 1
      vertex -22.6001 6.22508 1
    endloop
  endfacet
  facet normal 0 0 -1
    outer loop
      vertex -23.2782 6.29501 1
      vertex -22.6001 6.22508 1
      vertex -22.6128 6.14351 1
    endloop
  endfacet
  facet normal 0 0 -1
    outer loop
      vertex -23.2941 6.13318 1
      vertex -22.6128 6.14351 1
      vertex -22.6204 6.05496 1
    endloop
  endfacet
  facet normal -0 0 -1
    outer loop
      vertex -22.5288 5.49652 1
      vertex -23.1668 5.21181 1
      vertex -22.5576 5.55827 1
    endloop
  endfacet
  facet normal 0 0 -1
    outer loop
      vertex -22.37 6.59988 1
      vertex -22.6747 7.20055 1
      vertex -22.5623 7.23494 1
    endloop
  endfacet
  facet normal 0 0 -1
    outer loop
      vertex -23.2146 5.33829 1
      vertex -22.5576 5.55827 1
      vertex -23.1668 5.21181 1
    endloop
  endfacet
  facet normal -0 0 -1
    outer loop
      vertex -22.5576 5.55827 1
      vertex -23.2146 5.33829 1
      vertex -22.5811 5.62621 1
    endloop
  endfacet
  facet normal 0 -0 -1
    outer loop
      vertex -23.2941 6.13318 1
      vertex -22.6204 6.05496 1
      vertex -23.2994 5.95944 1
    endloop
  endfacet
  facet normal 0 0 -1
    outer loop
      vertex -23.2517 5.47629 1
      vertex -22.5811 5.62621 1
      vertex -23.2146 5.33829 1
    endloop
  endfacet
  facet normal -0 0 -1
    outer loop
      vertex -22.6128 6.14351 1
      vertex -23.2941 6.13318 1
      vertex -23.2782 6.29501 1
    endloop
  endfacet
  facet normal -0 0 -1
    outer loop
      vertex -22.5811 5.62621 1
      vertex -23.2517 5.47629 1
      vertex -22.5994 5.70029 1
    endloop
  endfacet
  facet normal 0 0 -1
    outer loop
      vertex -22.6001 6.22508 1
      vertex -23.2782 6.29501 1
      vertex -23.2517 6.44492 1
    endloop
  endfacet
  facet normal 0 0 -1
    outer loop
      vertex -23.2782 5.62579 1
      vertex -22.5994 5.70029 1
      vertex -23.2517 5.47629 1
    endloop
  endfacet
  facet normal 0 0 -1
    outer loop
      vertex -22.5823 6.29967 1
      vertex -23.2517 6.44492 1
      vertex -23.2146 6.58292 1
    endloop
  endfacet
  facet normal -0 0 -1
    outer loop
      vertex -22.5994 5.70029 1
      vertex -23.2782 5.62579 1
      vertex -22.6125 5.78052 1
    endloop
  endfacet
  facet normal 0 0 -1
    outer loop
      vertex -22.5594 6.36729 1
      vertex -23.2146 6.58292 1
      vertex -23.1668 6.70901 1
    endloop
  endfacet
  facet normal 0 0 -1
    outer loop
      vertex -23.2941 5.78685 1
      vertex -22.6125 5.78052 1
      vertex -23.2782 5.62579 1
    endloop
  endfacet
  facet normal 0 0 -1
    outer loop
      vertex -22.5314 6.42793 1
      vertex -23.1668 6.70901 1
      vertex -23.1085 6.82318 1
    endloop
  endfacet
  facet normal 0 0 -1
    outer loop
      vertex -22.6125 5.78052 1
      vertex -23.2941 5.78685 1
      vertex -22.6204 5.8669 1
    endloop
  endfacet
  facet normal 0 0 -1
    outer loop
      vertex -22.623 5.95944 1
      vertex -23.2994 5.95944 1
      vertex -22.6204 6.05496 1
    endloop
  endfacet
  facet normal 0 0 -1
    outer loop
      vertex -23.2994 5.95944 1
      vertex -22.6204 5.8669 1
      vertex -23.2941 5.78685 1
    endloop
  endfacet
  facet normal 0 0 -1
    outer loop
      vertex -22.4984 6.4816 1
      vertex -23.1085 6.82318 1
      vertex -23.0395 6.92543 1
    endloop
  endfacet
  facet normal 0 0 -1
    outer loop
      vertex -22.6204 5.8669 1
      vertex -23.2994 5.95944 1
      vertex -22.623 5.95944 1
    endloop
  endfacet
  facet normal 0 0 -1
    outer loop
      vertex -22.4604 6.5282 1
      vertex -23.0395 6.92543 1
      vertex -22.9611 7.01485 1
    endloop
  endfacet
  facet normal 0 0 -1
    outer loop
      vertex -22.4604 6.5282 1
      vertex -22.9611 7.01485 1
      vertex -22.8741 7.0905 1
    endloop
  endfacet
  facet normal 0 0 -1
    outer loop
      vertex -22.4176 6.56763 1
      vertex -22.8741 7.0905 1
      vertex -22.7786 7.1524 1
    endloop
  endfacet
  facet normal 0 0 -1
    outer loop
      vertex -22.4176 6.56763 1
      vertex -22.7786 7.1524 1
      vertex -22.6747 7.20055 1
    endloop
  endfacet
  facet normal 0 0 -1
    outer loop
      vertex -27.1157 6.47922 1
      vertex -26.5128 3.84471 1
      vertex -27.1157 3.84471 1
    endloop
  endfacet
  facet normal 0 0 -1
    outer loop
      vertex -26.5128 3.84471 1
      vertex -27.1157 6.47922 1
      vertex -26.5128 7.215 1
    endloop
  endfacet
  facet normal 0 0 -1
    outer loop
      vertex -27.4551 7.215 1
      vertex -27.1157 6.47922 1
      vertex -27.2035 6.47922 1
    endloop
  endfacet
  facet normal 0 0 -1
    outer loop
      vertex -27.1157 6.47922 1
      vertex -27.4551 7.215 1
      vertex -26.5128 7.215 1
    endloop
  endfacet
  facet normal 0 0 -1
    outer loop
      vertex -28.0484 4.58049 1
      vertex -27.2035 6.47922 1
      vertex -27.7968 3.84471 1
    endloop
  endfacet
  facet normal -0 0 -1
    outer loop
      vertex -27.2035 6.47922 1
      vertex -28.0484 4.58049 1
      vertex -27.4551 7.215 1
    endloop
  endfacet
  facet normal 0 0 -1
    outer loop
      vertex -27.7968 3.84471 1
      vertex -28.1362 4.58049 1
      vertex -28.0484 4.58049 1
    endloop
  endfacet
  facet normal 0 0 -1
    outer loop
      vertex -28.7391 3.84471 1
      vertex -28.1362 4.58049 1
      vertex -27.7968 3.84471 1
    endloop
  endfacet
  facet normal 0 0 -1
    outer loop
      vertex -28.7391 7.215 1
      vertex -28.1362 4.58049 1
      vertex -28.7391 3.84471 1
    endloop
  endfacet
  facet normal 0 0 -1
    outer loop
      vertex -28.1362 4.58049 1
      vertex -28.7391 7.215 1
      vertex -28.1362 7.215 1
    endloop
  endfacet
  facet normal 0 0 -1
    outer loop
      vertex -24.3864 5.8644 1
      vertex -23.7028 5.95706 1
      vertex -23.7089 5.7845 1
    endloop
  endfacet
  facet normal 0 0 -1
    outer loop
      vertex -24.3937 5.77829 1
      vertex -23.7089 5.7845 1
      vertex -23.7272 5.62354 1
    endloop
  endfacet
  facet normal 0 0 -1
    outer loop
      vertex -23.7028 5.95706 1
      vertex -24.3864 5.8644 1
      vertex -24.384 5.95677 1
    endloop
  endfacet
  facet normal 0 0 -1
    outer loop
      vertex -24.406 5.69847 1
      vertex -23.7272 5.62354 1
      vertex -23.7577 5.47414 1
    endloop
  endfacet
  facet normal 0 0 -1
    outer loop
      vertex -24.3864 6.04868 1
      vertex -23.7028 5.95706 1
      vertex -24.384 5.95677 1
    endloop
  endfacet
  facet normal 0 0 -1
    outer loop
      vertex -24.4231 5.62494 1
      vertex -23.7577 5.47414 1
      vertex -23.8004 5.33632 1
    endloop
  endfacet
  facet normal 0 0 -1
    outer loop
      vertex -23.7028 5.95706 1
      vertex -24.3864 6.04868 1
      vertex -23.7089 6.12901 1
    endloop
  endfacet
  facet normal 0 0 -1
    outer loop
      vertex -24.4451 5.55768 1
      vertex -23.8004 5.33632 1
      vertex -23.8553 5.21007 1
    endloop
  endfacet
  facet normal 0 0 -1
    outer loop
      vertex -23.7089 6.12901 1
      vertex -24.3937 6.13441 1
      vertex -23.7272 6.28954 1
    endloop
  endfacet
  facet normal 0 0 -1
    outer loop
      vertex -24.472 5.49673 1
      vertex -23.8553 5.21007 1
      vertex -23.9224 5.0954 1
    endloop
  endfacet
  facet normal 0 0 -1
    outer loop
      vertex -24.406 6.214 1
      vertex -23.7272 6.28954 1
      vertex -24.3937 6.13441 1
    endloop
  endfacet
  facet normal 0 0 -1
    outer loop
      vertex -24.5038 5.44205 1
      vertex -23.9224 5.0954 1
      vertex -24.0017 4.99229 1
    endloop
  endfacet
  facet normal -0 0 -1
    outer loop
      vertex -23.7272 6.28954 1
      vertex -24.406 6.214 1
      vertex -23.7577 6.43863 1
    endloop
  endfacet
  facet normal 0 0 -1
    outer loop
      vertex -24.5401 5.3942 1
      vertex -24.0017 4.99229 1
      vertex -24.0921 4.90193 1
    endloop
  endfacet
  facet normal 0 0 -1
    outer loop
      vertex -24.4231 6.28743 1
      vertex -23.7577 6.43863 1
      vertex -24.406 6.214 1
    endloop
  endfacet
  facet normal 0 0 -1
    outer loop
      vertex -24.5805 5.3537 1
      vertex -24.0921 4.90193 1
      vertex -24.1925 4.82547 1
    endloop
  endfacet
  facet normal 0 0 -1
    outer loop
      vertex -24.3937 6.13441 1
      vertex -23.7089 6.12901 1
      vertex -24.3864 6.04868 1
    endloop
  endfacet
  facet normal 0 0 -1
    outer loop
      vertex -24.5805 5.3537 1
      vertex -24.1925 4.82547 1
      vertex -24.3029 4.76289 1
    endloop
  endfacet
  facet normal -0 0 -1
    outer loop
      vertex -23.7577 6.43863 1
      vertex -24.4231 6.28743 1
      vertex -23.8004 6.57628 1
    endloop
  endfacet
  facet normal -0 0 -1
    outer loop
      vertex -23.8004 6.57628 1
      vertex -24.4451 6.35472 1
      vertex -23.8553 6.70251 1
    endloop
  endfacet
  facet normal 0 0 -1
    outer loop
      vertex -24.4451 6.35472 1
      vertex -23.8004 6.57628 1
      vertex -24.4231 6.28743 1
    endloop
  endfacet
  facet normal -0 0 -1
    outer loop
      vertex -23.7089 5.7845 1
      vertex -24.3937 5.77829 1
      vertex -24.3864 5.8644 1
    endloop
  endfacet
  facet normal 0 0 -1
    outer loop
      vertex -23.7272 5.62354 1
      vertex -24.406 5.69847 1
      vertex -24.3937 5.77829 1
    endloop
  endfacet
  facet normal 0 0 -1
    outer loop
      vertex -23.7577 5.47414 1
      vertex -24.4231 5.62494 1
      vertex -24.406 5.69847 1
    endloop
  endfacet
  facet normal 0 0 -1
    outer loop
      vertex -24.625 5.32056 1
      vertex -24.3029 4.76289 1
      vertex -24.4233 4.71423 1
    endloop
  endfacet
  facet normal 0 0 -1
    outer loop
      vertex -23.8004 5.33632 1
      vertex -24.4451 5.55768 1
      vertex -24.4231 5.62494 1
    endloop
  endfacet
  facet normal 0 0 -1
    outer loop
      vertex -23.8553 5.21007 1
      vertex -24.472 5.49673 1
      vertex -24.4451 5.55768 1
    endloop
  endfacet
  facet normal 0 0 -1
    outer loop
      vertex -23.9224 5.0954 1
      vertex -24.5038 5.44205 1
      vertex -24.472 5.49673 1
    endloop
  endfacet
  facet normal 0 0 -1
    outer loop
      vertex -24.0017 4.99229 1
      vertex -24.5401 5.3942 1
      vertex -24.5038 5.44205 1
    endloop
  endfacet
  facet normal 0 0 -1
    outer loop
      vertex -24.6737 5.29478 1
      vertex -24.4233 4.71423 1
      vertex -24.5537 4.67949 1
    endloop
  endfacet
  facet normal 0 0 -1
    outer loop
      vertex -24.0921 4.90193 1
      vertex -24.5805 5.3537 1
      vertex -24.5401 5.3942 1
    endloop
  endfacet
  facet normal 0 0 -1
    outer loop
      vertex -24.3029 4.76289 1
      vertex -24.625 5.32056 1
      vertex -24.5805 5.3537 1
    endloop
  endfacet
  facet normal 0 0 -1
    outer loop
      vertex -24.4233 4.71423 1
      vertex -24.6737 5.29478 1
      vertex -24.625 5.32056 1
    endloop
  endfacet
  facet normal 0 0 -1
    outer loop
      vertex -24.7265 5.27638 1
      vertex -24.5537 4.67949 1
      vertex -24.694 4.65863 1
    endloop
  endfacet
  facet normal 0 0 -1
    outer loop
      vertex -24.5537 4.67949 1
      vertex -24.7265 5.27638 1
      vertex -24.6737 5.29478 1
    endloop
  endfacet
  facet normal 0 0 -1
    outer loop
      vertex -24.694 4.65863 1
      vertex -24.7834 5.26534 1
      vertex -24.7265 5.27638 1
    endloop
  endfacet
  facet normal 0 0 -1
    outer loop
      vertex -24.8444 4.65167 1
      vertex -24.7834 5.26534 1
      vertex -24.694 4.65863 1
    endloop
  endfacet
  facet normal 0 0 -1
    outer loop
      vertex -24.8444 4.65167 1
      vertex -24.8444 5.26166 1
      vertex -24.7834 5.26534 1
    endloop
  endfacet
  facet normal 0 0 -1
    outer loop
      vertex -24.8444 4.65167 1
      vertex -24.9048 5.26535 1
      vertex -24.8444 5.26166 1
    endloop
  endfacet
  facet normal 0 0 -1
    outer loop
      vertex -24.9947 4.65863 1
      vertex -24.9048 5.26535 1
      vertex -24.8444 4.65167 1
    endloop
  endfacet
  facet normal -0 0 -1
    outer loop
      vertex -24.9048 5.26535 1
      vertex -24.9947 4.65863 1
      vertex -24.9612 5.2764 1
    endloop
  endfacet
  facet normal 0 0 -1
    outer loop
      vertex -25.135 4.67949 1
      vertex -24.9612 5.2764 1
      vertex -24.9947 4.65863 1
    endloop
  endfacet
  facet normal -0 0 -1
    outer loop
      vertex -24.9612 5.2764 1
      vertex -25.135 4.67949 1
      vertex -25.0137 5.29483 1
    endloop
  endfacet
  facet normal 0 0 -1
    outer loop
      vertex -25.2654 4.71423 1
      vertex -25.0137 5.29483 1
      vertex -25.135 4.67949 1
    endloop
  endfacet
  facet normal -0 0 -1
    outer loop
      vertex -25.0137 5.29483 1
      vertex -25.2654 4.71423 1
      vertex -25.0622 5.32063 1
    endloop
  endfacet
  facet normal 0 0 -1
    outer loop
      vertex -25.3857 4.76289 1
      vertex -25.0622 5.32063 1
      vertex -25.2654 4.71423 1
    endloop
  endfacet
  facet normal -0 0 -1
    outer loop
      vertex -25.0622 5.32063 1
      vertex -25.3857 4.76289 1
      vertex -25.1067 5.35382 1
    endloop
  endfacet
  facet normal 0 0 -1
    outer loop
      vertex -25.4961 4.82547 1
      vertex -25.1067 5.35382 1
      vertex -25.3857 4.76289 1
    endloop
  endfacet
  facet normal 0 0 -1
    outer loop
      vertex -25.5965 4.90193 1
      vertex -25.1067 5.35382 1
      vertex -25.4961 4.82547 1
    endloop
  endfacet
  facet normal -0 0 -1
    outer loop
      vertex -25.1067 5.35382 1
      vertex -25.5965 4.90193 1
      vertex -25.1472 5.39436 1
    endloop
  endfacet
  facet normal 0 0 -1
    outer loop
      vertex -25.687 4.99229 1
      vertex -25.1472 5.39436 1
      vertex -25.5965 4.90193 1
    endloop
  endfacet
  facet normal -0 0 -1
    outer loop
      vertex -25.1472 5.39436 1
      vertex -25.687 4.99229 1
      vertex -25.1838 5.44229 1
    endloop
  endfacet
  facet normal 0 0 -1
    outer loop
      vertex -25.7663 5.0954 1
      vertex -25.1838 5.44229 1
      vertex -25.687 4.99229 1
    endloop
  endfacet
  facet normal -0 0 -1
    outer loop
      vertex -25.1838 5.44229 1
      vertex -25.7663 5.0954 1
      vertex -25.2159 5.49704 1
    endloop
  endfacet
  facet normal -0 0 -1
    outer loop
      vertex -25.2159 5.49704 1
      vertex -25.8334 5.21007 1
      vertex -25.2431 5.55803 1
    endloop
  endfacet
  facet normal 0 0 -1
    outer loop
      vertex -25.8334 5.21007 1
      vertex -25.2159 5.49704 1
      vertex -25.7663 5.0954 1
    endloop
  endfacet
  facet normal 0 0 -1
    outer loop
      vertex -24.472 6.41585 1
      vertex -23.8553 6.70251 1
      vertex -24.4451 6.35472 1
    endloop
  endfacet
  facet normal -0 0 -1
    outer loop
      vertex -23.8553 6.70251 1
      vertex -24.472 6.41585 1
      vertex -23.9224 6.81731 1
    endloop
  endfacet
  facet normal 0 0 -1
    outer loop
      vertex -24.5038 6.47083 1
      vertex -23.9224 6.81731 1
      vertex -24.472 6.41585 1
    endloop
  endfacet
  facet normal -0 0 -1
    outer loop
      vertex -23.9224 6.81731 1
      vertex -24.5038 6.47083 1
      vertex -24.0017 6.92068 1
    endloop
  endfacet
  facet normal 0 0 -1
    outer loop
      vertex -24.5401 6.51901 1
      vertex -24.0017 6.92068 1
      vertex -24.5038 6.47083 1
    endloop
  endfacet
  facet normal -0 0 -1
    outer loop
      vertex -24.0017 6.92068 1
      vertex -24.5401 6.51901 1
      vertex -24.0921 7.01135 1
    endloop
  endfacet
  facet normal 0 0 -1
    outer loop
      vertex -24.5805 6.5598 1
      vertex -24.0921 7.01135 1
      vertex -24.5401 6.51901 1
    endloop
  endfacet
  facet normal -0 0 -1
    outer loop
      vertex -24.0921 7.01135 1
      vertex -24.5805 6.5598 1
      vertex -24.1925 7.08807 1
    endloop
  endfacet
  facet normal -0 0 -1
    outer loop
      vertex -24.1925 7.08807 1
      vertex -24.5805 6.5598 1
      vertex -24.3029 7.15085 1
    endloop
  endfacet
  facet normal 0 0 -1
    outer loop
      vertex -24.6249 6.59315 1
      vertex -24.3029 7.15085 1
      vertex -24.5805 6.5598 1
    endloop
  endfacet
  facet normal -0 0 -1
    outer loop
      vertex -24.3029 7.15085 1
      vertex -24.6249 6.59315 1
      vertex -24.4233 7.19968 1
    endloop
  endfacet
  facet normal 0 0 -1
    outer loop
      vertex -24.6734 6.61911 1
      vertex -24.4233 7.19968 1
      vertex -24.6249 6.59315 1
    endloop
  endfacet
  facet normal -0 0 -1
    outer loop
      vertex -24.4233 7.19968 1
      vertex -24.6734 6.61911 1
      vertex -24.5537 7.23456 1
    endloop
  endfacet
  facet normal 0 0 -1
    outer loop
      vertex -24.7259 6.63765 1
      vertex -24.5537 7.23456 1
      vertex -24.6734 6.61911 1
    endloop
  endfacet
  facet normal -0 0 -1
    outer loop
      vertex -24.5537 7.23456 1
      vertex -24.7259 6.63765 1
      vertex -24.694 7.25548 1
    endloop
  endfacet
  facet normal 0 0 -1
    outer loop
      vertex -24.7825 6.64876 1
      vertex -24.694 7.25548 1
      vertex -24.7259 6.63765 1
    endloop
  endfacet
  facet normal 0 0 -1
    outer loop
      vertex -24.8444 7.26245 1
      vertex -24.7825 6.64876 1
      vertex -24.8432 6.65247 1
    endloop
  endfacet
  facet normal 0 0 -1
    outer loop
      vertex -24.7825 6.64876 1
      vertex -24.8444 7.26245 1
      vertex -24.694 7.25548 1
    endloop
  endfacet
  facet normal 0 0 -1
    outer loop
      vertex -24.9039 6.64877 1
      vertex -24.8444 7.26245 1
      vertex -24.8432 6.65247 1
    endloop
  endfacet
  facet normal 0 0 -1
    outer loop
      vertex -24.9947 7.25548 1
      vertex -24.9039 6.64877 1
      vertex -24.9606 6.63765 1
    endloop
  endfacet
  facet normal 0 0 -1
    outer loop
      vertex -24.9039 6.64877 1
      vertex -24.9947 7.25548 1
      vertex -24.8444 7.26245 1
    endloop
  endfacet
  facet normal 0 0 -1
    outer loop
      vertex -25.135 7.23456 1
      vertex -24.9606 6.63765 1
      vertex -25.0133 6.61913 1
    endloop
  endfacet
  facet normal 0 0 -1
    outer loop
      vertex -25.2654 7.19968 1
      vertex -25.0133 6.61913 1
      vertex -25.062 6.59319 1
    endloop
  endfacet
  facet normal 0 0 -1
    outer loop
      vertex -25.3857 7.15085 1
      vertex -25.062 6.59319 1
      vertex -25.1066 6.55984 1
    endloop
  endfacet
  facet normal 0 0 -1
    outer loop
      vertex -24.9606 6.63765 1
      vertex -25.135 7.23456 1
      vertex -24.9947 7.25548 1
    endloop
  endfacet
  facet normal 0 0 -1
    outer loop
      vertex -25.5965 7.01135 1
      vertex -25.1066 6.55984 1
      vertex -25.1472 6.51909 1
    endloop
  endfacet
  facet normal 0 0 -1
    outer loop
      vertex -25.687 6.92068 1
      vertex -25.1472 6.51909 1
      vertex -25.1838 6.47093 1
    endloop
  endfacet
  facet normal 0 0 -1
    outer loop
      vertex -25.7663 6.81731 1
      vertex -25.1838 6.47093 1
      vertex -25.2159 6.41597 1
    endloop
  endfacet
  facet normal 0 0 -1
    outer loop
      vertex -25.8334 6.70251 1
      vertex -25.2159 6.41597 1
      vertex -25.2431 6.35487 1
    endloop
  endfacet
  facet normal 0 0 -1
    outer loop
      vertex -25.8884 6.57628 1
      vertex -25.2431 6.35487 1
      vertex -25.2653 6.28761 1
    endloop
  endfacet
  facet normal 0 0 -1
    outer loop
      vertex -25.0133 6.61913 1
      vertex -25.2654 7.19968 1
      vertex -25.135 7.23456 1
    endloop
  endfacet
  facet normal 0 0 -1
    outer loop
      vertex -25.9311 6.43863 1
      vertex -25.2653 6.28761 1
      vertex -25.2826 6.2142 1
    endloop
  endfacet
  facet normal 0 0 -1
    outer loop
      vertex -25.9616 6.28954 1
      vertex -25.2826 6.2142 1
      vertex -25.295 6.13466 1
    endloop
  endfacet
  facet normal 0 0 -1
    outer loop
      vertex -25.9799 6.12901 1
      vertex -25.295 6.13466 1
      vertex -25.3024 6.04895 1
    endloop
  endfacet
  facet normal 0 0 -1
    outer loop
      vertex -25.8884 5.33632 1
      vertex -25.2431 5.55803 1
      vertex -25.8334 5.21007 1
    endloop
  endfacet
  facet normal -0 0 -1
    outer loop
      vertex -25.2431 5.55803 1
      vertex -25.8884 5.33632 1
      vertex -25.2653 5.62531 1
    endloop
  endfacet
  facet normal 0 -0 -1
    outer loop
      vertex -25.9799 6.12901 1
      vertex -25.3024 6.04895 1
      vertex -25.986 5.95706 1
    endloop
  endfacet
  facet normal 0 0 -1
    outer loop
      vertex -25.9311 5.47414 1
      vertex -25.2653 5.62531 1
      vertex -25.8884 5.33632 1
    endloop
  endfacet
  facet normal -0 0 -1
    outer loop
      vertex -25.295 6.13466 1
      vertex -25.9799 6.12901 1
      vertex -25.9616 6.28954 1
    endloop
  endfacet
  facet normal -0 0 -1
    outer loop
      vertex -25.2653 5.62531 1
      vertex -25.9311 5.47414 1
      vertex -25.2826 5.69885 1
    endloop
  endfacet
  facet normal 0 0 -1
    outer loop
      vertex -25.2826 6.2142 1
      vertex -25.9616 6.28954 1
      vertex -25.9311 6.43863 1
    endloop
  endfacet
  facet normal 0 0 -1
    outer loop
      vertex -25.9616 5.62354 1
      vertex -25.2826 5.69885 1
      vertex -25.9311 5.47414 1
    endloop
  endfacet
  facet normal 0 0 -1
    outer loop
      vertex -25.2653 6.28761 1
      vertex -25.9311 6.43863 1
      vertex -25.8884 6.57628 1
    endloop
  endfacet
  facet normal -0 0 -1
    outer loop
      vertex -25.2826 5.69885 1
      vertex -25.9616 5.62354 1
      vertex -25.295 5.77867 1
    endloop
  endfacet
  facet normal 0 0 -1
    outer loop
      vertex -25.2431 6.35487 1
      vertex -25.8884 6.57628 1
      vertex -25.8334 6.70251 1
    endloop
  endfacet
  facet normal 0 0 -1
    outer loop
      vertex -25.9799 5.7845 1
      vertex -25.295 5.77867 1
      vertex -25.9616 5.62354 1
    endloop
  endfacet
  facet normal 0 0 -1
    outer loop
      vertex -25.2159 6.41597 1
      vertex -25.8334 6.70251 1
      vertex -25.7663 6.81731 1
    endloop
  endfacet
  facet normal 0 0 -1
    outer loop
      vertex -25.295 5.77867 1
      vertex -25.9799 5.7845 1
      vertex -25.3024 5.86475 1
    endloop
  endfacet
  facet normal -0 0 -1
    outer loop
      vertex -25.3048 5.95709 1
      vertex -25.986 5.95706 1
      vertex -25.3024 6.04895 1
    endloop
  endfacet
  facet normal 0 0 -1
    outer loop
      vertex -25.986 5.95706 1
      vertex -25.3024 5.86475 1
      vertex -25.9799 5.7845 1
    endloop
  endfacet
  facet normal 0 0 -1
    outer loop
      vertex -25.062 6.59319 1
      vertex -25.3857 7.15085 1
      vertex -25.2654 7.19968 1
    endloop
  endfacet
  facet normal 0 0 -1
    outer loop
      vertex -25.3024 5.86475 1
      vertex -25.986 5.95706 1
      vertex -25.3048 5.95709 1
    endloop
  endfacet
  facet normal 0 0 -1
    outer loop
      vertex -25.1066 6.55984 1
      vertex -25.4961 7.08807 1
      vertex -25.3857 7.15085 1
    endloop
  endfacet
  facet normal 0 0 -1
    outer loop
      vertex -25.1066 6.55984 1
      vertex -25.5965 7.01135 1
      vertex -25.4961 7.08807 1
    endloop
  endfacet
  facet normal 0 0 -1
    outer loop
      vertex -25.1472 6.51909 1
      vertex -25.687 6.92068 1
      vertex -25.5965 7.01135 1
    endloop
  endfacet
  facet normal 0 0 -1
    outer loop
      vertex -25.1838 6.47093 1
      vertex -25.7663 6.81731 1
      vertex -25.687 6.92068 1
    endloop
  endfacet
  facet normal -0.111367 -0.993779 0
    outer loop
      vertex -22.2389 7.25989 0
      vertex -22.1701 7.25218 1
      vertex -22.2389 7.25989 1
    endloop
  endfacet
  facet normal -0.111367 -0.993779 -0
    outer loop
      vertex -22.1701 7.25218 1
      vertex -22.2389 7.25989 0
      vertex -22.1701 7.25218 0
    endloop
  endfacet
  facet normal -0.194512 -0.9809 0
    outer loop
      vertex -22.1701 7.25218 0
      vertex -22.1054 7.23935 1
      vertex -22.1701 7.25218 1
    endloop
  endfacet
  facet normal -0.194512 -0.9809 -0
    outer loop
      vertex -22.1054 7.23935 1
      vertex -22.1701 7.25218 0
      vertex -22.1054 7.23935 0
    endloop
  endfacet
  facet normal -0.285744 -0.958306 0
    outer loop
      vertex -22.1054 7.23935 0
      vertex -22.0451 7.22137 1
      vertex -22.1054 7.23935 1
    endloop
  endfacet
  facet normal -0.285744 -0.958306 -0
    outer loop
      vertex -22.0451 7.22137 1
      vertex -22.1054 7.23935 0
      vertex -22.0451 7.22137 0
    endloop
  endfacet
  facet normal -0.38075 -0.924678 0
    outer loop
      vertex -22.0451 7.22137 0
      vertex -21.989 7.19827 1
      vertex -22.0451 7.22137 1
    endloop
  endfacet
  facet normal -0.38075 -0.924678 -0
    outer loop
      vertex -21.989 7.19827 1
      vertex -22.0451 7.22137 0
      vertex -21.989 7.19827 0
    endloop
  endfacet
  facet normal -0.478662 -0.877999 0
    outer loop
      vertex -21.989 7.19827 0
      vertex -21.9372 7.17003 1
      vertex -21.989 7.19827 1
    endloop
  endfacet
  facet normal -0.478662 -0.877999 -0
    outer loop
      vertex -21.9372 7.17003 1
      vertex -21.989 7.19827 0
      vertex -21.9372 7.17003 0
    endloop
  endfacet
  facet normal -0.574039 -0.818828 0
    outer loop
      vertex -21.9372 7.17003 0
      vertex -21.8896 7.13666 1
      vertex -21.9372 7.17003 1
    endloop
  endfacet
  facet normal -0.574039 -0.818828 -0
    outer loop
      vertex -21.8896 7.13666 1
      vertex -21.9372 7.17003 0
      vertex -21.8896 7.13666 0
    endloop
  endfacet
  facet normal -0.66791 -0.744242 0
    outer loop
      vertex -21.8896 7.13666 0
      vertex -21.8467 7.09816 1
      vertex -21.8896 7.13666 1
    endloop
  endfacet
  facet normal -0.66791 -0.744242 -0
    outer loop
      vertex -21.8467 7.09816 1
      vertex -21.8896 7.13666 0
      vertex -21.8467 7.09816 0
    endloop
  endfacet
  facet normal -0.753303 -0.657673 0
    outer loop
      vertex -21.8086 7.05452 0
      vertex -21.8467 7.09816 1
      vertex -21.8467 7.09816 0
    endloop
  endfacet
  facet normal -0.753303 -0.657673 0
    outer loop
      vertex -21.8467 7.09816 1
      vertex -21.8086 7.05452 0
      vertex -21.8086 7.05452 1
    endloop
  endfacet
  facet normal -0.827481 -0.561493 0
    outer loop
      vertex -21.7755 7.00574 0
      vertex -21.8086 7.05452 1
      vertex -21.8086 7.05452 0
    endloop
  endfacet
  facet normal -0.827481 -0.561493 0
    outer loop
      vertex -21.8086 7.05452 1
      vertex -21.7755 7.00574 0
      vertex -21.7755 7.00574 1
    endloop
  endfacet
  facet normal -0.886767 -0.462217 0
    outer loop
      vertex -21.7474 6.95183 0
      vertex -21.7755 7.00574 1
      vertex -21.7755 7.00574 0
    endloop
  endfacet
  facet normal -0.886767 -0.462217 0
    outer loop
      vertex -21.7755 7.00574 1
      vertex -21.7474 6.95183 0
      vertex -21.7474 6.95183 1
    endloop
  endfacet
  facet normal -0.930742 -0.365677 0
    outer loop
      vertex -21.7242 6.89278 0
      vertex -21.7474 6.95183 1
      vertex -21.7474 6.95183 0
    endloop
  endfacet
  facet normal -0.930742 -0.365677 0
    outer loop
      vertex -21.7474 6.95183 1
      vertex -21.7242 6.89278 0
      vertex -21.7242 6.89278 1
    endloop
  endfacet
  facet normal -0.961671 -0.274207 0
    outer loop
      vertex -21.7059 6.8286 0
      vertex -21.7242 6.89278 1
      vertex -21.7242 6.89278 0
    endloop
  endfacet
  facet normal -0.961671 -0.274207 0
    outer loop
      vertex -21.7242 6.89278 1
      vertex -21.7059 6.8286 0
      vertex -21.7059 6.8286 1
    endloop
  endfacet
  facet normal -0.982082 -0.188453 0
    outer loop
      vertex -21.6926 6.75929 0
      vertex -21.7059 6.8286 1
      vertex -21.7059 6.8286 0
    endloop
  endfacet
  facet normal -0.982082 -0.188453 0
    outer loop
      vertex -21.7059 6.8286 1
      vertex -21.6926 6.75929 0
      vertex -21.6926 6.75929 1
    endloop
  endfacet
  facet normal 0 -1 0
    outer loop
      vertex -21.6926 6.75929 0
      vertex -21.6369 6.75929 1
      vertex -21.6926 6.75929 1
    endloop
  endfacet
  facet normal 0 -1 -0
    outer loop
      vertex -21.6369 6.75929 1
      vertex -21.6926 6.75929 0
      vertex -21.6369 6.75929 0
    endloop
  endfacet
  facet normal 0.983166 -0.182717 0
    outer loop
      vertex -21.6369 6.75929 1
      vertex -21.5478 7.23872 0
      vertex -21.5478 7.23872 1
    endloop
  endfacet
  facet normal 0.983166 -0.182717 0
    outer loop
      vertex -21.5478 7.23872 0
      vertex -21.6369 6.75929 1
      vertex -21.6369 6.75929 0
    endloop
  endfacet
  facet normal -0.0430404 -0.999073 0
    outer loop
      vertex -21.5478 7.23872 0
      vertex -20.9972 7.215 1
      vertex -21.5478 7.23872 1
    endloop
  endfacet
  facet normal -0.0430404 -0.999073 -0
    outer loop
      vertex -20.9972 7.215 1
      vertex -21.5478 7.23872 0
      vertex -20.9972 7.215 0
    endloop
  endfacet
  facet normal -1 0 0
    outer loop
      vertex -20.9972 3.65485 0
      vertex -20.9972 7.215 1
      vertex -20.9972 7.215 0
    endloop
  endfacet
  facet normal -1 -0 0
    outer loop
      vertex -20.9972 7.215 1
      vertex -20.9972 3.65485 0
      vertex -20.9972 3.65485 1
    endloop
  endfacet
  facet normal 0 1 -0
    outer loop
      vertex -20.9972 3.65485 0
      vertex -21.6404 3.65485 1
      vertex -20.9972 3.65485 1
    endloop
  endfacet
  facet normal 0 1 0
    outer loop
      vertex -21.6404 3.65485 1
      vertex -20.9972 3.65485 0
      vertex -21.6404 3.65485 0
    endloop
  endfacet
  facet normal 1 -0 0
    outer loop
      vertex -21.6404 3.65485 1
      vertex -21.6404 5.15488 0
      vertex -21.6404 5.15488 1
    endloop
  endfacet
  facet normal 1 0 0
    outer loop
      vertex -21.6404 5.15488 0
      vertex -21.6404 3.65485 1
      vertex -21.6404 3.65485 0
    endloop
  endfacet
  facet normal 0 1 -0
    outer loop
      vertex -21.6404 5.15488 0
      vertex -21.7021 5.15488 1
      vertex -21.6404 5.15488 1
    endloop
  endfacet
  facet normal 0 1 0
    outer loop
      vertex -21.7021 5.15488 1
      vertex -21.6404 5.15488 0
      vertex -21.7021 5.15488 0
    endloop
  endfacet
  facet normal -0.979726 0.200344 0
    outer loop
      vertex -21.7164 5.08495 0
      vertex -21.7021 5.15488 1
      vertex -21.7021 5.15488 0
    endloop
  endfacet
  facet normal -0.979726 0.200344 0
    outer loop
      vertex -21.7021 5.15488 1
      vertex -21.7164 5.08495 0
      vertex -21.7164 5.08495 1
    endloop
  endfacet
  facet normal -0.961793 0.273778 0
    outer loop
      vertex -21.7348 5.02031 0
      vertex -21.7164 5.08495 1
      vertex -21.7164 5.08495 0
    endloop
  endfacet
  facet normal -0.961793 0.273778 0
    outer loop
      vertex -21.7164 5.08495 1
      vertex -21.7348 5.02031 0
      vertex -21.7348 5.02031 1
    endloop
  endfacet
  facet normal -0.93508 0.354436 0
    outer loop
      vertex -21.7573 4.96095 0
      vertex -21.7348 5.02031 1
      vertex -21.7348 5.02031 0
    endloop
  endfacet
  facet normal -0.93508 0.354436 0
    outer loop
      vertex -21.7348 5.02031 1
      vertex -21.7573 4.96095 0
      vertex -21.7573 4.96095 1
    endloop
  endfacet
  facet normal -0.897296 0.441429 0
    outer loop
      vertex -21.7839 4.90688 0
      vertex -21.7573 4.96095 1
      vertex -21.7573 4.96095 0
    endloop
  endfacet
  facet normal -0.897296 0.441429 0
    outer loop
      vertex -21.7573 4.96095 1
      vertex -21.7839 4.90688 0
      vertex -21.7839 4.90688 1
    endloop
  endfacet
  facet normal -0.846436 0.532491 0
    outer loop
      vertex -21.8146 4.85808 0
      vertex -21.7839 4.90688 1
      vertex -21.7839 4.90688 0
    endloop
  endfacet
  facet normal -0.846436 0.532491 0
    outer loop
      vertex -21.7839 4.90688 1
      vertex -21.8146 4.85808 0
      vertex -21.8146 4.85808 1
    endloop
  endfacet
  facet normal -0.780134 0.625613 0
    outer loop
      vertex -21.8495 4.81456 0
      vertex -21.8146 4.85808 1
      vertex -21.8146 4.85808 0
    endloop
  endfacet
  facet normal -0.780134 0.625613 0
    outer loop
      vertex -21.8146 4.85808 1
      vertex -21.8495 4.81456 0
      vertex -21.8495 4.81456 1
    endloop
  endfacet
  facet normal -0.701124 0.713039 0
    outer loop
      vertex -21.8495 4.81456 0
      vertex -21.8884 4.77631 1
      vertex -21.8495 4.81456 1
    endloop
  endfacet
  facet normal -0.701124 0.713039 0
    outer loop
      vertex -21.8884 4.77631 1
      vertex -21.8495 4.81456 0
      vertex -21.8884 4.77631 0
    endloop
  endfacet
  facet normal -0.60344 0.797409 0
    outer loop
      vertex -21.8884 4.77631 0
      vertex -21.9321 4.74324 1
      vertex -21.8884 4.77631 1
    endloop
  endfacet
  facet normal -0.60344 0.797409 0
    outer loop
      vertex -21.9321 4.74324 1
      vertex -21.8884 4.77631 0
      vertex -21.9321 4.74324 0
    endloop
  endfacet
  facet normal -0.494976 0.868907 0
    outer loop
      vertex -21.9321 4.74324 0
      vertex -21.9812 4.71527 1
      vertex -21.9321 4.74324 1
    endloop
  endfacet
  facet normal -0.494976 0.868907 0
    outer loop
      vertex -21.9812 4.71527 1
      vertex -21.9321 4.74324 0
      vertex -21.9812 4.71527 0
    endloop
  endfacet
  facet normal -0.387376 0.921922 0
    outer loop
      vertex -21.9812 4.71527 0
      vertex -22.0357 4.69237 1
      vertex -21.9812 4.71527 1
    endloop
  endfacet
  facet normal -0.387376 0.921922 0
    outer loop
      vertex -22.0357 4.69237 1
      vertex -21.9812 4.71527 0
      vertex -22.0357 4.69237 0
    endloop
  endfacet
  facet normal -0.285141 0.958485 0
    outer loop
      vertex -22.0357 4.69237 0
      vertex -22.0955 4.67458 1
      vertex -22.0357 4.69237 1
    endloop
  endfacet
  facet normal -0.285141 0.958485 0
    outer loop
      vertex -22.0955 4.67458 1
      vertex -22.0357 4.69237 0
      vertex -22.0955 4.67458 0
    endloop
  endfacet
  facet normal -0.191627 0.981468 0
    outer loop
      vertex -22.0955 4.67458 0
      vertex -22.1607 4.66185 1
      vertex -22.0955 4.67458 1
    endloop
  endfacet
  facet normal -0.191627 0.981468 0
    outer loop
      vertex -22.1607 4.66185 1
      vertex -22.0955 4.67458 0
      vertex -22.1607 4.66185 0
    endloop
  endfacet
  facet normal -0.107448 0.994211 0
    outer loop
      vertex -22.1607 4.66185 0
      vertex -22.2313 4.65422 1
      vertex -22.1607 4.66185 1
    endloop
  endfacet
  facet normal -0.107448 0.994211 0
    outer loop
      vertex -22.2313 4.65422 1
      vertex -22.1607 4.66185 0
      vertex -22.2313 4.65422 0
    endloop
  endfacet
  facet normal -0.0335338 0.999438 0
    outer loop
      vertex -22.2313 4.65422 0
      vertex -22.3073 4.65167 1
      vertex -22.2313 4.65422 1
    endloop
  endfacet
  facet normal -0.0335338 0.999438 0
    outer loop
      vertex -22.3073 4.65167 1
      vertex -22.2313 4.65422 0
      vertex -22.3073 4.65167 0
    endloop
  endfacet
  facet normal 0.0533695 0.998575 -0
    outer loop
      vertex -22.3073 4.65167 0
      vertex -22.4379 4.65865 1
      vertex -22.3073 4.65167 1
    endloop
  endfacet
  facet normal 0.0533695 0.998575 0
    outer loop
      vertex -22.4379 4.65865 1
      vertex -22.3073 4.65167 0
      vertex -22.4379 4.65865 0
    endloop
  endfacet
  facet normal 0.169087 0.985601 -0
    outer loop
      vertex -22.4379 4.65865 0
      vertex -22.5599 4.67958 1
      vertex -22.4379 4.65865 1
    endloop
  endfacet
  facet normal 0.169087 0.985601 0
    outer loop
      vertex -22.5599 4.67958 1
      vertex -22.4379 4.65865 0
      vertex -22.5599 4.67958 0
    endloop
  endfacet
  facet normal 0.294151 0.955759 -0
    outer loop
      vertex -22.5599 4.67958 0
      vertex -22.6732 4.71445 1
      vertex -22.5599 4.67958 1
    endloop
  endfacet
  facet normal 0.294151 0.955759 0
    outer loop
      vertex -22.6732 4.71445 1
      vertex -22.5599 4.67958 0
      vertex -22.6732 4.71445 0
    endloop
  endfacet
  facet normal 0.423004 0.906128 -0
    outer loop
      vertex -22.6732 4.71445 0
      vertex -22.7778 4.76328 1
      vertex -22.6732 4.71445 1
    endloop
  endfacet
  facet normal 0.423004 0.906128 0
    outer loop
      vertex -22.7778 4.76328 1
      vertex -22.6732 4.71445 0
      vertex -22.7778 4.76328 0
    endloop
  endfacet
  facet normal 0.547654 0.836705 -0
    outer loop
      vertex -22.7778 4.76328 0
      vertex -22.8737 4.82605 1
      vertex -22.7778 4.76328 1
    endloop
  endfacet
  facet normal 0.547654 0.836705 0
    outer loop
      vertex -22.8737 4.82605 1
      vertex -22.7778 4.76328 0
      vertex -22.8737 4.82605 0
    endloop
  endfacet
  facet normal 0.66055 0.750782 -0
    outer loop
      vertex -22.8737 4.82605 0
      vertex -22.9609 4.90277 1
      vertex -22.8737 4.82605 1
    endloop
  endfacet
  facet normal 0.66055 0.750782 0
    outer loop
      vertex -22.9609 4.90277 1
      vertex -22.8737 4.82605 0
      vertex -22.9609 4.90277 0
    endloop
  endfacet
  facet normal 0.755645 0.654981 0
    outer loop
      vertex -22.9609 4.90277 1
      vertex -23.0395 4.99345 0
      vertex -23.0395 4.99345 1
    endloop
  endfacet
  facet normal 0.755645 0.654981 0
    outer loop
      vertex -23.0395 4.99345 0
      vertex -22.9609 4.90277 1
      vertex -22.9609 4.90277 0
    endloop
  endfacet
  facet normal 0.831827 0.555034 0
    outer loop
      vertex -23.0395 4.99345 1
      vertex -23.1085 5.09686 0
      vertex -23.1085 5.09686 1
    endloop
  endfacet
  facet normal 0.831827 0.555034 0
    outer loop
      vertex -23.1085 5.09686 0
      vertex -23.0395 4.99345 1
      vertex -23.0395 4.99345 0
    endloop
  endfacet
  facet normal 0.891852 0.452327 0
    outer loop
      vertex -23.1085 5.09686 1
      vertex -23.1668 5.21181 0
      vertex -23.1668 5.21181 1
    endloop
  endfacet
  facet normal 0.891852 0.452327 0
    outer loop
      vertex -23.1668 5.21181 0
      vertex -23.1085 5.09686 1
      vertex -23.1085 5.09686 0
    endloop
  endfacet
  facet normal 0.935426 0.353521 0
    outer loop
      vertex -23.1668 5.21181 1
      vertex -23.2146 5.33829 0
      vertex -23.2146 5.33829 1
    endloop
  endfacet
  facet normal 0.935426 0.353521 0
    outer loop
      vertex -23.2146 5.33829 0
      vertex -23.1668 5.21181 1
      vertex -23.1668 5.21181 0
    endloop
  endfacet
  facet normal 0.96571 0.259622 0
    outer loop
      vertex -23.2146 5.33829 1
      vertex -23.2517 5.47629 0
      vertex -23.2517 5.47629 1
    endloop
  endfacet
  facet normal 0.96571 0.259622 0
    outer loop
      vertex -23.2517 5.47629 0
      vertex -23.2146 5.33829 1
      vertex -23.2146 5.33829 0
    endloop
  endfacet
  facet normal 0.984651 0.174537 0
    outer loop
      vertex -23.2517 5.47629 1
      vertex -23.2782 5.62579 0
      vertex -23.2782 5.62579 1
    endloop
  endfacet
  facet normal 0.984651 0.174537 0
    outer loop
      vertex -23.2782 5.62579 0
      vertex -23.2517 5.47629 1
      vertex -23.2517 5.47629 0
    endloop
  endfacet
  facet normal 0.995162 0.0982434 0
    outer loop
      vertex -23.2782 5.62579 1
      vertex -23.2941 5.78685 0
      vertex -23.2941 5.78685 1
    endloop
  endfacet
  facet normal 0.995162 0.0982434 0
    outer loop
      vertex -23.2941 5.78685 0
      vertex -23.2782 5.62579 1
      vertex -23.2782 5.62579 0
    endloop
  endfacet
  facet normal 0.999529 0.0306941 0
    outer loop
      vertex -23.2941 5.78685 1
      vertex -23.2994 5.95944 0
      vertex -23.2994 5.95944 1
    endloop
  endfacet
  facet normal 0.999529 0.0306941 0
    outer loop
      vertex -23.2994 5.95944 0
      vertex -23.2941 5.78685 1
      vertex -23.2941 5.78685 0
    endloop
  endfacet
  facet normal 0.999535 -0.0304912 0
    outer loop
      vertex -23.2994 5.95944 1
      vertex -23.2941 6.13318 0
      vertex -23.2941 6.13318 1
    endloop
  endfacet
  facet normal 0.999535 -0.0304912 0
    outer loop
      vertex -23.2941 6.13318 0
      vertex -23.2994 5.95944 1
      vertex -23.2994 5.95944 0
    endloop
  endfacet
  facet normal 0.995208 -0.0977804 0
    outer loop
      vertex -23.2941 6.13318 1
      vertex -23.2782 6.29501 0
      vertex -23.2782 6.29501 1
    endloop
  endfacet
  facet normal 0.995208 -0.0977804 0
    outer loop
      vertex -23.2782 6.29501 0
      vertex -23.2941 6.13318 1
      vertex -23.2941 6.13318 0
    endloop
  endfacet
  facet normal 0.984733 -0.174074 0
    outer loop
      vertex -23.2782 6.29501 1
      vertex -23.2517 6.44492 0
      vertex -23.2517 6.44492 1
    endloop
  endfacet
  facet normal 0.984733 -0.174074 0
    outer loop
      vertex -23.2517 6.44492 0
      vertex -23.2782 6.29501 1
      vertex -23.2782 6.29501 0
    endloop
  endfacet
  facet normal 0.96571 -0.259622 0
    outer loop
      vertex -23.2517 6.44492 1
      vertex -23.2146 6.58292 0
      vertex -23.2146 6.58292 1
    endloop
  endfacet
  facet normal 0.96571 -0.259622 0
    outer loop
      vertex -23.2146 6.58292 0
      vertex -23.2517 6.44492 1
      vertex -23.2517 6.44492 0
    endloop
  endfacet
  facet normal 0.935064 -0.354478 0
    outer loop
      vertex -23.2146 6.58292 1
      vertex -23.1668 6.70901 0
      vertex -23.1668 6.70901 1
    endloop
  endfacet
  facet normal 0.935064 -0.354478 0
    outer loop
      vertex -23.1668 6.70901 0
      vertex -23.2146 6.58292 1
      vertex -23.2146 6.58292 0
    endloop
  endfacet
  facet normal 0.890604 -0.45478 0
    outer loop
      vertex -23.1668 6.70901 1
      vertex -23.1085 6.82318 0
      vertex -23.1085 6.82318 1
    endloop
  endfacet
  facet normal 0.890604 -0.45478 0
    outer loop
      vertex -23.1085 6.82318 0
      vertex -23.1668 6.70901 1
      vertex -23.1668 6.70901 0
    endloop
  endfacet
  facet normal 0.828919 -0.559368 0
    outer loop
      vertex -23.1085 6.82318 1
      vertex -23.0395 6.92543 0
      vertex -23.0395 6.92543 1
    endloop
  endfacet
  facet normal 0.828919 -0.559368 0
    outer loop
      vertex -23.0395 6.92543 0
      vertex -23.1085 6.82318 1
      vertex -23.1085 6.82318 0
    endloop
  endfacet
  facet normal 0.75192 -0.659254 0
    outer loop
      vertex -23.0395 6.92543 1
      vertex -22.9611 7.01485 0
      vertex -22.9611 7.01485 1
    endloop
  endfacet
  facet normal 0.75192 -0.659254 0
    outer loop
      vertex -22.9611 7.01485 0
      vertex -23.0395 6.92543 1
      vertex -23.0395 6.92543 0
    endloop
  endfacet
  facet normal 0.656168 -0.754615 0
    outer loop
      vertex -22.9611 7.01485 0
      vertex -22.8741 7.0905 1
      vertex -22.9611 7.01485 1
    endloop
  endfacet
  facet normal 0.656168 -0.754615 0
    outer loop
      vertex -22.8741 7.0905 1
      vertex -22.9611 7.01485 0
      vertex -22.8741 7.0905 0
    endloop
  endfacet
  facet normal 0.543907 -0.839146 0
    outer loop
      vertex -22.8741 7.0905 0
      vertex -22.7786 7.1524 1
      vertex -22.8741 7.0905 1
    endloop
  endfacet
  facet normal 0.543907 -0.839146 0
    outer loop
      vertex -22.7786 7.1524 1
      vertex -22.8741 7.0905 0
      vertex -22.7786 7.1524 0
    endloop
  endfacet
  facet normal 0.42047 -0.907307 0
    outer loop
      vertex -22.7786 7.1524 0
      vertex -22.6747 7.20055 1
      vertex -22.7786 7.1524 1
    endloop
  endfacet
  facet normal 0.42047 -0.907307 0
    outer loop
      vertex -22.6747 7.20055 1
      vertex -22.7786 7.1524 0
      vertex -22.6747 7.20055 0
    endloop
  endfacet
  facet normal 0.292573 -0.956243 0
    outer loop
      vertex -22.6747 7.20055 0
      vertex -22.5623 7.23494 1
      vertex -22.6747 7.20055 1
    endloop
  endfacet
  facet normal 0.292573 -0.956243 0
    outer loop
      vertex -22.5623 7.23494 1
      vertex -22.6747 7.20055 0
      vertex -22.5623 7.23494 0
    endloop
  endfacet
  facet normal 0.168206 -0.985752 0
    outer loop
      vertex -22.5623 7.23494 0
      vertex -22.4414 7.25557 1
      vertex -22.5623 7.23494 1
    endloop
  endfacet
  facet normal 0.168206 -0.985752 0
    outer loop
      vertex -22.4414 7.25557 1
      vertex -22.5623 7.23494 0
      vertex -22.4414 7.25557 0
    endloop
  endfacet
  facet normal 0.0531344 -0.998587 0
    outer loop
      vertex -22.4414 7.25557 0
      vertex -22.3121 7.26245 1
      vertex -22.4414 7.25557 1
    endloop
  endfacet
  facet normal 0.0531344 -0.998587 0
    outer loop
      vertex -22.3121 7.26245 1
      vertex -22.4414 7.25557 0
      vertex -22.3121 7.26245 0
    endloop
  endfacet
  facet normal -0.0349513 -0.999389 0
    outer loop
      vertex -22.3121 7.26245 0
      vertex -22.2389 7.25989 1
      vertex -22.3121 7.26245 1
    endloop
  endfacet
  facet normal -0.0349513 -0.999389 -0
    outer loop
      vertex -22.2389 7.25989 1
      vertex -22.3121 7.26245 0
      vertex -22.2389 7.25989 0
    endloop
  endfacet
  facet normal 0.991552 0.129707 0
    outer loop
      vertex -21.6492 6.15202 1
      vertex -21.6602 6.23611 0
      vertex -21.6602 6.23611 1
    endloop
  endfacet
  facet normal 0.991552 0.129707 0
    outer loop
      vertex -21.6602 6.23611 0
      vertex -21.6492 6.15202 1
      vertex -21.6492 6.15202 0
    endloop
  endfacet
  facet normal 0.979804 0.19996 0
    outer loop
      vertex -21.6602 6.23611 1
      vertex -21.6757 6.31206 0
      vertex -21.6757 6.31206 1
    endloop
  endfacet
  facet normal 0.979804 0.19996 0
    outer loop
      vertex -21.6757 6.31206 0
      vertex -21.6602 6.23611 1
      vertex -21.6602 6.23611 0
    endloop
  endfacet
  facet normal 0.959916 0.280288 0
    outer loop
      vertex -21.6757 6.31206 1
      vertex -21.6955 6.37987 0
      vertex -21.6955 6.37987 1
    endloop
  endfacet
  facet normal 0.959916 0.280288 0
    outer loop
      vertex -21.6955 6.37987 0
      vertex -21.6757 6.31206 1
      vertex -21.6757 6.31206 0
    endloop
  endfacet
  facet normal 0.926688 0.375831 0
    outer loop
      vertex -21.6955 6.37987 1
      vertex -21.7197 6.43954 0
      vertex -21.7197 6.43954 1
    endloop
  endfacet
  facet normal 0.926688 0.375831 0
    outer loop
      vertex -21.7197 6.43954 0
      vertex -21.6955 6.37987 1
      vertex -21.6955 6.37987 0
    endloop
  endfacet
  facet normal 0.873717 0.486434 0
    outer loop
      vertex -21.7197 6.43954 1
      vertex -21.7484 6.49109 0
      vertex -21.7484 6.49109 1
    endloop
  endfacet
  facet normal 0.873717 0.486434 0
    outer loop
      vertex -21.7484 6.49109 0
      vertex -21.7197 6.43954 1
      vertex -21.7197 6.43954 0
    endloop
  endfacet
  facet normal 0.789217 0.614114 0
    outer loop
      vertex -21.7484 6.49109 1
      vertex -21.7827 6.53517 0
      vertex -21.7827 6.53517 1
    endloop
  endfacet
  facet normal 0.789217 0.614114 0
    outer loop
      vertex -21.7827 6.53517 0
      vertex -21.7484 6.49109 1
      vertex -21.7484 6.49109 0
    endloop
  endfacet
  facet normal 0.671946 0.7406 -0
    outer loop
      vertex -21.7827 6.53517 0
      vertex -21.8238 6.57246 1
      vertex -21.7827 6.53517 1
    endloop
  endfacet
  facet normal 0.671946 0.7406 0
    outer loop
      vertex -21.8238 6.57246 1
      vertex -21.7827 6.53517 0
      vertex -21.8238 6.57246 0
    endloop
  endfacet
  facet normal 0.537354 0.843357 -0
    outer loop
      vertex -21.8238 6.57246 0
      vertex -21.8717 6.60298 1
      vertex -21.8238 6.57246 1
    endloop
  endfacet
  facet normal 0.537354 0.843357 0
    outer loop
      vertex -21.8717 6.60298 1
      vertex -21.8238 6.57246 0
      vertex -21.8717 6.60298 0
    endloop
  endfacet
  facet normal 0.397984 0.917392 -0
    outer loop
      vertex -21.8717 6.60298 0
      vertex -21.9264 6.62671 1
      vertex -21.8717 6.60298 1
    endloop
  endfacet
  facet normal 0.397984 0.917392 0
    outer loop
      vertex -21.9264 6.62671 1
      vertex -21.8717 6.60298 0
      vertex -21.9264 6.62671 0
    endloop
  endfacet
  facet normal 0.265593 0.964085 -0
    outer loop
      vertex -21.9264 6.62671 0
      vertex -21.988 6.64368 1
      vertex -21.9264 6.62671 1
    endloop
  endfacet
  facet normal 0.265593 0.964085 0
    outer loop
      vertex -21.988 6.64368 1
      vertex -21.9264 6.62671 0
      vertex -21.988 6.64368 0
    endloop
  endfacet
  facet normal 0.146926 0.989147 -0
    outer loop
      vertex -21.988 6.64368 0
      vertex -22.0564 6.65384 1
      vertex -21.988 6.64368 1
    endloop
  endfacet
  facet normal 0.146926 0.989147 0
    outer loop
      vertex -22.0564 6.65384 1
      vertex -21.988 6.64368 0
      vertex -22.0564 6.65384 0
    endloop
  endfacet
  facet normal 0.0449744 0.998988 -0
    outer loop
      vertex -22.0564 6.65384 0
      vertex -22.1317 6.65723 1
      vertex -22.0564 6.65384 1
    endloop
  endfacet
  facet normal 0.0449744 0.998988 0
    outer loop
      vertex -22.1317 6.65723 1
      vertex -22.0564 6.65384 0
      vertex -22.1317 6.65723 0
    endloop
  endfacet
  facet normal -0.0536651 0.998559 0
    outer loop
      vertex -22.1317 6.65723 0
      vertex -22.1985 6.65364 1
      vertex -22.1317 6.65723 1
    endloop
  endfacet
  facet normal -0.0536651 0.998559 0
    outer loop
      vertex -22.1985 6.65364 1
      vertex -22.1317 6.65723 0
      vertex -22.1985 6.65364 0
    endloop
  endfacet
  facet normal -0.170952 0.985279 0
    outer loop
      vertex -22.1985 6.65364 0
      vertex -22.2604 6.6429 1
      vertex -22.1985 6.65364 1
    endloop
  endfacet
  facet normal -0.170952 0.985279 0
    outer loop
      vertex -22.2604 6.6429 1
      vertex -22.1985 6.65364 0
      vertex -22.2604 6.6429 0
    endloop
  endfacet
  facet normal -0.299111 0.954218 0
    outer loop
      vertex -22.2604 6.6429 0
      vertex -22.3176 6.62497 1
      vertex -22.2604 6.6429 1
    endloop
  endfacet
  facet normal -0.299111 0.954218 0
    outer loop
      vertex -22.3176 6.62497 1
      vertex -22.2604 6.6429 0
      vertex -22.3176 6.62497 0
    endloop
  endfacet
  facet normal -0.431864 0.901939 0
    outer loop
      vertex -22.3176 6.62497 0
      vertex -22.37 6.59988 1
      vertex -22.3176 6.62497 1
    endloop
  endfacet
  facet normal -0.431864 0.901939 0
    outer loop
      vertex -22.37 6.59988 1
      vertex -22.3176 6.62497 0
      vertex -22.37 6.59988 0
    endloop
  endfacet
  facet normal -0.560906 0.82788 0
    outer loop
      vertex -22.37 6.59988 0
      vertex -22.4176 6.56763 1
      vertex -22.37 6.59988 1
    endloop
  endfacet
  facet normal -0.560906 0.82788 0
    outer loop
      vertex -22.4176 6.56763 1
      vertex -22.37 6.59988 0
      vertex -22.4176 6.56763 0
    endloop
  endfacet
  facet normal -0.677559 0.735468 0
    outer loop
      vertex -22.4176 6.56763 0
      vertex -22.4604 6.5282 1
      vertex -22.4176 6.56763 1
    endloop
  endfacet
  facet normal -0.677559 0.735468 0
    outer loop
      vertex -22.4604 6.5282 1
      vertex -22.4176 6.56763 0
      vertex -22.4604 6.5282 0
    endloop
  endfacet
  facet normal -0.774994 0.631969 0
    outer loop
      vertex -22.4984 6.4816 0
      vertex -22.4604 6.5282 1
      vertex -22.4604 6.5282 0
    endloop
  endfacet
  facet normal -0.774994 0.631969 0
    outer loop
      vertex -22.4604 6.5282 1
      vertex -22.4984 6.4816 0
      vertex -22.4984 6.4816 1
    endloop
  endfacet
  facet normal -0.851854 0.523779 0
    outer loop
      vertex -22.5314 6.42793 0
      vertex -22.4984 6.4816 1
      vertex -22.4984 6.4816 0
    endloop
  endfacet
  facet normal -0.851854 0.523779 0
    outer loop
      vertex -22.4984 6.4816 1
      vertex -22.5314 6.42793 0
      vertex -22.5314 6.42793 1
    endloop
  endfacet
  facet normal -0.907889 0.41921 0
    outer loop
      vertex -22.5594 6.36729 0
      vertex -22.5314 6.42793 1
      vertex -22.5314 6.42793 0
    endloop
  endfacet
  facet normal -0.907889 0.41921 0
    outer loop
      vertex -22.5314 6.42793 1
      vertex -22.5594 6.36729 0
      vertex -22.5594 6.36729 1
    endloop
  endfacet
  facet normal -0.94716 0.320762 0
    outer loop
      vertex -22.5823 6.29967 0
      vertex -22.5594 6.36729 1
      vertex -22.5594 6.36729 0
    endloop
  endfacet
  facet normal -0.94716 0.320762 0
    outer loop
      vertex -22.5594 6.36729 1
      vertex -22.5823 6.29967 0
      vertex -22.5823 6.29967 1
    endloop
  endfacet
  facet normal -0.972687 0.23212 0
    outer loop
      vertex -22.6001 6.22508 0
      vertex -22.5823 6.29967 1
      vertex -22.5823 6.29967 0
    endloop
  endfacet
  facet normal -0.972687 0.23212 0
    outer loop
      vertex -22.5823 6.29967 1
      vertex -22.6001 6.22508 0
      vertex -22.6001 6.22508 1
    endloop
  endfacet
  facet normal -0.988096 0.153841 0
    outer loop
      vertex -22.6128 6.14351 0
      vertex -22.6001 6.22508 1
      vertex -22.6001 6.22508 0
    endloop
  endfacet
  facet normal -0.988096 0.153841 0
    outer loop
      vertex -22.6001 6.22508 1
      vertex -22.6128 6.14351 0
      vertex -22.6128 6.14351 1
    endloop
  endfacet
  facet normal -0.996337 0.0855128 0
    outer loop
      vertex -22.6204 6.05496 0
      vertex -22.6128 6.14351 1
      vertex -22.6128 6.14351 0
    endloop
  endfacet
  facet normal -0.996337 0.0855128 0
    outer loop
      vertex -22.6128 6.14351 1
      vertex -22.6204 6.05496 0
      vertex -22.6204 6.05496 1
    endloop
  endfacet
  facet normal -0.99963 0.0272094 0
    outer loop
      vertex -22.623 5.95944 0
      vertex -22.6204 6.05496 1
      vertex -22.6204 6.05496 0
    endloop
  endfacet
  facet normal -0.99963 0.0272094 0
    outer loop
      vertex -22.6204 6.05496 1
      vertex -22.623 5.95944 0
      vertex -22.623 5.95944 1
    endloop
  endfacet
  facet normal -0.999606 -0.0280849 0
    outer loop
      vertex -22.6204 5.8669 0
      vertex -22.623 5.95944 1
      vertex -22.623 5.95944 0
    endloop
  endfacet
  facet normal -0.999606 -0.0280849 0
    outer loop
      vertex -22.623 5.95944 1
      vertex -22.6204 5.8669 0
      vertex -22.6204 5.8669 1
    endloop
  endfacet
  facet normal -0.995844 -0.0910763 0
    outer loop
      vertex -22.6125 5.78052 0
      vertex -22.6204 5.8669 1
      vertex -22.6204 5.8669 0
    endloop
  endfacet
  facet normal -0.995844 -0.0910763 0
    outer loop
      vertex -22.6204 5.8669 1
      vertex -22.6125 5.78052 0
      vertex -22.6125 5.78052 1
    endloop
  endfacet
  facet normal -0.98693 -0.161147 0
    outer loop
      vertex -22.5994 5.70029 0
      vertex -22.6125 5.78052 1
      vertex -22.6125 5.78052 0
    endloop
  endfacet
  facet normal -0.98693 -0.161147 0
    outer loop
      vertex -22.6125 5.78052 1
      vertex -22.5994 5.70029 0
      vertex -22.5994 5.70029 1
    endloop
  endfacet
  facet normal -0.970817 -0.239821 0
    outer loop
      vertex -22.5811 5.62621 0
      vertex -22.5994 5.70029 1
      vertex -22.5994 5.70029 0
    endloop
  endfacet
  facet normal -0.970817 -0.239821 0
    outer loop
      vertex -22.5994 5.70029 1
      vertex -22.5811 5.62621 0
      vertex -22.5811 5.62621 1
    endloop
  endfacet
  facet normal -0.945062 -0.326891 0
    outer loop
      vertex -22.5576 5.55827 0
      vertex -22.5811 5.62621 1
      vertex -22.5811 5.62621 0
    endloop
  endfacet
  facet normal -0.945062 -0.326891 0
    outer loop
      vertex -22.5811 5.62621 1
      vertex -22.5576 5.55827 0
      vertex -22.5576 5.55827 1
    endloop
  endfacet
  facet normal -0.906277 -0.422685 0
    outer loop
      vertex -22.5288 5.49652 0
      vertex -22.5576 5.55827 1
      vertex -22.5576 5.55827 0
    endloop
  endfacet
  facet normal -0.906277 -0.422685 0
    outer loop
      vertex -22.5576 5.55827 1
      vertex -22.5288 5.49652 0
      vertex -22.5288 5.49652 1
    endloop
  endfacet
  facet normal -0.853255 -0.521493 0
    outer loop
      vertex -22.4948 5.44089 0
      vertex -22.5288 5.49652 1
      vertex -22.5288 5.49652 0
    endloop
  endfacet
  facet normal -0.853255 -0.521493 0
    outer loop
      vertex -22.5288 5.49652 1
      vertex -22.4948 5.44089 0
      vertex -22.4948 5.44089 1
    endloop
  endfacet
  facet normal -0.782743 -0.622345 0
    outer loop
      vertex -22.456 5.39209 0
      vertex -22.4948 5.44089 1
      vertex -22.4948 5.44089 0
    endloop
  endfacet
  facet normal -0.782743 -0.622345 0
    outer loop
      vertex -22.4948 5.44089 1
      vertex -22.456 5.39209 0
      vertex -22.456 5.39209 1
    endloop
  endfacet
  facet normal -0.691956 -0.721939 0
    outer loop
      vertex -22.456 5.39209 0
      vertex -22.4129 5.35078 1
      vertex -22.456 5.39209 1
    endloop
  endfacet
  facet normal -0.691956 -0.721939 -0
    outer loop
      vertex -22.4129 5.35078 1
      vertex -22.456 5.39209 0
      vertex -22.4129 5.35078 0
    endloop
  endfacet
  facet normal -0.57874 -0.815512 0
    outer loop
      vertex -22.4129 5.35078 0
      vertex -22.3653 5.317 1
      vertex -22.4129 5.35078 1
    endloop
  endfacet
  facet normal -0.57874 -0.815512 -0
    outer loop
      vertex -22.3653 5.317 1
      vertex -22.4129 5.35078 0
      vertex -22.3653 5.317 0
    endloop
  endfacet
  facet normal -0.452303 -0.891864 0
    outer loop
      vertex -22.3653 5.317 0
      vertex -22.3135 5.29073 1
      vertex -22.3653 5.317 1
    endloop
  endfacet
  facet normal -0.452303 -0.891864 -0
    outer loop
      vertex -22.3135 5.29073 1
      vertex -22.3653 5.317 0
      vertex -22.3135 5.29073 0
    endloop
  endfacet
  facet normal -0.316278 -0.948666 0
    outer loop
      vertex -22.3135 5.29073 0
      vertex -22.2572 5.27196 1
      vertex -22.3135 5.29073 1
    endloop
  endfacet
  facet normal -0.316278 -0.948666 -0
    outer loop
      vertex -22.2572 5.27196 1
      vertex -22.3135 5.29073 0
      vertex -22.2572 5.27196 0
    endloop
  endfacet
  facet normal -0.182995 -0.983114 0
    outer loop
      vertex -22.2572 5.27196 0
      vertex -22.1966 5.26068 1
      vertex -22.2572 5.27196 1
    endloop
  endfacet
  facet normal -0.182995 -0.983114 -0
    outer loop
      vertex -22.1966 5.26068 1
      vertex -22.2572 5.27196 0
      vertex -22.1966 5.26068 0
    endloop
  endfacet
  facet normal -0.057685 -0.998335 0
    outer loop
      vertex -22.1966 5.26068 0
      vertex -22.1317 5.25693 1
      vertex -22.1966 5.26068 1
    endloop
  endfacet
  facet normal -0.057685 -0.998335 -0
    outer loop
      vertex -22.1317 5.25693 1
      vertex -22.1966 5.26068 0
      vertex -22.1317 5.25693 0
    endloop
  endfacet
  facet normal 0.0506701 -0.998715 0
    outer loop
      vertex -22.1317 5.25693 0
      vertex -22.0637 5.26038 1
      vertex -22.1317 5.25693 1
    endloop
  endfacet
  facet normal 0.0506701 -0.998715 0
    outer loop
      vertex -22.0637 5.26038 1
      vertex -22.1317 5.25693 0
      vertex -22.0637 5.26038 0
    endloop
  endfacet
  facet normal 0.161752 -0.986831 0
    outer loop
      vertex -22.0637 5.26038 0
      vertex -22.0008 5.27069 1
      vertex -22.0637 5.26038 1
    endloop
  endfacet
  facet normal 0.161752 -0.986831 0
    outer loop
      vertex -22.0008 5.27069 1
      vertex -22.0637 5.26038 0
      vertex -22.0008 5.27069 0
    endloop
  endfacet
  facet normal 0.285217 -0.958463 0
    outer loop
      vertex -22.0008 5.27069 0
      vertex -21.943 5.28789 1
      vertex -22.0008 5.27069 1
    endloop
  endfacet
  facet normal 0.285217 -0.958463 0
    outer loop
      vertex -21.943 5.28789 1
      vertex -22.0008 5.27069 0
      vertex -21.943 5.28789 0
    endloop
  endfacet
  facet normal 0.415597 -0.909549 0
    outer loop
      vertex -21.943 5.28789 0
      vertex -21.8903 5.31197 1
      vertex -21.943 5.28789 1
    endloop
  endfacet
  facet normal 0.415597 -0.909549 0
    outer loop
      vertex -21.8903 5.31197 1
      vertex -21.943 5.28789 0
      vertex -21.8903 5.31197 0
    endloop
  endfacet
  facet normal 0.544988 -0.838444 0
    outer loop
      vertex -21.8903 5.31197 0
      vertex -21.8427 5.34291 1
      vertex -21.8903 5.31197 1
    endloop
  endfacet
  facet normal 0.544988 -0.838444 0
    outer loop
      vertex -21.8427 5.34291 1
      vertex -21.8903 5.31197 0
      vertex -21.8427 5.34291 0
    endloop
  endfacet
  facet normal 0.664102 -0.747642 0
    outer loop
      vertex -21.8427 5.34291 0
      vertex -21.8001 5.38075 1
      vertex -21.8427 5.34291 1
    endloop
  endfacet
  facet normal 0.664102 -0.747642 0
    outer loop
      vertex -21.8001 5.38075 1
      vertex -21.8427 5.34291 0
      vertex -21.8001 5.38075 0
    endloop
  endfacet
  facet normal 0.766181 -0.642625 0
    outer loop
      vertex -21.8001 5.38075 1
      vertex -21.7626 5.42546 0
      vertex -21.7626 5.42546 1
    endloop
  endfacet
  facet normal 0.766181 -0.642625 0
    outer loop
      vertex -21.7626 5.42546 0
      vertex -21.8001 5.38075 1
      vertex -21.8001 5.38075 0
    endloop
  endfacet
  facet normal 0.849459 -0.527655 0
    outer loop
      vertex -21.7626 5.42546 1
      vertex -21.7302 5.47762 0
      vertex -21.7302 5.47762 1
    endloop
  endfacet
  facet normal 0.849459 -0.527655 0
    outer loop
      vertex -21.7302 5.47762 0
      vertex -21.7626 5.42546 1
      vertex -21.7626 5.42546 0
    endloop
  endfacet
  facet normal 0.910133 -0.414316 0
    outer loop
      vertex -21.7302 5.47762 1
      vertex -21.7028 5.53781 0
      vertex -21.7028 5.53781 1
    endloop
  endfacet
  facet normal 0.910133 -0.414316 0
    outer loop
      vertex -21.7028 5.53781 0
      vertex -21.7302 5.47762 1
      vertex -21.7302 5.47762 0
    endloop
  endfacet
  facet normal 0.949708 -0.313136 0
    outer loop
      vertex -21.7028 5.53781 1
      vertex -21.6803 5.60605 0
      vertex -21.6803 5.60605 1
    endloop
  endfacet
  facet normal 0.949708 -0.313136 0
    outer loop
      vertex -21.6803 5.60605 0
      vertex -21.7028 5.53781 1
      vertex -21.7028 5.53781 0
    endloop
  endfacet
  facet normal 0.974957 -0.222394 0
    outer loop
      vertex -21.6803 5.60605 1
      vertex -21.6629 5.68233 0
      vertex -21.6629 5.68233 1
    endloop
  endfacet
  facet normal 0.974957 -0.222394 0
    outer loop
      vertex -21.6629 5.68233 0
      vertex -21.6803 5.60605 1
      vertex -21.6803 5.60605 0
    endloop
  endfacet
  facet normal 0.989192 -0.146625 0
    outer loop
      vertex -21.6629 5.68233 1
      vertex -21.6504 5.76666 0
      vertex -21.6504 5.76666 1
    endloop
  endfacet
  facet normal 0.989192 -0.146625 0
    outer loop
      vertex -21.6504 5.76666 0
      vertex -21.6629 5.68233 1
      vertex -21.6629 5.68233 0
    endloop
  endfacet
  facet normal 0.996719 -0.0809376 0
    outer loop
      vertex -21.6504 5.76666 1
      vertex -21.6429 5.85902 0
      vertex -21.6429 5.85902 1
    endloop
  endfacet
  facet normal 0.996719 -0.0809376 0
    outer loop
      vertex -21.6429 5.85902 0
      vertex -21.6504 5.76666 1
      vertex -21.6504 5.76666 0
    endloop
  endfacet
  facet normal 0.99969 -0.0248877 0
    outer loop
      vertex -21.6429 5.85902 1
      vertex -21.6404 5.95944 0
      vertex -21.6404 5.95944 1
    endloop
  endfacet
  facet normal 0.99969 -0.0248877 0
    outer loop
      vertex -21.6404 5.95944 0
      vertex -21.6429 5.85902 1
      vertex -21.6429 5.85902 0
    endloop
  endfacet
  facet normal 0.99976 0.0219158 0
    outer loop
      vertex -21.6404 5.95944 1
      vertex -21.6426 6.0598 0
      vertex -21.6426 6.0598 1
    endloop
  endfacet
  facet normal 0.99976 0.0219158 0
    outer loop
      vertex -21.6426 6.0598 0
      vertex -21.6404 5.95944 1
      vertex -21.6404 5.95944 0
    endloop
  endfacet
  facet normal 0.997449 0.0713854 0
    outer loop
      vertex -21.6426 6.0598 1
      vertex -21.6492 6.15202 0
      vertex -21.6492 6.15202 1
    endloop
  endfacet
  facet normal 0.997449 0.0713854 0
    outer loop
      vertex -21.6492 6.15202 0
      vertex -21.6426 6.0598 1
      vertex -21.6426 6.0598 0
    endloop
  endfacet
  facet normal 0 1 -0
    outer loop
      vertex -26.5128 3.84471 0
      vertex -27.1157 3.84471 1
      vertex -26.5128 3.84471 1
    endloop
  endfacet
  facet normal 0 1 0
    outer loop
      vertex -27.1157 3.84471 1
      vertex -26.5128 3.84471 0
      vertex -27.1157 3.84471 0
    endloop
  endfacet
  facet normal 1 -0 0
    outer loop
      vertex -27.1157 3.84471 1
      vertex -27.1157 6.47922 0
      vertex -27.1157 6.47922 1
    endloop
  endfacet
  facet normal 1 0 0
    outer loop
      vertex -27.1157 6.47922 0
      vertex -27.1157 3.84471 1
      vertex -27.1157 3.84471 0
    endloop
  endfacet
  facet normal 0 1 -0
    outer loop
      vertex -27.1157 6.47922 0
      vertex -27.2035 6.47922 1
      vertex -27.1157 6.47922 1
    endloop
  endfacet
  facet normal 0 1 0
    outer loop
      vertex -27.2035 6.47922 1
      vertex -27.1157 6.47922 0
      vertex -27.2035 6.47922 0
    endloop
  endfacet
  facet normal -0.975567 0.219701 0
    outer loop
      vertex -27.7968 3.84471 0
      vertex -27.2035 6.47922 1
      vertex -27.2035 6.47922 0
    endloop
  endfacet
  facet normal -0.975567 0.219701 0
    outer loop
      vertex -27.2035 6.47922 1
      vertex -27.7968 3.84471 0
      vertex -27.7968 3.84471 1
    endloop
  endfacet
  facet normal 0 1 -0
    outer loop
      vertex -27.7968 3.84471 0
      vertex -28.7391 3.84471 1
      vertex -27.7968 3.84471 1
    endloop
  endfacet
  facet normal 0 1 0
    outer loop
      vertex -28.7391 3.84471 1
      vertex -27.7968 3.84471 0
      vertex -28.7391 3.84471 0
    endloop
  endfacet
  facet normal 1 -0 0
    outer loop
      vertex -28.7391 3.84471 1
      vertex -28.7391 7.215 0
      vertex -28.7391 7.215 1
    endloop
  endfacet
  facet normal 1 0 0
    outer loop
      vertex -28.7391 7.215 0
      vertex -28.7391 3.84471 1
      vertex -28.7391 3.84471 0
    endloop
  endfacet
  facet normal 0 -1 0
    outer loop
      vertex -28.7391 7.215 0
      vertex -28.1362 7.215 1
      vertex -28.7391 7.215 1
    endloop
  endfacet
  facet normal 0 -1 -0
    outer loop
      vertex -28.1362 7.215 1
      vertex -28.7391 7.215 0
      vertex -28.1362 7.215 0
    endloop
  endfacet
  facet normal -1 0 0
    outer loop
      vertex -28.1362 4.58049 0
      vertex -28.1362 7.215 1
      vertex -28.1362 7.215 0
    endloop
  endfacet
  facet normal -1 -0 0
    outer loop
      vertex -28.1362 7.215 1
      vertex -28.1362 4.58049 0
      vertex -28.1362 4.58049 1
    endloop
  endfacet
  facet normal 0 -1 0
    outer loop
      vertex -28.1362 4.58049 0
      vertex -28.0484 4.58049 1
      vertex -28.1362 4.58049 1
    endloop
  endfacet
  facet normal 0 -1 -0
    outer loop
      vertex -28.0484 4.58049 1
      vertex -28.1362 4.58049 0
      vertex -28.0484 4.58049 0
    endloop
  endfacet
  facet normal 0.975567 -0.219701 0
    outer loop
      vertex -28.0484 4.58049 1
      vertex -27.4551 7.215 0
      vertex -27.4551 7.215 1
    endloop
  endfacet
  facet normal 0.975567 -0.219701 0
    outer loop
      vertex -27.4551 7.215 0
      vertex -28.0484 4.58049 1
      vertex -28.0484 4.58049 0
    endloop
  endfacet
  facet normal 0 -1 0
    outer loop
      vertex -27.4551 7.215 0
      vertex -26.5128 7.215 1
      vertex -27.4551 7.215 1
    endloop
  endfacet
  facet normal 0 -1 -0
    outer loop
      vertex -26.5128 7.215 1
      vertex -27.4551 7.215 0
      vertex -26.5128 7.215 0
    endloop
  endfacet
  facet normal -1 0 0
    outer loop
      vertex -26.5128 3.84471 0
      vertex -26.5128 7.215 1
      vertex -26.5128 7.215 0
    endloop
  endfacet
  facet normal -1 -0 0
    outer loop
      vertex -26.5128 7.215 1
      vertex -26.5128 3.84471 0
      vertex -26.5128 3.84471 1
    endloop
  endfacet
  facet normal -0.147479 -0.989065 0
    outer loop
      vertex -24.694 7.25548 0
      vertex -24.5537 7.23456 1
      vertex -24.694 7.25548 1
    endloop
  endfacet
  facet normal -0.147479 -0.989065 -0
    outer loop
      vertex -24.5537 7.23456 1
      vertex -24.694 7.25548 0
      vertex -24.5537 7.23456 0
    endloop
  endfacet
  facet normal -0.2584 -0.966038 0
    outer loop
      vertex -24.5537 7.23456 0
      vertex -24.4233 7.19968 1
      vertex -24.5537 7.23456 1
    endloop
  endfacet
  facet normal -0.2584 -0.966038 -0
    outer loop
      vertex -24.4233 7.19968 1
      vertex -24.5537 7.23456 0
      vertex -24.4233 7.19968 0
    endloop
  endfacet
  facet normal -0.375832 -0.926688 0
    outer loop
      vertex -24.4233 7.19968 0
      vertex -24.3029 7.15085 1
      vertex -24.4233 7.19968 1
    endloop
  endfacet
  facet normal -0.375832 -0.926688 -0
    outer loop
      vertex -24.3029 7.15085 1
      vertex -24.4233 7.19968 0
      vertex -24.3029 7.15085 0
    endloop
  endfacet
  facet normal -0.494323 -0.869278 0
    outer loop
      vertex -24.3029 7.15085 0
      vertex -24.1925 7.08807 1
      vertex -24.3029 7.15085 1
    endloop
  endfacet
  facet normal -0.494323 -0.869278 -0
    outer loop
      vertex -24.1925 7.08807 1
      vertex -24.3029 7.15085 0
      vertex -24.1925 7.08807 0
    endloop
  endfacet
  facet normal -0.607168 -0.794573 0
    outer loop
      vertex -24.1925 7.08807 0
      vertex -24.0921 7.01135 1
      vertex -24.1925 7.08807 1
    endloop
  endfacet
  facet normal -0.607168 -0.794573 -0
    outer loop
      vertex -24.0921 7.01135 1
      vertex -24.1925 7.08807 0
      vertex -24.0921 7.01135 0
    endloop
  endfacet
  facet normal -0.70816 -0.706052 0
    outer loop
      vertex -24.0017 6.92068 0
      vertex -24.0921 7.01135 1
      vertex -24.0921 7.01135 0
    endloop
  endfacet
  facet normal -0.70816 -0.706052 0
    outer loop
      vertex -24.0921 7.01135 1
      vertex -24.0017 6.92068 0
      vertex -24.0017 6.92068 1
    endloop
  endfacet
  facet normal -0.793422 -0.608672 0
    outer loop
      vertex -23.9224 6.81731 0
      vertex -24.0017 6.92068 1
      vertex -24.0017 6.92068 0
    endloop
  endfacet
  facet normal -0.793422 -0.608672 0
    outer loop
      vertex -24.0017 6.92068 1
      vertex -23.9224 6.81731 0
      vertex -23.9224 6.81731 1
    endloop
  endfacet
  facet normal -0.863342 -0.504619 0
    outer loop
      vertex -23.8553 6.70251 0
      vertex -23.9224 6.81731 1
      vertex -23.9224 6.81731 0
    endloop
  endfacet
  facet normal -0.863342 -0.504619 0
    outer loop
      vertex -23.9224 6.81731 1
      vertex -23.8553 6.70251 0
      vertex -23.8553 6.70251 1
    endloop
  endfacet
  facet normal -0.917024 -0.398832 0
    outer loop
      vertex -23.8004 6.57628 0
      vertex -23.8553 6.70251 1
      vertex -23.8553 6.70251 0
    endloop
  endfacet
  facet normal -0.917024 -0.398832 0
    outer loop
      vertex -23.8553 6.70251 1
      vertex -23.8004 6.57628 0
      vertex -23.8004 6.57628 1
    endloop
  endfacet
  facet normal -0.955101 -0.296279 0
    outer loop
      vertex -23.7577 6.43863 0
      vertex -23.8004 6.57628 1
      vertex -23.8004 6.57628 0
    endloop
  endfacet
  facet normal -0.955101 -0.296279 0
    outer loop
      vertex -23.8004 6.57628 1
      vertex -23.7577 6.43863 0
      vertex -23.7577 6.43863 1
    endloop
  endfacet
  facet normal -0.979709 -0.200423 0
    outer loop
      vertex -23.7272 6.28954 0
      vertex -23.7577 6.43863 1
      vertex -23.7577 6.43863 0
    endloop
  endfacet
  facet normal -0.979709 -0.200423 0
    outer loop
      vertex -23.7577 6.43863 1
      vertex -23.7272 6.28954 0
      vertex -23.7272 6.28954 1
    endloop
  endfacet
  facet normal -0.993565 -0.113264 0
    outer loop
      vertex -23.7089 6.12901 0
      vertex -23.7272 6.28954 1
      vertex -23.7272 6.28954 0
    endloop
  endfacet
  facet normal -0.993565 -0.113264 0
    outer loop
      vertex -23.7272 6.28954 1
      vertex -23.7089 6.12901 0
      vertex -23.7089 6.12901 1
    endloop
  endfacet
  facet normal -0.999371 -0.0354531 0
    outer loop
      vertex -23.7028 5.95706 0
      vertex -23.7089 6.12901 1
      vertex -23.7089 6.12901 0
    endloop
  endfacet
  facet normal -0.999371 -0.0354531 0
    outer loop
      vertex -23.7089 6.12901 1
      vertex -23.7028 5.95706 0
      vertex -23.7028 5.95706 1
    endloop
  endfacet
  facet normal -0.999376 0.035328 0
    outer loop
      vertex -23.7089 5.7845 0
      vertex -23.7028 5.95706 1
      vertex -23.7028 5.95706 0
    endloop
  endfacet
  facet normal -0.999376 0.035328 0
    outer loop
      vertex -23.7028 5.95706 1
      vertex -23.7089 5.7845 0
      vertex -23.7089 5.7845 1
    endloop
  endfacet
  facet normal -0.993599 0.112965 0
    outer loop
      vertex -23.7272 5.62354 0
      vertex -23.7089 5.7845 1
      vertex -23.7089 5.7845 0
    endloop
  endfacet
  facet normal -0.993599 0.112965 0
    outer loop
      vertex -23.7089 5.7845 1
      vertex -23.7272 5.62354 0
      vertex -23.7272 5.62354 1
    endloop
  endfacet
  facet normal -0.979791 0.200024 0
    outer loop
      vertex -23.7577 5.47414 0
      vertex -23.7272 5.62354 1
      vertex -23.7272 5.62354 0
    endloop
  endfacet
  facet normal -0.979791 0.200024 0
    outer loop
      vertex -23.7272 5.62354 1
      vertex -23.7577 5.47414 0
      vertex -23.7577 5.47414 1
    endloop
  endfacet
  facet normal -0.955205 0.295946 0
    outer loop
      vertex -23.8004 5.33632 0
      vertex -23.7577 5.47414 1
      vertex -23.7577 5.47414 0
    endloop
  endfacet
  facet normal -0.955205 0.295946 0
    outer loop
      vertex -23.7577 5.47414 1
      vertex -23.8004 5.33632 0
      vertex -23.8004 5.33632 1
    endloop
  endfacet
  facet normal -0.917047 0.398779 0
    outer loop
      vertex -23.8553 5.21007 0
      vertex -23.8004 5.33632 1
      vertex -23.8004 5.33632 0
    endloop
  endfacet
  facet normal -0.917047 0.398779 0
    outer loop
      vertex -23.8004 5.33632 1
      vertex -23.8553 5.21007 0
      vertex -23.8553 5.21007 1
    endloop
  endfacet
  facet normal -0.863093 0.505045 0
    outer loop
      vertex -23.9224 5.0954 0
      vertex -23.8553 5.21007 1
      vertex -23.8553 5.21007 0
    endloop
  endfacet
  facet normal -0.863093 0.505045 0
    outer loop
      vertex -23.8553 5.21007 1
      vertex -23.9224 5.0954 0
      vertex -23.9224 5.0954 1
    endloop
  endfacet
  facet normal -0.792681 0.609636 0
    outer loop
      vertex -24.0017 4.99229 0
      vertex -23.9224 5.0954 1
      vertex -23.9224 5.0954 0
    endloop
  endfacet
  facet normal -0.792681 0.609636 0
    outer loop
      vertex -23.9224 5.0954 1
      vertex -24.0017 4.99229 0
      vertex -24.0017 4.99229 1
    endloop
  endfacet
  facet normal -0.70695 0.707263 0
    outer loop
      vertex -24.0017 4.99229 0
      vertex -24.0921 4.90193 1
      vertex -24.0017 4.99229 1
    endloop
  endfacet
  facet normal -0.70695 0.707263 0
    outer loop
      vertex -24.0921 4.90193 1
      vertex -24.0017 4.99229 0
      vertex -24.0921 4.90193 0
    endloop
  endfacet
  facet normal -0.605867 0.795566 0
    outer loop
      vertex -24.0921 4.90193 0
      vertex -24.1925 4.82547 1
      vertex -24.0921 4.90193 1
    endloop
  endfacet
  facet normal -0.605867 0.795566 0
    outer loop
      vertex -24.1925 4.82547 1
      vertex -24.0921 4.90193 0
      vertex -24.1925 4.82547 0
    endloop
  endfacet
  facet normal -0.493132 0.869955 0
    outer loop
      vertex -24.1925 4.82547 0
      vertex -24.3029 4.76289 1
      vertex -24.1925 4.82547 1
    endloop
  endfacet
  facet normal -0.493132 0.869955 0
    outer loop
      vertex -24.3029 4.76289 1
      vertex -24.1925 4.82547 0
      vertex -24.3029 4.76289 0
    endloop
  endfacet
  facet normal -0.374707 0.927143 0
    outer loop
      vertex -24.3029 4.76289 0
      vertex -24.4233 4.71423 1
      vertex -24.3029 4.76289 1
    endloop
  endfacet
  facet normal -0.374707 0.927143 0
    outer loop
      vertex -24.4233 4.71423 1
      vertex -24.3029 4.76289 0
      vertex -24.4233 4.71423 0
    endloop
  endfacet
  facet normal -0.257432 0.966296 0
    outer loop
      vertex -24.4233 4.71423 0
      vertex -24.5537 4.67949 1
      vertex -24.4233 4.71423 1
    endloop
  endfacet
  facet normal -0.257432 0.966296 0
    outer loop
      vertex -24.5537 4.67949 1
      vertex -24.4233 4.71423 0
      vertex -24.5537 4.67949 0
    endloop
  endfacet
  facet normal -0.147065 0.989127 0
    outer loop
      vertex -24.5537 4.67949 0
      vertex -24.694 4.65863 1
      vertex -24.5537 4.67949 1
    endloop
  endfacet
  facet normal -0.147065 0.989127 0
    outer loop
      vertex -24.694 4.65863 1
      vertex -24.5537 4.67949 0
      vertex -24.694 4.65863 0
    endloop
  endfacet
  facet normal -0.0462271 0.998931 0
    outer loop
      vertex -24.694 4.65863 0
      vertex -24.8444 4.65167 1
      vertex -24.694 4.65863 1
    endloop
  endfacet
  facet normal -0.0462271 0.998931 0
    outer loop
      vertex -24.8444 4.65167 1
      vertex -24.694 4.65863 0
      vertex -24.8444 4.65167 0
    endloop
  endfacet
  facet normal 0.0462578 0.99893 -0
    outer loop
      vertex -24.8444 4.65167 0
      vertex -24.9947 4.65863 1
      vertex -24.8444 4.65167 1
    endloop
  endfacet
  facet normal 0.0462578 0.99893 0
    outer loop
      vertex -24.9947 4.65863 1
      vertex -24.8444 4.65167 0
      vertex -24.9947 4.65863 0
    endloop
  endfacet
  facet normal 0.147065 0.989127 -0
    outer loop
      vertex -24.9947 4.65863 0
      vertex -25.135 4.67949 1
      vertex -24.9947 4.65863 1
    endloop
  endfacet
  facet normal 0.147065 0.989127 0
    outer loop
      vertex -25.135 4.67949 1
      vertex -24.9947 4.65863 0
      vertex -25.135 4.67949 0
    endloop
  endfacet
  facet normal 0.257432 0.966296 -0
    outer loop
      vertex -25.135 4.67949 0
      vertex -25.2654 4.71423 1
      vertex -25.135 4.67949 1
    endloop
  endfacet
  facet normal 0.257432 0.966296 0
    outer loop
      vertex -25.2654 4.71423 1
      vertex -25.135 4.67949 0
      vertex -25.2654 4.71423 0
    endloop
  endfacet
  facet normal 0.374975 0.927035 -0
    outer loop
      vertex -25.2654 4.71423 0
      vertex -25.3857 4.76289 1
      vertex -25.2654 4.71423 1
    endloop
  endfacet
  facet normal 0.374975 0.927035 0
    outer loop
      vertex -25.3857 4.76289 1
      vertex -25.2654 4.71423 0
      vertex -25.3857 4.76289 0
    endloop
  endfacet
  facet normal 0.493132 0.869955 -0
    outer loop
      vertex -25.3857 4.76289 0
      vertex -25.4961 4.82547 1
      vertex -25.3857 4.76289 1
    endloop
  endfacet
  facet normal 0.493132 0.869955 0
    outer loop
      vertex -25.4961 4.82547 1
      vertex -25.3857 4.76289 0
      vertex -25.4961 4.82547 0
    endloop
  endfacet
  facet normal 0.605867 0.795566 -0
    outer loop
      vertex -25.4961 4.82547 0
      vertex -25.5965 4.90193 1
      vertex -25.4961 4.82547 1
    endloop
  endfacet
  facet normal 0.605867 0.795566 0
    outer loop
      vertex -25.5965 4.90193 1
      vertex -25.4961 4.82547 0
      vertex -25.5965 4.90193 0
    endloop
  endfacet
  facet normal 0.706559 0.707654 -0
    outer loop
      vertex -25.5965 4.90193 0
      vertex -25.687 4.99229 1
      vertex -25.5965 4.90193 1
    endloop
  endfacet
  facet normal 0.706559 0.707654 0
    outer loop
      vertex -25.687 4.99229 1
      vertex -25.5965 4.90193 0
      vertex -25.687 4.99229 0
    endloop
  endfacet
  facet normal 0.792681 0.609636 0
    outer loop
      vertex -25.687 4.99229 1
      vertex -25.7663 5.0954 0
      vertex -25.7663 5.0954 1
    endloop
  endfacet
  facet normal 0.792681 0.609636 0
    outer loop
      vertex -25.7663 5.0954 0
      vertex -25.687 4.99229 1
      vertex -25.687 4.99229 0
    endloop
  endfacet
  facet normal 0.863093 0.505045 0
    outer loop
      vertex -25.7663 5.0954 1
      vertex -25.8334 5.21007 0
      vertex -25.8334 5.21007 1
    endloop
  endfacet
  facet normal 0.863093 0.505045 0
    outer loop
      vertex -25.8334 5.21007 0
      vertex -25.7663 5.0954 1
      vertex -25.7663 5.0954 0
    endloop
  endfacet
  facet normal 0.916781 0.39939 0
    outer loop
      vertex -25.8334 5.21007 1
      vertex -25.8884 5.33632 0
      vertex -25.8884 5.33632 1
    endloop
  endfacet
  facet normal 0.916781 0.39939 0
    outer loop
      vertex -25.8884 5.33632 0
      vertex -25.8334 5.21007 1
      vertex -25.8334 5.21007 0
    endloop
  endfacet
  facet normal 0.955205 0.295946 0
    outer loop
      vertex -25.8884 5.33632 1
      vertex -25.9311 5.47414 0
      vertex -25.9311 5.47414 1
    endloop
  endfacet
  facet normal 0.955205 0.295946 0
    outer loop
      vertex -25.9311 5.47414 0
      vertex -25.8884 5.33632 1
      vertex -25.8884 5.33632 0
    endloop
  endfacet
  facet normal 0.979791 0.200024 0
    outer loop
      vertex -25.9311 5.47414 1
      vertex -25.9616 5.62354 0
      vertex -25.9616 5.62354 1
    endloop
  endfacet
  facet normal 0.979791 0.200024 0
    outer loop
      vertex -25.9616 5.62354 0
      vertex -25.9311 5.47414 1
      vertex -25.9311 5.47414 0
    endloop
  endfacet
  facet normal 0.993599 0.112965 0
    outer loop
      vertex -25.9616 5.62354 1
      vertex -25.9799 5.7845 0
      vertex -25.9799 5.7845 1
    endloop
  endfacet
  facet normal 0.993599 0.112965 0
    outer loop
      vertex -25.9799 5.7845 0
      vertex -25.9616 5.62354 1
      vertex -25.9616 5.62354 0
    endloop
  endfacet
  facet normal 0.999376 0.035328 0
    outer loop
      vertex -25.9799 5.7845 1
      vertex -25.986 5.95706 0
      vertex -25.986 5.95706 1
    endloop
  endfacet
  facet normal 0.999376 0.035328 0
    outer loop
      vertex -25.986 5.95706 0
      vertex -25.9799 5.7845 1
      vertex -25.9799 5.7845 0
    endloop
  endfacet
  facet normal 0.999371 -0.0354531 0
    outer loop
      vertex -25.986 5.95706 1
      vertex -25.9799 6.12901 0
      vertex -25.9799 6.12901 1
    endloop
  endfacet
  facet normal 0.999371 -0.0354531 0
    outer loop
      vertex -25.9799 6.12901 0
      vertex -25.986 5.95706 1
      vertex -25.986 5.95706 0
    endloop
  endfacet
  facet normal 0.993565 -0.113264 0
    outer loop
      vertex -25.9799 6.12901 1
      vertex -25.9616 6.28954 0
      vertex -25.9616 6.28954 1
    endloop
  endfacet
  facet normal 0.993565 -0.113264 0
    outer loop
      vertex -25.9616 6.28954 0
      vertex -25.9799 6.12901 1
      vertex -25.9799 6.12901 0
    endloop
  endfacet
  facet normal 0.979709 -0.200423 0
    outer loop
      vertex -25.9616 6.28954 1
      vertex -25.9311 6.43863 0
      vertex -25.9311 6.43863 1
    endloop
  endfacet
  facet normal 0.979709 -0.200423 0
    outer loop
      vertex -25.9311 6.43863 0
      vertex -25.9616 6.28954 1
      vertex -25.9616 6.28954 0
    endloop
  endfacet
  facet normal 0.955101 -0.296279 0
    outer loop
      vertex -25.9311 6.43863 1
      vertex -25.8884 6.57628 0
      vertex -25.8884 6.57628 1
    endloop
  endfacet
  facet normal 0.955101 -0.296279 0
    outer loop
      vertex -25.8884 6.57628 0
      vertex -25.9311 6.43863 1
      vertex -25.9311 6.43863 0
    endloop
  endfacet
  facet normal 0.916758 -0.399443 0
    outer loop
      vertex -25.8884 6.57628 1
      vertex -25.8334 6.70251 0
      vertex -25.8334 6.70251 1
    endloop
  endfacet
  facet normal 0.916758 -0.399443 0
    outer loop
      vertex -25.8334 6.70251 0
      vertex -25.8884 6.57628 1
      vertex -25.8884 6.57628 0
    endloop
  endfacet
  facet normal 0.863342 -0.504619 0
    outer loop
      vertex -25.8334 6.70251 1
      vertex -25.7663 6.81731 0
      vertex -25.7663 6.81731 1
    endloop
  endfacet
  facet normal 0.863342 -0.504619 0
    outer loop
      vertex -25.7663 6.81731 0
      vertex -25.8334 6.70251 1
      vertex -25.8334 6.70251 0
    endloop
  endfacet
  facet normal 0.793422 -0.608672 0
    outer loop
      vertex -25.7663 6.81731 1
      vertex -25.687 6.92068 0
      vertex -25.687 6.92068 1
    endloop
  endfacet
  facet normal 0.793422 -0.608672 0
    outer loop
      vertex -25.687 6.92068 0
      vertex -25.7663 6.81731 1
      vertex -25.7663 6.81731 0
    endloop
  endfacet
  facet normal 0.70777 -0.706443 0
    outer loop
      vertex -25.687 6.92068 1
      vertex -25.5965 7.01135 0
      vertex -25.5965 7.01135 1
    endloop
  endfacet
  facet normal 0.70777 -0.706443 0
    outer loop
      vertex -25.5965 7.01135 0
      vertex -25.687 6.92068 1
      vertex -25.687 6.92068 0
    endloop
  endfacet
  facet normal 0.607168 -0.794573 0
    outer loop
      vertex -25.5965 7.01135 0
      vertex -25.4961 7.08807 1
      vertex -25.5965 7.01135 1
    endloop
  endfacet
  facet normal 0.607168 -0.794573 0
    outer loop
      vertex -25.4961 7.08807 1
      vertex -25.5965 7.01135 0
      vertex -25.4961 7.08807 0
    endloop
  endfacet
  facet normal 0.494323 -0.869278 0
    outer loop
      vertex -25.4961 7.08807 0
      vertex -25.3857 7.15085 1
      vertex -25.4961 7.08807 1
    endloop
  endfacet
  facet normal 0.494323 -0.869278 0
    outer loop
      vertex -25.3857 7.15085 1
      vertex -25.4961 7.08807 0
      vertex -25.3857 7.15085 0
    endloop
  endfacet
  facet normal 0.3761 -0.926579 0
    outer loop
      vertex -25.3857 7.15085 0
      vertex -25.2654 7.19968 1
      vertex -25.3857 7.15085 1
    endloop
  endfacet
  facet normal 0.3761 -0.926579 0
    outer loop
      vertex -25.2654 7.19968 1
      vertex -25.3857 7.15085 0
      vertex -25.2654 7.19968 0
    endloop
  endfacet
  facet normal 0.2584 -0.966038 0
    outer loop
      vertex -25.2654 7.19968 0
      vertex -25.135 7.23456 1
      vertex -25.2654 7.19968 1
    endloop
  endfacet
  facet normal 0.2584 -0.966038 0
    outer loop
      vertex -25.135 7.23456 1
      vertex -25.2654 7.19968 0
      vertex -25.135 7.23456 0
    endloop
  endfacet
  facet normal 0.147479 -0.989065 0
    outer loop
      vertex -25.135 7.23456 0
      vertex -24.9947 7.25548 1
      vertex -25.135 7.23456 1
    endloop
  endfacet
  facet normal 0.147479 -0.989065 0
    outer loop
      vertex -24.9947 7.25548 1
      vertex -25.135 7.23456 0
      vertex -24.9947 7.25548 0
    endloop
  endfacet
  facet normal 0.0463241 -0.998926 0
    outer loop
      vertex -24.9947 7.25548 0
      vertex -24.8444 7.26245 1
      vertex -24.9947 7.25548 1
    endloop
  endfacet
  facet normal 0.0463241 -0.998926 0
    outer loop
      vertex -24.8444 7.26245 1
      vertex -24.9947 7.25548 0
      vertex -24.8444 7.26245 0
    endloop
  endfacet
  facet normal -0.0462934 -0.998928 0
    outer loop
      vertex -24.8444 7.26245 0
      vertex -24.694 7.25548 1
      vertex -24.8444 7.26245 1
    endloop
  endfacet
  facet normal -0.0462934 -0.998928 -0
    outer loop
      vertex -24.694 7.25548 1
      vertex -24.8444 7.26245 0
      vertex -24.694 7.25548 0
    endloop
  endfacet
  facet normal -0.192454 0.981306 0
    outer loop
      vertex -24.9039 6.64877 0
      vertex -24.9606 6.63765 1
      vertex -24.9039 6.64877 1
    endloop
  endfacet
  facet normal -0.192454 0.981306 0
    outer loop
      vertex -24.9606 6.63765 1
      vertex -24.9039 6.64877 0
      vertex -24.9606 6.63765 0
    endloop
  endfacet
  facet normal -0.331546 0.943439 0
    outer loop
      vertex -24.9606 6.63765 0
      vertex -25.0133 6.61913 1
      vertex -24.9606 6.63765 1
    endloop
  endfacet
  facet normal -0.331546 0.943439 0
    outer loop
      vertex -25.0133 6.61913 1
      vertex -24.9606 6.63765 0
      vertex -25.0133 6.61913 0
    endloop
  endfacet
  facet normal -0.470118 0.882604 0
    outer loop
      vertex -25.0133 6.61913 0
      vertex -25.062 6.59319 1
      vertex -25.0133 6.61913 1
    endloop
  endfacet
  facet normal -0.470118 0.882604 0
    outer loop
      vertex -25.062 6.59319 1
      vertex -25.0133 6.61913 0
      vertex -25.062 6.59319 0
    endloop
  endfacet
  facet normal -0.59885 0.800861 0
    outer loop
      vertex -25.062 6.59319 0
      vertex -25.1066 6.55984 1
      vertex -25.062 6.59319 1
    endloop
  endfacet
  facet normal -0.59885 0.800861 0
    outer loop
      vertex -25.1066 6.55984 1
      vertex -25.062 6.59319 0
      vertex -25.1066 6.55984 0
    endloop
  endfacet
  facet normal -0.708409 0.705802 0
    outer loop
      vertex -25.1472 6.51909 0
      vertex -25.1066 6.55984 1
      vertex -25.1066 6.55984 0
    endloop
  endfacet
  facet normal -0.708409 0.705802 0
    outer loop
      vertex -25.1066 6.55984 1
      vertex -25.1472 6.51909 0
      vertex -25.1472 6.51909 1
    endloop
  endfacet
  facet normal -0.796175 0.605067 0
    outer loop
      vertex -25.1838 6.47093 0
      vertex -25.1472 6.51909 1
      vertex -25.1472 6.51909 0
    endloop
  endfacet
  facet normal -0.796175 0.605067 0
    outer loop
      vertex -25.1472 6.51909 1
      vertex -25.1838 6.47093 0
      vertex -25.1838 6.47093 1
    endloop
  endfacet
  facet normal -0.863505 0.50434 0
    outer loop
      vertex -25.2159 6.41597 0
      vertex -25.1838 6.47093 1
      vertex -25.1838 6.47093 0
    endloop
  endfacet
  facet normal -0.863505 0.50434 0
    outer loop
      vertex -25.1838 6.47093 1
      vertex -25.2159 6.41597 0
      vertex -25.2159 6.41597 1
    endloop
  endfacet
  facet normal -0.913565 0.406693 0
    outer loop
      vertex -25.2431 6.35487 0
      vertex -25.2159 6.41597 1
      vertex -25.2159 6.41597 0
    endloop
  endfacet
  facet normal -0.913565 0.406693 0
    outer loop
      vertex -25.2159 6.41597 1
      vertex -25.2431 6.35487 0
      vertex -25.2431 6.35487 1
    endloop
  endfacet
  facet normal -0.949611 0.313431 0
    outer loop
      vertex -25.2653 6.28761 0
      vertex -25.2431 6.35487 1
      vertex -25.2431 6.35487 0
    endloop
  endfacet
  facet normal -0.949611 0.313431 0
    outer loop
      vertex -25.2431 6.35487 1
      vertex -25.2653 6.28761 0
      vertex -25.2653 6.28761 1
    endloop
  endfacet
  facet normal -0.973337 0.229379 0
    outer loop
      vertex -25.2826 6.2142 0
      vertex -25.2653 6.28761 1
      vertex -25.2653 6.28761 0
    endloop
  endfacet
  facet normal -0.973337 0.229379 0
    outer loop
      vertex -25.2653 6.28761 1
      vertex -25.2826 6.2142 0
      vertex -25.2826 6.2142 1
    endloop
  endfacet
  facet normal -0.988065 0.154036 0
    outer loop
      vertex -25.295 6.13466 0
      vertex -25.2826 6.2142 1
      vertex -25.2826 6.2142 0
    endloop
  endfacet
  facet normal -0.988065 0.154036 0
    outer loop
      vertex -25.2826 6.2142 1
      vertex -25.295 6.13466 0
      vertex -25.295 6.13466 1
    endloop
  endfacet
  facet normal -0.996294 0.0860176 0
    outer loop
      vertex -25.3024 6.04895 0
      vertex -25.295 6.13466 1
      vertex -25.295 6.13466 0
    endloop
  endfacet
  facet normal -0.996294 0.0860176 0
    outer loop
      vertex -25.295 6.13466 1
      vertex -25.3024 6.04895 0
      vertex -25.3024 6.04895 1
    endloop
  endfacet
  facet normal -0.999659 0.0261178 0
    outer loop
      vertex -25.3048 5.95709 0
      vertex -25.3024 6.04895 1
      vertex -25.3024 6.04895 0
    endloop
  endfacet
  facet normal -0.999659 0.0261178 0
    outer loop
      vertex -25.3024 6.04895 1
      vertex -25.3048 5.95709 0
      vertex -25.3048 5.95709 1
    endloop
  endfacet
  facet normal -0.999662 -0.0259821 0
    outer loop
      vertex -25.3024 5.86475 0
      vertex -25.3048 5.95709 1
      vertex -25.3048 5.95709 0
    endloop
  endfacet
  facet normal -0.999662 -0.0259821 0
    outer loop
      vertex -25.3048 5.95709 1
      vertex -25.3024 5.86475 0
      vertex -25.3024 5.86475 1
    endloop
  endfacet
  facet normal -0.996325 -0.0856506 0
    outer loop
      vertex -25.295 5.77867 0
      vertex -25.3024 5.86475 1
      vertex -25.3024 5.86475 0
    endloop
  endfacet
  facet normal -0.996325 -0.0856506 0
    outer loop
      vertex -25.3024 5.86475 1
      vertex -25.295 5.77867 0
      vertex -25.295 5.77867 1
    endloop
  endfacet
  facet normal -0.988147 -0.153508 0
    outer loop
      vertex -25.2826 5.69885 0
      vertex -25.295 5.77867 1
      vertex -25.295 5.77867 0
    endloop
  endfacet
  facet normal -0.988147 -0.153508 0
    outer loop
      vertex -25.295 5.77867 1
      vertex -25.2826 5.69885 0
      vertex -25.2826 5.69885 1
    endloop
  endfacet
  facet normal -0.973428 -0.228995 0
    outer loop
      vertex -25.2653 5.62531 0
      vertex -25.2826 5.69885 1
      vertex -25.2826 5.69885 0
    endloop
  endfacet
  facet normal -0.973428 -0.228995 0
    outer loop
      vertex -25.2826 5.69885 1
      vertex -25.2653 5.62531 0
      vertex -25.2653 5.62531 1
    endloop
  endfacet
  facet normal -0.949639 -0.313347 0
    outer loop
      vertex -25.2431 5.55803 0
      vertex -25.2653 5.62531 1
      vertex -25.2653 5.62531 0
    endloop
  endfacet
  facet normal -0.949639 -0.313347 0
    outer loop
      vertex -25.2653 5.62531 1
      vertex -25.2431 5.55803 0
      vertex -25.2431 5.55803 1
    endloop
  endfacet
  facet normal -0.913292 -0.407305 0
    outer loop
      vertex -25.2159 5.49704 0
      vertex -25.2431 5.55803 1
      vertex -25.2431 5.55803 0
    endloop
  endfacet
  facet normal -0.913292 -0.407305 0
    outer loop
      vertex -25.2431 5.55803 1
      vertex -25.2159 5.49704 0
      vertex -25.2159 5.49704 1
    endloop
  endfacet
  facet normal -0.862662 -0.50578 0
    outer loop
      vertex -25.1838 5.44229 0
      vertex -25.2159 5.49704 1
      vertex -25.2159 5.49704 0
    endloop
  endfacet
  facet normal -0.862662 -0.50578 0
    outer loop
      vertex -25.2159 5.49704 1
      vertex -25.1838 5.44229 0
      vertex -25.1838 5.44229 1
    endloop
  endfacet
  facet normal -0.794777 -0.606902 0
    outer loop
      vertex -25.1472 5.39436 0
      vertex -25.1838 5.44229 1
      vertex -25.1838 5.44229 0
    endloop
  endfacet
  facet normal -0.794777 -0.606902 0
    outer loop
      vertex -25.1838 5.44229 1
      vertex -25.1472 5.39436 0
      vertex -25.1472 5.39436 1
    endloop
  endfacet
  facet normal -0.707456 -0.706758 0
    outer loop
      vertex -25.1472 5.39436 0
      vertex -25.1067 5.35382 1
      vertex -25.1472 5.39436 1
    endloop
  endfacet
  facet normal -0.707456 -0.706758 -0
    outer loop
      vertex -25.1067 5.35382 1
      vertex -25.1472 5.39436 0
      vertex -25.1067 5.35382 0
    endloop
  endfacet
  facet normal -0.597865 -0.801597 0
    outer loop
      vertex -25.1067 5.35382 0
      vertex -25.0622 5.32063 1
      vertex -25.1067 5.35382 1
    endloop
  endfacet
  facet normal -0.597865 -0.801597 -0
    outer loop
      vertex -25.0622 5.32063 1
      vertex -25.1067 5.35382 0
      vertex -25.0622 5.32063 0
    endloop
  endfacet
  facet normal -0.469643 -0.882856 0
    outer loop
      vertex -25.0622 5.32063 0
      vertex -25.0137 5.29483 1
      vertex -25.0622 5.32063 1
    endloop
  endfacet
  facet normal -0.469643 -0.882856 -0
    outer loop
      vertex -25.0137 5.29483 1
      vertex -25.0622 5.32063 0
      vertex -25.0137 5.29483 0
    endloop
  endfacet
  facet normal -0.331231 -0.94355 0
    outer loop
      vertex -25.0137 5.29483 0
      vertex -24.9612 5.2764 1
      vertex -25.0137 5.29483 1
    endloop
  endfacet
  facet normal -0.331231 -0.94355 -0
    outer loop
      vertex -24.9612 5.2764 1
      vertex -25.0137 5.29483 0
      vertex -24.9612 5.2764 0
    endloop
  endfacet
  facet normal -0.192267 -0.981343 0
    outer loop
      vertex -24.9612 5.2764 0
      vertex -24.9048 5.26535 1
      vertex -24.9612 5.2764 1
    endloop
  endfacet
  facet normal -0.192267 -0.981343 -0
    outer loop
      vertex -24.9048 5.26535 1
      vertex -24.9612 5.2764 0
      vertex -24.9048 5.26535 0
    endloop
  endfacet
  facet normal -0.060979 -0.998139 0
    outer loop
      vertex -24.9048 5.26535 0
      vertex -24.8444 5.26166 1
      vertex -24.9048 5.26535 1
    endloop
  endfacet
  facet normal -0.060979 -0.998139 -0
    outer loop
      vertex -24.8444 5.26166 1
      vertex -24.9048 5.26535 0
      vertex -24.8444 5.26166 0
    endloop
  endfacet
  facet normal 0.0602184 -0.998185 0
    outer loop
      vertex -24.8444 5.26166 0
      vertex -24.7834 5.26534 1
      vertex -24.8444 5.26166 1
    endloop
  endfacet
  facet normal 0.0602184 -0.998185 0
    outer loop
      vertex -24.7834 5.26534 1
      vertex -24.8444 5.26166 0
      vertex -24.7834 5.26534 0
    endloop
  endfacet
  facet normal 0.190473 -0.981693 0
    outer loop
      vertex -24.7834 5.26534 0
      vertex -24.7265 5.27638 1
      vertex -24.7834 5.26534 1
    endloop
  endfacet
  facet normal 0.190473 -0.981693 0
    outer loop
      vertex -24.7265 5.27638 1
      vertex -24.7834 5.26534 0
      vertex -24.7265 5.27638 0
    endloop
  endfacet
  facet normal 0.329076 -0.944304 0
    outer loop
      vertex -24.7265 5.27638 0
      vertex -24.6737 5.29478 1
      vertex -24.7265 5.27638 1
    endloop
  endfacet
  facet normal 0.329076 -0.944304 0
    outer loop
      vertex -24.6737 5.29478 1
      vertex -24.7265 5.27638 0
      vertex -24.6737 5.29478 0
    endloop
  endfacet
  facet normal 0.467854 -0.883806 0
    outer loop
      vertex -24.6737 5.29478 0
      vertex -24.625 5.32056 1
      vertex -24.6737 5.29478 1
    endloop
  endfacet
  facet normal 0.467854 -0.883806 0
    outer loop
      vertex -24.625 5.32056 1
      vertex -24.6737 5.29478 0
      vertex -24.625 5.32056 0
    endloop
  endfacet
  facet normal 0.597286 -0.802028 0
    outer loop
      vertex -24.625 5.32056 0
      vertex -24.5805 5.3537 1
      vertex -24.625 5.32056 1
    endloop
  endfacet
  facet normal 0.597286 -0.802028 0
    outer loop
      vertex -24.5805 5.3537 1
      vertex -24.625 5.32056 0
      vertex -24.5805 5.3537 0
    endloop
  endfacet
  facet normal 0.70798 -0.706232 0
    outer loop
      vertex -24.5805 5.3537 1
      vertex -24.5401 5.3942 0
      vertex -24.5401 5.3942 1
    endloop
  endfacet
  facet normal 0.70798 -0.706232 0
    outer loop
      vertex -24.5401 5.3942 0
      vertex -24.5805 5.3537 1
      vertex -24.5805 5.3537 0
    endloop
  endfacet
  facet normal 0.796691 -0.604386 0
    outer loop
      vertex -24.5401 5.3942 1
      vertex -24.5038 5.44205 0
      vertex -24.5038 5.44205 1
    endloop
  endfacet
  facet normal 0.796691 -0.604386 0
    outer loop
      vertex -24.5038 5.44205 0
      vertex -24.5401 5.3942 1
      vertex -24.5401 5.3942 0
    endloop
  endfacet
  facet normal 0.864443 -0.50273 0
    outer loop
      vertex -24.5038 5.44205 1
      vertex -24.472 5.49673 0
      vertex -24.472 5.49673 1
    endloop
  endfacet
  facet normal 0.864443 -0.50273 0
    outer loop
      vertex -24.472 5.49673 0
      vertex -24.5038 5.44205 1
      vertex -24.5038 5.44205 0
    endloop
  endfacet
  facet normal 0.914861 -0.40377 0
    outer loop
      vertex -24.472 5.49673 1
      vertex -24.4451 5.55768 0
      vertex -24.4451 5.55768 1
    endloop
  endfacet
  facet normal 0.914861 -0.40377 0
    outer loop
      vertex -24.4451 5.55768 0
      vertex -24.472 5.49673 1
      vertex -24.472 5.49673 0
    endloop
  endfacet
  facet normal 0.950449 -0.310881 0
    outer loop
      vertex -24.4451 5.55768 1
      vertex -24.4231 5.62494 0
      vertex -24.4231 5.62494 1
    endloop
  endfacet
  facet normal 0.950449 -0.310881 0
    outer loop
      vertex -24.4231 5.62494 0
      vertex -24.4451 5.55768 1
      vertex -24.4451 5.55768 0
    endloop
  endfacet
  facet normal 0.974008 -0.226513 0
    outer loop
      vertex -24.4231 5.62494 1
      vertex -24.406 5.69847 0
      vertex -24.406 5.69847 1
    endloop
  endfacet
  facet normal 0.974008 -0.226513 0
    outer loop
      vertex -24.406 5.69847 0
      vertex -24.4231 5.62494 1
      vertex -24.4231 5.62494 0
    endloop
  endfacet
  facet normal 0.988334 -0.152299 0
    outer loop
      vertex -24.406 5.69847 1
      vertex -24.3937 5.77829 0
      vertex -24.3937 5.77829 1
    endloop
  endfacet
  facet normal 0.988334 -0.152299 0
    outer loop
      vertex -24.3937 5.77829 0
      vertex -24.406 5.69847 1
      vertex -24.406 5.69847 0
    endloop
  endfacet
  facet normal 0.996426 -0.0844723 0
    outer loop
      vertex -24.3937 5.77829 1
      vertex -24.3864 5.8644 0
      vertex -24.3864 5.8644 1
    endloop
  endfacet
  facet normal 0.996426 -0.0844723 0
    outer loop
      vertex -24.3864 5.8644 0
      vertex -24.3937 5.77829 1
      vertex -24.3937 5.77829 0
    endloop
  endfacet
  facet normal 0.999663 -0.0259737 0
    outer loop
      vertex -24.3864 5.8644 1
      vertex -24.384 5.95677 0
      vertex -24.384 5.95677 1
    endloop
  endfacet
  facet normal 0.999663 -0.0259737 0
    outer loop
      vertex -24.384 5.95677 0
      vertex -24.3864 5.8644 1
      vertex -24.3864 5.8644 0
    endloop
  endfacet
  facet normal 0.999659 0.0261036 0
    outer loop
      vertex -24.384 5.95677 1
      vertex -24.3864 6.04868 0
      vertex -24.3864 6.04868 1
    endloop
  endfacet
  facet normal 0.999659 0.0261036 0
    outer loop
      vertex -24.3864 6.04868 0
      vertex -24.384 5.95677 1
      vertex -24.384 5.95677 0
    endloop
  endfacet
  facet normal 0.996394 0.084844 0
    outer loop
      vertex -24.3864 6.04868 1
      vertex -24.3937 6.13441 0
      vertex -24.3937 6.13441 1
    endloop
  endfacet
  facet normal 0.996394 0.084844 0
    outer loop
      vertex -24.3937 6.13441 0
      vertex -24.3864 6.04868 1
      vertex -24.3864 6.04868 0
    endloop
  endfacet
  facet normal 0.988268 0.152729 0
    outer loop
      vertex -24.3937 6.13441 1
      vertex -24.406 6.214 0
      vertex -24.406 6.214 1
    endloop
  endfacet
  facet normal 0.988268 0.152729 0
    outer loop
      vertex -24.406 6.214 0
      vertex -24.3937 6.13441 1
      vertex -24.3937 6.13441 0
    endloop
  endfacet
  facet normal 0.97394 0.226806 0
    outer loop
      vertex -24.406 6.214 1
      vertex -24.4231 6.28743 0
      vertex -24.4231 6.28743 1
    endloop
  endfacet
  facet normal 0.97394 0.226806 0
    outer loop
      vertex -24.4231 6.28743 0
      vertex -24.406 6.214 1
      vertex -24.406 6.214 0
    endloop
  endfacet
  facet normal 0.95049 0.310756 0
    outer loop
      vertex -24.4231 6.28743 1
      vertex -24.4451 6.35472 0
      vertex -24.4451 6.35472 1
    endloop
  endfacet
  facet normal 0.95049 0.310756 0
    outer loop
      vertex -24.4451 6.35472 0
      vertex -24.4231 6.28743 1
      vertex -24.4231 6.28743 0
    endloop
  endfacet
  facet normal 0.9153 0.402774 0
    outer loop
      vertex -24.4451 6.35472 1
      vertex -24.472 6.41585 0
      vertex -24.472 6.41585 1
    endloop
  endfacet
  facet normal 0.9153 0.402774 0
    outer loop
      vertex -24.472 6.41585 0
      vertex -24.4451 6.35472 1
      vertex -24.4451 6.35472 0
    endloop
  endfacet
  facet normal 0.865635 0.500676 0
    outer loop
      vertex -24.472 6.41585 1
      vertex -24.5038 6.47083 0
      vertex -24.5038 6.47083 1
    endloop
  endfacet
  facet normal 0.865635 0.500676 0
    outer loop
      vertex -24.5038 6.47083 0
      vertex -24.472 6.41585 1
      vertex -24.472 6.41585 0
    endloop
  endfacet
  facet normal 0.798685 0.601749 0
    outer loop
      vertex -24.5038 6.47083 1
      vertex -24.5401 6.51901 0
      vertex -24.5401 6.51901 1
    endloop
  endfacet
  facet normal 0.798685 0.601749 0
    outer loop
      vertex -24.5401 6.51901 0
      vertex -24.5038 6.47083 1
      vertex -24.5038 6.47083 0
    endloop
  endfacet
  facet normal 0.710495 0.703702 0
    outer loop
      vertex -24.5401 6.51901 1
      vertex -24.5805 6.5598 0
      vertex -24.5805 6.5598 1
    endloop
  endfacet
  facet normal 0.710495 0.703702 0
    outer loop
      vertex -24.5805 6.5598 0
      vertex -24.5401 6.51901 1
      vertex -24.5401 6.51901 0
    endloop
  endfacet
  facet normal 0.600576 0.799568 -0
    outer loop
      vertex -24.5805 6.5598 0
      vertex -24.6249 6.59315 1
      vertex -24.5805 6.5598 1
    endloop
  endfacet
  facet normal 0.600576 0.799568 0
    outer loop
      vertex -24.6249 6.59315 1
      vertex -24.5805 6.5598 0
      vertex -24.6249 6.59315 0
    endloop
  endfacet
  facet normal 0.471909 0.881647 -0
    outer loop
      vertex -24.6249 6.59315 0
      vertex -24.6734 6.61911 1
      vertex -24.6249 6.59315 1
    endloop
  endfacet
  facet normal 0.471909 0.881647 0
    outer loop
      vertex -24.6734 6.61911 1
      vertex -24.6249 6.59315 0
      vertex -24.6734 6.61911 0
    endloop
  endfacet
  facet normal 0.332989 0.942931 -0
    outer loop
      vertex -24.6734 6.61911 0
      vertex -24.7259 6.63765 1
      vertex -24.6734 6.61911 1
    endloop
  endfacet
  facet normal 0.332989 0.942931 0
    outer loop
      vertex -24.7259 6.63765 1
      vertex -24.6734 6.61911 0
      vertex -24.7259 6.63765 0
    endloop
  endfacet
  facet normal 0.192614 0.981275 -0
    outer loop
      vertex -24.7259 6.63765 0
      vertex -24.7825 6.64876 1
      vertex -24.7259 6.63765 1
    endloop
  endfacet
  facet normal 0.192614 0.981275 0
    outer loop
      vertex -24.7825 6.64876 1
      vertex -24.7259 6.63765 0
      vertex -24.7825 6.64876 0
    endloop
  endfacet
  facet normal 0.0610064 0.998137 -0
    outer loop
      vertex -24.7825 6.64876 0
      vertex -24.8432 6.65247 1
      vertex -24.7825 6.64876 1
    endloop
  endfacet
  facet normal 0.0610064 0.998137 0
    outer loop
      vertex -24.8432 6.65247 1
      vertex -24.7825 6.64876 0
      vertex -24.8432 6.65247 0
    endloop
  endfacet
  facet normal -0.0608426 0.998147 0
    outer loop
      vertex -24.8432 6.65247 0
      vertex -24.9039 6.64877 1
      vertex -24.8432 6.65247 1
    endloop
  endfacet
  facet normal -0.0608426 0.998147 0
    outer loop
      vertex -24.9039 6.64877 1
      vertex -24.8432 6.65247 0
      vertex -24.9039 6.64877 0
    endloop
  endfacet
  facet normal 1 -0 0
    outer loop
      vertex -25.5 2 39.8
      vertex -25.5 2.4 24.8
      vertex -25.5 2.4 39.8
    endloop
  endfacet
  facet normal 1 0 0
    outer loop
      vertex -25.5 2.4 24.8
      vertex -25.5 2 39.8
      vertex -25.5 2 24.8
    endloop
  endfacet
  facet normal -0 0 1
    outer loop
      vertex -25.5 2.4 24.8
      vertex 25.5 2 24.8
      vertex 25.5 2.4 24.8
    endloop
  endfacet
  facet normal 0 0 1
    outer loop
      vertex 25.5 2 24.8
      vertex -25.5 2.4 24.8
      vertex -25.5 2 24.8
    endloop
  endfacet
  facet normal -1 0 0
    outer loop
      vertex 25.5 2 24.8
      vertex 25.5 2.4 39.8
      vertex 25.5 2.4 24.8
    endloop
  endfacet
  facet normal -1 -0 0
    outer loop
      vertex 25.5 2.4 39.8
      vertex 25.5 2 24.8
      vertex 25.5 2 39.8
    endloop
  endfacet
  facet normal 0 0 -1
    outer loop
      vertex -25.5 2 39.8
      vertex 25.5 2.4 39.8
      vertex 25.5 2 39.8
    endloop
  endfacet
  facet normal -0 0 -1
    outer loop
      vertex 25.5 2.4 39.8
      vertex -25.5 2 39.8
      vertex -25.5 2.4 39.8
    endloop
  endfacet
  facet normal 0 1 -0
    outer loop
      vertex 25.5 2 24.8
      vertex -25.5 2 39.8
      vertex 25.5 2 39.8
    endloop
  endfacet
  facet normal 0 1 0
    outer loop
      vertex -25.5 2 39.8
      vertex 25.5 2 24.8
      vertex -25.5 2 24.8
    endloop
  endfacet
endsolid OpenSCAD_Model
