solid OpenSCAD_Model
  facet normal -1 0 0
    outer loop
      vertex -32.5 1 1
      vertex -32.5 41 2
      vertex -32.5 41 1
    endloop
  endfacet
  facet normal -1 -0 0
    outer loop
      vertex -32.5 41 2
      vertex -32.5 1 1
      vertex -32.5 1 2
    endloop
  endfacet
  facet normal -0 0 1
    outer loop
      vertex -22.4273 34.2545 2
      vertex 7.4 30.1 2
      vertex -22.2465 34.7871 2
    endloop
  endfacet
  facet normal 0 0 1
    outer loop
      vertex -18 9.9 2
      vertex -22.1368 6.66126 2
      vertex -22.1 6.1 2
    endloop
  endfacet
  facet normal -0 0 1
    outer loop
      vertex -22.6761 33.75 2
      vertex 7.4 30.1 2
      vertex -22.4273 34.2545 2
    endloop
  endfacet
  facet normal 0 0 1
    outer loop
      vertex -18 9.9 2
      vertex -22.2465 7.21292 2
      vertex -22.1368 6.66126 2
    endloop
  endfacet
  facet normal 0 0 1
    outer loop
      vertex 7.4 30.1 2
      vertex -22.6761 33.75 2
      vertex -18 9.9 2
    endloop
  endfacet
  facet normal 0 0 1
    outer loop
      vertex -18 9.9 2
      vertex -22.4273 7.74554 2
      vertex -22.2465 7.21292 2
    endloop
  endfacet
  facet normal -0 0 1
    outer loop
      vertex -22.9886 33.2823 2
      vertex -18 9.9 2
      vertex -22.6761 33.75 2
    endloop
  endfacet
  facet normal 0 0 1
    outer loop
      vertex -18 9.9 2
      vertex -22.6761 8.25 2
      vertex -22.4273 7.74554 2
    endloop
  endfacet
  facet normal -0 0 1
    outer loop
      vertex -23.3594 32.8594 2
      vertex -18 9.9 2
      vertex -22.9886 33.2823 2
    endloop
  endfacet
  facet normal 0 0 1
    outer loop
      vertex -18 9.9 2
      vertex -22.9886 8.71767 2
      vertex -22.6761 8.25 2
    endloop
  endfacet
  facet normal -0 0 1
    outer loop
      vertex -23.7823 32.4886 2
      vertex -18 9.9 2
      vertex -23.3594 32.8594 2
    endloop
  endfacet
  facet normal 0 0 1
    outer loop
      vertex -18 9.9 2
      vertex -23.3594 9.14056 2
      vertex -22.9886 8.71767 2
    endloop
  endfacet
  facet normal -0 0 1
    outer loop
      vertex -24.25 32.1761 2
      vertex -18 9.9 2
      vertex -23.7823 32.4886 2
    endloop
  endfacet
  facet normal 0 0 1
    outer loop
      vertex -18 9.9 2
      vertex -23.7823 9.51142 2
      vertex -23.3594 9.14056 2
    endloop
  endfacet
  facet normal -0 0 1
    outer loop
      vertex -24.7545 31.9273 2
      vertex -18 9.9 2
      vertex -24.25 32.1761 2
    endloop
  endfacet
  facet normal 0 0 1
    outer loop
      vertex -18 9.9 2
      vertex -24.25 9.82391 2
      vertex -23.7823 9.51142 2
    endloop
  endfacet
  facet normal -0 0 1
    outer loop
      vertex -24.7545 10.0727 2
      vertex -18 9.9 2
      vertex -24.7545 31.9273 2
    endloop
  endfacet
  facet normal 0 0 1
    outer loop
      vertex -18 9.9 2
      vertex -24.7545 10.0727 2
      vertex -24.25 9.82391 2
    endloop
  endfacet
  facet normal -0 0 1
    outer loop
      vertex -25.2871 31.7465 2
      vertex -24.7545 10.0727 2
      vertex -24.7545 31.9273 2
    endloop
  endfacet
  facet normal 0 0 1
    outer loop
      vertex -25.2871 31.7465 2
      vertex -25.2871 10.2535 2
      vertex -24.7545 10.0727 2
    endloop
  endfacet
  facet normal -0 0 1
    outer loop
      vertex -25.8387 31.6368 2
      vertex -25.2871 10.2535 2
      vertex -25.2871 31.7465 2
    endloop
  endfacet
  facet normal 0 0 1
    outer loop
      vertex -25.8387 31.6368 2
      vertex -25.8387 10.3632 2
      vertex -25.2871 10.2535 2
    endloop
  endfacet
  facet normal 0 0 1
    outer loop
      vertex -28.7 30.6 2
      vertex -25.8387 31.6368 2
      vertex -26.4 31.6 2
    endloop
  endfacet
  facet normal 0 0 1
    outer loop
      vertex -25.8387 31.6368 2
      vertex -28.7 30.6 2
      vertex -25.8387 10.3632 2
    endloop
  endfacet
  facet normal 0 0 1
    outer loop
      vertex -28.7 30.6 2
      vertex -26.4 31.6 2
      vertex -26.9613 31.6368 2
    endloop
  endfacet
  facet normal -0 0 1
    outer loop
      vertex -28.7 11.4 2
      vertex -25.8387 10.3632 2
      vertex -28.7 30.6 2
    endloop
  endfacet
  facet normal 0 0 1
    outer loop
      vertex -28.7 30.6 2
      vertex -26.9613 31.6368 2
      vertex -27.5129 31.7465 2
    endloop
  endfacet
  facet normal 0 0 1
    outer loop
      vertex -25.8387 10.3632 2
      vertex -28.7 11.4 2
      vertex -26.4 10.4 2
    endloop
  endfacet
  facet normal 0 0 1
    outer loop
      vertex -28.7 30.6 2
      vertex -27.5129 31.7465 2
      vertex -28.0455 31.9273 2
    endloop
  endfacet
  facet normal 0 0 1
    outer loop
      vertex -26.4 10.4 2
      vertex -28.7 11.4 2
      vertex -26.9613 10.3632 2
    endloop
  endfacet
  facet normal 0 0 1
    outer loop
      vertex -28.7 30.6 2
      vertex -28.0455 31.9273 2
      vertex -28.55 32.1761 2
    endloop
  endfacet
  facet normal 0 0 1
    outer loop
      vertex -26.9613 10.3632 2
      vertex -28.7 11.4 2
      vertex -27.5129 10.2535 2
    endloop
  endfacet
  facet normal 0 0 1
    outer loop
      vertex -27.5129 10.2535 2
      vertex -28.7 11.4 2
      vertex -28.0455 10.0727 2
    endloop
  endfacet
  facet normal 0 0 1
    outer loop
      vertex -29.9 30.6 2
      vertex -28.55 32.1761 2
      vertex -29.0177 32.4886 2
    endloop
  endfacet
  facet normal 0 0 1
    outer loop
      vertex -29.9 30.6 2
      vertex -29.0177 32.4886 2
      vertex -29.4406 32.8594 2
    endloop
  endfacet
  facet normal 0 0 1
    outer loop
      vertex -29.9 30.6 2
      vertex -29.4406 32.8594 2
      vertex -29.8114 33.2823 2
    endloop
  endfacet
  facet normal 0 0 1
    outer loop
      vertex -29.9 30.6 2
      vertex -29.8114 33.2823 2
      vertex -29.9 33.4149 2
    endloop
  endfacet
  facet normal 0 0 1
    outer loop
      vertex -28.55 32.1761 2
      vertex -29.9 30.6 2
      vertex -28.7 30.6 2
    endloop
  endfacet
  facet normal 0 0 1
    outer loop
      vertex 7.6 11.9 2
      vertex 7.4 11.9 2
      vertex 7.6 10.7 2
    endloop
  endfacet
  facet normal 0 0 1
    outer loop
      vertex -28.0455 10.0727 2
      vertex -28.7 11.4 2
      vertex -28.55 9.82391 2
    endloop
  endfacet
  facet normal -0 0 1
    outer loop
      vertex -29.9 11.4 2
      vertex -28.55 9.82391 2
      vertex -28.7 11.4 2
    endloop
  endfacet
  facet normal 0 0 1
    outer loop
      vertex -28.55 9.82391 2
      vertex -29.9 11.4 2
      vertex -29.0177 9.51142 2
    endloop
  endfacet
  facet normal 0 0 1
    outer loop
      vertex -29.0177 9.51142 2
      vertex -29.9 11.4 2
      vertex -29.4406 9.14056 2
    endloop
  endfacet
  facet normal 0 0 1
    outer loop
      vertex -29.4406 9.14056 2
      vertex -29.9 11.4 2
      vertex -29.8114 8.71767 2
    endloop
  endfacet
  facet normal 0 0 1
    outer loop
      vertex -29.8114 8.71767 2
      vertex -29.9 11.4 2
      vertex -29.9 8.5851 2
    endloop
  endfacet
  facet normal -0 0 1
    outer loop
      vertex 11.1 14.6 2
      vertex 18 9.9 2
      vertex 11.1 27.4 2
    endloop
  endfacet
  facet normal -0 0 1
    outer loop
      vertex 8.9 30.1 2
      vertex 11.1 27.4 2
      vertex 13.1 30.1 2
    endloop
  endfacet
  facet normal 0 0 1
    outer loop
      vertex 9.1 27.4 2
      vertex 8.9 30.1 2
      vertex 9.1 14.6 2
    endloop
  endfacet
  facet normal 0 0 1
    outer loop
      vertex 11.1 27.4 2
      vertex 8.9 30.1 2
      vertex 9.1 27.4 2
    endloop
  endfacet
  facet normal 0 0 1
    outer loop
      vertex 22.1 6.1 2
      vertex 18.5 3.8 2
      vertex 21.1 3.8 2
    endloop
  endfacet
  facet normal -0 0 1
    outer loop
      vertex 18 8.7 2
      vertex 18.5 3.8 2
      vertex 18 9.9 2
    endloop
  endfacet
  facet normal 0 0 1
    outer loop
      vertex 22.2465 34.7871 2
      vertex 18 9.9 2
      vertex 18.5 3.8 2
    endloop
  endfacet
  facet normal 0 0 1
    outer loop
      vertex 22.2465 34.7871 2
      vertex 13.1 31.3 2
      vertex 13.1 30.1 2
    endloop
  endfacet
  facet normal 0 0 1
    outer loop
      vertex 21.1 38.2 2
      vertex 7.6 31.3 2
      vertex 13.1 31.3 2
    endloop
  endfacet
  facet normal 0 0 1
    outer loop
      vertex 7.6 31.3 2
      vertex 7.4 30.1 2
      vertex 7.6 30.1 2
    endloop
  endfacet
  facet normal 0 0 1
    outer loop
      vertex 7.4 30.1 2
      vertex -18 9.9 2
      vertex 7.4 11.9 2
    endloop
  endfacet
  facet normal 0 0 1
    outer loop
      vertex -21.1 38.2 2
      vertex 7.4 30.1 2
      vertex 7.6 31.3 2
    endloop
  endfacet
  facet normal 0 0 1
    outer loop
      vertex -22.1 6.1 2
      vertex -18 8.7 2
      vertex -18 9.9 2
    endloop
  endfacet
  facet normal -0 0 1
    outer loop
      vertex -21.1 38.2 2
      vertex 7.6 31.3 2
      vertex 21.1 38.2 2
    endloop
  endfacet
  facet normal 0 0 1
    outer loop
      vertex -22.1368 35.3387 2
      vertex -21.1 38.2 2
      vertex -22.1 35.9 2
    endloop
  endfacet
  facet normal 0 0 1
    outer loop
      vertex -22.2465 34.7871 2
      vertex -21.1 38.2 2
      vertex -22.1368 35.3387 2
    endloop
  endfacet
  facet normal 0 0 1
    outer loop
      vertex -21.1 38.2 2
      vertex -22.2465 34.7871 2
      vertex 7.4 30.1 2
    endloop
  endfacet
  facet normal 0 0 1
    outer loop
      vertex 22.2465 34.7871 2
      vertex 13.1 30.1 2
      vertex 18 9.9 2
    endloop
  endfacet
  facet normal -0 0 1
    outer loop
      vertex 11.1 27.4 2
      vertex 18 9.9 2
      vertex 13.1 30.1 2
    endloop
  endfacet
  facet normal -0 0 1
    outer loop
      vertex 13.1 10.7 2
      vertex 18 9.9 2
      vertex 13.1 11.9 2
    endloop
  endfacet
  facet normal -0 0 1
    outer loop
      vertex 7.6 10.7 2
      vertex 18 9.9 2
      vertex 13.1 10.7 2
    endloop
  endfacet
  facet normal 0 0 1
    outer loop
      vertex 7.6 10.7 2
      vertex -18 9.9 2
      vertex 18 9.9 2
    endloop
  endfacet
  facet normal 0 0 1
    outer loop
      vertex -18 9.9 2
      vertex 7.6 10.7 2
      vertex 7.4 11.9 2
    endloop
  endfacet
  facet normal 0 0 1
    outer loop
      vertex 18 9.9 2
      vertex 11.1 14.6 2
      vertex 13.1 11.9 2
    endloop
  endfacet
  facet normal 0 0 1
    outer loop
      vertex 8.9 11.9 2
      vertex 11.1 14.6 2
      vertex 9.1 14.6 2
    endloop
  endfacet
  facet normal 0 0 1
    outer loop
      vertex 11.1 14.6 2
      vertex 8.9 11.9 2
      vertex 13.1 11.9 2
    endloop
  endfacet
  facet normal 0 0 1
    outer loop
      vertex 8.9 11.9 2
      vertex 9.1 14.6 2
      vertex 8.9 30.1 2
    endloop
  endfacet
  facet normal 0 0 1
    outer loop
      vertex 32.5 16.53 2
      vertex 29.8114 8.71767 2
      vertex 29.9 8.5851 2
    endloop
  endfacet
  facet normal 0 0 1
    outer loop
      vertex 29.9 14.6 2
      vertex 29.4406 9.14056 2
      vertex 29.8114 8.71767 2
    endloop
  endfacet
  facet normal 0 0 1
    outer loop
      vertex 29.9 14.6 2
      vertex 29.0177 9.51142 2
      vertex 29.4406 9.14056 2
    endloop
  endfacet
  facet normal 0 0 1
    outer loop
      vertex 29.9 14.6 2
      vertex 28.55 9.82391 2
      vertex 29.0177 9.51142 2
    endloop
  endfacet
  facet normal 0 0 1
    outer loop
      vertex 29.9 14.6 2
      vertex 28.0455 10.0727 2
      vertex 28.55 9.82391 2
    endloop
  endfacet
  facet normal -0 0 1
    outer loop
      vertex 27.9 14.6 2
      vertex 28.0455 10.0727 2
      vertex 29.9 14.6 2
    endloop
  endfacet
  facet normal 0 0 1
    outer loop
      vertex 27.9 14.6 2
      vertex 27.5129 10.2535 2
      vertex 28.0455 10.0727 2
    endloop
  endfacet
  facet normal -0 0 1
    outer loop
      vertex 26.4 31.6 2
      vertex 27.9 27.4 2
      vertex 26.9613 31.6368 2
    endloop
  endfacet
  facet normal 0 0 1
    outer loop
      vertex 25.8387 31.6368 2
      vertex 27.9 27.4 2
      vertex 26.4 31.6 2
    endloop
  endfacet
  facet normal 0 0 1
    outer loop
      vertex 27.9 14.6 2
      vertex 26.9613 10.3632 2
      vertex 27.5129 10.2535 2
    endloop
  endfacet
  facet normal 0 0 1
    outer loop
      vertex 25.2871 31.7465 2
      vertex 27.9 27.4 2
      vertex 25.8387 31.6368 2
    endloop
  endfacet
  facet normal 0 0 1
    outer loop
      vertex 27.9 14.6 2
      vertex 26.4 10.4 2
      vertex 26.9613 10.3632 2
    endloop
  endfacet
  facet normal 0 0 1
    outer loop
      vertex 24.7545 31.9273 2
      vertex 27.9 27.4 2
      vertex 25.2871 31.7465 2
    endloop
  endfacet
  facet normal 0 0 1
    outer loop
      vertex 27.9 14.6 2
      vertex 25.8387 10.3632 2
      vertex 26.4 10.4 2
    endloop
  endfacet
  facet normal 0 0 1
    outer loop
      vertex 24.25 32.1761 2
      vertex 27.9 27.4 2
      vertex 24.7545 31.9273 2
    endloop
  endfacet
  facet normal 0 0 1
    outer loop
      vertex 27.9 14.6 2
      vertex 25.2871 10.2535 2
      vertex 25.8387 10.3632 2
    endloop
  endfacet
  facet normal 0 0 1
    outer loop
      vertex 23.7823 32.4886 2
      vertex 27.9 27.4 2
      vertex 24.25 32.1761 2
    endloop
  endfacet
  facet normal 0 0 1
    outer loop
      vertex 27.9 14.6 2
      vertex 24.7545 10.0727 2
      vertex 25.2871 10.2535 2
    endloop
  endfacet
  facet normal 0 0 1
    outer loop
      vertex 27.9 27.4 2
      vertex 23.7823 32.4886 2
      vertex 27.9 14.6 2
    endloop
  endfacet
  facet normal 0 0 1
    outer loop
      vertex 27.9 14.6 2
      vertex 24.25 9.82391 2
      vertex 24.7545 10.0727 2
    endloop
  endfacet
  facet normal 0 0 1
    outer loop
      vertex 23.7823 9.51142 2
      vertex 27.9 14.6 2
      vertex 23.7823 32.4886 2
    endloop
  endfacet
  facet normal 0 0 1
    outer loop
      vertex 27.9 14.6 2
      vertex 23.7823 9.51142 2
      vertex 24.25 9.82391 2
    endloop
  endfacet
  facet normal 0 0 1
    outer loop
      vertex 23.3594 32.8594 2
      vertex 23.7823 9.51142 2
      vertex 23.7823 32.4886 2
    endloop
  endfacet
  facet normal 0 0 1
    outer loop
      vertex 23.3594 32.8594 2
      vertex 23.3594 9.14056 2
      vertex 23.7823 9.51142 2
    endloop
  endfacet
  facet normal 0 0 1
    outer loop
      vertex 22.9886 33.2823 2
      vertex 23.3594 9.14056 2
      vertex 23.3594 32.8594 2
    endloop
  endfacet
  facet normal 0 0 1
    outer loop
      vertex 22.9886 33.2823 2
      vertex 22.9886 8.71767 2
      vertex 23.3594 9.14056 2
    endloop
  endfacet
  facet normal 0 0 1
    outer loop
      vertex 18.5 3.8 2
      vertex 22.9886 33.2823 2
      vertex 22.6761 33.75 2
    endloop
  endfacet
  facet normal 0 0 1
    outer loop
      vertex 22.9886 33.2823 2
      vertex 18.5 3.8 2
      vertex 22.9886 8.71767 2
    endloop
  endfacet
  facet normal 0 0 1
    outer loop
      vertex 18.5 3.8 2
      vertex 22.6761 33.75 2
      vertex 22.4273 34.2545 2
    endloop
  endfacet
  facet normal 0 0 1
    outer loop
      vertex 22.9886 8.71767 2
      vertex 18.5 3.8 2
      vertex 22.6761 8.25 2
    endloop
  endfacet
  facet normal 0 0 1
    outer loop
      vertex 18.5 3.8 2
      vertex 22.4273 34.2545 2
      vertex 22.2465 34.7871 2
    endloop
  endfacet
  facet normal 0 0 1
    outer loop
      vertex 22.6761 8.25 2
      vertex 18.5 3.8 2
      vertex 22.4273 7.74554 2
    endloop
  endfacet
  facet normal 0 0 1
    outer loop
      vertex 13.1 31.3 2
      vertex 22.1368 35.3387 2
      vertex 21.1 38.2 2
    endloop
  endfacet
  facet normal 0 0 1
    outer loop
      vertex 22.1368 35.3387 2
      vertex 13.1 31.3 2
      vertex 22.2465 34.7871 2
    endloop
  endfacet
  facet normal 0 0 1
    outer loop
      vertex 21.1 38.2 2
      vertex 22.1368 35.3387 2
      vertex 22.1 35.9 2
    endloop
  endfacet
  facet normal 0 0 1
    outer loop
      vertex 22.4273 7.74554 2
      vertex 18.5 3.8 2
      vertex 22.2465 7.21292 2
    endloop
  endfacet
  facet normal 0 0 1
    outer loop
      vertex 29.4406 38.9406 2
      vertex 32.5 41 2
      vertex 31.5 42 2
    endloop
  endfacet
  facet normal 0 0 1
    outer loop
      vertex 32.5 41 2
      vertex 29.9 33.4149 2
      vertex 32.5 25.47 2
    endloop
  endfacet
  facet normal 0 0 1
    outer loop
      vertex 30.1 25.47 2
      vertex 29.9 27.4 2
      vertex 30.1 16.53 2
    endloop
  endfacet
  facet normal 0 0 1
    outer loop
      vertex 32.5 25.47 2
      vertex 29.9 27.4 2
      vertex 30.1 25.47 2
    endloop
  endfacet
  facet normal 0 0 1
    outer loop
      vertex 32.5 41 2
      vertex 29.9 38.3851 2
      vertex 29.9 33.4149 2
    endloop
  endfacet
  facet normal 0 0 1
    outer loop
      vertex 32.5 41 2
      vertex 29.8114 38.5177 2
      vertex 29.9 38.3851 2
    endloop
  endfacet
  facet normal 0 0 1
    outer loop
      vertex 32.5 41 2
      vertex 29.4406 38.9406 2
      vertex 29.8114 38.5177 2
    endloop
  endfacet
  facet normal 0 0 1
    outer loop
      vertex 31.5 42 2
      vertex 29.0177 39.3114 2
      vertex 29.4406 38.9406 2
    endloop
  endfacet
  facet normal 0 0 1
    outer loop
      vertex 31.5 42 2
      vertex 28.8851 39.4 2
      vertex 29.0177 39.3114 2
    endloop
  endfacet
  facet normal 0 0 1
    outer loop
      vertex 31.5 42 2
      vertex 23.9149 39.4 2
      vertex 28.8851 39.4 2
    endloop
  endfacet
  facet normal 0 0 1
    outer loop
      vertex 22.1368 36.4613 2
      vertex 21.1 38.2 2
      vertex 22.1 35.9 2
    endloop
  endfacet
  facet normal 0 0 1
    outer loop
      vertex 22.2465 37.0129 2
      vertex 21.1 38.2 2
      vertex 22.1368 36.4613 2
    endloop
  endfacet
  facet normal 0 0 1
    outer loop
      vertex 22.4273 37.5455 2
      vertex 21.1 38.2 2
      vertex 22.2465 37.0129 2
    endloop
  endfacet
  facet normal 0 0 1
    outer loop
      vertex 22.6761 38.05 2
      vertex 21.1 38.2 2
      vertex 22.4273 37.5455 2
    endloop
  endfacet
  facet normal -0 0 1
    outer loop
      vertex 21.1 38.2 2
      vertex 22.6761 38.05 2
      vertex 21.1 39.4 2
    endloop
  endfacet
  facet normal 0 0 1
    outer loop
      vertex 22.9886 38.5177 2
      vertex 21.1 39.4 2
      vertex 22.6761 38.05 2
    endloop
  endfacet
  facet normal 0 0 1
    outer loop
      vertex 23.3594 38.9406 2
      vertex 21.1 39.4 2
      vertex 22.9886 38.5177 2
    endloop
  endfacet
  facet normal 0 0 1
    outer loop
      vertex 23.7823 39.3114 2
      vertex 21.1 39.4 2
      vertex 23.3594 38.9406 2
    endloop
  endfacet
  facet normal 0 0 1
    outer loop
      vertex 23.9149 39.4 2
      vertex 21.1 39.4 2
      vertex 23.7823 39.3114 2
    endloop
  endfacet
  facet normal 0 0 1
    outer loop
      vertex 31.5 42 2
      vertex 21.1 39.4 2
      vertex 23.9149 39.4 2
    endloop
  endfacet
  facet normal 0 0 1
    outer loop
      vertex 31.5 42 2
      vertex -21.1 39.4 2
      vertex 21.1 39.4 2
    endloop
  endfacet
  facet normal 0 0 1
    outer loop
      vertex -22.6761 38.05 2
      vertex -21.1 38.2 2
      vertex -21.1 39.4 2
    endloop
  endfacet
  facet normal 0 0 1
    outer loop
      vertex -18 8.7 2
      vertex -22.1 6.1 2
      vertex -18.5 3.8 2
    endloop
  endfacet
  facet normal 0 0 1
    outer loop
      vertex -18.5 3.8 2
      vertex -22.1 6.1 2
      vertex -21.1 3.8 2
    endloop
  endfacet
  facet normal 0 0 1
    outer loop
      vertex -21.1 38.2 2
      vertex -22.1368 36.4613 2
      vertex -22.1 35.9 2
    endloop
  endfacet
  facet normal 0 0 1
    outer loop
      vertex -21.1 38.2 2
      vertex -22.2465 37.0129 2
      vertex -22.1368 36.4613 2
    endloop
  endfacet
  facet normal 0 0 1
    outer loop
      vertex -21.1 38.2 2
      vertex -22.4273 37.5455 2
      vertex -22.2465 37.0129 2
    endloop
  endfacet
  facet normal 0 0 1
    outer loop
      vertex -21.1 38.2 2
      vertex -22.6761 38.05 2
      vertex -22.4273 37.5455 2
    endloop
  endfacet
  facet normal 0 0 1
    outer loop
      vertex -21.1 39.4 2
      vertex -22.9886 38.5177 2
      vertex -22.6761 38.05 2
    endloop
  endfacet
  facet normal 0 0 1
    outer loop
      vertex -21.1 39.4 2
      vertex -23.3594 38.9406 2
      vertex -22.9886 38.5177 2
    endloop
  endfacet
  facet normal 0 0 1
    outer loop
      vertex -21.1 39.4 2
      vertex -23.7823 39.3114 2
      vertex -23.3594 38.9406 2
    endloop
  endfacet
  facet normal -0 0 1
    outer loop
      vertex -31.5 42 2
      vertex -21.1 39.4 2
      vertex 31.5 42 2
    endloop
  endfacet
  facet normal 0 0 1
    outer loop
      vertex -21.1 39.4 2
      vertex -23.9149 39.4 2
      vertex -23.7823 39.3114 2
    endloop
  endfacet
  facet normal 0 0 1
    outer loop
      vertex -21.1 39.4 2
      vertex -31.5 42 2
      vertex -23.9149 39.4 2
    endloop
  endfacet
  facet normal 0 0 1
    outer loop
      vertex -32.5 41 2
      vertex -29.9 33.4149 2
      vertex -29.9 38.3851 2
    endloop
  endfacet
  facet normal 0 0 1
    outer loop
      vertex -29.9 33.4149 2
      vertex -32.5 41 2
      vertex -29.9 30.6 2
    endloop
  endfacet
  facet normal 0 0 1
    outer loop
      vertex -29.9 30.6 2
      vertex -32.5 41 2
      vertex -29.9 11.4 2
    endloop
  endfacet
  facet normal 0 0 1
    outer loop
      vertex -32.5 1 2
      vertex -29.9 11.4 2
      vertex -32.5 41 2
    endloop
  endfacet
  facet normal 0 0 1
    outer loop
      vertex -29.8114 38.5177 2
      vertex -32.5 41 2
      vertex -29.9 38.3851 2
    endloop
  endfacet
  facet normal 0 0 1
    outer loop
      vertex -29.4406 38.9406 2
      vertex -32.5 41 2
      vertex -29.8114 38.5177 2
    endloop
  endfacet
  facet normal -0 0 1
    outer loop
      vertex -32.5 41 2
      vertex -29.4406 38.9406 2
      vertex -31.5 42 2
    endloop
  endfacet
  facet normal 0 0 1
    outer loop
      vertex -29.0177 39.3114 2
      vertex -31.5 42 2
      vertex -29.4406 38.9406 2
    endloop
  endfacet
  facet normal 0 0 1
    outer loop
      vertex -28.8851 39.4 2
      vertex -31.5 42 2
      vertex -29.0177 39.3114 2
    endloop
  endfacet
  facet normal 0 0 1
    outer loop
      vertex -23.9149 39.4 2
      vertex -31.5 42 2
      vertex -28.8851 39.4 2
    endloop
  endfacet
  facet normal -0 0 1
    outer loop
      vertex 29.9 8.5851 2
      vertex 32.5 1 2
      vertex 32.5 16.53 2
    endloop
  endfacet
  facet normal 0 0 1
    outer loop
      vertex 29.9 14.6 2
      vertex 32.5 16.53 2
      vertex 30.1 16.53 2
    endloop
  endfacet
  facet normal 0 0 1
    outer loop
      vertex 29.9 14.6 2
      vertex 30.1 16.53 2
      vertex 29.9 27.4 2
    endloop
  endfacet
  facet normal 0 0 1
    outer loop
      vertex 29.8114 8.71767 2
      vertex 32.5 16.53 2
      vertex 29.9 14.6 2
    endloop
  endfacet
  facet normal -0 0 1
    outer loop
      vertex 29.9 3.6149 2
      vertex 32.5 1 2
      vertex 29.9 8.5851 2
    endloop
  endfacet
  facet normal -0 0 1
    outer loop
      vertex 29.8114 3.48233 2
      vertex 32.5 1 2
      vertex 29.9 3.6149 2
    endloop
  endfacet
  facet normal -0 0 1
    outer loop
      vertex 29.4406 3.05944 2
      vertex 32.5 1 2
      vertex 29.8114 3.48233 2
    endloop
  endfacet
  facet normal 0 0 1
    outer loop
      vertex 32.5 1 2
      vertex 29.4406 3.05944 2
      vertex 31.5 0 2
    endloop
  endfacet
  facet normal -0 0 1
    outer loop
      vertex 29.0177 2.68858 2
      vertex 31.5 0 2
      vertex 29.4406 3.05944 2
    endloop
  endfacet
  facet normal -0 0 1
    outer loop
      vertex 28.8851 2.6 2
      vertex 31.5 0 2
      vertex 29.0177 2.68858 2
    endloop
  endfacet
  facet normal -0 0 1
    outer loop
      vertex 23.9149 2.6 2
      vertex 31.5 0 2
      vertex 28.8851 2.6 2
    endloop
  endfacet
  facet normal 0 0 1
    outer loop
      vertex 18.5 3.8 2
      vertex 22.1368 6.66126 2
      vertex 22.2465 7.21292 2
    endloop
  endfacet
  facet normal 0 0 1
    outer loop
      vertex 18.5 3.8 2
      vertex 22.1 6.1 2
      vertex 22.1368 6.66126 2
    endloop
  endfacet
  facet normal 0 0 1
    outer loop
      vertex 21.1 3.8 2
      vertex 22.1368 5.53874 2
      vertex 22.1 6.1 2
    endloop
  endfacet
  facet normal 0 0 1
    outer loop
      vertex 21.1 3.8 2
      vertex 22.2465 4.98708 2
      vertex 22.1368 5.53874 2
    endloop
  endfacet
  facet normal 0 0 1
    outer loop
      vertex 21.1 3.8 2
      vertex 22.4273 4.45446 2
      vertex 22.2465 4.98708 2
    endloop
  endfacet
  facet normal 0 0 1
    outer loop
      vertex 21.1 3.8 2
      vertex 22.6761 3.95 2
      vertex 22.4273 4.45446 2
    endloop
  endfacet
  facet normal 0 0 1
    outer loop
      vertex 21.1 2.6 2
      vertex 22.6761 3.95 2
      vertex 21.1 3.8 2
    endloop
  endfacet
  facet normal 0 0 1
    outer loop
      vertex 22.6761 3.95 2
      vertex 21.1 2.6 2
      vertex 22.9886 3.48233 2
    endloop
  endfacet
  facet normal 0 0 1
    outer loop
      vertex 22.9886 3.48233 2
      vertex 21.1 2.6 2
      vertex 23.3594 3.05944 2
    endloop
  endfacet
  facet normal 0 0 1
    outer loop
      vertex 23.3594 3.05944 2
      vertex 21.1 2.6 2
      vertex 23.7823 2.68858 2
    endloop
  endfacet
  facet normal 0 0 1
    outer loop
      vertex 23.7823 2.68858 2
      vertex 21.1 2.6 2
      vertex 23.9149 2.6 2
    endloop
  endfacet
  facet normal -0 0 1
    outer loop
      vertex 21.1 2.6 2
      vertex 31.5 0 2
      vertex 23.9149 2.6 2
    endloop
  endfacet
  facet normal -0 0 1
    outer loop
      vertex 18.5 2.6 2
      vertex 31.5 0 2
      vertex 21.1 2.6 2
    endloop
  endfacet
  facet normal 0 0 1
    outer loop
      vertex -18.5 3.8 2
      vertex 18.5 3.8 2
      vertex 18 8.7 2
    endloop
  endfacet
  facet normal 0 0 1
    outer loop
      vertex -18.5 3.8 2
      vertex 18 8.7 2
      vertex -18 8.7 2
    endloop
  endfacet
  facet normal 0 0 1
    outer loop
      vertex 18.5 3.8 2
      vertex -18.5 3.8 2
      vertex 18.5 2.6 2
    endloop
  endfacet
  facet normal 0 0 1
    outer loop
      vertex -18.5 2.6 2
      vertex 18.5 2.6 2
      vertex -18.5 3.8 2
    endloop
  endfacet
  facet normal 0 0 1
    outer loop
      vertex 18.5 2.6 2
      vertex -18.5 2.6 2
      vertex 31.5 0 2
    endloop
  endfacet
  facet normal 0 0 1
    outer loop
      vertex -31.5 0 2
      vertex -18.5 2.6 2
      vertex -21.1 2.6 2
    endloop
  endfacet
  facet normal -0 0 1
    outer loop
      vertex -22.1368 5.53874 2
      vertex -21.1 3.8 2
      vertex -22.1 6.1 2
    endloop
  endfacet
  facet normal -0 0 1
    outer loop
      vertex -22.2465 4.98708 2
      vertex -21.1 3.8 2
      vertex -22.1368 5.53874 2
    endloop
  endfacet
  facet normal -0 0 1
    outer loop
      vertex -22.4273 4.45446 2
      vertex -21.1 3.8 2
      vertex -22.2465 4.98708 2
    endloop
  endfacet
  facet normal -0 0 1
    outer loop
      vertex -22.6761 3.95 2
      vertex -21.1 3.8 2
      vertex -22.4273 4.45446 2
    endloop
  endfacet
  facet normal 0 0 1
    outer loop
      vertex -21.1 3.8 2
      vertex -22.6761 3.95 2
      vertex -21.1 2.6 2
    endloop
  endfacet
  facet normal -0 0 1
    outer loop
      vertex -22.9886 3.48233 2
      vertex -21.1 2.6 2
      vertex -22.6761 3.95 2
    endloop
  endfacet
  facet normal -0 0 1
    outer loop
      vertex -23.3594 3.05944 2
      vertex -21.1 2.6 2
      vertex -22.9886 3.48233 2
    endloop
  endfacet
  facet normal -0 0 1
    outer loop
      vertex -23.7823 2.68858 2
      vertex -21.1 2.6 2
      vertex -23.3594 3.05944 2
    endloop
  endfacet
  facet normal 0 0 1
    outer loop
      vertex -23.9149 2.6 2
      vertex -21.1 2.6 2
      vertex -23.7823 2.68858 2
    endloop
  endfacet
  facet normal 0 0 1
    outer loop
      vertex -31.5 0 2
      vertex -21.1 2.6 2
      vertex -23.9149 2.6 2
    endloop
  endfacet
  facet normal 0 0 1
    outer loop
      vertex -31.5 0 2
      vertex -23.9149 2.6 2
      vertex -28.8851 2.6 2
    endloop
  endfacet
  facet normal 0 0 1
    outer loop
      vertex -18.5 2.6 2
      vertex -31.5 0 2
      vertex 31.5 0 2
    endloop
  endfacet
  facet normal 0 0 1
    outer loop
      vertex -29.0177 2.68858 2
      vertex -31.5 0 2
      vertex -28.8851 2.6 2
    endloop
  endfacet
  facet normal 0 0 1
    outer loop
      vertex -29.4406 3.05944 2
      vertex -31.5 0 2
      vertex -29.0177 2.68858 2
    endloop
  endfacet
  facet normal 0 0 1
    outer loop
      vertex -32.5 1 2
      vertex -29.4406 3.05944 2
      vertex -29.8114 3.48233 2
    endloop
  endfacet
  facet normal 0 0 1
    outer loop
      vertex -32.5 1 2
      vertex -29.8114 3.48233 2
      vertex -29.9 3.6149 2
    endloop
  endfacet
  facet normal 0 0 1
    outer loop
      vertex -29.9 11.4 2
      vertex -32.5 1 2
      vertex -29.9 8.5851 2
    endloop
  endfacet
  facet normal 0 0 1
    outer loop
      vertex -29.9 8.5851 2
      vertex -32.5 1 2
      vertex -29.9 3.6149 2
    endloop
  endfacet
  facet normal 0 0 1
    outer loop
      vertex -29.4406 3.05944 2
      vertex -32.5 1 2
      vertex -31.5 0 2
    endloop
  endfacet
  facet normal -0 0 1
    outer loop
      vertex 29.8114 33.2823 2
      vertex 32.5 25.47 2
      vertex 29.9 33.4149 2
    endloop
  endfacet
  facet normal 0 0 1
    outer loop
      vertex 32.5 25.47 2
      vertex 29.8114 33.2823 2
      vertex 29.9 27.4 2
    endloop
  endfacet
  facet normal -0 0 1
    outer loop
      vertex 29.4406 32.8594 2
      vertex 29.9 27.4 2
      vertex 29.8114 33.2823 2
    endloop
  endfacet
  facet normal -0 0 1
    outer loop
      vertex 29.0177 32.4886 2
      vertex 29.9 27.4 2
      vertex 29.4406 32.8594 2
    endloop
  endfacet
  facet normal -0 0 1
    outer loop
      vertex 28.55 32.1761 2
      vertex 29.9 27.4 2
      vertex 29.0177 32.4886 2
    endloop
  endfacet
  facet normal -0 0 1
    outer loop
      vertex 28.0455 31.9273 2
      vertex 29.9 27.4 2
      vertex 28.55 32.1761 2
    endloop
  endfacet
  facet normal 0 0 1
    outer loop
      vertex 28.0455 31.9273 2
      vertex 27.9 27.4 2
      vertex 29.9 27.4 2
    endloop
  endfacet
  facet normal -0 0 1
    outer loop
      vertex 26.9613 31.6368 2
      vertex 27.9 27.4 2
      vertex 27.5129 31.7465 2
    endloop
  endfacet
  facet normal -0 0 1
    outer loop
      vertex 27.5129 31.7465 2
      vertex 27.9 27.4 2
      vertex 28.0455 31.9273 2
    endloop
  endfacet
  facet normal 1 0 0
    outer loop
      vertex 32.5 25.47 4.76
      vertex 32.5 16.53 4.76
      vertex 32.5 25.47 2
    endloop
  endfacet
  facet normal 1 -0 0
    outer loop
      vertex 32.5 25.47 2
      vertex 32.5 41 1
      vertex 32.5 41 2
    endloop
  endfacet
  facet normal 1 0 0
    outer loop
      vertex 32.5 16.53 2
      vertex 32.5 25.47 2
      vertex 32.5 16.53 4.76
    endloop
  endfacet
  facet normal 1 -0 0
    outer loop
      vertex 32.5 16.53 2
      vertex 32.5 41 1
      vertex 32.5 25.47 2
    endloop
  endfacet
  facet normal 1 0 0
    outer loop
      vertex 32.5 1 1
      vertex 32.5 16.53 2
      vertex 32.5 1 2
    endloop
  endfacet
  facet normal 1 0 0
    outer loop
      vertex 32.5 16.53 2
      vertex 32.5 1 1
      vertex 32.5 41 1
    endloop
  endfacet
  facet normal 0 1 -0
    outer loop
      vertex 31.5 42 1
      vertex -31.5 42 2
      vertex 31.5 42 2
    endloop
  endfacet
  facet normal 0 1 0
    outer loop
      vertex -31.5 42 2
      vertex 31.5 42 1
      vertex -31.5 42 1
    endloop
  endfacet
  facet normal 0 0 -1
    outer loop
      vertex -31.5 1 0
      vertex 31.5 41 0
      vertex 31.5 1 0
    endloop
  endfacet
  facet normal -0 0 -1
    outer loop
      vertex 31.5 41 0
      vertex -31.5 1 0
      vertex -31.5 41 0
    endloop
  endfacet
  facet normal 0 -1 0
    outer loop
      vertex -31.5 0 1
      vertex 31.5 0 2
      vertex -31.5 0 2
    endloop
  endfacet
  facet normal 0 -1 -0
    outer loop
      vertex 31.5 0 2
      vertex -31.5 0 1
      vertex 31.5 0 1
    endloop
  endfacet
  facet normal 0.707107 0.707107 0
    outer loop
      vertex 32.5 41 2
      vertex 31.5 42 1
      vertex 31.5 42 2
    endloop
  endfacet
  facet normal 0.707107 0.707107 0
    outer loop
      vertex 31.5 42 1
      vertex 32.5 41 2
      vertex 32.5 41 1
    endloop
  endfacet
  facet normal 0.707107 0 -0.707107
    outer loop
      vertex 32.5 1 1
      vertex 31.5 41 0
      vertex 32.5 41 1
    endloop
  endfacet
  facet normal 0.707107 0 -0.707107
    outer loop
      vertex 31.5 41 0
      vertex 32.5 1 1
      vertex 31.5 1 0
    endloop
  endfacet
  facet normal 0.57735 -0.57735 -0.57735
    outer loop
      vertex 32.5 1 1
      vertex 31.5 0 1
      vertex 31.5 1 0
    endloop
  endfacet
  facet normal 0 0.707107 -0.707107
    outer loop
      vertex 31.5 41 0
      vertex -31.5 42 1
      vertex 31.5 42 1
    endloop
  endfacet
  facet normal 0 0.707107 -0.707107
    outer loop
      vertex -31.5 42 1
      vertex 31.5 41 0
      vertex -31.5 41 0
    endloop
  endfacet
  facet normal 0.707107 -0.707107 0
    outer loop
      vertex 31.5 0 2
      vertex 32.5 1 1
      vertex 32.5 1 2
    endloop
  endfacet
  facet normal 0.707107 -0.707107 0
    outer loop
      vertex 32.5 1 1
      vertex 31.5 0 2
      vertex 31.5 0 1
    endloop
  endfacet
  facet normal 0.57735 0.57735 -0.57735
    outer loop
      vertex 32.5 41 1
      vertex 31.5 41 0
      vertex 31.5 42 1
    endloop
  endfacet
  facet normal -0.707107 0 -0.707107
    outer loop
      vertex -31.5 1 0
      vertex -32.5 41 1
      vertex -31.5 41 0
    endloop
  endfacet
  facet normal -0.707107 -0 -0.707107
    outer loop
      vertex -32.5 41 1
      vertex -31.5 1 0
      vertex -32.5 1 1
    endloop
  endfacet
  facet normal -0.707107 -0.707107 0
    outer loop
      vertex -31.5 0 1
      vertex -32.5 1 2
      vertex -32.5 1 1
    endloop
  endfacet
  facet normal -0.707107 -0.707107 0
    outer loop
      vertex -32.5 1 2
      vertex -31.5 0 1
      vertex -31.5 0 2
    endloop
  endfacet
  facet normal -0.57735 -0.57735 -0.57735
    outer loop
      vertex -31.5 0 1
      vertex -32.5 1 1
      vertex -31.5 1 0
    endloop
  endfacet
  facet normal 0 -0.707107 -0.707107
    outer loop
      vertex -31.5 1 0
      vertex 31.5 0 1
      vertex -31.5 0 1
    endloop
  endfacet
  facet normal 0 -0.707107 -0.707107
    outer loop
      vertex 31.5 0 1
      vertex -31.5 1 0
      vertex 31.5 1 0
    endloop
  endfacet
  facet normal -0.57735 0.57735 -0.57735
    outer loop
      vertex -31.5 41 0
      vertex -32.5 41 1
      vertex -31.5 42 1
    endloop
  endfacet
  facet normal -0.707107 0.707107 0
    outer loop
      vertex -32.5 41 1
      vertex -31.5 42 2
      vertex -31.5 42 1
    endloop
  endfacet
  facet normal -0.707107 0.707107 0
    outer loop
      vertex -31.5 42 2
      vertex -32.5 41 1
      vertex -32.5 41 2
    endloop
  endfacet
  facet normal 0 1 -0
    outer loop
      vertex 13.1 31.3 2
      vertex 7.6 31.3 4.99
      vertex 13.1 31.3 4.99
    endloop
  endfacet
  facet normal 0 1 0
    outer loop
      vertex 7.6 31.3 4.99
      vertex 13.1 31.3 2
      vertex 7.6 31.3 2
    endloop
  endfacet
  facet normal 0 0 1
    outer loop
      vertex 13.1 31.3 4.99
      vertex 8.9 30.1 4.99
      vertex 13.1 30.1 4.99
    endloop
  endfacet
  facet normal -0 0 1
    outer loop
      vertex 7.6 31.3 4.99
      vertex 8.9 30.1 4.99
      vertex 13.1 31.3 4.99
    endloop
  endfacet
  facet normal 0 0 1
    outer loop
      vertex 8.9 30.1 4.99
      vertex 7.6 31.3 4.99
      vertex 7.6 30.1 4.99
    endloop
  endfacet
  facet normal 0 1 0
    outer loop
      vertex 7.6 30.1 4.99
      vertex 8.9 30.1 5.49
      vertex 8.9 30.1 4.99
    endloop
  endfacet
  facet normal 0 1 0
    outer loop
      vertex 8.9 30.1 5.49
      vertex 7.6 30.1 4.99
      vertex 7.4 30.1 5.49
    endloop
  endfacet
  facet normal 0 1 0
    outer loop
      vertex 7.4 30.1 2
      vertex 7.6 30.1 4.99
      vertex 7.6 30.1 2
    endloop
  endfacet
  facet normal 0 1 0
    outer loop
      vertex 7.6 30.1 4.99
      vertex 7.4 30.1 2
      vertex 7.4 30.1 5.49
    endloop
  endfacet
  facet normal 0 -1 0
    outer loop
      vertex 8.9 30.1 2
      vertex 13.1 30.1 4.99
      vertex 8.9 30.1 4.99
    endloop
  endfacet
  facet normal 0 -1 -0
    outer loop
      vertex 13.1 30.1 4.99
      vertex 8.9 30.1 2
      vertex 13.1 30.1 2
    endloop
  endfacet
  facet normal -1 0 0
    outer loop
      vertex 7.6 30.1 2
      vertex 7.6 31.3 4.99
      vertex 7.6 31.3 2
    endloop
  endfacet
  facet normal -1 -0 0
    outer loop
      vertex 7.6 31.3 4.99
      vertex 7.6 30.1 2
      vertex 7.6 30.1 4.99
    endloop
  endfacet
  facet normal 1 -0 0
    outer loop
      vertex 13.1 30.1 4.99
      vertex 13.1 31.3 2
      vertex 13.1 31.3 4.99
    endloop
  endfacet
  facet normal 1 0 0
    outer loop
      vertex 13.1 31.3 2
      vertex 13.1 30.1 4.99
      vertex 13.1 30.1 2
    endloop
  endfacet
  facet normal 0 -1 0
    outer loop
      vertex 7.4 11.9 5.49
      vertex 7.6 11.9 4.99
      vertex 8.9 11.9 5.49
    endloop
  endfacet
  facet normal 0 -1 0
    outer loop
      vertex 7.4 11.9 2
      vertex 7.6 11.9 4.99
      vertex 7.4 11.9 5.49
    endloop
  endfacet
  facet normal 0 -1 -0
    outer loop
      vertex 7.6 11.9 4.99
      vertex 7.4 11.9 2
      vertex 7.6 11.9 2
    endloop
  endfacet
  facet normal 0 -1 -0
    outer loop
      vertex 8.9 11.9 5.49
      vertex 7.6 11.9 4.99
      vertex 8.9 11.9 4.99
    endloop
  endfacet
  facet normal 0 1 -0
    outer loop
      vertex 13.1 11.9 2
      vertex 8.9 11.9 4.99
      vertex 13.1 11.9 4.99
    endloop
  endfacet
  facet normal 0 1 0
    outer loop
      vertex 8.9 11.9 4.99
      vertex 13.1 11.9 2
      vertex 8.9 11.9 2
    endloop
  endfacet
  facet normal -0 0 1
    outer loop
      vertex 8.9 11.9 4.99
      vertex 13.1 10.7 4.99
      vertex 13.1 11.9 4.99
    endloop
  endfacet
  facet normal 0 0 1
    outer loop
      vertex 7.6 10.7 4.99
      vertex 8.9 11.9 4.99
      vertex 7.6 11.9 4.99
    endloop
  endfacet
  facet normal 0 0 1
    outer loop
      vertex 8.9 11.9 4.99
      vertex 7.6 10.7 4.99
      vertex 13.1 10.7 4.99
    endloop
  endfacet
  facet normal 0 -1 0
    outer loop
      vertex 7.6 10.7 2
      vertex 13.1 10.7 4.99
      vertex 7.6 10.7 4.99
    endloop
  endfacet
  facet normal 0 -1 -0
    outer loop
      vertex 13.1 10.7 4.99
      vertex 7.6 10.7 2
      vertex 13.1 10.7 2
    endloop
  endfacet
  facet normal 1 -0 0
    outer loop
      vertex 13.1 10.7 4.99
      vertex 13.1 11.9 2
      vertex 13.1 11.9 4.99
    endloop
  endfacet
  facet normal 1 0 0
    outer loop
      vertex 13.1 11.9 2
      vertex 13.1 10.7 4.99
      vertex 13.1 10.7 2
    endloop
  endfacet
  facet normal -1 0 0
    outer loop
      vertex 7.6 10.7 2
      vertex 7.6 11.9 4.99
      vertex 7.6 11.9 2
    endloop
  endfacet
  facet normal -1 -0 0
    outer loop
      vertex 7.6 11.9 4.99
      vertex 7.6 10.7 2
      vertex 7.6 10.7 4.99
    endloop
  endfacet
  facet normal 0 1 -0
    outer loop
      vertex 32.5 25.47 2
      vertex 30.1 25.47 4.76
      vertex 32.5 25.47 4.76
    endloop
  endfacet
  facet normal 0 1 0
    outer loop
      vertex 30.1 25.47 4.76
      vertex 32.5 25.47 2
      vertex 30.1 25.47 2
    endloop
  endfacet
  facet normal -0 0 1
    outer loop
      vertex 30.1 25.47 4.76
      vertex 32.5 16.53 4.76
      vertex 32.5 25.47 4.76
    endloop
  endfacet
  facet normal 0 0 1
    outer loop
      vertex 32.5 16.53 4.76
      vertex 30.1 25.47 4.76
      vertex 30.1 16.53 4.76
    endloop
  endfacet
  facet normal 0 -1 0
    outer loop
      vertex 30.1 16.53 2
      vertex 32.5 16.53 4.76
      vertex 30.1 16.53 4.76
    endloop
  endfacet
  facet normal 0 -1 -0
    outer loop
      vertex 32.5 16.53 4.76
      vertex 30.1 16.53 2
      vertex 32.5 16.53 2
    endloop
  endfacet
  facet normal -1 0 0
    outer loop
      vertex 30.1 16.53 2
      vertex 30.1 25.47 4.76
      vertex 30.1 25.47 2
    endloop
  endfacet
  facet normal -1 -0 0
    outer loop
      vertex 30.1 25.47 4.76
      vertex 30.1 16.53 2
      vertex 30.1 16.53 4.76
    endloop
  endfacet
  facet normal 0 1 -0
    outer loop
      vertex 11.1 27.4 2
      vertex 9.1 27.4 3.99
      vertex 11.1 27.4 3.99
    endloop
  endfacet
  facet normal 0 1 0
    outer loop
      vertex 9.1 27.4 3.99
      vertex 11.1 27.4 2
      vertex 9.1 27.4 2
    endloop
  endfacet
  facet normal -0 0 1
    outer loop
      vertex 9.1 27.4 3.99
      vertex 11.1 14.6 3.99
      vertex 11.1 27.4 3.99
    endloop
  endfacet
  facet normal 0 0 1
    outer loop
      vertex 11.1 14.6 3.99
      vertex 9.1 27.4 3.99
      vertex 9.1 14.6 3.99
    endloop
  endfacet
  facet normal 0 -1 0
    outer loop
      vertex 9.1 14.6 2
      vertex 11.1 14.6 3.99
      vertex 9.1 14.6 3.99
    endloop
  endfacet
  facet normal 0 -1 -0
    outer loop
      vertex 11.1 14.6 3.99
      vertex 9.1 14.6 2
      vertex 11.1 14.6 2
    endloop
  endfacet
  facet normal -1 0 0
    outer loop
      vertex 9.1 14.6 2
      vertex 9.1 27.4 3.99
      vertex 9.1 27.4 2
    endloop
  endfacet
  facet normal -1 -0 0
    outer loop
      vertex 9.1 27.4 3.99
      vertex 9.1 14.6 2
      vertex 9.1 14.6 3.99
    endloop
  endfacet
  facet normal 1 -0 0
    outer loop
      vertex 11.1 14.6 3.99
      vertex 11.1 27.4 2
      vertex 11.1 27.4 3.99
    endloop
  endfacet
  facet normal 1 0 0
    outer loop
      vertex 11.1 27.4 2
      vertex 11.1 14.6 3.99
      vertex 11.1 14.6 2
    endloop
  endfacet
  facet normal 0 1 -0
    outer loop
      vertex 29.9 27.4 2
      vertex 27.9 27.4 3.99
      vertex 29.9 27.4 3.99
    endloop
  endfacet
  facet normal 0 1 0
    outer loop
      vertex 27.9 27.4 3.99
      vertex 29.9 27.4 2
      vertex 27.9 27.4 2
    endloop
  endfacet
  facet normal -0 0 1
    outer loop
      vertex 27.9 27.4 3.99
      vertex 29.9 14.6 3.99
      vertex 29.9 27.4 3.99
    endloop
  endfacet
  facet normal 0 0 1
    outer loop
      vertex 29.9 14.6 3.99
      vertex 27.9 27.4 3.99
      vertex 27.9 14.6 3.99
    endloop
  endfacet
  facet normal 0 -1 0
    outer loop
      vertex 27.9 14.6 2
      vertex 29.9 14.6 3.99
      vertex 27.9 14.6 3.99
    endloop
  endfacet
  facet normal 0 -1 -0
    outer loop
      vertex 29.9 14.6 3.99
      vertex 27.9 14.6 2
      vertex 29.9 14.6 2
    endloop
  endfacet
  facet normal -1 0 0
    outer loop
      vertex 27.9 14.6 2
      vertex 27.9 27.4 3.99
      vertex 27.9 27.4 2
    endloop
  endfacet
  facet normal -1 -0 0
    outer loop
      vertex 27.9 27.4 3.99
      vertex 27.9 14.6 2
      vertex 27.9 14.6 3.99
    endloop
  endfacet
  facet normal 1 -0 0
    outer loop
      vertex 29.9 14.6 3.99
      vertex 29.9 27.4 2
      vertex 29.9 27.4 3.99
    endloop
  endfacet
  facet normal 1 0 0
    outer loop
      vertex 29.9 27.4 2
      vertex 29.9 14.6 3.99
      vertex 29.9 14.6 2
    endloop
  endfacet
  facet normal -0 0 1
    outer loop
      vertex 7.4 30.1 5.49
      vertex 8.9 11.9 5.49
      vertex 8.9 30.1 5.49
    endloop
  endfacet
  facet normal 0 0 1
    outer loop
      vertex 8.9 11.9 5.49
      vertex 7.4 30.1 5.49
      vertex 7.4 11.9 5.49
    endloop
  endfacet
  facet normal -1 0 0
    outer loop
      vertex 7.4 11.9 2
      vertex 7.4 30.1 5.49
      vertex 7.4 30.1 2
    endloop
  endfacet
  facet normal -1 -0 0
    outer loop
      vertex 7.4 30.1 5.49
      vertex 7.4 11.9 2
      vertex 7.4 11.9 5.49
    endloop
  endfacet
  facet normal 1 0 0
    outer loop
      vertex 8.9 11.9 4.99
      vertex 8.9 30.1 4.99
      vertex 8.9 30.1 5.49
    endloop
  endfacet
  facet normal 1 0 0
    outer loop
      vertex 8.9 11.9 4.99
      vertex 8.9 30.1 5.49
      vertex 8.9 11.9 5.49
    endloop
  endfacet
  facet normal 1 0 0
    outer loop
      vertex 8.9 30.1 4.99
      vertex 8.9 11.9 4.99
      vertex 8.9 30.1 2
    endloop
  endfacet
  facet normal 1 0 0
    outer loop
      vertex 8.9 30.1 2
      vertex 8.9 11.9 4.99
      vertex 8.9 11.9 2
    endloop
  endfacet
  facet normal 0.831459 0.555586 0
    outer loop
      vertex -22.6761 8.25 2.6
      vertex -22.9886 8.71767 2
      vertex -22.9886 8.71767 2.6
    endloop
  endfacet
  facet normal 0.831459 0.555586 0
    outer loop
      vertex -22.9886 8.71767 2
      vertex -22.6761 8.25 2.6
      vertex -22.6761 8.25 2
    endloop
  endfacet
  facet normal 0.32145 0.946927 -0
    outer loop
      vertex -24.7545 10.0727 2
      vertex -25.2871 10.2535 2.6
      vertex -24.7545 10.0727 2.6
    endloop
  endfacet
  facet normal 0.32145 0.946927 0
    outer loop
      vertex -25.2871 10.2535 2.6
      vertex -24.7545 10.0727 2
      vertex -25.2871 10.2535 2
    endloop
  endfacet
  facet normal -0.442286 0.896874 0
    outer loop
      vertex -28.0455 10.0727 2
      vertex -28.55 9.82391 2.6
      vertex -28.0455 10.0727 2.6
    endloop
  endfacet
  facet normal -0.442286 0.896874 0
    outer loop
      vertex -28.55 9.82391 2.6
      vertex -28.0455 10.0727 2
      vertex -28.55 9.82391 2
    endloop
  endfacet
  facet normal 0.980796 -0.195036 0
    outer loop
      vertex -22.2465 4.98708 2.6
      vertex -22.1368 5.53874 2
      vertex -22.1368 5.53874 2.6
    endloop
  endfacet
  facet normal 0.980796 -0.195036 0
    outer loop
      vertex -22.1368 5.53874 2
      vertex -22.2465 4.98708 2.6
      vertex -22.2465 4.98708 2
    endloop
  endfacet
  facet normal 0.980796 0.195036 0
    outer loop
      vertex -22.1368 6.66126 2.6
      vertex -22.2465 7.21292 2
      vertex -22.2465 7.21292 2.6
    endloop
  endfacet
  facet normal 0.980796 0.195036 0
    outer loop
      vertex -22.2465 7.21292 2
      vertex -22.1368 6.66126 2.6
      vertex -22.1368 6.66126 2
    endloop
  endfacet
  facet normal 0.0654216 0.997858 -0
    outer loop
      vertex -25.8387 10.3632 2
      vertex -26.4 10.4 2.6
      vertex -25.8387 10.3632 2.6
    endloop
  endfacet
  facet normal 0.0654216 0.997858 0
    outer loop
      vertex -26.4 10.4 2.6
      vertex -25.8387 10.3632 2
      vertex -26.4 10.4 2
    endloop
  endfacet
  facet normal 0.442286 0.896874 -0
    outer loop
      vertex -24.25 9.82391 2
      vertex -24.7545 10.0727 2.6
      vertex -24.25 9.82391 2.6
    endloop
  endfacet
  facet normal 0.442286 0.896874 0
    outer loop
      vertex -24.7545 10.0727 2.6
      vertex -24.25 9.82391 2
      vertex -24.7545 10.0727 2
    endloop
  endfacet
  facet normal -0.751897 0.659281 0
    outer loop
      vertex -29.8114 8.71767 2
      vertex -29.4406 9.14056 2.6
      vertex -29.4406 9.14056 2
    endloop
  endfacet
  facet normal -0.751897 0.659281 0
    outer loop
      vertex -29.4406 9.14056 2.6
      vertex -29.8114 8.71767 2
      vertex -29.8114 8.71767 2.6
    endloop
  endfacet
  facet normal -0.555549 0.831484 0
    outer loop
      vertex -28.55 9.82391 2
      vertex -29.0177 9.51142 2.6
      vertex -28.55 9.82391 2.6
    endloop
  endfacet
  facet normal -0.555549 0.831484 0
    outer loop
      vertex -29.0177 9.51142 2.6
      vertex -28.55 9.82391 2
      vertex -29.0177 9.51142 2
    endloop
  endfacet
  facet normal -0.195056 0.980792 0
    outer loop
      vertex -26.9613 10.3632 2
      vertex -27.5129 10.2535 2.6
      vertex -26.9613 10.3632 2.6
    endloop
  endfacet
  facet normal -0.195056 0.980792 0
    outer loop
      vertex -27.5129 10.2535 2.6
      vertex -26.9613 10.3632 2
      vertex -27.5129 10.2535 2
    endloop
  endfacet
  facet normal -0.659332 0.751852 0
    outer loop
      vertex -29.0177 9.51142 2
      vertex -29.4406 9.14056 2.6
      vertex -29.0177 9.51142 2.6
    endloop
  endfacet
  facet normal -0.659332 0.751852 0
    outer loop
      vertex -29.4406 9.14056 2.6
      vertex -29.0177 9.51142 2
      vertex -29.4406 9.14056 2
    endloop
  endfacet
  facet normal 0.997857 0.0654263 0
    outer loop
      vertex -22.1 6.1 2.6
      vertex -22.1368 6.66126 2
      vertex -22.1368 6.66126 2.6
    endloop
  endfacet
  facet normal 0.997857 0.0654263 0
    outer loop
      vertex -22.1368 6.66126 2
      vertex -22.1 6.1 2.6
      vertex -22.1 6.1 2
    endloop
  endfacet
  facet normal 0.94693 -0.321439 0
    outer loop
      vertex -22.4273 4.45446 2.6
      vertex -22.2465 4.98708 2
      vertex -22.2465 4.98708 2.6
    endloop
  endfacet
  facet normal 0.94693 -0.321439 0
    outer loop
      vertex -22.2465 4.98708 2
      vertex -22.4273 4.45446 2.6
      vertex -22.4273 4.45446 2
    endloop
  endfacet
  facet normal -0.659332 -0.751852 0
    outer loop
      vertex -29.4406 3.05944 2
      vertex -29.0177 2.68858 2.6
      vertex -29.4406 3.05944 2.6
    endloop
  endfacet
  facet normal -0.659332 -0.751852 -0
    outer loop
      vertex -29.0177 2.68858 2.6
      vertex -29.4406 3.05944 2
      vertex -29.0177 2.68858 2
    endloop
  endfacet
  facet normal 0.555481 -0.831529 0
    outer loop
      vertex -23.9149 2.6 2
      vertex -23.7823 2.68858 2.6
      vertex -23.9149 2.6 2.6
    endloop
  endfacet
  facet normal 0.555481 -0.831529 0
    outer loop
      vertex -23.7823 2.68858 2.6
      vertex -23.9149 2.6 2
      vertex -23.7823 2.68858 2
    endloop
  endfacet
  facet normal 0.659332 0.751852 -0
    outer loop
      vertex -23.3594 9.14056 2
      vertex -23.7823 9.51142 2.6
      vertex -23.3594 9.14056 2.6
    endloop
  endfacet
  facet normal 0.659332 0.751852 0
    outer loop
      vertex -23.7823 9.51142 2.6
      vertex -23.3594 9.14056 2
      vertex -23.7823 9.51142 2
    endloop
  endfacet
  facet normal 0.751897 0.659281 0
    outer loop
      vertex -22.9886 8.71767 2.6
      vertex -23.3594 9.14056 2
      vertex -23.3594 9.14056 2.6
    endloop
  endfacet
  facet normal 0.751897 0.659281 0
    outer loop
      vertex -23.3594 9.14056 2
      vertex -22.9886 8.71767 2.6
      vertex -22.9886 8.71767 2
    endloop
  endfacet
  facet normal -0.0654216 0.997858 0
    outer loop
      vertex -26.4 10.4 2
      vertex -26.9613 10.3632 2.6
      vertex -26.4 10.4 2.6
    endloop
  endfacet
  facet normal -0.0654216 0.997858 0
    outer loop
      vertex -26.9613 10.3632 2.6
      vertex -26.4 10.4 2
      vertex -26.9613 10.3632 2
    endloop
  endfacet
  facet normal 0.195056 0.980792 -0
    outer loop
      vertex -25.2871 10.2535 2
      vertex -25.8387 10.3632 2.6
      vertex -25.2871 10.2535 2.6
    endloop
  endfacet
  facet normal 0.195056 0.980792 0
    outer loop
      vertex -25.8387 10.3632 2.6
      vertex -25.2871 10.2535 2
      vertex -25.8387 10.3632 2
    endloop
  endfacet
  facet normal 0.555549 0.831484 -0
    outer loop
      vertex -23.7823 9.51142 2
      vertex -24.25 9.82391 2.6
      vertex -23.7823 9.51142 2.6
    endloop
  endfacet
  facet normal 0.555549 0.831484 0
    outer loop
      vertex -24.25 9.82391 2.6
      vertex -23.7823 9.51142 2
      vertex -24.25 9.82391 2
    endloop
  endfacet
  facet normal 0 0 1
    outer loop
      vertex -23.3 6.1 2.6
      vertex -22.1 6.1 2.6
      vertex -22.1368 6.66126 2.6
    endloop
  endfacet
  facet normal 0 0 1
    outer loop
      vertex -23.3265 6.50463 2.6
      vertex -22.1368 6.66126 2.6
      vertex -22.2465 7.21292 2.6
    endloop
  endfacet
  facet normal 0 0 1
    outer loop
      vertex -22.1 6.1 2.6
      vertex -23.3 6.1 2.6
      vertex -22.1368 5.53874 2.6
    endloop
  endfacet
  facet normal 0 0 1
    outer loop
      vertex -23.4056 6.90234 2.6
      vertex -22.2465 7.21292 2.6
      vertex -22.4273 7.74554 2.6
    endloop
  endfacet
  facet normal -0 0 1
    outer loop
      vertex -23.3265 5.69537 2.6
      vertex -22.1368 5.53874 2.6
      vertex -23.3 6.1 2.6
    endloop
  endfacet
  facet normal 0 0 1
    outer loop
      vertex -23.536 7.28632 2.6
      vertex -22.4273 7.74554 2.6
      vertex -22.6761 8.25 2.6
    endloop
  endfacet
  facet normal 0 0 1
    outer loop
      vertex -22.1368 5.53874 2.6
      vertex -23.3265 5.69537 2.6
      vertex -22.2465 4.98708 2.6
    endloop
  endfacet
  facet normal 0 0 1
    outer loop
      vertex -23.7153 7.65 2.6
      vertex -22.6761 8.25 2.6
      vertex -22.9886 8.71767 2.6
    endloop
  endfacet
  facet normal -0 0 1
    outer loop
      vertex -23.4056 5.29766 2.6
      vertex -22.2465 4.98708 2.6
      vertex -23.3265 5.69537 2.6
    endloop
  endfacet
  facet normal 0 0 1
    outer loop
      vertex -22.2465 4.98708 2.6
      vertex -23.4056 5.29766 2.6
      vertex -22.4273 4.45446 2.6
    endloop
  endfacet
  facet normal 0 0 1
    outer loop
      vertex -22.1368 6.66126 2.6
      vertex -23.3265 6.50463 2.6
      vertex -23.3 6.1 2.6
    endloop
  endfacet
  facet normal 0 0 1
    outer loop
      vertex -23.9406 7.98716 2.6
      vertex -22.9886 8.71767 2.6
      vertex -23.3594 9.14056 2.6
    endloop
  endfacet
  facet normal 0 0 1
    outer loop
      vertex -22.2465 7.21292 2.6
      vertex -23.4056 6.90234 2.6
      vertex -23.3265 6.50463 2.6
    endloop
  endfacet
  facet normal 0 0 1
    outer loop
      vertex -22.4273 7.74554 2.6
      vertex -23.536 7.28632 2.6
      vertex -23.4056 6.90234 2.6
    endloop
  endfacet
  facet normal 0 0 1
    outer loop
      vertex -22.6761 8.25 2.6
      vertex -23.7153 7.65 2.6
      vertex -23.536 7.28632 2.6
    endloop
  endfacet
  facet normal 0 0 1
    outer loop
      vertex -24.208 8.29203 2.6
      vertex -23.3594 9.14056 2.6
      vertex -23.7823 9.51142 2.6
    endloop
  endfacet
  facet normal 0 0 1
    outer loop
      vertex -22.9886 8.71767 2.6
      vertex -23.9406 7.98716 2.6
      vertex -23.7153 7.65 2.6
    endloop
  endfacet
  facet normal 0 0 1
    outer loop
      vertex -23.3594 9.14056 2.6
      vertex -24.208 8.29203 2.6
      vertex -23.9406 7.98716 2.6
    endloop
  endfacet
  facet normal 0 0 1
    outer loop
      vertex -24.5128 8.55939 2.6
      vertex -23.7823 9.51142 2.6
      vertex -24.25 9.82391 2.6
    endloop
  endfacet
  facet normal 0 0 1
    outer loop
      vertex -23.7823 9.51142 2.6
      vertex -24.5128 8.55939 2.6
      vertex -24.208 8.29203 2.6
    endloop
  endfacet
  facet normal 0 0 1
    outer loop
      vertex -24.85 8.78468 2.6
      vertex -24.25 9.82391 2.6
      vertex -24.7545 10.0727 2.6
    endloop
  endfacet
  facet normal 0 0 1
    outer loop
      vertex -24.25 9.82391 2.6
      vertex -24.85 8.78468 2.6
      vertex -24.5128 8.55939 2.6
    endloop
  endfacet
  facet normal 0 0 1
    outer loop
      vertex -24.7545 10.0727 2.6
      vertex -25.2137 8.96403 2.6
      vertex -24.85 8.78468 2.6
    endloop
  endfacet
  facet normal 0 0 1
    outer loop
      vertex -25.2871 10.2535 2.6
      vertex -25.2137 8.96403 2.6
      vertex -24.7545 10.0727 2.6
    endloop
  endfacet
  facet normal 0 0 1
    outer loop
      vertex -25.2871 10.2535 2.6
      vertex -25.5977 9.09437 2.6
      vertex -25.2137 8.96403 2.6
    endloop
  endfacet
  facet normal 0 0 1
    outer loop
      vertex -25.8387 10.3632 2.6
      vertex -25.5977 9.09437 2.6
      vertex -25.2871 10.2535 2.6
    endloop
  endfacet
  facet normal 0 0 1
    outer loop
      vertex -25.8387 10.3632 2.6
      vertex -25.9954 9.17348 2.6
      vertex -25.5977 9.09437 2.6
    endloop
  endfacet
  facet normal 0 0 1
    outer loop
      vertex -26.4 10.4 2.6
      vertex -25.9954 9.17348 2.6
      vertex -25.8387 10.3632 2.6
    endloop
  endfacet
  facet normal 0 0 1
    outer loop
      vertex -26.4 10.4 2.6
      vertex -26.4 9.2 2.6
      vertex -25.9954 9.17348 2.6
    endloop
  endfacet
  facet normal 0 0 1
    outer loop
      vertex -26.4 10.4 2.6
      vertex -26.8046 9.17348 2.6
      vertex -26.4 9.2 2.6
    endloop
  endfacet
  facet normal -0 0 1
    outer loop
      vertex -26.9613 10.3632 2.6
      vertex -26.8046 9.17348 2.6
      vertex -26.4 10.4 2.6
    endloop
  endfacet
  facet normal 0 0 1
    outer loop
      vertex -26.9613 10.3632 2.6
      vertex -27.2023 9.09437 2.6
      vertex -26.8046 9.17348 2.6
    endloop
  endfacet
  facet normal -0 0 1
    outer loop
      vertex -27.5129 10.2535 2.6
      vertex -27.2023 9.09437 2.6
      vertex -26.9613 10.3632 2.6
    endloop
  endfacet
  facet normal 0 0 1
    outer loop
      vertex -27.5129 10.2535 2.6
      vertex -27.5863 8.96403 2.6
      vertex -27.2023 9.09437 2.6
    endloop
  endfacet
  facet normal -0 0 1
    outer loop
      vertex -28.0455 10.0727 2.6
      vertex -27.5863 8.96403 2.6
      vertex -27.5129 10.2535 2.6
    endloop
  endfacet
  facet normal 0 0 1
    outer loop
      vertex -27.5863 8.96403 2.6
      vertex -28.0455 10.0727 2.6
      vertex -27.95 8.78468 2.6
    endloop
  endfacet
  facet normal -0 0 1
    outer loop
      vertex -28.55 9.82391 2.6
      vertex -27.95 8.78468 2.6
      vertex -28.0455 10.0727 2.6
    endloop
  endfacet
  facet normal 0 0 1
    outer loop
      vertex -27.95 8.78468 2.6
      vertex -28.55 9.82391 2.6
      vertex -28.2872 8.55939 2.6
    endloop
  endfacet
  facet normal -0 0 1
    outer loop
      vertex -29.0177 9.51142 2.6
      vertex -28.2872 8.55939 2.6
      vertex -28.55 9.82391 2.6
    endloop
  endfacet
  facet normal 0 0 1
    outer loop
      vertex -28.2872 8.55939 2.6
      vertex -29.0177 9.51142 2.6
      vertex -28.592 8.29203 2.6
    endloop
  endfacet
  facet normal -0 0 1
    outer loop
      vertex -29.4406 9.14056 2.6
      vertex -28.592 8.29203 2.6
      vertex -29.0177 9.51142 2.6
    endloop
  endfacet
  facet normal 0 0 1
    outer loop
      vertex -28.592 8.29203 2.6
      vertex -29.4406 9.14056 2.6
      vertex -28.8594 7.98716 2.6
    endloop
  endfacet
  facet normal -0 0 1
    outer loop
      vertex -29.8114 8.71767 2.6
      vertex -28.8594 7.98716 2.6
      vertex -29.4406 9.14056 2.6
    endloop
  endfacet
  facet normal -0 0 1
    outer loop
      vertex -29.9 8.5851 2.6
      vertex -28.8594 7.98716 2.6
      vertex -29.8114 8.71767 2.6
    endloop
  endfacet
  facet normal 0 0 1
    outer loop
      vertex -28.8594 7.98716 2.6
      vertex -29.9 8.5851 2.6
      vertex -29.0847 7.65 2.6
    endloop
  endfacet
  facet normal 0 0 1
    outer loop
      vertex -29.0847 7.65 2.6
      vertex -29.9 8.5851 2.6
      vertex -29.264 7.28632 2.6
    endloop
  endfacet
  facet normal 0 0 1
    outer loop
      vertex -29.264 7.28632 2.6
      vertex -29.9 8.5851 2.6
      vertex -29.3944 6.90234 2.6
    endloop
  endfacet
  facet normal 0 0 1
    outer loop
      vertex -29.3944 6.90234 2.6
      vertex -29.9 8.5851 2.6
      vertex -29.4735 6.50463 2.6
    endloop
  endfacet
  facet normal -0 0 1
    outer loop
      vertex -23.536 4.91368 2.6
      vertex -22.4273 4.45446 2.6
      vertex -23.4056 5.29766 2.6
    endloop
  endfacet
  facet normal 0 0 1
    outer loop
      vertex -22.4273 4.45446 2.6
      vertex -23.536 4.91368 2.6
      vertex -22.6761 3.95 2.6
    endloop
  endfacet
  facet normal -0 0 1
    outer loop
      vertex -23.7153 4.55 2.6
      vertex -22.6761 3.95 2.6
      vertex -23.536 4.91368 2.6
    endloop
  endfacet
  facet normal 0 0 1
    outer loop
      vertex -22.6761 3.95 2.6
      vertex -23.7153 4.55 2.6
      vertex -22.9886 3.48233 2.6
    endloop
  endfacet
  facet normal -0 0 1
    outer loop
      vertex -23.9406 4.21284 2.6
      vertex -22.9886 3.48233 2.6
      vertex -23.7153 4.55 2.6
    endloop
  endfacet
  facet normal 0 0 1
    outer loop
      vertex -22.9886 3.48233 2.6
      vertex -23.9406 4.21284 2.6
      vertex -23.3594 3.05944 2.6
    endloop
  endfacet
  facet normal -0 0 1
    outer loop
      vertex -24.208 3.90797 2.6
      vertex -23.3594 3.05944 2.6
      vertex -23.9406 4.21284 2.6
    endloop
  endfacet
  facet normal 0 0 1
    outer loop
      vertex -23.3594 3.05944 2.6
      vertex -24.208 3.90797 2.6
      vertex -23.7823 2.68858 2.6
    endloop
  endfacet
  facet normal -0 0 1
    outer loop
      vertex -24.5128 3.6406 2.6
      vertex -23.7823 2.68858 2.6
      vertex -24.208 3.90797 2.6
    endloop
  endfacet
  facet normal 0 0 1
    outer loop
      vertex -23.7823 2.68858 2.6
      vertex -24.5128 3.6406 2.6
      vertex -23.9149 2.6 2.6
    endloop
  endfacet
  facet normal -0 0 1
    outer loop
      vertex -24.85 3.41532 2.6
      vertex -23.9149 2.6 2.6
      vertex -24.5128 3.6406 2.6
    endloop
  endfacet
  facet normal -0 0 1
    outer loop
      vertex -25.2137 3.23597 2.6
      vertex -23.9149 2.6 2.6
      vertex -24.85 3.41532 2.6
    endloop
  endfacet
  facet normal -0 0 1
    outer loop
      vertex -25.5977 3.10563 2.6
      vertex -23.9149 2.6 2.6
      vertex -25.2137 3.23597 2.6
    endloop
  endfacet
  facet normal -0 0 1
    outer loop
      vertex -25.9954 3.02652 2.6
      vertex -23.9149 2.6 2.6
      vertex -25.5977 3.10563 2.6
    endloop
  endfacet
  facet normal -0 0 1
    outer loop
      vertex -26.4 3 2.6
      vertex -23.9149 2.6 2.6
      vertex -25.9954 3.02652 2.6
    endloop
  endfacet
  facet normal 0 0 1
    outer loop
      vertex -28.8851 2.6 2.6
      vertex -26.4 3 2.6
      vertex -26.8046 3.02652 2.6
    endloop
  endfacet
  facet normal 0 0 1
    outer loop
      vertex -26.4 3 2.6
      vertex -28.8851 2.6 2.6
      vertex -23.9149 2.6 2.6
    endloop
  endfacet
  facet normal 0 0 1
    outer loop
      vertex -27.2023 3.10563 2.6
      vertex -28.8851 2.6 2.6
      vertex -26.8046 3.02652 2.6
    endloop
  endfacet
  facet normal 0 0 1
    outer loop
      vertex -27.5863 3.23597 2.6
      vertex -28.8851 2.6 2.6
      vertex -27.2023 3.10563 2.6
    endloop
  endfacet
  facet normal 0 0 1
    outer loop
      vertex -27.95 3.41532 2.6
      vertex -28.8851 2.6 2.6
      vertex -27.5863 3.23597 2.6
    endloop
  endfacet
  facet normal 0 0 1
    outer loop
      vertex -28.2872 3.6406 2.6
      vertex -28.8851 2.6 2.6
      vertex -27.95 3.41532 2.6
    endloop
  endfacet
  facet normal 0 0 1
    outer loop
      vertex -29.0177 2.68858 2.6
      vertex -28.2872 3.6406 2.6
      vertex -28.592 3.90797 2.6
    endloop
  endfacet
  facet normal 0 0 1
    outer loop
      vertex -29.4406 3.05944 2.6
      vertex -28.592 3.90797 2.6
      vertex -28.8594 4.21284 2.6
    endloop
  endfacet
  facet normal 0 0 1
    outer loop
      vertex -28.2872 3.6406 2.6
      vertex -29.0177 2.68858 2.6
      vertex -28.8851 2.6 2.6
    endloop
  endfacet
  facet normal 0 0 1
    outer loop
      vertex -29.9 3.6149 2.6
      vertex -28.8594 4.21284 2.6
      vertex -29.0847 4.55 2.6
    endloop
  endfacet
  facet normal 0 0 1
    outer loop
      vertex -29.9 3.6149 2.6
      vertex -29.0847 4.55 2.6
      vertex -29.264 4.91368 2.6
    endloop
  endfacet
  facet normal 0 0 1
    outer loop
      vertex -29.9 3.6149 2.6
      vertex -29.264 4.91368 2.6
      vertex -29.3944 5.29766 2.6
    endloop
  endfacet
  facet normal 0 0 1
    outer loop
      vertex -28.592 3.90797 2.6
      vertex -29.4406 3.05944 2.6
      vertex -29.0177 2.68858 2.6
    endloop
  endfacet
  facet normal 0 0 1
    outer loop
      vertex -29.9 3.6149 2.6
      vertex -29.3944 5.29766 2.6
      vertex -29.4735 5.69537 2.6
    endloop
  endfacet
  facet normal 0 0 1
    outer loop
      vertex -29.9 3.6149 2.6
      vertex -29.4735 5.69537 2.6
      vertex -29.5 6.1 2.6
    endloop
  endfacet
  facet normal 0 0 1
    outer loop
      vertex -29.4735 6.50463 2.6
      vertex -29.9 8.5851 2.6
      vertex -29.5 6.1 2.6
    endloop
  endfacet
  facet normal 0 0 1
    outer loop
      vertex -29.9 3.6149 2.6
      vertex -29.5 6.1 2.6
      vertex -29.9 8.5851 2.6
    endloop
  endfacet
  facet normal 0 0 1
    outer loop
      vertex -28.8594 4.21284 2.6
      vertex -29.9 3.6149 2.6
      vertex -29.8114 3.48233 2.6
    endloop
  endfacet
  facet normal 0 0 1
    outer loop
      vertex -28.8594 4.21284 2.6
      vertex -29.8114 3.48233 2.6
      vertex -29.4406 3.05944 2.6
    endloop
  endfacet
  facet normal 0 0 1
    outer loop
      vertex 28.8594 7.98716 2.6
      vertex 29.9 8.5851 2.6
      vertex 29.8114 8.71767 2.6
    endloop
  endfacet
  facet normal 0 0 1
    outer loop
      vertex 29.9 8.5851 2.6
      vertex 29.5 6.1 2.6
      vertex 29.9 3.6149 2.6
    endloop
  endfacet
  facet normal -0 0 1
    outer loop
      vertex 29.4735 5.69537 2.6
      vertex 29.9 3.6149 2.6
      vertex 29.5 6.1 2.6
    endloop
  endfacet
  facet normal 0 0 1
    outer loop
      vertex 29.9 8.5851 2.6
      vertex 29.4735 6.50463 2.6
      vertex 29.5 6.1 2.6
    endloop
  endfacet
  facet normal 0 0 1
    outer loop
      vertex 28.8594 7.98716 2.6
      vertex 29.8114 8.71767 2.6
      vertex 29.4406 9.14056 2.6
    endloop
  endfacet
  facet normal 0 0 1
    outer loop
      vertex 29.9 8.5851 2.6
      vertex 29.3944 6.90234 2.6
      vertex 29.4735 6.50463 2.6
    endloop
  endfacet
  facet normal 0 0 1
    outer loop
      vertex 29.9 8.5851 2.6
      vertex 29.264 7.28632 2.6
      vertex 29.3944 6.90234 2.6
    endloop
  endfacet
  facet normal 0 0 1
    outer loop
      vertex 29.9 8.5851 2.6
      vertex 29.0847 7.65 2.6
      vertex 29.264 7.28632 2.6
    endloop
  endfacet
  facet normal 0 0 1
    outer loop
      vertex 28.592 8.29203 2.6
      vertex 29.4406 9.14056 2.6
      vertex 29.0177 9.51142 2.6
    endloop
  endfacet
  facet normal 0 0 1
    outer loop
      vertex 29.9 8.5851 2.6
      vertex 28.8594 7.98716 2.6
      vertex 29.0847 7.65 2.6
    endloop
  endfacet
  facet normal 0 0 1
    outer loop
      vertex 29.4406 9.14056 2.6
      vertex 28.592 8.29203 2.6
      vertex 28.8594 7.98716 2.6
    endloop
  endfacet
  facet normal 0 0 1
    outer loop
      vertex 28.2872 8.55939 2.6
      vertex 29.0177 9.51142 2.6
      vertex 28.55 9.82391 2.6
    endloop
  endfacet
  facet normal 0 0 1
    outer loop
      vertex 29.0177 9.51142 2.6
      vertex 28.2872 8.55939 2.6
      vertex 28.592 8.29203 2.6
    endloop
  endfacet
  facet normal 0 0 1
    outer loop
      vertex 27.95 8.78468 2.6
      vertex 28.55 9.82391 2.6
      vertex 28.0455 10.0727 2.6
    endloop
  endfacet
  facet normal 0 0 1
    outer loop
      vertex 28.55 9.82391 2.6
      vertex 27.95 8.78468 2.6
      vertex 28.2872 8.55939 2.6
    endloop
  endfacet
  facet normal 0 0 1
    outer loop
      vertex 28.0455 10.0727 2.6
      vertex 27.5863 8.96403 2.6
      vertex 27.95 8.78468 2.6
    endloop
  endfacet
  facet normal 0 0 1
    outer loop
      vertex 27.5129 10.2535 2.6
      vertex 27.5863 8.96403 2.6
      vertex 28.0455 10.0727 2.6
    endloop
  endfacet
  facet normal 0 0 1
    outer loop
      vertex 27.5129 10.2535 2.6
      vertex 27.2023 9.09437 2.6
      vertex 27.5863 8.96403 2.6
    endloop
  endfacet
  facet normal 0 0 1
    outer loop
      vertex 26.9613 10.3632 2.6
      vertex 27.2023 9.09437 2.6
      vertex 27.5129 10.2535 2.6
    endloop
  endfacet
  facet normal 0 0 1
    outer loop
      vertex 26.9613 10.3632 2.6
      vertex 26.8046 9.17348 2.6
      vertex 27.2023 9.09437 2.6
    endloop
  endfacet
  facet normal 0 0 1
    outer loop
      vertex 26.4 10.4 2.6
      vertex 26.8046 9.17348 2.6
      vertex 26.9613 10.3632 2.6
    endloop
  endfacet
  facet normal 0 0 1
    outer loop
      vertex 26.4 10.4 2.6
      vertex 26.4 9.2 2.6
      vertex 26.8046 9.17348 2.6
    endloop
  endfacet
  facet normal 0 0 1
    outer loop
      vertex 26.4 10.4 2.6
      vertex 25.9954 9.17348 2.6
      vertex 26.4 9.2 2.6
    endloop
  endfacet
  facet normal -0 0 1
    outer loop
      vertex 25.8387 10.3632 2.6
      vertex 25.9954 9.17348 2.6
      vertex 26.4 10.4 2.6
    endloop
  endfacet
  facet normal 0 0 1
    outer loop
      vertex 25.8387 10.3632 2.6
      vertex 25.5977 9.09437 2.6
      vertex 25.9954 9.17348 2.6
    endloop
  endfacet
  facet normal -0 0 1
    outer loop
      vertex 25.2871 10.2535 2.6
      vertex 25.5977 9.09437 2.6
      vertex 25.8387 10.3632 2.6
    endloop
  endfacet
  facet normal 0 0 1
    outer loop
      vertex 25.2871 10.2535 2.6
      vertex 25.2137 8.96403 2.6
      vertex 25.5977 9.09437 2.6
    endloop
  endfacet
  facet normal -0 0 1
    outer loop
      vertex 24.7545 10.0727 2.6
      vertex 25.2137 8.96403 2.6
      vertex 25.2871 10.2535 2.6
    endloop
  endfacet
  facet normal 0 0 1
    outer loop
      vertex 25.2137 8.96403 2.6
      vertex 24.7545 10.0727 2.6
      vertex 24.85 8.78468 2.6
    endloop
  endfacet
  facet normal -0 0 1
    outer loop
      vertex 24.25 9.82391 2.6
      vertex 24.85 8.78468 2.6
      vertex 24.7545 10.0727 2.6
    endloop
  endfacet
  facet normal 0 0 1
    outer loop
      vertex 24.85 8.78468 2.6
      vertex 24.25 9.82391 2.6
      vertex 24.5128 8.55939 2.6
    endloop
  endfacet
  facet normal -0 0 1
    outer loop
      vertex 23.7823 9.51142 2.6
      vertex 24.5128 8.55939 2.6
      vertex 24.25 9.82391 2.6
    endloop
  endfacet
  facet normal 0 0 1
    outer loop
      vertex 24.5128 8.55939 2.6
      vertex 23.7823 9.51142 2.6
      vertex 24.208 8.29203 2.6
    endloop
  endfacet
  facet normal -0 0 1
    outer loop
      vertex 23.3594 9.14056 2.6
      vertex 24.208 8.29203 2.6
      vertex 23.7823 9.51142 2.6
    endloop
  endfacet
  facet normal 0 0 1
    outer loop
      vertex 24.208 8.29203 2.6
      vertex 23.3594 9.14056 2.6
      vertex 23.9406 7.98716 2.6
    endloop
  endfacet
  facet normal -0 0 1
    outer loop
      vertex 22.9886 8.71767 2.6
      vertex 23.9406 7.98716 2.6
      vertex 23.3594 9.14056 2.6
    endloop
  endfacet
  facet normal 0 0 1
    outer loop
      vertex 23.9406 7.98716 2.6
      vertex 22.9886 8.71767 2.6
      vertex 23.7153 7.65 2.6
    endloop
  endfacet
  facet normal -0 0 1
    outer loop
      vertex 22.6761 8.25 2.6
      vertex 23.7153 7.65 2.6
      vertex 22.9886 8.71767 2.6
    endloop
  endfacet
  facet normal 0 0 1
    outer loop
      vertex 23.7153 7.65 2.6
      vertex 22.6761 8.25 2.6
      vertex 23.536 7.28632 2.6
    endloop
  endfacet
  facet normal -0 0 1
    outer loop
      vertex 22.4273 7.74554 2.6
      vertex 23.536 7.28632 2.6
      vertex 22.6761 8.25 2.6
    endloop
  endfacet
  facet normal 0 0 1
    outer loop
      vertex 23.536 7.28632 2.6
      vertex 22.4273 7.74554 2.6
      vertex 23.4056 6.90234 2.6
    endloop
  endfacet
  facet normal -0 0 1
    outer loop
      vertex 29.3944 5.29766 2.6
      vertex 29.9 3.6149 2.6
      vertex 29.4735 5.69537 2.6
    endloop
  endfacet
  facet normal -0 0 1
    outer loop
      vertex 29.264 4.91368 2.6
      vertex 29.9 3.6149 2.6
      vertex 29.3944 5.29766 2.6
    endloop
  endfacet
  facet normal -0 0 1
    outer loop
      vertex 29.0847 4.55 2.6
      vertex 29.9 3.6149 2.6
      vertex 29.264 4.91368 2.6
    endloop
  endfacet
  facet normal -0 0 1
    outer loop
      vertex 28.8594 4.21284 2.6
      vertex 29.9 3.6149 2.6
      vertex 29.0847 4.55 2.6
    endloop
  endfacet
  facet normal 0 0 1
    outer loop
      vertex 29.9 3.6149 2.6
      vertex 28.8594 4.21284 2.6
      vertex 29.8114 3.48233 2.6
    endloop
  endfacet
  facet normal 0 0 1
    outer loop
      vertex 29.8114 3.48233 2.6
      vertex 28.8594 4.21284 2.6
      vertex 29.4406 3.05944 2.6
    endloop
  endfacet
  facet normal -0 0 1
    outer loop
      vertex 28.592 3.90797 2.6
      vertex 29.4406 3.05944 2.6
      vertex 28.8594 4.21284 2.6
    endloop
  endfacet
  facet normal 0 0 1
    outer loop
      vertex 29.4406 3.05944 2.6
      vertex 28.592 3.90797 2.6
      vertex 29.0177 2.68858 2.6
    endloop
  endfacet
  facet normal -0 0 1
    outer loop
      vertex 28.2872 3.6406 2.6
      vertex 29.0177 2.68858 2.6
      vertex 28.592 3.90797 2.6
    endloop
  endfacet
  facet normal 0 0 1
    outer loop
      vertex 29.0177 2.68858 2.6
      vertex 28.2872 3.6406 2.6
      vertex 28.8851 2.6 2.6
    endloop
  endfacet
  facet normal -0 0 1
    outer loop
      vertex 27.95 3.41532 2.6
      vertex 28.8851 2.6 2.6
      vertex 28.2872 3.6406 2.6
    endloop
  endfacet
  facet normal -0 0 1
    outer loop
      vertex 27.5863 3.23597 2.6
      vertex 28.8851 2.6 2.6
      vertex 27.95 3.41532 2.6
    endloop
  endfacet
  facet normal -0 0 1
    outer loop
      vertex 27.2023 3.10563 2.6
      vertex 28.8851 2.6 2.6
      vertex 27.5863 3.23597 2.6
    endloop
  endfacet
  facet normal -0 0 1
    outer loop
      vertex 26.8046 3.02652 2.6
      vertex 28.8851 2.6 2.6
      vertex 27.2023 3.10563 2.6
    endloop
  endfacet
  facet normal -0 0 1
    outer loop
      vertex 26.4 3 2.6
      vertex 28.8851 2.6 2.6
      vertex 26.8046 3.02652 2.6
    endloop
  endfacet
  facet normal 0 0 1
    outer loop
      vertex 23.9149 2.6 2.6
      vertex 26.4 3 2.6
      vertex 25.9954 3.02652 2.6
    endloop
  endfacet
  facet normal 0 0 1
    outer loop
      vertex 26.4 3 2.6
      vertex 23.9149 2.6 2.6
      vertex 28.8851 2.6 2.6
    endloop
  endfacet
  facet normal 0 0 1
    outer loop
      vertex 25.5977 3.10563 2.6
      vertex 23.9149 2.6 2.6
      vertex 25.9954 3.02652 2.6
    endloop
  endfacet
  facet normal 0 0 1
    outer loop
      vertex 25.2137 3.23597 2.6
      vertex 23.9149 2.6 2.6
      vertex 25.5977 3.10563 2.6
    endloop
  endfacet
  facet normal 0 0 1
    outer loop
      vertex 24.85 3.41532 2.6
      vertex 23.9149 2.6 2.6
      vertex 25.2137 3.23597 2.6
    endloop
  endfacet
  facet normal 0 0 1
    outer loop
      vertex 24.5128 3.6406 2.6
      vertex 23.9149 2.6 2.6
      vertex 24.85 3.41532 2.6
    endloop
  endfacet
  facet normal 0 0 1
    outer loop
      vertex 23.7823 2.68858 2.6
      vertex 24.5128 3.6406 2.6
      vertex 24.208 3.90797 2.6
    endloop
  endfacet
  facet normal 0 0 1
    outer loop
      vertex 23.3594 3.05944 2.6
      vertex 24.208 3.90797 2.6
      vertex 23.9406 4.21284 2.6
    endloop
  endfacet
  facet normal 0 0 1
    outer loop
      vertex 24.5128 3.6406 2.6
      vertex 23.7823 2.68858 2.6
      vertex 23.9149 2.6 2.6
    endloop
  endfacet
  facet normal 0 0 1
    outer loop
      vertex 22.9886 3.48233 2.6
      vertex 23.9406 4.21284 2.6
      vertex 23.7153 4.55 2.6
    endloop
  endfacet
  facet normal 0 0 1
    outer loop
      vertex 22.6761 3.95 2.6
      vertex 23.7153 4.55 2.6
      vertex 23.536 4.91368 2.6
    endloop
  endfacet
  facet normal 0 0 1
    outer loop
      vertex 22.4273 4.45446 2.6
      vertex 23.536 4.91368 2.6
      vertex 23.4056 5.29766 2.6
    endloop
  endfacet
  facet normal 0 0 1
    outer loop
      vertex 24.208 3.90797 2.6
      vertex 23.3594 3.05944 2.6
      vertex 23.7823 2.68858 2.6
    endloop
  endfacet
  facet normal 0 0 1
    outer loop
      vertex 22.2465 4.98708 2.6
      vertex 23.4056 5.29766 2.6
      vertex 23.3265 5.69537 2.6
    endloop
  endfacet
  facet normal 0 0 1
    outer loop
      vertex 22.1368 5.53874 2.6
      vertex 23.3265 5.69537 2.6
      vertex 23.3 6.1 2.6
    endloop
  endfacet
  facet normal -0 0 1
    outer loop
      vertex 22.2465 7.21292 2.6
      vertex 23.4056 6.90234 2.6
      vertex 22.4273 7.74554 2.6
    endloop
  endfacet
  facet normal 0 0 1
    outer loop
      vertex 23.9406 4.21284 2.6
      vertex 22.9886 3.48233 2.6
      vertex 23.3594 3.05944 2.6
    endloop
  endfacet
  facet normal 0 0 1
    outer loop
      vertex 23.4056 6.90234 2.6
      vertex 22.2465 7.21292 2.6
      vertex 23.3265 6.50463 2.6
    endloop
  endfacet
  facet normal 0 0 1
    outer loop
      vertex 23.7153 4.55 2.6
      vertex 22.6761 3.95 2.6
      vertex 22.9886 3.48233 2.6
    endloop
  endfacet
  facet normal -0 0 1
    outer loop
      vertex 22.1368 6.66126 2.6
      vertex 23.3265 6.50463 2.6
      vertex 22.2465 7.21292 2.6
    endloop
  endfacet
  facet normal 0 0 1
    outer loop
      vertex 23.536 4.91368 2.6
      vertex 22.4273 4.45446 2.6
      vertex 22.6761 3.95 2.6
    endloop
  endfacet
  facet normal 0 0 1
    outer loop
      vertex 23.3265 6.50463 2.6
      vertex 22.1368 6.66126 2.6
      vertex 23.3 6.1 2.6
    endloop
  endfacet
  facet normal 0 0 1
    outer loop
      vertex 23.4056 5.29766 2.6
      vertex 22.2465 4.98708 2.6
      vertex 22.4273 4.45446 2.6
    endloop
  endfacet
  facet normal 0 0 1
    outer loop
      vertex 22.1 6.1 2.6
      vertex 23.3 6.1 2.6
      vertex 22.1368 6.66126 2.6
    endloop
  endfacet
  facet normal 0 0 1
    outer loop
      vertex 23.3265 5.69537 2.6
      vertex 22.1368 5.53874 2.6
      vertex 22.2465 4.98708 2.6
    endloop
  endfacet
  facet normal 0 0 1
    outer loop
      vertex 23.3 6.1 2.6
      vertex 22.1 6.1 2.6
      vertex 22.1368 5.53874 2.6
    endloop
  endfacet
  facet normal 0 0 1
    outer loop
      vertex -23.3 35.9 2.6
      vertex -22.1 35.9 2.6
      vertex -22.1368 36.4613 2.6
    endloop
  endfacet
  facet normal 0 0 1
    outer loop
      vertex -23.3265 36.3046 2.6
      vertex -22.1368 36.4613 2.6
      vertex -22.2465 37.0129 2.6
    endloop
  endfacet
  facet normal 0 0 1
    outer loop
      vertex -22.1 35.9 2.6
      vertex -23.3 35.9 2.6
      vertex -22.1368 35.3387 2.6
    endloop
  endfacet
  facet normal 0 0 1
    outer loop
      vertex -23.4056 36.7023 2.6
      vertex -22.2465 37.0129 2.6
      vertex -22.4273 37.5455 2.6
    endloop
  endfacet
  facet normal -0 0 1
    outer loop
      vertex -23.3265 35.4954 2.6
      vertex -22.1368 35.3387 2.6
      vertex -23.3 35.9 2.6
    endloop
  endfacet
  facet normal 0 0 1
    outer loop
      vertex -23.536 37.0863 2.6
      vertex -22.4273 37.5455 2.6
      vertex -22.6761 38.05 2.6
    endloop
  endfacet
  facet normal 0 0 1
    outer loop
      vertex -22.1368 35.3387 2.6
      vertex -23.3265 35.4954 2.6
      vertex -22.2465 34.7871 2.6
    endloop
  endfacet
  facet normal 0 0 1
    outer loop
      vertex -23.7153 37.45 2.6
      vertex -22.6761 38.05 2.6
      vertex -22.9886 38.5177 2.6
    endloop
  endfacet
  facet normal -0 0 1
    outer loop
      vertex -23.4056 35.0977 2.6
      vertex -22.2465 34.7871 2.6
      vertex -23.3265 35.4954 2.6
    endloop
  endfacet
  facet normal 0 0 1
    outer loop
      vertex -22.2465 34.7871 2.6
      vertex -23.4056 35.0977 2.6
      vertex -22.4273 34.2545 2.6
    endloop
  endfacet
  facet normal 0 0 1
    outer loop
      vertex -22.1368 36.4613 2.6
      vertex -23.3265 36.3046 2.6
      vertex -23.3 35.9 2.6
    endloop
  endfacet
  facet normal 0 0 1
    outer loop
      vertex -23.9406 37.7872 2.6
      vertex -22.9886 38.5177 2.6
      vertex -23.3594 38.9406 2.6
    endloop
  endfacet
  facet normal 0 0 1
    outer loop
      vertex -22.2465 37.0129 2.6
      vertex -23.4056 36.7023 2.6
      vertex -23.3265 36.3046 2.6
    endloop
  endfacet
  facet normal 0 0 1
    outer loop
      vertex -22.4273 37.5455 2.6
      vertex -23.536 37.0863 2.6
      vertex -23.4056 36.7023 2.6
    endloop
  endfacet
  facet normal 0 0 1
    outer loop
      vertex -22.6761 38.05 2.6
      vertex -23.7153 37.45 2.6
      vertex -23.536 37.0863 2.6
    endloop
  endfacet
  facet normal 0 0 1
    outer loop
      vertex -24.208 38.092 2.6
      vertex -23.3594 38.9406 2.6
      vertex -23.7823 39.3114 2.6
    endloop
  endfacet
  facet normal 0 0 1
    outer loop
      vertex -24.5128 38.3594 2.6
      vertex -23.7823 39.3114 2.6
      vertex -23.9149 39.4 2.6
    endloop
  endfacet
  facet normal 0 0 1
    outer loop
      vertex -22.9886 38.5177 2.6
      vertex -23.9406 37.7872 2.6
      vertex -23.7153 37.45 2.6
    endloop
  endfacet
  facet normal 0 0 1
    outer loop
      vertex -23.3594 38.9406 2.6
      vertex -24.208 38.092 2.6
      vertex -23.9406 37.7872 2.6
    endloop
  endfacet
  facet normal 0 0 1
    outer loop
      vertex -23.7823 39.3114 2.6
      vertex -24.5128 38.3594 2.6
      vertex -24.208 38.092 2.6
    endloop
  endfacet
  facet normal 0 0 1
    outer loop
      vertex -23.9149 39.4 2.6
      vertex -24.85 38.5847 2.6
      vertex -24.5128 38.3594 2.6
    endloop
  endfacet
  facet normal 0 0 1
    outer loop
      vertex -23.9149 39.4 2.6
      vertex -25.2137 38.764 2.6
      vertex -24.85 38.5847 2.6
    endloop
  endfacet
  facet normal 0 0 1
    outer loop
      vertex -23.9149 39.4 2.6
      vertex -25.5977 38.8944 2.6
      vertex -25.2137 38.764 2.6
    endloop
  endfacet
  facet normal 0 0 1
    outer loop
      vertex -23.9149 39.4 2.6
      vertex -25.9954 38.9735 2.6
      vertex -25.5977 38.8944 2.6
    endloop
  endfacet
  facet normal 0 0 1
    outer loop
      vertex -23.9149 39.4 2.6
      vertex -26.4 39 2.6
      vertex -25.9954 38.9735 2.6
    endloop
  endfacet
  facet normal -0 0 1
    outer loop
      vertex -28.8851 39.4 2.6
      vertex -26.4 39 2.6
      vertex -23.9149 39.4 2.6
    endloop
  endfacet
  facet normal 0 0 1
    outer loop
      vertex -26.4 39 2.6
      vertex -28.8851 39.4 2.6
      vertex -26.8046 38.9735 2.6
    endloop
  endfacet
  facet normal 0 0 1
    outer loop
      vertex -28.8851 39.4 2.6
      vertex -27.2023 38.8944 2.6
      vertex -26.8046 38.9735 2.6
    endloop
  endfacet
  facet normal 0 0 1
    outer loop
      vertex -28.8851 39.4 2.6
      vertex -27.5863 38.764 2.6
      vertex -27.2023 38.8944 2.6
    endloop
  endfacet
  facet normal 0 0 1
    outer loop
      vertex -28.8851 39.4 2.6
      vertex -27.95 38.5847 2.6
      vertex -27.5863 38.764 2.6
    endloop
  endfacet
  facet normal 0 0 1
    outer loop
      vertex -28.8851 39.4 2.6
      vertex -28.2872 38.3594 2.6
      vertex -27.95 38.5847 2.6
    endloop
  endfacet
  facet normal -0 0 1
    outer loop
      vertex -29.0177 39.3114 2.6
      vertex -28.2872 38.3594 2.6
      vertex -28.8851 39.4 2.6
    endloop
  endfacet
  facet normal 0 0 1
    outer loop
      vertex -28.2872 38.3594 2.6
      vertex -29.0177 39.3114 2.6
      vertex -28.592 38.092 2.6
    endloop
  endfacet
  facet normal -0 0 1
    outer loop
      vertex -29.4406 38.9406 2.6
      vertex -28.592 38.092 2.6
      vertex -29.0177 39.3114 2.6
    endloop
  endfacet
  facet normal 0 0 1
    outer loop
      vertex -28.592 38.092 2.6
      vertex -29.4406 38.9406 2.6
      vertex -28.8594 37.7872 2.6
    endloop
  endfacet
  facet normal -0 0 1
    outer loop
      vertex -29.8114 38.5177 2.6
      vertex -28.8594 37.7872 2.6
      vertex -29.4406 38.9406 2.6
    endloop
  endfacet
  facet normal -0 0 1
    outer loop
      vertex -29.9 38.3851 2.6
      vertex -28.8594 37.7872 2.6
      vertex -29.8114 38.5177 2.6
    endloop
  endfacet
  facet normal 0 0 1
    outer loop
      vertex -28.8594 37.7872 2.6
      vertex -29.9 38.3851 2.6
      vertex -29.0847 37.45 2.6
    endloop
  endfacet
  facet normal 0 0 1
    outer loop
      vertex -29.0847 37.45 2.6
      vertex -29.9 38.3851 2.6
      vertex -29.264 37.0863 2.6
    endloop
  endfacet
  facet normal 0 0 1
    outer loop
      vertex -29.264 37.0863 2.6
      vertex -29.9 38.3851 2.6
      vertex -29.3944 36.7023 2.6
    endloop
  endfacet
  facet normal 0 0 1
    outer loop
      vertex -29.3944 36.7023 2.6
      vertex -29.9 38.3851 2.6
      vertex -29.4735 36.3046 2.6
    endloop
  endfacet
  facet normal -0 0 1
    outer loop
      vertex -23.536 34.7137 2.6
      vertex -22.4273 34.2545 2.6
      vertex -23.4056 35.0977 2.6
    endloop
  endfacet
  facet normal 0 0 1
    outer loop
      vertex -22.4273 34.2545 2.6
      vertex -23.536 34.7137 2.6
      vertex -22.6761 33.75 2.6
    endloop
  endfacet
  facet normal -0 0 1
    outer loop
      vertex -23.7153 34.35 2.6
      vertex -22.6761 33.75 2.6
      vertex -23.536 34.7137 2.6
    endloop
  endfacet
  facet normal 0 0 1
    outer loop
      vertex -22.6761 33.75 2.6
      vertex -23.7153 34.35 2.6
      vertex -22.9886 33.2823 2.6
    endloop
  endfacet
  facet normal -0 0 1
    outer loop
      vertex -23.9406 34.0128 2.6
      vertex -22.9886 33.2823 2.6
      vertex -23.7153 34.35 2.6
    endloop
  endfacet
  facet normal 0 0 1
    outer loop
      vertex -22.9886 33.2823 2.6
      vertex -23.9406 34.0128 2.6
      vertex -23.3594 32.8594 2.6
    endloop
  endfacet
  facet normal -0 0 1
    outer loop
      vertex -24.208 33.708 2.6
      vertex -23.3594 32.8594 2.6
      vertex -23.9406 34.0128 2.6
    endloop
  endfacet
  facet normal 0 0 1
    outer loop
      vertex -23.3594 32.8594 2.6
      vertex -24.208 33.708 2.6
      vertex -23.7823 32.4886 2.6
    endloop
  endfacet
  facet normal -0 0 1
    outer loop
      vertex -24.5128 33.4406 2.6
      vertex -23.7823 32.4886 2.6
      vertex -24.208 33.708 2.6
    endloop
  endfacet
  facet normal 0 0 1
    outer loop
      vertex -23.7823 32.4886 2.6
      vertex -24.5128 33.4406 2.6
      vertex -24.25 32.1761 2.6
    endloop
  endfacet
  facet normal -0 0 1
    outer loop
      vertex -24.85 33.2153 2.6
      vertex -24.25 32.1761 2.6
      vertex -24.5128 33.4406 2.6
    endloop
  endfacet
  facet normal 0 0 1
    outer loop
      vertex -24.25 32.1761 2.6
      vertex -24.85 33.2153 2.6
      vertex -24.7545 31.9273 2.6
    endloop
  endfacet
  facet normal -0 0 1
    outer loop
      vertex -25.2137 33.036 2.6
      vertex -24.7545 31.9273 2.6
      vertex -24.85 33.2153 2.6
    endloop
  endfacet
  facet normal 0 0 1
    outer loop
      vertex -25.2137 33.036 2.6
      vertex -25.2871 31.7465 2.6
      vertex -24.7545 31.9273 2.6
    endloop
  endfacet
  facet normal -0 0 1
    outer loop
      vertex -25.5977 32.9056 2.6
      vertex -25.2871 31.7465 2.6
      vertex -25.2137 33.036 2.6
    endloop
  endfacet
  facet normal 0 0 1
    outer loop
      vertex -25.5977 32.9056 2.6
      vertex -25.8387 31.6368 2.6
      vertex -25.2871 31.7465 2.6
    endloop
  endfacet
  facet normal -0 0 1
    outer loop
      vertex -25.9954 32.8265 2.6
      vertex -25.8387 31.6368 2.6
      vertex -25.5977 32.9056 2.6
    endloop
  endfacet
  facet normal -0 0 1
    outer loop
      vertex -26.4 32.8 2.6
      vertex -25.8387 31.6368 2.6
      vertex -25.9954 32.8265 2.6
    endloop
  endfacet
  facet normal 0 0 1
    outer loop
      vertex -26.4 32.8 2.6
      vertex -26.4 31.6 2.6
      vertex -25.8387 31.6368 2.6
    endloop
  endfacet
  facet normal 0 0 1
    outer loop
      vertex -26.8046 32.8265 2.6
      vertex -26.4 31.6 2.6
      vertex -26.4 32.8 2.6
    endloop
  endfacet
  facet normal 0 0 1
    outer loop
      vertex -26.8046 32.8265 2.6
      vertex -26.9613 31.6368 2.6
      vertex -26.4 31.6 2.6
    endloop
  endfacet
  facet normal 0 0 1
    outer loop
      vertex -27.2023 32.9056 2.6
      vertex -26.9613 31.6368 2.6
      vertex -26.8046 32.8265 2.6
    endloop
  endfacet
  facet normal 0 0 1
    outer loop
      vertex -27.2023 32.9056 2.6
      vertex -27.5129 31.7465 2.6
      vertex -26.9613 31.6368 2.6
    endloop
  endfacet
  facet normal 0 0 1
    outer loop
      vertex -27.5863 33.036 2.6
      vertex -27.5129 31.7465 2.6
      vertex -27.2023 32.9056 2.6
    endloop
  endfacet
  facet normal 0 0 1
    outer loop
      vertex -28.0455 31.9273 2.6
      vertex -27.5863 33.036 2.6
      vertex -27.95 33.2153 2.6
    endloop
  endfacet
  facet normal 0 0 1
    outer loop
      vertex -27.5863 33.036 2.6
      vertex -28.0455 31.9273 2.6
      vertex -27.5129 31.7465 2.6
    endloop
  endfacet
  facet normal 0 0 1
    outer loop
      vertex -28.55 32.1761 2.6
      vertex -27.95 33.2153 2.6
      vertex -28.2872 33.4406 2.6
    endloop
  endfacet
  facet normal 0 0 1
    outer loop
      vertex -27.95 33.2153 2.6
      vertex -28.55 32.1761 2.6
      vertex -28.0455 31.9273 2.6
    endloop
  endfacet
  facet normal 0 0 1
    outer loop
      vertex -29.0177 32.4886 2.6
      vertex -28.2872 33.4406 2.6
      vertex -28.592 33.708 2.6
    endloop
  endfacet
  facet normal 0 0 1
    outer loop
      vertex -29.4406 32.8594 2.6
      vertex -28.592 33.708 2.6
      vertex -28.8594 34.0128 2.6
    endloop
  endfacet
  facet normal 0 0 1
    outer loop
      vertex -28.2872 33.4406 2.6
      vertex -29.0177 32.4886 2.6
      vertex -28.55 32.1761 2.6
    endloop
  endfacet
  facet normal 0 0 1
    outer loop
      vertex -29.9 33.4149 2.6
      vertex -28.8594 34.0128 2.6
      vertex -29.0847 34.35 2.6
    endloop
  endfacet
  facet normal 0 0 1
    outer loop
      vertex -29.9 33.4149 2.6
      vertex -29.0847 34.35 2.6
      vertex -29.264 34.7137 2.6
    endloop
  endfacet
  facet normal 0 0 1
    outer loop
      vertex -29.9 33.4149 2.6
      vertex -29.264 34.7137 2.6
      vertex -29.3944 35.0977 2.6
    endloop
  endfacet
  facet normal 0 0 1
    outer loop
      vertex -28.592 33.708 2.6
      vertex -29.4406 32.8594 2.6
      vertex -29.0177 32.4886 2.6
    endloop
  endfacet
  facet normal 0 0 1
    outer loop
      vertex -29.9 33.4149 2.6
      vertex -29.3944 35.0977 2.6
      vertex -29.4735 35.4954 2.6
    endloop
  endfacet
  facet normal 0 0 1
    outer loop
      vertex -29.9 33.4149 2.6
      vertex -29.4735 35.4954 2.6
      vertex -29.5 35.9 2.6
    endloop
  endfacet
  facet normal 0 0 1
    outer loop
      vertex -29.4735 36.3046 2.6
      vertex -29.9 38.3851 2.6
      vertex -29.5 35.9 2.6
    endloop
  endfacet
  facet normal 0 0 1
    outer loop
      vertex -29.9 33.4149 2.6
      vertex -29.5 35.9 2.6
      vertex -29.9 38.3851 2.6
    endloop
  endfacet
  facet normal 0 0 1
    outer loop
      vertex -28.8594 34.0128 2.6
      vertex -29.9 33.4149 2.6
      vertex -29.8114 33.2823 2.6
    endloop
  endfacet
  facet normal 0 0 1
    outer loop
      vertex -28.8594 34.0128 2.6
      vertex -29.8114 33.2823 2.6
      vertex -29.4406 32.8594 2.6
    endloop
  endfacet
  facet normal 0 0 1
    outer loop
      vertex 28.8594 37.7872 2.6
      vertex 29.9 38.3851 2.6
      vertex 29.8114 38.5177 2.6
    endloop
  endfacet
  facet normal 0 0 1
    outer loop
      vertex 29.9 38.3851 2.6
      vertex 29.5 35.9 2.6
      vertex 29.9 33.4149 2.6
    endloop
  endfacet
  facet normal -0 0 1
    outer loop
      vertex 29.4735 35.4954 2.6
      vertex 29.9 33.4149 2.6
      vertex 29.5 35.9 2.6
    endloop
  endfacet
  facet normal 0 0 1
    outer loop
      vertex 29.9 38.3851 2.6
      vertex 29.4735 36.3046 2.6
      vertex 29.5 35.9 2.6
    endloop
  endfacet
  facet normal 0 0 1
    outer loop
      vertex 28.8594 37.7872 2.6
      vertex 29.8114 38.5177 2.6
      vertex 29.4406 38.9406 2.6
    endloop
  endfacet
  facet normal 0 0 1
    outer loop
      vertex 29.9 38.3851 2.6
      vertex 29.3944 36.7023 2.6
      vertex 29.4735 36.3046 2.6
    endloop
  endfacet
  facet normal 0 0 1
    outer loop
      vertex 29.9 38.3851 2.6
      vertex 29.264 37.0863 2.6
      vertex 29.3944 36.7023 2.6
    endloop
  endfacet
  facet normal 0 0 1
    outer loop
      vertex 29.9 38.3851 2.6
      vertex 29.0847 37.45 2.6
      vertex 29.264 37.0863 2.6
    endloop
  endfacet
  facet normal 0 0 1
    outer loop
      vertex 28.592 38.092 2.6
      vertex 29.4406 38.9406 2.6
      vertex 29.0177 39.3114 2.6
    endloop
  endfacet
  facet normal 0 0 1
    outer loop
      vertex 28.2872 38.3594 2.6
      vertex 29.0177 39.3114 2.6
      vertex 28.8851 39.4 2.6
    endloop
  endfacet
  facet normal 0 0 1
    outer loop
      vertex 29.9 38.3851 2.6
      vertex 28.8594 37.7872 2.6
      vertex 29.0847 37.45 2.6
    endloop
  endfacet
  facet normal 0 0 1
    outer loop
      vertex 29.4406 38.9406 2.6
      vertex 28.592 38.092 2.6
      vertex 28.8594 37.7872 2.6
    endloop
  endfacet
  facet normal 0 0 1
    outer loop
      vertex 29.0177 39.3114 2.6
      vertex 28.2872 38.3594 2.6
      vertex 28.592 38.092 2.6
    endloop
  endfacet
  facet normal 0 0 1
    outer loop
      vertex 28.8851 39.4 2.6
      vertex 27.95 38.5847 2.6
      vertex 28.2872 38.3594 2.6
    endloop
  endfacet
  facet normal 0 0 1
    outer loop
      vertex 28.8851 39.4 2.6
      vertex 27.5863 38.764 2.6
      vertex 27.95 38.5847 2.6
    endloop
  endfacet
  facet normal 0 0 1
    outer loop
      vertex 28.8851 39.4 2.6
      vertex 27.2023 38.8944 2.6
      vertex 27.5863 38.764 2.6
    endloop
  endfacet
  facet normal 0 0 1
    outer loop
      vertex 28.8851 39.4 2.6
      vertex 26.8046 38.9735 2.6
      vertex 27.2023 38.8944 2.6
    endloop
  endfacet
  facet normal 0 0 1
    outer loop
      vertex 28.8851 39.4 2.6
      vertex 26.4 39 2.6
      vertex 26.8046 38.9735 2.6
    endloop
  endfacet
  facet normal -0 0 1
    outer loop
      vertex 23.9149 39.4 2.6
      vertex 26.4 39 2.6
      vertex 28.8851 39.4 2.6
    endloop
  endfacet
  facet normal 0 0 1
    outer loop
      vertex 26.4 39 2.6
      vertex 23.9149 39.4 2.6
      vertex 25.9954 38.9735 2.6
    endloop
  endfacet
  facet normal 0 0 1
    outer loop
      vertex 23.9149 39.4 2.6
      vertex 25.5977 38.8944 2.6
      vertex 25.9954 38.9735 2.6
    endloop
  endfacet
  facet normal 0 0 1
    outer loop
      vertex 23.9149 39.4 2.6
      vertex 25.2137 38.764 2.6
      vertex 25.5977 38.8944 2.6
    endloop
  endfacet
  facet normal 0 0 1
    outer loop
      vertex 23.9149 39.4 2.6
      vertex 24.85 38.5847 2.6
      vertex 25.2137 38.764 2.6
    endloop
  endfacet
  facet normal 0 0 1
    outer loop
      vertex 23.9149 39.4 2.6
      vertex 24.5128 38.3594 2.6
      vertex 24.85 38.5847 2.6
    endloop
  endfacet
  facet normal -0 0 1
    outer loop
      vertex 23.7823 39.3114 2.6
      vertex 24.5128 38.3594 2.6
      vertex 23.9149 39.4 2.6
    endloop
  endfacet
  facet normal 0 0 1
    outer loop
      vertex 24.5128 38.3594 2.6
      vertex 23.7823 39.3114 2.6
      vertex 24.208 38.092 2.6
    endloop
  endfacet
  facet normal -0 0 1
    outer loop
      vertex 23.3594 38.9406 2.6
      vertex 24.208 38.092 2.6
      vertex 23.7823 39.3114 2.6
    endloop
  endfacet
  facet normal 0 0 1
    outer loop
      vertex 24.208 38.092 2.6
      vertex 23.3594 38.9406 2.6
      vertex 23.9406 37.7872 2.6
    endloop
  endfacet
  facet normal -0 0 1
    outer loop
      vertex 22.9886 38.5177 2.6
      vertex 23.9406 37.7872 2.6
      vertex 23.3594 38.9406 2.6
    endloop
  endfacet
  facet normal 0 0 1
    outer loop
      vertex 23.9406 37.7872 2.6
      vertex 22.9886 38.5177 2.6
      vertex 23.7153 37.45 2.6
    endloop
  endfacet
  facet normal -0 0 1
    outer loop
      vertex 22.6761 38.05 2.6
      vertex 23.7153 37.45 2.6
      vertex 22.9886 38.5177 2.6
    endloop
  endfacet
  facet normal 0 0 1
    outer loop
      vertex 23.7153 37.45 2.6
      vertex 22.6761 38.05 2.6
      vertex 23.536 37.0863 2.6
    endloop
  endfacet
  facet normal -0 0 1
    outer loop
      vertex 22.4273 37.5455 2.6
      vertex 23.536 37.0863 2.6
      vertex 22.6761 38.05 2.6
    endloop
  endfacet
  facet normal 0 0 1
    outer loop
      vertex 23.536 37.0863 2.6
      vertex 22.4273 37.5455 2.6
      vertex 23.4056 36.7023 2.6
    endloop
  endfacet
  facet normal -0 0 1
    outer loop
      vertex 29.3944 35.0977 2.6
      vertex 29.9 33.4149 2.6
      vertex 29.4735 35.4954 2.6
    endloop
  endfacet
  facet normal -0 0 1
    outer loop
      vertex 29.264 34.7137 2.6
      vertex 29.9 33.4149 2.6
      vertex 29.3944 35.0977 2.6
    endloop
  endfacet
  facet normal -0 0 1
    outer loop
      vertex 29.0847 34.35 2.6
      vertex 29.9 33.4149 2.6
      vertex 29.264 34.7137 2.6
    endloop
  endfacet
  facet normal -0 0 1
    outer loop
      vertex 28.8594 34.0128 2.6
      vertex 29.9 33.4149 2.6
      vertex 29.0847 34.35 2.6
    endloop
  endfacet
  facet normal 0 0 1
    outer loop
      vertex 29.9 33.4149 2.6
      vertex 28.8594 34.0128 2.6
      vertex 29.8114 33.2823 2.6
    endloop
  endfacet
  facet normal 0 0 1
    outer loop
      vertex 29.8114 33.2823 2.6
      vertex 28.8594 34.0128 2.6
      vertex 29.4406 32.8594 2.6
    endloop
  endfacet
  facet normal -0 0 1
    outer loop
      vertex 28.592 33.708 2.6
      vertex 29.4406 32.8594 2.6
      vertex 28.8594 34.0128 2.6
    endloop
  endfacet
  facet normal 0 0 1
    outer loop
      vertex 29.4406 32.8594 2.6
      vertex 28.592 33.708 2.6
      vertex 29.0177 32.4886 2.6
    endloop
  endfacet
  facet normal -0 0 1
    outer loop
      vertex 28.2872 33.4406 2.6
      vertex 29.0177 32.4886 2.6
      vertex 28.592 33.708 2.6
    endloop
  endfacet
  facet normal 0 0 1
    outer loop
      vertex 29.0177 32.4886 2.6
      vertex 28.2872 33.4406 2.6
      vertex 28.55 32.1761 2.6
    endloop
  endfacet
  facet normal -0 0 1
    outer loop
      vertex 27.95 33.2153 2.6
      vertex 28.55 32.1761 2.6
      vertex 28.2872 33.4406 2.6
    endloop
  endfacet
  facet normal 0 0 1
    outer loop
      vertex 28.55 32.1761 2.6
      vertex 27.95 33.2153 2.6
      vertex 28.0455 31.9273 2.6
    endloop
  endfacet
  facet normal -0 0 1
    outer loop
      vertex 27.5863 33.036 2.6
      vertex 28.0455 31.9273 2.6
      vertex 27.95 33.2153 2.6
    endloop
  endfacet
  facet normal 0 0 1
    outer loop
      vertex 27.5863 33.036 2.6
      vertex 27.5129 31.7465 2.6
      vertex 28.0455 31.9273 2.6
    endloop
  endfacet
  facet normal -0 0 1
    outer loop
      vertex 27.2023 32.9056 2.6
      vertex 27.5129 31.7465 2.6
      vertex 27.5863 33.036 2.6
    endloop
  endfacet
  facet normal 0 0 1
    outer loop
      vertex 27.2023 32.9056 2.6
      vertex 26.9613 31.6368 2.6
      vertex 27.5129 31.7465 2.6
    endloop
  endfacet
  facet normal -0 0 1
    outer loop
      vertex 26.8046 32.8265 2.6
      vertex 26.9613 31.6368 2.6
      vertex 27.2023 32.9056 2.6
    endloop
  endfacet
  facet normal -0 0 1
    outer loop
      vertex 26.4 32.8 2.6
      vertex 26.9613 31.6368 2.6
      vertex 26.8046 32.8265 2.6
    endloop
  endfacet
  facet normal 0 0 1
    outer loop
      vertex 26.4 32.8 2.6
      vertex 26.4 31.6 2.6
      vertex 26.9613 31.6368 2.6
    endloop
  endfacet
  facet normal 0 0 1
    outer loop
      vertex 25.9954 32.8265 2.6
      vertex 26.4 31.6 2.6
      vertex 26.4 32.8 2.6
    endloop
  endfacet
  facet normal 0 0 1
    outer loop
      vertex 25.9954 32.8265 2.6
      vertex 25.8387 31.6368 2.6
      vertex 26.4 31.6 2.6
    endloop
  endfacet
  facet normal 0 0 1
    outer loop
      vertex 25.5977 32.9056 2.6
      vertex 25.8387 31.6368 2.6
      vertex 25.9954 32.8265 2.6
    endloop
  endfacet
  facet normal 0 0 1
    outer loop
      vertex 25.5977 32.9056 2.6
      vertex 25.2871 31.7465 2.6
      vertex 25.8387 31.6368 2.6
    endloop
  endfacet
  facet normal 0 0 1
    outer loop
      vertex 25.2137 33.036 2.6
      vertex 25.2871 31.7465 2.6
      vertex 25.5977 32.9056 2.6
    endloop
  endfacet
  facet normal 0 0 1
    outer loop
      vertex 24.7545 31.9273 2.6
      vertex 25.2137 33.036 2.6
      vertex 24.85 33.2153 2.6
    endloop
  endfacet
  facet normal 0 0 1
    outer loop
      vertex 25.2137 33.036 2.6
      vertex 24.7545 31.9273 2.6
      vertex 25.2871 31.7465 2.6
    endloop
  endfacet
  facet normal 0 0 1
    outer loop
      vertex 24.25 32.1761 2.6
      vertex 24.85 33.2153 2.6
      vertex 24.5128 33.4406 2.6
    endloop
  endfacet
  facet normal 0 0 1
    outer loop
      vertex 24.85 33.2153 2.6
      vertex 24.25 32.1761 2.6
      vertex 24.7545 31.9273 2.6
    endloop
  endfacet
  facet normal 0 0 1
    outer loop
      vertex 23.7823 32.4886 2.6
      vertex 24.5128 33.4406 2.6
      vertex 24.208 33.708 2.6
    endloop
  endfacet
  facet normal 0 0 1
    outer loop
      vertex 23.3594 32.8594 2.6
      vertex 24.208 33.708 2.6
      vertex 23.9406 34.0128 2.6
    endloop
  endfacet
  facet normal 0 0 1
    outer loop
      vertex 24.5128 33.4406 2.6
      vertex 23.7823 32.4886 2.6
      vertex 24.25 32.1761 2.6
    endloop
  endfacet
  facet normal 0 0 1
    outer loop
      vertex 22.9886 33.2823 2.6
      vertex 23.9406 34.0128 2.6
      vertex 23.7153 34.35 2.6
    endloop
  endfacet
  facet normal 0 0 1
    outer loop
      vertex 22.6761 33.75 2.6
      vertex 23.7153 34.35 2.6
      vertex 23.536 34.7137 2.6
    endloop
  endfacet
  facet normal 0 0 1
    outer loop
      vertex 22.4273 34.2545 2.6
      vertex 23.536 34.7137 2.6
      vertex 23.4056 35.0977 2.6
    endloop
  endfacet
  facet normal 0 0 1
    outer loop
      vertex 24.208 33.708 2.6
      vertex 23.3594 32.8594 2.6
      vertex 23.7823 32.4886 2.6
    endloop
  endfacet
  facet normal 0 0 1
    outer loop
      vertex 22.2465 34.7871 2.6
      vertex 23.4056 35.0977 2.6
      vertex 23.3265 35.4954 2.6
    endloop
  endfacet
  facet normal 0 0 1
    outer loop
      vertex 22.1368 35.3387 2.6
      vertex 23.3265 35.4954 2.6
      vertex 23.3 35.9 2.6
    endloop
  endfacet
  facet normal -0 0 1
    outer loop
      vertex 22.2465 37.0129 2.6
      vertex 23.4056 36.7023 2.6
      vertex 22.4273 37.5455 2.6
    endloop
  endfacet
  facet normal 0 0 1
    outer loop
      vertex 23.9406 34.0128 2.6
      vertex 22.9886 33.2823 2.6
      vertex 23.3594 32.8594 2.6
    endloop
  endfacet
  facet normal 0 0 1
    outer loop
      vertex 23.4056 36.7023 2.6
      vertex 22.2465 37.0129 2.6
      vertex 23.3265 36.3046 2.6
    endloop
  endfacet
  facet normal 0 0 1
    outer loop
      vertex 23.7153 34.35 2.6
      vertex 22.6761 33.75 2.6
      vertex 22.9886 33.2823 2.6
    endloop
  endfacet
  facet normal -0 0 1
    outer loop
      vertex 22.1368 36.4613 2.6
      vertex 23.3265 36.3046 2.6
      vertex 22.2465 37.0129 2.6
    endloop
  endfacet
  facet normal 0 0 1
    outer loop
      vertex 23.536 34.7137 2.6
      vertex 22.4273 34.2545 2.6
      vertex 22.6761 33.75 2.6
    endloop
  endfacet
  facet normal 0 0 1
    outer loop
      vertex 23.3265 36.3046 2.6
      vertex 22.1368 36.4613 2.6
      vertex 23.3 35.9 2.6
    endloop
  endfacet
  facet normal 0 0 1
    outer loop
      vertex 23.4056 35.0977 2.6
      vertex 22.2465 34.7871 2.6
      vertex 22.4273 34.2545 2.6
    endloop
  endfacet
  facet normal 0 0 1
    outer loop
      vertex 22.1 35.9 2.6
      vertex 23.3 35.9 2.6
      vertex 22.1368 36.4613 2.6
    endloop
  endfacet
  facet normal 0 0 1
    outer loop
      vertex 23.3265 35.4954 2.6
      vertex 22.1368 35.3387 2.6
      vertex 22.2465 34.7871 2.6
    endloop
  endfacet
  facet normal 0 0 1
    outer loop
      vertex 23.3 35.9 2.6
      vertex 22.1 35.9 2.6
      vertex 22.1368 35.3387 2.6
    endloop
  endfacet
  facet normal -0.831413 0.555655 0
    outer loop
      vertex -29.9 8.5851 2
      vertex -29.8114 8.71767 2.6
      vertex -29.8114 8.71767 2
    endloop
  endfacet
  facet normal -0.831413 0.555655 0
    outer loop
      vertex -29.8114 8.71767 2.6
      vertex -29.9 8.5851 2
      vertex -29.9 8.5851 2.6
    endloop
  endfacet
  facet normal -0.32145 0.946927 0
    outer loop
      vertex -27.5129 10.2535 2
      vertex -28.0455 10.0727 2.6
      vertex -27.5129 10.2535 2.6
    endloop
  endfacet
  facet normal -0.32145 0.946927 0
    outer loop
      vertex -28.0455 10.0727 2.6
      vertex -27.5129 10.2535 2
      vertex -28.0455 10.0727 2
    endloop
  endfacet
  facet normal 0.997857 -0.0654263 0
    outer loop
      vertex -22.1368 5.53874 2.6
      vertex -22.1 6.1 2
      vertex -22.1 6.1 2.6
    endloop
  endfacet
  facet normal 0.997857 -0.0654263 0
    outer loop
      vertex -22.1 6.1 2
      vertex -22.1368 5.53874 2.6
      vertex -22.1368 5.53874 2
    endloop
  endfacet
  facet normal 0.831459 -0.555586 0
    outer loop
      vertex -22.9886 3.48233 2.6
      vertex -22.6761 3.95 2
      vertex -22.6761 3.95 2.6
    endloop
  endfacet
  facet normal 0.831459 -0.555586 0
    outer loop
      vertex -22.6761 3.95 2
      vertex -22.9886 3.48233 2.6
      vertex -22.9886 3.48233 2
    endloop
  endfacet
  facet normal -0.831413 -0.555655 0
    outer loop
      vertex -29.8114 3.48233 2
      vertex -29.9 3.6149 2.6
      vertex -29.9 3.6149 2
    endloop
  endfacet
  facet normal -0.831413 -0.555655 0
    outer loop
      vertex -29.9 3.6149 2.6
      vertex -29.8114 3.48233 2
      vertex -29.8114 3.48233 2.6
    endloop
  endfacet
  facet normal 0.659332 -0.751852 0
    outer loop
      vertex -23.7823 2.68858 2
      vertex -23.3594 3.05944 2.6
      vertex -23.7823 2.68858 2.6
    endloop
  endfacet
  facet normal 0.659332 -0.751852 0
    outer loop
      vertex -23.3594 3.05944 2.6
      vertex -23.7823 2.68858 2
      vertex -23.3594 3.05944 2
    endloop
  endfacet
  facet normal 0.896853 0.442329 0
    outer loop
      vertex -22.4273 7.74554 2.6
      vertex -22.6761 8.25 2
      vertex -22.6761 8.25 2.6
    endloop
  endfacet
  facet normal 0.896853 0.442329 0
    outer loop
      vertex -22.6761 8.25 2
      vertex -22.4273 7.74554 2.6
      vertex -22.4273 7.74554 2
    endloop
  endfacet
  facet normal 0.94693 0.321439 0
    outer loop
      vertex -22.2465 7.21292 2.6
      vertex -22.4273 7.74554 2
      vertex -22.4273 7.74554 2.6
    endloop
  endfacet
  facet normal 0.94693 0.321439 0
    outer loop
      vertex -22.4273 7.74554 2
      vertex -22.2465 7.21292 2.6
      vertex -22.2465 7.21292 2
    endloop
  endfacet
  facet normal 0.896853 -0.442329 0
    outer loop
      vertex -22.6761 3.95 2.6
      vertex -22.4273 4.45446 2
      vertex -22.4273 4.45446 2.6
    endloop
  endfacet
  facet normal 0.896853 -0.442329 0
    outer loop
      vertex -22.4273 4.45446 2
      vertex -22.6761 3.95 2.6
      vertex -22.6761 3.95 2
    endloop
  endfacet
  facet normal -0.751897 -0.659281 0
    outer loop
      vertex -29.4406 3.05944 2
      vertex -29.8114 3.48233 2.6
      vertex -29.8114 3.48233 2
    endloop
  endfacet
  facet normal -0.751897 -0.659281 0
    outer loop
      vertex -29.8114 3.48233 2.6
      vertex -29.4406 3.05944 2
      vertex -29.4406 3.05944 2.6
    endloop
  endfacet
  facet normal 0.751897 -0.659281 0
    outer loop
      vertex -23.3594 3.05944 2.6
      vertex -22.9886 3.48233 2
      vertex -22.9886 3.48233 2.6
    endloop
  endfacet
  facet normal 0.751897 -0.659281 0
    outer loop
      vertex -22.9886 3.48233 2
      vertex -23.3594 3.05944 2.6
      vertex -23.3594 3.05944 2
    endloop
  endfacet
  facet normal -0.555481 -0.831529 0
    outer loop
      vertex -29.0177 2.68858 2
      vertex -28.8851 2.6 2.6
      vertex -29.0177 2.68858 2.6
    endloop
  endfacet
  facet normal -0.555481 -0.831529 -0
    outer loop
      vertex -28.8851 2.6 2.6
      vertex -29.0177 2.68858 2
      vertex -28.8851 2.6 2
    endloop
  endfacet
  facet normal 0.555568 0.831471 -0
    outer loop
      vertex -23.7823 39.3114 2
      vertex -23.9149 39.4 2.6
      vertex -23.7823 39.3114 2.6
    endloop
  endfacet
  facet normal 0.555568 0.831471 0
    outer loop
      vertex -23.9149 39.4 2.6
      vertex -23.7823 39.3114 2
      vertex -23.9149 39.4 2
    endloop
  endfacet
  facet normal 0.980792 -0.195056 0
    outer loop
      vertex -22.2465 34.7871 2.6
      vertex -22.1368 35.3387 2
      vertex -22.1368 35.3387 2.6
    endloop
  endfacet
  facet normal 0.980792 -0.195056 0
    outer loop
      vertex -22.1368 35.3387 2
      vertex -22.2465 34.7871 2.6
      vertex -22.2465 34.7871 2
    endloop
  endfacet
  facet normal 0.896867 0.4423 0
    outer loop
      vertex -22.4273 37.5455 2.6
      vertex -22.6761 38.05 2
      vertex -22.6761 38.05 2.6
    endloop
  endfacet
  facet normal 0.896867 0.4423 0
    outer loop
      vertex -22.6761 38.05 2
      vertex -22.4273 37.5455 2.6
      vertex -22.4273 37.5455 2
    endloop
  endfacet
  facet normal 0.980792 0.195056 0
    outer loop
      vertex -22.1368 36.4613 2.6
      vertex -22.2465 37.0129 2
      vertex -22.2465 37.0129 2.6
    endloop
  endfacet
  facet normal 0.980792 0.195056 0
    outer loop
      vertex -22.2465 37.0129 2
      vertex -22.1368 36.4613 2.6
      vertex -22.1368 36.4613 2
    endloop
  endfacet
  facet normal 0.831475 0.555561 0
    outer loop
      vertex -22.6761 38.05 2.6
      vertex -22.9886 38.5177 2
      vertex -22.9886 38.5177 2.6
    endloop
  endfacet
  facet normal 0.831475 0.555561 0
    outer loop
      vertex -22.9886 38.5177 2
      vertex -22.6761 38.05 2.6
      vertex -22.6761 38.05 2
    endloop
  endfacet
  facet normal -0.831471 0.555568 0
    outer loop
      vertex -29.9 38.3851 2
      vertex -29.8114 38.5177 2.6
      vertex -29.8114 38.5177 2
    endloop
  endfacet
  facet normal -0.831471 0.555568 0
    outer loop
      vertex -29.8114 38.5177 2.6
      vertex -29.9 38.3851 2
      vertex -29.9 38.3851 2.6
    endloop
  endfacet
  facet normal -0.751904 0.659272 0
    outer loop
      vertex -29.8114 38.5177 2
      vertex -29.4406 38.9406 2.6
      vertex -29.4406 38.9406 2
    endloop
  endfacet
  facet normal -0.751904 0.659272 0
    outer loop
      vertex -29.4406 38.9406 2.6
      vertex -29.8114 38.5177 2
      vertex -29.8114 38.5177 2.6
    endloop
  endfacet
  facet normal 0.997858 -0.0654216 0
    outer loop
      vertex -22.1368 35.3387 2.6
      vertex -22.1 35.9 2
      vertex -22.1 35.9 2.6
    endloop
  endfacet
  facet normal 0.997858 -0.0654216 0
    outer loop
      vertex -22.1 35.9 2
      vertex -22.1368 35.3387 2.6
      vertex -22.1368 35.3387 2
    endloop
  endfacet
  facet normal 0.195056 -0.980792 0
    outer loop
      vertex -25.8387 31.6368 2
      vertex -25.2871 31.7465 2.6
      vertex -25.8387 31.6368 2.6
    endloop
  endfacet
  facet normal 0.195056 -0.980792 0
    outer loop
      vertex -25.2871 31.7465 2.6
      vertex -25.8387 31.6368 2
      vertex -25.2871 31.7465 2
    endloop
  endfacet
  facet normal 0.555561 -0.831475 0
    outer loop
      vertex -24.25 32.1761 2
      vertex -23.7823 32.4886 2.6
      vertex -24.25 32.1761 2.6
    endloop
  endfacet
  facet normal 0.555561 -0.831475 0
    outer loop
      vertex -23.7823 32.4886 2.6
      vertex -24.25 32.1761 2
      vertex -23.7823 32.4886 2
    endloop
  endfacet
  facet normal 0.831475 -0.555561 0
    outer loop
      vertex -22.9886 33.2823 2.6
      vertex -22.6761 33.75 2
      vertex -22.6761 33.75 2.6
    endloop
  endfacet
  facet normal 0.831475 -0.555561 0
    outer loop
      vertex -22.6761 33.75 2
      vertex -22.9886 33.2823 2.6
      vertex -22.9886 33.2823 2
    endloop
  endfacet
  facet normal 0.0654216 -0.997858 0
    outer loop
      vertex -26.4 31.6 2
      vertex -25.8387 31.6368 2.6
      vertex -26.4 31.6 2.6
    endloop
  endfacet
  facet normal 0.0654216 -0.997858 0
    outer loop
      vertex -25.8387 31.6368 2.6
      vertex -26.4 31.6 2
      vertex -25.8387 31.6368 2
    endloop
  endfacet
  facet normal -0.555561 -0.831475 0
    outer loop
      vertex -29.0177 32.4886 2
      vertex -28.55 32.1761 2.6
      vertex -29.0177 32.4886 2.6
    endloop
  endfacet
  facet normal -0.555561 -0.831475 -0
    outer loop
      vertex -28.55 32.1761 2.6
      vertex -29.0177 32.4886 2
      vertex -28.55 32.1761 2
    endloop
  endfacet
  facet normal -0.831471 -0.555568 0
    outer loop
      vertex -29.8114 33.2823 2
      vertex -29.9 33.4149 2.6
      vertex -29.9 33.4149 2
    endloop
  endfacet
  facet normal -0.831471 -0.555568 0
    outer loop
      vertex -29.9 33.4149 2.6
      vertex -29.8114 33.2823 2
      vertex -29.8114 33.2823 2.6
    endloop
  endfacet
  facet normal 0.946927 0.32145 0
    outer loop
      vertex -22.2465 37.0129 2.6
      vertex -22.4273 37.5455 2
      vertex -22.4273 37.5455 2.6
    endloop
  endfacet
  facet normal 0.946927 0.32145 0
    outer loop
      vertex -22.4273 37.5455 2
      vertex -22.2465 37.0129 2.6
      vertex -22.2465 37.0129 2
    endloop
  endfacet
  facet normal 0.751904 0.659272 0
    outer loop
      vertex -22.9886 38.5177 2.6
      vertex -23.3594 38.9406 2
      vertex -23.3594 38.9406 2.6
    endloop
  endfacet
  facet normal 0.751904 0.659272 0
    outer loop
      vertex -23.3594 38.9406 2
      vertex -22.9886 38.5177 2.6
      vertex -22.9886 38.5177 2
    endloop
  endfacet
  facet normal 0.659272 0.751904 -0
    outer loop
      vertex -23.3594 38.9406 2
      vertex -23.7823 39.3114 2.6
      vertex -23.3594 38.9406 2.6
    endloop
  endfacet
  facet normal 0.659272 0.751904 0
    outer loop
      vertex -23.7823 39.3114 2.6
      vertex -23.3594 38.9406 2
      vertex -23.7823 39.3114 2
    endloop
  endfacet
  facet normal -0.659272 0.751904 0
    outer loop
      vertex -29.0177 39.3114 2
      vertex -29.4406 38.9406 2.6
      vertex -29.0177 39.3114 2.6
    endloop
  endfacet
  facet normal -0.659272 0.751904 0
    outer loop
      vertex -29.4406 38.9406 2.6
      vertex -29.0177 39.3114 2
      vertex -29.4406 38.9406 2
    endloop
  endfacet
  facet normal -0.555568 0.831471 0
    outer loop
      vertex -28.8851 39.4 2
      vertex -29.0177 39.3114 2.6
      vertex -28.8851 39.4 2.6
    endloop
  endfacet
  facet normal -0.555568 0.831471 0
    outer loop
      vertex -29.0177 39.3114 2.6
      vertex -28.8851 39.4 2
      vertex -29.0177 39.3114 2
    endloop
  endfacet
  facet normal 0.997858 0.0654216 0
    outer loop
      vertex -22.1 35.9 2.6
      vertex -22.1368 36.4613 2
      vertex -22.1368 36.4613 2.6
    endloop
  endfacet
  facet normal 0.997858 0.0654216 0
    outer loop
      vertex -22.1368 36.4613 2
      vertex -22.1 35.9 2.6
      vertex -22.1 35.9 2
    endloop
  endfacet
  facet normal 0.32145 -0.946927 0
    outer loop
      vertex -25.2871 31.7465 2
      vertex -24.7545 31.9273 2.6
      vertex -25.2871 31.7465 2.6
    endloop
  endfacet
  facet normal 0.32145 -0.946927 0
    outer loop
      vertex -24.7545 31.9273 2.6
      vertex -25.2871 31.7465 2
      vertex -24.7545 31.9273 2
    endloop
  endfacet
  facet normal 0.659272 -0.751904 0
    outer loop
      vertex -23.7823 32.4886 2
      vertex -23.3594 32.8594 2.6
      vertex -23.7823 32.4886 2.6
    endloop
  endfacet
  facet normal 0.659272 -0.751904 0
    outer loop
      vertex -23.3594 32.8594 2.6
      vertex -23.7823 32.4886 2
      vertex -23.3594 32.8594 2
    endloop
  endfacet
  facet normal 0.946927 -0.32145 0
    outer loop
      vertex -22.4273 34.2545 2.6
      vertex -22.2465 34.7871 2
      vertex -22.2465 34.7871 2.6
    endloop
  endfacet
  facet normal 0.946927 -0.32145 0
    outer loop
      vertex -22.2465 34.7871 2
      vertex -22.4273 34.2545 2.6
      vertex -22.4273 34.2545 2
    endloop
  endfacet
  facet normal -0.195056 -0.980792 0
    outer loop
      vertex -27.5129 31.7465 2
      vertex -26.9613 31.6368 2.6
      vertex -27.5129 31.7465 2.6
    endloop
  endfacet
  facet normal -0.195056 -0.980792 -0
    outer loop
      vertex -26.9613 31.6368 2.6
      vertex -27.5129 31.7465 2
      vertex -26.9613 31.6368 2
    endloop
  endfacet
  facet normal -0.4423 -0.896867 0
    outer loop
      vertex -28.55 32.1761 2
      vertex -28.0455 31.9273 2.6
      vertex -28.55 32.1761 2.6
    endloop
  endfacet
  facet normal -0.4423 -0.896867 -0
    outer loop
      vertex -28.0455 31.9273 2.6
      vertex -28.55 32.1761 2
      vertex -28.0455 31.9273 2
    endloop
  endfacet
  facet normal -0.751904 -0.659272 0
    outer loop
      vertex -29.4406 32.8594 2
      vertex -29.8114 33.2823 2.6
      vertex -29.8114 33.2823 2
    endloop
  endfacet
  facet normal -0.751904 -0.659272 0
    outer loop
      vertex -29.8114 33.2823 2.6
      vertex -29.4406 32.8594 2
      vertex -29.4406 32.8594 2.6
    endloop
  endfacet
  facet normal -0.659272 -0.751904 0
    outer loop
      vertex -29.4406 32.8594 2
      vertex -29.0177 32.4886 2.6
      vertex -29.4406 32.8594 2.6
    endloop
  endfacet
  facet normal -0.659272 -0.751904 -0
    outer loop
      vertex -29.0177 32.4886 2.6
      vertex -29.4406 32.8594 2
      vertex -29.0177 32.4886 2
    endloop
  endfacet
  facet normal 0.4423 -0.896867 0
    outer loop
      vertex -24.7545 31.9273 2
      vertex -24.25 32.1761 2.6
      vertex -24.7545 31.9273 2.6
    endloop
  endfacet
  facet normal 0.4423 -0.896867 0
    outer loop
      vertex -24.25 32.1761 2.6
      vertex -24.7545 31.9273 2
      vertex -24.25 32.1761 2
    endloop
  endfacet
  facet normal 0.751904 -0.659272 0
    outer loop
      vertex -23.3594 32.8594 2.6
      vertex -22.9886 33.2823 2
      vertex -22.9886 33.2823 2.6
    endloop
  endfacet
  facet normal 0.751904 -0.659272 0
    outer loop
      vertex -22.9886 33.2823 2
      vertex -23.3594 32.8594 2.6
      vertex -23.3594 32.8594 2
    endloop
  endfacet
  facet normal 0.896867 -0.4423 0
    outer loop
      vertex -22.6761 33.75 2.6
      vertex -22.4273 34.2545 2
      vertex -22.4273 34.2545 2.6
    endloop
  endfacet
  facet normal 0.896867 -0.4423 0
    outer loop
      vertex -22.4273 34.2545 2
      vertex -22.6761 33.75 2.6
      vertex -22.6761 33.75 2
    endloop
  endfacet
  facet normal -0.0654216 -0.997858 0
    outer loop
      vertex -26.9613 31.6368 2
      vertex -26.4 31.6 2.6
      vertex -26.9613 31.6368 2.6
    endloop
  endfacet
  facet normal -0.0654216 -0.997858 -0
    outer loop
      vertex -26.4 31.6 2.6
      vertex -26.9613 31.6368 2
      vertex -26.4 31.6 2
    endloop
  endfacet
  facet normal -0.32145 -0.946927 0
    outer loop
      vertex -28.0455 31.9273 2
      vertex -27.5129 31.7465 2.6
      vertex -28.0455 31.9273 2.6
    endloop
  endfacet
  facet normal -0.32145 -0.946927 -0
    outer loop
      vertex -27.5129 31.7465 2.6
      vertex -28.0455 31.9273 2
      vertex -27.5129 31.7465 2
    endloop
  endfacet
  facet normal -0.997857 0.0654263 0
    outer loop
      vertex 22.1 6.1 2
      vertex 22.1368 6.66126 2.6
      vertex 22.1368 6.66126 2
    endloop
  endfacet
  facet normal -0.997857 0.0654263 0
    outer loop
      vertex 22.1368 6.66126 2.6
      vertex 22.1 6.1 2
      vertex 22.1 6.1 2.6
    endloop
  endfacet
  facet normal -0.0654216 0.997858 0
    outer loop
      vertex 26.4 10.4 2
      vertex 25.8387 10.3632 2.6
      vertex 26.4 10.4 2.6
    endloop
  endfacet
  facet normal -0.0654216 0.997858 0
    outer loop
      vertex 25.8387 10.3632 2.6
      vertex 26.4 10.4 2
      vertex 25.8387 10.3632 2
    endloop
  endfacet
  facet normal 0.659332 0.751852 -0
    outer loop
      vertex 29.4406 9.14056 2
      vertex 29.0177 9.51142 2.6
      vertex 29.4406 9.14056 2.6
    endloop
  endfacet
  facet normal 0.659332 0.751852 0
    outer loop
      vertex 29.0177 9.51142 2.6
      vertex 29.4406 9.14056 2
      vertex 29.0177 9.51142 2
    endloop
  endfacet
  facet normal -0.751897 0.659281 0
    outer loop
      vertex 22.9886 8.71767 2
      vertex 23.3594 9.14056 2.6
      vertex 23.3594 9.14056 2
    endloop
  endfacet
  facet normal -0.751897 0.659281 0
    outer loop
      vertex 23.3594 9.14056 2.6
      vertex 22.9886 8.71767 2
      vertex 22.9886 8.71767 2.6
    endloop
  endfacet
  facet normal -0.442286 0.896874 0
    outer loop
      vertex 24.7545 10.0727 2
      vertex 24.25 9.82391 2.6
      vertex 24.7545 10.0727 2.6
    endloop
  endfacet
  facet normal -0.442286 0.896874 0
    outer loop
      vertex 24.25 9.82391 2.6
      vertex 24.7545 10.0727 2
      vertex 24.25 9.82391 2
    endloop
  endfacet
  facet normal 0.831413 -0.555655 0
    outer loop
      vertex 29.8114 3.48233 2.6
      vertex 29.9 3.6149 2
      vertex 29.9 3.6149 2.6
    endloop
  endfacet
  facet normal 0.831413 -0.555655 0
    outer loop
      vertex 29.9 3.6149 2
      vertex 29.8114 3.48233 2.6
      vertex 29.8114 3.48233 2
    endloop
  endfacet
  facet normal 0.32145 0.946927 -0
    outer loop
      vertex 28.0455 10.0727 2
      vertex 27.5129 10.2535 2.6
      vertex 28.0455 10.0727 2.6
    endloop
  endfacet
  facet normal 0.32145 0.946927 0
    outer loop
      vertex 27.5129 10.2535 2.6
      vertex 28.0455 10.0727 2
      vertex 27.5129 10.2535 2
    endloop
  endfacet
  facet normal 0.555549 0.831484 -0
    outer loop
      vertex 29.0177 9.51142 2
      vertex 28.55 9.82391 2.6
      vertex 29.0177 9.51142 2.6
    endloop
  endfacet
  facet normal 0.555549 0.831484 0
    outer loop
      vertex 28.55 9.82391 2.6
      vertex 29.0177 9.51142 2
      vertex 28.55 9.82391 2
    endloop
  endfacet
  facet normal -0.94693 0.321439 0
    outer loop
      vertex 22.2465 7.21292 2
      vertex 22.4273 7.74554 2.6
      vertex 22.4273 7.74554 2
    endloop
  endfacet
  facet normal -0.94693 0.321439 0
    outer loop
      vertex 22.4273 7.74554 2.6
      vertex 22.2465 7.21292 2
      vertex 22.2465 7.21292 2.6
    endloop
  endfacet
  facet normal -0.831459 0.555586 0
    outer loop
      vertex 22.6761 8.25 2
      vertex 22.9886 8.71767 2.6
      vertex 22.9886 8.71767 2
    endloop
  endfacet
  facet normal -0.831459 0.555586 0
    outer loop
      vertex 22.9886 8.71767 2.6
      vertex 22.6761 8.25 2
      vertex 22.6761 8.25 2.6
    endloop
  endfacet
  facet normal -0.980796 0.195036 0
    outer loop
      vertex 22.1368 6.66126 2
      vertex 22.2465 7.21292 2.6
      vertex 22.2465 7.21292 2
    endloop
  endfacet
  facet normal -0.980796 0.195036 0
    outer loop
      vertex 22.2465 7.21292 2.6
      vertex 22.1368 6.66126 2
      vertex 22.1368 6.66126 2.6
    endloop
  endfacet
  facet normal -0.555549 0.831484 0
    outer loop
      vertex 24.25 9.82391 2
      vertex 23.7823 9.51142 2.6
      vertex 24.25 9.82391 2.6
    endloop
  endfacet
  facet normal -0.555549 0.831484 0
    outer loop
      vertex 23.7823 9.51142 2.6
      vertex 24.25 9.82391 2
      vertex 23.7823 9.51142 2
    endloop
  endfacet
  facet normal -0.195056 0.980792 0
    outer loop
      vertex 25.8387 10.3632 2
      vertex 25.2871 10.2535 2.6
      vertex 25.8387 10.3632 2.6
    endloop
  endfacet
  facet normal -0.195056 0.980792 0
    outer loop
      vertex 25.2871 10.2535 2.6
      vertex 25.8387 10.3632 2
      vertex 25.2871 10.2535 2
    endloop
  endfacet
  facet normal 0.751897 0.659281 0
    outer loop
      vertex 29.8114 8.71767 2.6
      vertex 29.4406 9.14056 2
      vertex 29.4406 9.14056 2.6
    endloop
  endfacet
  facet normal 0.751897 0.659281 0
    outer loop
      vertex 29.4406 9.14056 2
      vertex 29.8114 8.71767 2.6
      vertex 29.8114 8.71767 2
    endloop
  endfacet
  facet normal 0.831413 0.555655 0
    outer loop
      vertex 29.9 8.5851 2.6
      vertex 29.8114 8.71767 2
      vertex 29.8114 8.71767 2.6
    endloop
  endfacet
  facet normal 0.831413 0.555655 0
    outer loop
      vertex 29.8114 8.71767 2
      vertex 29.9 8.5851 2.6
      vertex 29.9 8.5851 2
    endloop
  endfacet
  facet normal 0.195056 0.980792 -0
    outer loop
      vertex 27.5129 10.2535 2
      vertex 26.9613 10.3632 2.6
      vertex 27.5129 10.2535 2.6
    endloop
  endfacet
  facet normal 0.195056 0.980792 0
    outer loop
      vertex 26.9613 10.3632 2.6
      vertex 27.5129 10.2535 2
      vertex 26.9613 10.3632 2
    endloop
  endfacet
  facet normal 0.0654216 0.997858 -0
    outer loop
      vertex 26.9613 10.3632 2
      vertex 26.4 10.4 2.6
      vertex 26.9613 10.3632 2.6
    endloop
  endfacet
  facet normal 0.0654216 0.997858 0
    outer loop
      vertex 26.4 10.4 2.6
      vertex 26.9613 10.3632 2
      vertex 26.4 10.4 2
    endloop
  endfacet
  facet normal 0.442286 0.896874 -0
    outer loop
      vertex 28.55 9.82391 2
      vertex 28.0455 10.0727 2.6
      vertex 28.55 9.82391 2.6
    endloop
  endfacet
  facet normal 0.442286 0.896874 0
    outer loop
      vertex 28.0455 10.0727 2.6
      vertex 28.55 9.82391 2
      vertex 28.0455 10.0727 2
    endloop
  endfacet
  facet normal -0.896853 0.442329 0
    outer loop
      vertex 22.4273 7.74554 2
      vertex 22.6761 8.25 2.6
      vertex 22.6761 8.25 2
    endloop
  endfacet
  facet normal -0.896853 0.442329 0
    outer loop
      vertex 22.6761 8.25 2.6
      vertex 22.4273 7.74554 2
      vertex 22.4273 7.74554 2.6
    endloop
  endfacet
  facet normal -0.659332 0.751852 0
    outer loop
      vertex 23.7823 9.51142 2
      vertex 23.3594 9.14056 2.6
      vertex 23.7823 9.51142 2.6
    endloop
  endfacet
  facet normal -0.659332 0.751852 0
    outer loop
      vertex 23.3594 9.14056 2.6
      vertex 23.7823 9.51142 2
      vertex 23.3594 9.14056 2
    endloop
  endfacet
  facet normal -0.32145 0.946927 0
    outer loop
      vertex 25.2871 10.2535 2
      vertex 24.7545 10.0727 2.6
      vertex 25.2871 10.2535 2.6
    endloop
  endfacet
  facet normal -0.32145 0.946927 0
    outer loop
      vertex 24.7545 10.0727 2.6
      vertex 25.2871 10.2535 2
      vertex 24.7545 10.0727 2
    endloop
  endfacet
  facet normal 0.555481 -0.831529 0
    outer loop
      vertex 28.8851 2.6 2
      vertex 29.0177 2.68858 2.6
      vertex 28.8851 2.6 2.6
    endloop
  endfacet
  facet normal 0.555481 -0.831529 0
    outer loop
      vertex 29.0177 2.68858 2.6
      vertex 28.8851 2.6 2
      vertex 29.0177 2.68858 2
    endloop
  endfacet
  facet normal 0.751897 -0.659281 0
    outer loop
      vertex 29.4406 3.05944 2.6
      vertex 29.8114 3.48233 2
      vertex 29.8114 3.48233 2.6
    endloop
  endfacet
  facet normal 0.751897 -0.659281 0
    outer loop
      vertex 29.8114 3.48233 2
      vertex 29.4406 3.05944 2.6
      vertex 29.4406 3.05944 2
    endloop
  endfacet
  facet normal -0.659332 -0.751852 0
    outer loop
      vertex 23.3594 3.05944 2
      vertex 23.7823 2.68858 2.6
      vertex 23.3594 3.05944 2.6
    endloop
  endfacet
  facet normal -0.659332 -0.751852 -0
    outer loop
      vertex 23.7823 2.68858 2.6
      vertex 23.3594 3.05944 2
      vertex 23.7823 2.68858 2
    endloop
  endfacet
  facet normal -0.896853 -0.442329 0
    outer loop
      vertex 22.6761 3.95 2
      vertex 22.4273 4.45446 2.6
      vertex 22.4273 4.45446 2
    endloop
  endfacet
  facet normal -0.896853 -0.442329 0
    outer loop
      vertex 22.4273 4.45446 2.6
      vertex 22.6761 3.95 2
      vertex 22.6761 3.95 2.6
    endloop
  endfacet
  facet normal -0.751897 -0.659281 0
    outer loop
      vertex 23.3594 3.05944 2
      vertex 22.9886 3.48233 2.6
      vertex 22.9886 3.48233 2
    endloop
  endfacet
  facet normal -0.751897 -0.659281 0
    outer loop
      vertex 22.9886 3.48233 2.6
      vertex 23.3594 3.05944 2
      vertex 23.3594 3.05944 2.6
    endloop
  endfacet
  facet normal -0.94693 -0.321439 0
    outer loop
      vertex 22.4273 4.45446 2
      vertex 22.2465 4.98708 2.6
      vertex 22.2465 4.98708 2
    endloop
  endfacet
  facet normal -0.94693 -0.321439 0
    outer loop
      vertex 22.2465 4.98708 2.6
      vertex 22.4273 4.45446 2
      vertex 22.4273 4.45446 2.6
    endloop
  endfacet
  facet normal -0.997857 -0.0654263 0
    outer loop
      vertex 22.1368 5.53874 2
      vertex 22.1 6.1 2.6
      vertex 22.1 6.1 2
    endloop
  endfacet
  facet normal -0.997857 -0.0654263 0
    outer loop
      vertex 22.1 6.1 2.6
      vertex 22.1368 5.53874 2
      vertex 22.1368 5.53874 2.6
    endloop
  endfacet
  facet normal 0.659332 -0.751852 0
    outer loop
      vertex 29.0177 2.68858 2
      vertex 29.4406 3.05944 2.6
      vertex 29.0177 2.68858 2.6
    endloop
  endfacet
  facet normal 0.659332 -0.751852 0
    outer loop
      vertex 29.4406 3.05944 2.6
      vertex 29.0177 2.68858 2
      vertex 29.4406 3.05944 2
    endloop
  endfacet
  facet normal -0.831459 -0.555586 0
    outer loop
      vertex 22.9886 3.48233 2
      vertex 22.6761 3.95 2.6
      vertex 22.6761 3.95 2
    endloop
  endfacet
  facet normal -0.831459 -0.555586 0
    outer loop
      vertex 22.6761 3.95 2.6
      vertex 22.9886 3.48233 2
      vertex 22.9886 3.48233 2.6
    endloop
  endfacet
  facet normal -0.980796 -0.195036 0
    outer loop
      vertex 22.2465 4.98708 2
      vertex 22.1368 5.53874 2.6
      vertex 22.1368 5.53874 2
    endloop
  endfacet
  facet normal -0.980796 -0.195036 0
    outer loop
      vertex 22.1368 5.53874 2.6
      vertex 22.2465 4.98708 2
      vertex 22.2465 4.98708 2.6
    endloop
  endfacet
  facet normal -0.555481 -0.831529 0
    outer loop
      vertex 23.7823 2.68858 2
      vertex 23.9149 2.6 2.6
      vertex 23.7823 2.68858 2.6
    endloop
  endfacet
  facet normal -0.555481 -0.831529 -0
    outer loop
      vertex 23.9149 2.6 2.6
      vertex 23.7823 2.68858 2
      vertex 23.9149 2.6 2
    endloop
  endfacet
  facet normal 0.659272 0.751904 -0
    outer loop
      vertex 29.4406 38.9406 2
      vertex 29.0177 39.3114 2.6
      vertex 29.4406 38.9406 2.6
    endloop
  endfacet
  facet normal 0.659272 0.751904 0
    outer loop
      vertex 29.0177 39.3114 2.6
      vertex 29.4406 38.9406 2
      vertex 29.0177 39.3114 2
    endloop
  endfacet
  facet normal -0.751904 0.659272 0
    outer loop
      vertex 22.9886 38.5177 2
      vertex 23.3594 38.9406 2.6
      vertex 23.3594 38.9406 2
    endloop
  endfacet
  facet normal -0.751904 0.659272 0
    outer loop
      vertex 23.3594 38.9406 2.6
      vertex 22.9886 38.5177 2
      vertex 22.9886 38.5177 2.6
    endloop
  endfacet
  facet normal -0.896867 -0.4423 0
    outer loop
      vertex 22.6761 33.75 2
      vertex 22.4273 34.2545 2.6
      vertex 22.4273 34.2545 2
    endloop
  endfacet
  facet normal -0.896867 -0.4423 0
    outer loop
      vertex 22.4273 34.2545 2.6
      vertex 22.6761 33.75 2
      vertex 22.6761 33.75 2.6
    endloop
  endfacet
  facet normal 0.555568 0.831471 -0
    outer loop
      vertex 29.0177 39.3114 2
      vertex 28.8851 39.4 2.6
      vertex 29.0177 39.3114 2.6
    endloop
  endfacet
  facet normal 0.555568 0.831471 0
    outer loop
      vertex 28.8851 39.4 2.6
      vertex 29.0177 39.3114 2
      vertex 28.8851 39.4 2
    endloop
  endfacet
  facet normal -0.946927 0.32145 0
    outer loop
      vertex 22.2465 37.0129 2
      vertex 22.4273 37.5455 2.6
      vertex 22.4273 37.5455 2
    endloop
  endfacet
  facet normal -0.946927 0.32145 0
    outer loop
      vertex 22.4273 37.5455 2.6
      vertex 22.2465 37.0129 2
      vertex 22.2465 37.0129 2.6
    endloop
  endfacet
  facet normal -0.831475 0.555561 0
    outer loop
      vertex 22.6761 38.05 2
      vertex 22.9886 38.5177 2.6
      vertex 22.9886 38.5177 2
    endloop
  endfacet
  facet normal -0.831475 0.555561 0
    outer loop
      vertex 22.9886 38.5177 2.6
      vertex 22.6761 38.05 2
      vertex 22.6761 38.05 2.6
    endloop
  endfacet
  facet normal -0.555568 0.831471 0
    outer loop
      vertex 23.9149 39.4 2
      vertex 23.7823 39.3114 2.6
      vertex 23.9149 39.4 2.6
    endloop
  endfacet
  facet normal -0.555568 0.831471 0
    outer loop
      vertex 23.7823 39.3114 2.6
      vertex 23.9149 39.4 2
      vertex 23.7823 39.3114 2
    endloop
  endfacet
  facet normal 0.195056 -0.980792 0
    outer loop
      vertex 26.9613 31.6368 2
      vertex 27.5129 31.7465 2.6
      vertex 26.9613 31.6368 2.6
    endloop
  endfacet
  facet normal 0.195056 -0.980792 0
    outer loop
      vertex 27.5129 31.7465 2.6
      vertex 26.9613 31.6368 2
      vertex 27.5129 31.7465 2
    endloop
  endfacet
  facet normal 0.555561 -0.831475 0
    outer loop
      vertex 28.55 32.1761 2
      vertex 29.0177 32.4886 2.6
      vertex 28.55 32.1761 2.6
    endloop
  endfacet
  facet normal 0.555561 -0.831475 0
    outer loop
      vertex 29.0177 32.4886 2.6
      vertex 28.55 32.1761 2
      vertex 29.0177 32.4886 2
    endloop
  endfacet
  facet normal -0.195056 -0.980792 0
    outer loop
      vertex 25.2871 31.7465 2
      vertex 25.8387 31.6368 2.6
      vertex 25.2871 31.7465 2.6
    endloop
  endfacet
  facet normal -0.195056 -0.980792 -0
    outer loop
      vertex 25.8387 31.6368 2.6
      vertex 25.2871 31.7465 2
      vertex 25.8387 31.6368 2
    endloop
  endfacet
  facet normal -0.831475 -0.555561 0
    outer loop
      vertex 22.9886 33.2823 2
      vertex 22.6761 33.75 2.6
      vertex 22.6761 33.75 2
    endloop
  endfacet
  facet normal -0.831475 -0.555561 0
    outer loop
      vertex 22.6761 33.75 2.6
      vertex 22.9886 33.2823 2
      vertex 22.9886 33.2823 2.6
    endloop
  endfacet
  facet normal -0.980792 -0.195056 0
    outer loop
      vertex 22.2465 34.7871 2
      vertex 22.1368 35.3387 2.6
      vertex 22.1368 35.3387 2
    endloop
  endfacet
  facet normal -0.980792 -0.195056 0
    outer loop
      vertex 22.1368 35.3387 2.6
      vertex 22.2465 34.7871 2
      vertex 22.2465 34.7871 2.6
    endloop
  endfacet
  facet normal 0.751904 0.659272 0
    outer loop
      vertex 29.8114 38.5177 2.6
      vertex 29.4406 38.9406 2
      vertex 29.4406 38.9406 2.6
    endloop
  endfacet
  facet normal 0.751904 0.659272 0
    outer loop
      vertex 29.4406 38.9406 2
      vertex 29.8114 38.5177 2.6
      vertex 29.8114 38.5177 2
    endloop
  endfacet
  facet normal 0.831471 0.555568 0
    outer loop
      vertex 29.9 38.3851 2.6
      vertex 29.8114 38.5177 2
      vertex 29.8114 38.5177 2.6
    endloop
  endfacet
  facet normal 0.831471 0.555568 0
    outer loop
      vertex 29.8114 38.5177 2
      vertex 29.9 38.3851 2.6
      vertex 29.9 38.3851 2
    endloop
  endfacet
  facet normal -0.896867 0.4423 0
    outer loop
      vertex 22.4273 37.5455 2
      vertex 22.6761 38.05 2.6
      vertex 22.6761 38.05 2
    endloop
  endfacet
  facet normal -0.896867 0.4423 0
    outer loop
      vertex 22.6761 38.05 2.6
      vertex 22.4273 37.5455 2
      vertex 22.4273 37.5455 2.6
    endloop
  endfacet
  facet normal -0.980792 0.195056 0
    outer loop
      vertex 22.1368 36.4613 2
      vertex 22.2465 37.0129 2.6
      vertex 22.2465 37.0129 2
    endloop
  endfacet
  facet normal -0.980792 0.195056 0
    outer loop
      vertex 22.2465 37.0129 2.6
      vertex 22.1368 36.4613 2
      vertex 22.1368 36.4613 2.6
    endloop
  endfacet
  facet normal -0.997858 0.0654216 0
    outer loop
      vertex 22.1 35.9 2
      vertex 22.1368 36.4613 2.6
      vertex 22.1368 36.4613 2
    endloop
  endfacet
  facet normal -0.997858 0.0654216 0
    outer loop
      vertex 22.1368 36.4613 2.6
      vertex 22.1 35.9 2
      vertex 22.1 35.9 2.6
    endloop
  endfacet
  facet normal -0.997858 -0.0654216 0
    outer loop
      vertex 22.1368 35.3387 2
      vertex 22.1 35.9 2.6
      vertex 22.1 35.9 2
    endloop
  endfacet
  facet normal -0.997858 -0.0654216 0
    outer loop
      vertex 22.1 35.9 2.6
      vertex 22.1368 35.3387 2
      vertex 22.1368 35.3387 2.6
    endloop
  endfacet
  facet normal -0.659272 0.751904 0
    outer loop
      vertex 23.7823 39.3114 2
      vertex 23.3594 38.9406 2.6
      vertex 23.7823 39.3114 2.6
    endloop
  endfacet
  facet normal -0.659272 0.751904 0
    outer loop
      vertex 23.3594 38.9406 2.6
      vertex 23.7823 39.3114 2
      vertex 23.3594 38.9406 2
    endloop
  endfacet
  facet normal 0.32145 -0.946927 0
    outer loop
      vertex 27.5129 31.7465 2
      vertex 28.0455 31.9273 2.6
      vertex 27.5129 31.7465 2.6
    endloop
  endfacet
  facet normal 0.32145 -0.946927 0
    outer loop
      vertex 28.0455 31.9273 2.6
      vertex 27.5129 31.7465 2
      vertex 28.0455 31.9273 2
    endloop
  endfacet
  facet normal 0.659272 -0.751904 0
    outer loop
      vertex 29.0177 32.4886 2
      vertex 29.4406 32.8594 2.6
      vertex 29.0177 32.4886 2.6
    endloop
  endfacet
  facet normal 0.659272 -0.751904 0
    outer loop
      vertex 29.4406 32.8594 2.6
      vertex 29.0177 32.4886 2
      vertex 29.4406 32.8594 2
    endloop
  endfacet
  facet normal 0.831471 -0.555568 0
    outer loop
      vertex 29.8114 33.2823 2.6
      vertex 29.9 33.4149 2
      vertex 29.9 33.4149 2.6
    endloop
  endfacet
  facet normal 0.831471 -0.555568 0
    outer loop
      vertex 29.9 33.4149 2
      vertex 29.8114 33.2823 2.6
      vertex 29.8114 33.2823 2
    endloop
  endfacet
  facet normal -0.555561 -0.831475 0
    outer loop
      vertex 23.7823 32.4886 2
      vertex 24.25 32.1761 2.6
      vertex 23.7823 32.4886 2.6
    endloop
  endfacet
  facet normal -0.555561 -0.831475 -0
    outer loop
      vertex 24.25 32.1761 2.6
      vertex 23.7823 32.4886 2
      vertex 24.25 32.1761 2
    endloop
  endfacet
  facet normal -0.32145 -0.946927 0
    outer loop
      vertex 24.7545 31.9273 2
      vertex 25.2871 31.7465 2.6
      vertex 24.7545 31.9273 2.6
    endloop
  endfacet
  facet normal -0.32145 -0.946927 -0
    outer loop
      vertex 25.2871 31.7465 2.6
      vertex 24.7545 31.9273 2
      vertex 25.2871 31.7465 2
    endloop
  endfacet
  facet normal -0.0654216 -0.997858 0
    outer loop
      vertex 25.8387 31.6368 2
      vertex 26.4 31.6 2.6
      vertex 25.8387 31.6368 2.6
    endloop
  endfacet
  facet normal -0.0654216 -0.997858 -0
    outer loop
      vertex 26.4 31.6 2.6
      vertex 25.8387 31.6368 2
      vertex 26.4 31.6 2
    endloop
  endfacet
  facet normal -0.751904 -0.659272 0
    outer loop
      vertex 23.3594 32.8594 2
      vertex 22.9886 33.2823 2.6
      vertex 22.9886 33.2823 2
    endloop
  endfacet
  facet normal -0.751904 -0.659272 0
    outer loop
      vertex 22.9886 33.2823 2.6
      vertex 23.3594 32.8594 2
      vertex 23.3594 32.8594 2.6
    endloop
  endfacet
  facet normal -0.946927 -0.32145 0
    outer loop
      vertex 22.4273 34.2545 2
      vertex 22.2465 34.7871 2.6
      vertex 22.2465 34.7871 2
    endloop
  endfacet
  facet normal -0.946927 -0.32145 0
    outer loop
      vertex 22.2465 34.7871 2.6
      vertex 22.4273 34.2545 2
      vertex 22.4273 34.2545 2.6
    endloop
  endfacet
  facet normal 0.4423 -0.896867 0
    outer loop
      vertex 28.0455 31.9273 2
      vertex 28.55 32.1761 2.6
      vertex 28.0455 31.9273 2.6
    endloop
  endfacet
  facet normal 0.4423 -0.896867 0
    outer loop
      vertex 28.55 32.1761 2.6
      vertex 28.0455 31.9273 2
      vertex 28.55 32.1761 2
    endloop
  endfacet
  facet normal 0.751904 -0.659272 0
    outer loop
      vertex 29.4406 32.8594 2.6
      vertex 29.8114 33.2823 2
      vertex 29.8114 33.2823 2.6
    endloop
  endfacet
  facet normal 0.751904 -0.659272 0
    outer loop
      vertex 29.8114 33.2823 2
      vertex 29.4406 32.8594 2.6
      vertex 29.4406 32.8594 2
    endloop
  endfacet
  facet normal -0.4423 -0.896867 0
    outer loop
      vertex 24.25 32.1761 2
      vertex 24.7545 31.9273 2.6
      vertex 24.25 32.1761 2.6
    endloop
  endfacet
  facet normal -0.4423 -0.896867 -0
    outer loop
      vertex 24.7545 31.9273 2.6
      vertex 24.25 32.1761 2
      vertex 24.7545 31.9273 2
    endloop
  endfacet
  facet normal 0.0654216 -0.997858 0
    outer loop
      vertex 26.4 31.6 2
      vertex 26.9613 31.6368 2.6
      vertex 26.4 31.6 2.6
    endloop
  endfacet
  facet normal 0.0654216 -0.997858 0
    outer loop
      vertex 26.9613 31.6368 2.6
      vertex 26.4 31.6 2
      vertex 26.9613 31.6368 2
    endloop
  endfacet
  facet normal -0.659272 -0.751904 0
    outer loop
      vertex 23.3594 32.8594 2
      vertex 23.7823 32.4886 2.6
      vertex 23.3594 32.8594 2.6
    endloop
  endfacet
  facet normal -0.659272 -0.751904 -0
    outer loop
      vertex 23.7823 32.4886 2.6
      vertex 23.3594 32.8594 2
      vertex 23.7823 32.4886 2
    endloop
  endfacet
  facet normal -1 0 0
    outer loop
      vertex -29.9 3.6149 2
      vertex -29.9 8.5851 2.6
      vertex -29.9 8.5851 2
    endloop
  endfacet
  facet normal -1 -0 0
    outer loop
      vertex -29.9 8.5851 2.6
      vertex -29.9 3.6149 2
      vertex -29.9 3.6149 2.6
    endloop
  endfacet
  facet normal -1 0 0
    outer loop
      vertex -29.9 33.4149 2
      vertex -29.9 38.3851 2.6
      vertex -29.9 38.3851 2
    endloop
  endfacet
  facet normal -1 -0 0
    outer loop
      vertex -29.9 38.3851 2.6
      vertex -29.9 33.4149 2
      vertex -29.9 33.4149 2.6
    endloop
  endfacet
  facet normal 1 -0 0
    outer loop
      vertex 29.9 3.6149 2.6
      vertex 29.9 8.5851 2
      vertex 29.9 8.5851 2.6
    endloop
  endfacet
  facet normal 1 0 0
    outer loop
      vertex 29.9 8.5851 2
      vertex 29.9 3.6149 2.6
      vertex 29.9 3.6149 2
    endloop
  endfacet
  facet normal 1 -0 0
    outer loop
      vertex 29.9 33.4149 2.6
      vertex 29.9 38.3851 2
      vertex 29.9 38.3851 2.6
    endloop
  endfacet
  facet normal 1 0 0
    outer loop
      vertex 29.9 38.3851 2
      vertex 29.9 33.4149 2.6
      vertex 29.9 33.4149 2
    endloop
  endfacet
  facet normal 0 -1 0
    outer loop
      vertex -28.8851 2.6 2
      vertex -23.9149 2.6 2.6
      vertex -28.8851 2.6 2.6
    endloop
  endfacet
  facet normal 0 -1 -0
    outer loop
      vertex -23.9149 2.6 2.6
      vertex -28.8851 2.6 2
      vertex -23.9149 2.6 2
    endloop
  endfacet
  facet normal 0 -1 0
    outer loop
      vertex 23.9149 2.6 2
      vertex 28.8851 2.6 2.6
      vertex 23.9149 2.6 2.6
    endloop
  endfacet
  facet normal 0 -1 -0
    outer loop
      vertex 28.8851 2.6 2.6
      vertex 23.9149 2.6 2
      vertex 28.8851 2.6 2
    endloop
  endfacet
  facet normal 0 1 -0
    outer loop
      vertex -23.9149 39.4 2
      vertex -28.8851 39.4 2.6
      vertex -23.9149 39.4 2.6
    endloop
  endfacet
  facet normal 0 1 0
    outer loop
      vertex -28.8851 39.4 2.6
      vertex -23.9149 39.4 2
      vertex -28.8851 39.4 2
    endloop
  endfacet
  facet normal 0 1 -0
    outer loop
      vertex 28.8851 39.4 2
      vertex 23.9149 39.4 2.6
      vertex 28.8851 39.4 2.6
    endloop
  endfacet
  facet normal 0 1 0
    outer loop
      vertex 23.9149 39.4 2.6
      vertex 28.8851 39.4 2
      vertex 23.9149 39.4 2
    endloop
  endfacet
  facet normal -1 0 0
    outer loop
      vertex -21.1 2.6 2
      vertex -21.1 3.8 3.99
      vertex -21.1 3.8 2
    endloop
  endfacet
  facet normal -1 -0 0
    outer loop
      vertex -21.1 3.8 3.99
      vertex -21.1 2.6 2
      vertex -21.1 2.6 3.99
    endloop
  endfacet
  facet normal 0 -1 0
    outer loop
      vertex -29.9 11.4 2
      vertex -28.7 11.4 3.99
      vertex -29.9 11.4 3.99
    endloop
  endfacet
  facet normal 0 -1 -0
    outer loop
      vertex -28.7 11.4 3.99
      vertex -29.9 11.4 2
      vertex -28.7 11.4 2
    endloop
  endfacet
  facet normal -1 0 0
    outer loop
      vertex -21.1 38.2 2
      vertex -21.1 39.4 3.99
      vertex -21.1 39.4 2
    endloop
  endfacet
  facet normal -1 -0 0
    outer loop
      vertex -21.1 39.4 3.99
      vertex -21.1 38.2 2
      vertex -21.1 38.2 3.99
    endloop
  endfacet
  facet normal 0 1 -0
    outer loop
      vertex -28.7 30.6 2
      vertex -29.9 30.6 3.99
      vertex -28.7 30.6 3.99
    endloop
  endfacet
  facet normal 0 1 0
    outer loop
      vertex -29.9 30.6 3.99
      vertex -28.7 30.6 2
      vertex -29.9 30.6 2
    endloop
  endfacet
  facet normal 1 -0 0
    outer loop
      vertex 21.1 2.6 3.99
      vertex 21.1 3.8 2
      vertex 21.1 3.8 3.99
    endloop
  endfacet
  facet normal 1 0 0
    outer loop
      vertex 21.1 3.8 2
      vertex 21.1 2.6 3.99
      vertex 21.1 2.6 2
    endloop
  endfacet
  facet normal 1 -0 0
    outer loop
      vertex 21.1 38.2 3.99
      vertex 21.1 39.4 2
      vertex 21.1 39.4 3.99
    endloop
  endfacet
  facet normal 1 0 0
    outer loop
      vertex 21.1 39.4 2
      vertex 21.1 38.2 3.99
      vertex 21.1 38.2 2
    endloop
  endfacet
  facet normal -1 0 0
    outer loop
      vertex -29.9 11.4 2
      vertex -29.9 30.6 3.99
      vertex -29.9 30.6 2
    endloop
  endfacet
  facet normal -1 -0 0
    outer loop
      vertex -29.9 30.6 3.99
      vertex -29.9 11.4 2
      vertex -29.9 11.4 3.99
    endloop
  endfacet
  facet normal -0 0 1
    outer loop
      vertex -29.9 30.6 3.99
      vertex -28.7 11.4 3.99
      vertex -28.7 30.6 3.99
    endloop
  endfacet
  facet normal 0 0 1
    outer loop
      vertex -28.7 11.4 3.99
      vertex -29.9 30.6 3.99
      vertex -29.9 11.4 3.99
    endloop
  endfacet
  facet normal -0 0 1
    outer loop
      vertex -21.1 3.8 3.99
      vertex -18.5 2.6 3.99
      vertex -18.5 3.8 3.99
    endloop
  endfacet
  facet normal 0 0 1
    outer loop
      vertex -18.5 2.6 3.99
      vertex -21.1 3.8 3.99
      vertex -21.1 2.6 3.99
    endloop
  endfacet
  facet normal -0 0 1
    outer loop
      vertex 18.5 3.8 3.99
      vertex 21.1 2.6 3.99
      vertex 21.1 3.8 3.99
    endloop
  endfacet
  facet normal 0 0 1
    outer loop
      vertex 21.1 2.6 3.99
      vertex 18.5 3.8 3.99
      vertex 18.5 2.6 3.99
    endloop
  endfacet
  facet normal -0 0 1
    outer loop
      vertex -21.1 39.4 3.99
      vertex 21.1 38.2 3.99
      vertex 21.1 39.4 3.99
    endloop
  endfacet
  facet normal 0 0 1
    outer loop
      vertex 21.1 38.2 3.99
      vertex -21.1 39.4 3.99
      vertex -21.1 38.2 3.99
    endloop
  endfacet
  facet normal 0 -1 0
    outer loop
      vertex -21.1 2.6 2
      vertex -18.5 2.6 3.99
      vertex -21.1 2.6 3.99
    endloop
  endfacet
  facet normal 0 -1 -0
    outer loop
      vertex -18.5 2.6 3.99
      vertex -21.1 2.6 2
      vertex -18.5 2.6 2
    endloop
  endfacet
  facet normal 0 -1 0
    outer loop
      vertex 18.5 2.6 2
      vertex 21.1 2.6 3.99
      vertex 18.5 2.6 3.99
    endloop
  endfacet
  facet normal 0 -1 -0
    outer loop
      vertex 21.1 2.6 3.99
      vertex 18.5 2.6 2
      vertex 21.1 2.6 2
    endloop
  endfacet
  facet normal 0 1 -0
    outer loop
      vertex 21.1 39.4 2
      vertex -21.1 39.4 3.99
      vertex 21.1 39.4 3.99
    endloop
  endfacet
  facet normal 0 1 0
    outer loop
      vertex -21.1 39.4 3.99
      vertex 21.1 39.4 2
      vertex -21.1 39.4 2
    endloop
  endfacet
  facet normal 1 -0 0
    outer loop
      vertex -28.7 11.4 3.99
      vertex -28.7 30.6 2
      vertex -28.7 30.6 3.99
    endloop
  endfacet
  facet normal 1 0 0
    outer loop
      vertex -28.7 30.6 2
      vertex -28.7 11.4 3.99
      vertex -28.7 11.4 2
    endloop
  endfacet
  facet normal 0 -1 0
    outer loop
      vertex -21.1 38.2 2
      vertex 21.1 38.2 3.99
      vertex -21.1 38.2 3.99
    endloop
  endfacet
  facet normal 0 -1 -0
    outer loop
      vertex 21.1 38.2 3.99
      vertex -21.1 38.2 2
      vertex 21.1 38.2 2
    endloop
  endfacet
  facet normal 0 1 -0
    outer loop
      vertex -18.5 3.8 2
      vertex -21.1 3.8 3.99
      vertex -18.5 3.8 3.99
    endloop
  endfacet
  facet normal 0 1 0
    outer loop
      vertex -21.1 3.8 3.99
      vertex -18.5 3.8 2
      vertex -21.1 3.8 2
    endloop
  endfacet
  facet normal 0 1 -0
    outer loop
      vertex 21.1 3.8 2
      vertex 18.5 3.8 3.99
      vertex 21.1 3.8 3.99
    endloop
  endfacet
  facet normal 0 1 0
    outer loop
      vertex 18.5 3.8 3.99
      vertex 21.1 3.8 2
      vertex 18.5 3.8 2
    endloop
  endfacet
  facet normal 1 -0 0
    outer loop
      vertex -18.5 2.6 3.99
      vertex -18.5 3.8 2
      vertex -18.5 3.8 3.99
    endloop
  endfacet
  facet normal 1 0 0
    outer loop
      vertex -18.5 3.8 2
      vertex -18.5 2.6 3.99
      vertex -18.5 2.6 2
    endloop
  endfacet
  facet normal -1 0 0
    outer loop
      vertex 18.5 2.6 2
      vertex 18.5 3.8 3.99
      vertex 18.5 3.8 2
    endloop
  endfacet
  facet normal -1 -0 0
    outer loop
      vertex 18.5 3.8 3.99
      vertex 18.5 2.6 2
      vertex 18.5 2.6 3.99
    endloop
  endfacet
  facet normal -1 0 0
    outer loop
      vertex -18 8.7 2
      vertex -18 9.9 11.99
      vertex -18 9.9 2
    endloop
  endfacet
  facet normal -1 -0 0
    outer loop
      vertex -18 9.9 11.99
      vertex -18 8.7 2
      vertex -18 8.7 11.99
    endloop
  endfacet
  facet normal -0 0 1
    outer loop
      vertex -18 9.9 11.99
      vertex 18 8.7 11.99
      vertex 18 9.9 11.99
    endloop
  endfacet
  facet normal 0 0 1
    outer loop
      vertex 18 8.7 11.99
      vertex -18 9.9 11.99
      vertex -18 8.7 11.99
    endloop
  endfacet
  facet normal 1 -0 0
    outer loop
      vertex 18 8.7 11.99
      vertex 18 9.9 2
      vertex 18 9.9 11.99
    endloop
  endfacet
  facet normal 1 0 0
    outer loop
      vertex 18 9.9 2
      vertex 18 8.7 11.99
      vertex 18 8.7 2
    endloop
  endfacet
  facet normal 0 1 -0
    outer loop
      vertex 18 9.9 2
      vertex -18 9.9 11.99
      vertex 18 9.9 11.99
    endloop
  endfacet
  facet normal 0 1 0
    outer loop
      vertex -18 9.9 11.99
      vertex 18 9.9 2
      vertex -18 9.9 2
    endloop
  endfacet
  facet normal 0 -1 0
    outer loop
      vertex -18 8.7 2
      vertex 18 8.7 11.99
      vertex -18 8.7 11.99
    endloop
  endfacet
  facet normal 0 -1 -0
    outer loop
      vertex 18 8.7 11.99
      vertex -18 8.7 2
      vertex 18 8.7 2
    endloop
  endfacet
  facet normal -0.555536 -0.831492 0
    outer loop
      vertex -24.85 8.78468 0.599999
      vertex -24.5128 8.55939 2.6
      vertex -24.85 8.78468 2.6
    endloop
  endfacet
  facet normal -0.555536 -0.831492 -0
    outer loop
      vertex -24.5128 8.55939 2.6
      vertex -24.85 8.78468 0.599999
      vertex -24.5128 8.55939 0.599999
    endloop
  endfacet
  facet normal -0.98079 0.195068 0
    outer loop
      vertex -23.4056 5.29766 0.599999
      vertex -23.3265 5.69537 2.6
      vertex -23.3265 5.69537 0.599999
    endloop
  endfacet
  facet normal -0.98079 0.195068 0
    outer loop
      vertex -23.3265 5.69537 2.6
      vertex -23.4056 5.29766 0.599999
      vertex -23.4056 5.29766 2.6
    endloop
  endfacet
  facet normal 0.321416 0.946938 -0
    outer loop
      vertex -27.2023 3.10563 0.599999
      vertex -27.5863 3.23597 2.6
      vertex -27.2023 3.10563 2.6
    endloop
  endfacet
  facet normal 0.321416 0.946938 0
    outer loop
      vertex -27.5863 3.23597 2.6
      vertex -27.2023 3.10563 0.599999
      vertex -27.5863 3.23597 0.599999
    endloop
  endfacet
  facet normal 0.321416 -0.946938 0
    outer loop
      vertex -27.5863 8.96403 0.599999
      vertex -27.2023 9.09437 2.6
      vertex -27.5863 8.96403 2.6
    endloop
  endfacet
  facet normal 0.321416 -0.946938 0
    outer loop
      vertex -27.2023 9.09437 2.6
      vertex -27.5863 8.96403 0.599999
      vertex -27.2023 9.09437 0.599999
    endloop
  endfacet
  facet normal 0.896919 -0.442195 0
    outer loop
      vertex -29.264 7.28632 2.6
      vertex -29.0847 7.65 0.599999
      vertex -29.0847 7.65 2.6
    endloop
  endfacet
  facet normal 0.896919 -0.442195 0
    outer loop
      vertex -29.0847 7.65 0.599999
      vertex -29.264 7.28632 2.6
      vertex -29.264 7.28632 0.599999
    endloop
  endfacet
  facet normal -0.896919 -0.442195 0
    outer loop
      vertex -23.536 7.28632 0.599999
      vertex -23.7153 7.65 2.6
      vertex -23.7153 7.65 0.599999
    endloop
  endfacet
  facet normal -0.896919 -0.442195 0
    outer loop
      vertex -23.7153 7.65 2.6
      vertex -23.536 7.28632 0.599999
      vertex -23.536 7.28632 2.6
    endloop
  endfacet
  facet normal -0.98079 -0.195068 0
    outer loop
      vertex -23.3265 6.50463 0.599999
      vertex -23.4056 6.90234 2.6
      vertex -23.4056 6.90234 0.599999
    endloop
  endfacet
  facet normal -0.98079 -0.195068 0
    outer loop
      vertex -23.4056 6.90234 2.6
      vertex -23.3265 6.50463 0.599999
      vertex -23.3265 6.50463 2.6
    endloop
  endfacet
  facet normal -0.83145 -0.555599 0
    outer loop
      vertex -23.7153 7.65 0.599999
      vertex -23.9406 7.98716 2.6
      vertex -23.9406 7.98716 0.599999
    endloop
  endfacet
  facet normal -0.83145 -0.555599 0
    outer loop
      vertex -23.9406 7.98716 2.6
      vertex -23.7153 7.65 0.599999
      vertex -23.7153 7.65 2.6
    endloop
  endfacet
  facet normal -0.659426 -0.751769 0
    outer loop
      vertex -24.5128 8.55939 0.599999
      vertex -24.208 8.29203 2.6
      vertex -24.5128 8.55939 2.6
    endloop
  endfacet
  facet normal -0.659426 -0.751769 -0
    outer loop
      vertex -24.208 8.29203 2.6
      vertex -24.5128 8.55939 0.599999
      vertex -24.208 8.29203 0.599999
    endloop
  endfacet
  facet normal -0.321416 -0.946938 0
    outer loop
      vertex -25.5977 9.09437 0.599999
      vertex -25.2137 8.96403 2.6
      vertex -25.5977 9.09437 2.6
    endloop
  endfacet
  facet normal -0.321416 -0.946938 -0
    outer loop
      vertex -25.2137 8.96403 2.6
      vertex -25.5977 9.09437 0.599999
      vertex -25.2137 8.96403 0.599999
    endloop
  endfacet
  facet normal -0.0654059 -0.997859 0
    outer loop
      vertex -26.4 9.2 0.599999
      vertex -25.9954 9.17348 2.6
      vertex -26.4 9.2 2.6
    endloop
  endfacet
  facet normal -0.0654059 -0.997859 -0
    outer loop
      vertex -25.9954 9.17348 2.6
      vertex -26.4 9.2 0.599999
      vertex -25.9954 9.17348 0.599999
    endloop
  endfacet
  facet normal 0.98079 -0.195068 0
    outer loop
      vertex -29.4735 6.50463 2.6
      vertex -29.3944 6.90234 0.599999
      vertex -29.3944 6.90234 2.6
    endloop
  endfacet
  facet normal 0.98079 -0.195068 0
    outer loop
      vertex -29.3944 6.90234 0.599999
      vertex -29.4735 6.50463 2.6
      vertex -29.4735 6.50463 0.599999
    endloop
  endfacet
  facet normal 0.751796 -0.659396 0
    outer loop
      vertex -28.8594 7.98716 2.6
      vertex -28.592 8.29203 0.599999
      vertex -28.592 8.29203 2.6
    endloop
  endfacet
  facet normal 0.751796 -0.659396 0
    outer loop
      vertex -28.592 8.29203 0.599999
      vertex -28.8594 7.98716 2.6
      vertex -28.8594 7.98716 0.599999
    endloop
  endfacet
  facet normal 0.442275 -0.89688 0
    outer loop
      vertex -27.95 8.78468 0.599999
      vertex -27.5863 8.96403 2.6
      vertex -27.95 8.78468 2.6
    endloop
  endfacet
  facet normal 0.442275 -0.89688 0
    outer loop
      vertex -27.5863 8.96403 2.6
      vertex -27.95 8.78468 0.599999
      vertex -27.5863 8.96403 0.599999
    endloop
  endfacet
  facet normal 0.195096 -0.980784 0
    outer loop
      vertex -27.2023 9.09437 0.599999
      vertex -26.8046 9.17348 2.6
      vertex -27.2023 9.09437 2.6
    endloop
  endfacet
  facet normal 0.195096 -0.980784 0
    outer loop
      vertex -26.8046 9.17348 2.6
      vertex -27.2023 9.09437 0.599999
      vertex -26.8046 9.17348 0.599999
    endloop
  endfacet
  facet normal -0.997862 -0.0653519 0
    outer loop
      vertex -23.3 6.1 0.599999
      vertex -23.3265 6.50463 2.6
      vertex -23.3265 6.50463 0.599999
    endloop
  endfacet
  facet normal -0.997862 -0.0653519 0
    outer loop
      vertex -23.3265 6.50463 2.6
      vertex -23.3 6.1 0.599999
      vertex -23.3 6.1 2.6
    endloop
  endfacet
  facet normal -0.946888 0.321564 0
    outer loop
      vertex -23.536 4.91368 0.599999
      vertex -23.4056 5.29766 2.6
      vertex -23.4056 5.29766 0.599999
    endloop
  endfacet
  facet normal -0.946888 0.321564 0
    outer loop
      vertex -23.4056 5.29766 2.6
      vertex -23.536 4.91368 0.599999
      vertex -23.536 4.91368 2.6
    endloop
  endfacet
  facet normal 0.195096 0.980784 -0
    outer loop
      vertex -26.8046 3.02652 0.599999
      vertex -27.2023 3.10563 2.6
      vertex -26.8046 3.02652 2.6
    endloop
  endfacet
  facet normal 0.195096 0.980784 0
    outer loop
      vertex -27.2023 3.10563 2.6
      vertex -26.8046 3.02652 0.599999
      vertex -27.2023 3.10563 0.599999
    endloop
  endfacet
  facet normal 0.65944 0.751757 -0
    outer loop
      vertex -28.2872 3.6406 0.599999
      vertex -28.592 3.90797 2.6
      vertex -28.2872 3.6406 2.6
    endloop
  endfacet
  facet normal 0.65944 0.751757 0
    outer loop
      vertex -28.592 3.90797 2.6
      vertex -28.2872 3.6406 0.599999
      vertex -28.592 3.90797 0.599999
    endloop
  endfacet
  facet normal 0.896919 0.442195 0
    outer loop
      vertex -29.0847 4.55 2.6
      vertex -29.264 4.91368 0.599999
      vertex -29.264 4.91368 2.6
    endloop
  endfacet
  facet normal 0.896919 0.442195 0
    outer loop
      vertex -29.264 4.91368 0.599999
      vertex -29.0847 4.55 2.6
      vertex -29.0847 4.55 0.599999
    endloop
  endfacet
  facet normal 0 0 1
    outer loop
      vertex -23.3265 6.50463 0.599999
      vertex -23.3265 5.69537 0.599999
      vertex -23.3 6.1 0.599999
    endloop
  endfacet
  facet normal 0 0 1
    outer loop
      vertex -23.4056 6.90234 0.599999
      vertex -23.3265 5.69537 0.599999
      vertex -23.3265 6.50463 0.599999
    endloop
  endfacet
  facet normal 0 0 1
    outer loop
      vertex -23.4056 6.90234 0.599999
      vertex -23.4056 5.29766 0.599999
      vertex -23.3265 5.69537 0.599999
    endloop
  endfacet
  facet normal 0 0 1
    outer loop
      vertex -23.536 7.28632 0.599999
      vertex -23.4056 5.29766 0.599999
      vertex -23.4056 6.90234 0.599999
    endloop
  endfacet
  facet normal 0 0 1
    outer loop
      vertex -23.536 7.28632 0.599999
      vertex -23.536 4.91368 0.599999
      vertex -23.4056 5.29766 0.599999
    endloop
  endfacet
  facet normal 0 0 1
    outer loop
      vertex -23.7153 7.65 0.599999
      vertex -23.536 4.91368 0.599999
      vertex -23.536 7.28632 0.599999
    endloop
  endfacet
  facet normal 0 0 1
    outer loop
      vertex -23.7153 7.65 0.599999
      vertex -23.7153 4.55 0.599999
      vertex -23.536 4.91368 0.599999
    endloop
  endfacet
  facet normal 0 0 1
    outer loop
      vertex -23.9406 7.98716 0.599999
      vertex -23.7153 4.55 0.599999
      vertex -23.7153 7.65 0.599999
    endloop
  endfacet
  facet normal 0 0 1
    outer loop
      vertex -23.9406 7.98716 0.599999
      vertex -23.9406 4.21284 0.599999
      vertex -23.7153 4.55 0.599999
    endloop
  endfacet
  facet normal 0 0 1
    outer loop
      vertex -24.208 8.29203 0.599999
      vertex -23.9406 4.21284 0.599999
      vertex -23.9406 7.98716 0.599999
    endloop
  endfacet
  facet normal 0 0 1
    outer loop
      vertex -24.208 8.29203 0.599999
      vertex -24.208 3.90797 0.599999
      vertex -23.9406 4.21284 0.599999
    endloop
  endfacet
  facet normal 0 0 1
    outer loop
      vertex -24.5128 8.55939 0.599999
      vertex -24.208 3.90797 0.599999
      vertex -24.208 8.29203 0.599999
    endloop
  endfacet
  facet normal 0 0 1
    outer loop
      vertex -24.5128 8.55939 0.599999
      vertex -24.5128 3.6406 0.599999
      vertex -24.208 3.90797 0.599999
    endloop
  endfacet
  facet normal 0 0 1
    outer loop
      vertex -24.85 8.78468 0.599999
      vertex -24.5128 3.6406 0.599999
      vertex -24.5128 8.55939 0.599999
    endloop
  endfacet
  facet normal 0 0 1
    outer loop
      vertex -24.85 8.78468 0.599999
      vertex -24.85 3.41532 0.599999
      vertex -24.5128 3.6406 0.599999
    endloop
  endfacet
  facet normal 0 0 1
    outer loop
      vertex -25.2137 8.96403 0.599999
      vertex -24.85 3.41532 0.599999
      vertex -24.85 8.78468 0.599999
    endloop
  endfacet
  facet normal 0 0 1
    outer loop
      vertex -25.2137 8.96403 0.599999
      vertex -25.2137 3.23597 0.599999
      vertex -24.85 3.41532 0.599999
    endloop
  endfacet
  facet normal 0 0 1
    outer loop
      vertex -25.5977 9.09437 0.599999
      vertex -25.2137 3.23597 0.599999
      vertex -25.2137 8.96403 0.599999
    endloop
  endfacet
  facet normal 0 0 1
    outer loop
      vertex -25.5977 9.09437 0.599999
      vertex -25.5977 3.10563 0.599999
      vertex -25.2137 3.23597 0.599999
    endloop
  endfacet
  facet normal 0 0 1
    outer loop
      vertex -25.9954 9.17348 0.599999
      vertex -25.5977 3.10563 0.599999
      vertex -25.5977 9.09437 0.599999
    endloop
  endfacet
  facet normal 0 0 1
    outer loop
      vertex -25.9954 9.17348 0.599999
      vertex -25.9954 3.02652 0.599999
      vertex -25.5977 3.10563 0.599999
    endloop
  endfacet
  facet normal 0 0 1
    outer loop
      vertex -26.4 9.2 0.599999
      vertex -25.9954 3.02652 0.599999
      vertex -25.9954 9.17348 0.599999
    endloop
  endfacet
  facet normal 0 0 1
    outer loop
      vertex -26.4 9.2 0.599999
      vertex -26.4 3 0.599999
      vertex -25.9954 3.02652 0.599999
    endloop
  endfacet
  facet normal -0 0 1
    outer loop
      vertex -26.8046 9.17348 0.599999
      vertex -26.4 3 0.599999
      vertex -26.4 9.2 0.599999
    endloop
  endfacet
  facet normal 0 0 1
    outer loop
      vertex -26.8046 9.17348 0.599999
      vertex -26.8046 3.02652 0.599999
      vertex -26.4 3 0.599999
    endloop
  endfacet
  facet normal -0 0 1
    outer loop
      vertex -27.2023 9.09437 0.599999
      vertex -26.8046 3.02652 0.599999
      vertex -26.8046 9.17348 0.599999
    endloop
  endfacet
  facet normal 0 0 1
    outer loop
      vertex -27.2023 9.09437 0.599999
      vertex -27.2023 3.10563 0.599999
      vertex -26.8046 3.02652 0.599999
    endloop
  endfacet
  facet normal -0 0 1
    outer loop
      vertex -27.5863 8.96403 0.599999
      vertex -27.2023 3.10563 0.599999
      vertex -27.2023 9.09437 0.599999
    endloop
  endfacet
  facet normal 0 0 1
    outer loop
      vertex -27.5863 8.96403 0.599999
      vertex -27.5863 3.23597 0.599999
      vertex -27.2023 3.10563 0.599999
    endloop
  endfacet
  facet normal -0 0 1
    outer loop
      vertex -27.95 8.78468 0.599999
      vertex -27.5863 3.23597 0.599999
      vertex -27.5863 8.96403 0.599999
    endloop
  endfacet
  facet normal 0 0 1
    outer loop
      vertex -27.95 8.78468 0.599999
      vertex -27.95 3.41532 0.599999
      vertex -27.5863 3.23597 0.599999
    endloop
  endfacet
  facet normal -0 0 1
    outer loop
      vertex -28.2872 8.55939 0.599999
      vertex -27.95 3.41532 0.599999
      vertex -27.95 8.78468 0.599999
    endloop
  endfacet
  facet normal 0 0 1
    outer loop
      vertex -28.2872 8.55939 0.599999
      vertex -28.2872 3.6406 0.599999
      vertex -27.95 3.41532 0.599999
    endloop
  endfacet
  facet normal -0 0 1
    outer loop
      vertex -28.592 8.29203 0.599999
      vertex -28.2872 3.6406 0.599999
      vertex -28.2872 8.55939 0.599999
    endloop
  endfacet
  facet normal 0 0 1
    outer loop
      vertex -28.592 8.29203 0.599999
      vertex -28.592 3.90797 0.599999
      vertex -28.2872 3.6406 0.599999
    endloop
  endfacet
  facet normal -0 0 1
    outer loop
      vertex -28.8594 7.98716 0.599999
      vertex -28.592 3.90797 0.599999
      vertex -28.592 8.29203 0.599999
    endloop
  endfacet
  facet normal 0 0 1
    outer loop
      vertex -28.8594 7.98716 0.599999
      vertex -28.8594 4.21284 0.599999
      vertex -28.592 3.90797 0.599999
    endloop
  endfacet
  facet normal -0 0 1
    outer loop
      vertex -29.0847 7.65 0.599999
      vertex -28.8594 4.21284 0.599999
      vertex -28.8594 7.98716 0.599999
    endloop
  endfacet
  facet normal 0 0 1
    outer loop
      vertex -29.0847 7.65 0.599999
      vertex -29.0847 4.55 0.599999
      vertex -28.8594 4.21284 0.599999
    endloop
  endfacet
  facet normal -0 0 1
    outer loop
      vertex -29.264 7.28632 0.599999
      vertex -29.0847 4.55 0.599999
      vertex -29.0847 7.65 0.599999
    endloop
  endfacet
  facet normal 0 0 1
    outer loop
      vertex -29.264 7.28632 0.599999
      vertex -29.264 4.91368 0.599999
      vertex -29.0847 4.55 0.599999
    endloop
  endfacet
  facet normal -0 0 1
    outer loop
      vertex -29.3944 6.90234 0.599999
      vertex -29.264 4.91368 0.599999
      vertex -29.264 7.28632 0.599999
    endloop
  endfacet
  facet normal 0 0 1
    outer loop
      vertex -29.3944 6.90234 0.599999
      vertex -29.3944 5.29766 0.599999
      vertex -29.264 4.91368 0.599999
    endloop
  endfacet
  facet normal -0 0 1
    outer loop
      vertex -29.4735 6.50463 0.599999
      vertex -29.3944 5.29766 0.599999
      vertex -29.3944 6.90234 0.599999
    endloop
  endfacet
  facet normal 0 0 1
    outer loop
      vertex -29.4735 6.50463 0.599999
      vertex -29.4735 5.69537 0.599999
      vertex -29.3944 5.29766 0.599999
    endloop
  endfacet
  facet normal 0 -0 1
    outer loop
      vertex -29.4735 5.69537 0.599999
      vertex -29.4735 6.50463 0.599999
      vertex -29.5 6.1 0.599999
    endloop
  endfacet
  facet normal -0.946888 -0.321564 0
    outer loop
      vertex -23.4056 6.90234 0.599999
      vertex -23.536 7.28632 2.6
      vertex -23.536 7.28632 0.599999
    endloop
  endfacet
  facet normal -0.946888 -0.321564 0
    outer loop
      vertex -23.536 7.28632 2.6
      vertex -23.4056 6.90234 0.599999
      vertex -23.4056 6.90234 2.6
    endloop
  endfacet
  facet normal -0.751796 -0.659396 0
    outer loop
      vertex -23.9406 7.98716 0.599999
      vertex -24.208 8.29203 2.6
      vertex -24.208 8.29203 0.599999
    endloop
  endfacet
  facet normal -0.751796 -0.659396 0
    outer loop
      vertex -24.208 8.29203 2.6
      vertex -23.9406 7.98716 0.599999
      vertex -23.9406 7.98716 2.6
    endloop
  endfacet
  facet normal -0.442275 -0.89688 0
    outer loop
      vertex -25.2137 8.96403 0.599999
      vertex -24.85 8.78468 2.6
      vertex -25.2137 8.96403 2.6
    endloop
  endfacet
  facet normal -0.442275 -0.89688 -0
    outer loop
      vertex -24.85 8.78468 2.6
      vertex -25.2137 8.96403 0.599999
      vertex -24.85 8.78468 0.599999
    endloop
  endfacet
  facet normal -0.195096 -0.980784 0
    outer loop
      vertex -25.9954 9.17348 0.599999
      vertex -25.5977 9.09437 2.6
      vertex -25.9954 9.17348 2.6
    endloop
  endfacet
  facet normal -0.195096 -0.980784 -0
    outer loop
      vertex -25.5977 9.09437 2.6
      vertex -25.9954 9.17348 0.599999
      vertex -25.5977 9.09437 0.599999
    endloop
  endfacet
  facet normal 0.997862 -0.0653519 0
    outer loop
      vertex -29.5 6.1 2.6
      vertex -29.4735 6.50463 0.599999
      vertex -29.4735 6.50463 2.6
    endloop
  endfacet
  facet normal 0.997862 -0.0653519 0
    outer loop
      vertex -29.4735 6.50463 0.599999
      vertex -29.5 6.1 2.6
      vertex -29.5 6.1 0.599999
    endloop
  endfacet
  facet normal 0.946888 -0.321564 0
    outer loop
      vertex -29.3944 6.90234 2.6
      vertex -29.264 7.28632 0.599999
      vertex -29.264 7.28632 2.6
    endloop
  endfacet
  facet normal 0.946888 -0.321564 0
    outer loop
      vertex -29.264 7.28632 0.599999
      vertex -29.3944 6.90234 2.6
      vertex -29.3944 6.90234 0.599999
    endloop
  endfacet
  facet normal 0.83145 -0.555599 0
    outer loop
      vertex -29.0847 7.65 2.6
      vertex -28.8594 7.98716 0.599999
      vertex -28.8594 7.98716 2.6
    endloop
  endfacet
  facet normal 0.83145 -0.555599 0
    outer loop
      vertex -28.8594 7.98716 0.599999
      vertex -29.0847 7.65 2.6
      vertex -29.0847 7.65 0.599999
    endloop
  endfacet
  facet normal 0.0654059 -0.997859 0
    outer loop
      vertex -26.8046 9.17348 0.599999
      vertex -26.4 9.2 2.6
      vertex -26.8046 9.17348 2.6
    endloop
  endfacet
  facet normal 0.0654059 -0.997859 0
    outer loop
      vertex -26.4 9.2 2.6
      vertex -26.8046 9.17348 0.599999
      vertex -26.4 9.2 0.599999
    endloop
  endfacet
  facet normal 0.555536 -0.831492 0
    outer loop
      vertex -28.2872 8.55939 0.599999
      vertex -27.95 8.78468 2.6
      vertex -28.2872 8.55939 2.6
    endloop
  endfacet
  facet normal 0.555536 -0.831492 0
    outer loop
      vertex -27.95 8.78468 2.6
      vertex -28.2872 8.55939 0.599999
      vertex -27.95 8.78468 0.599999
    endloop
  endfacet
  facet normal 0.659426 -0.751769 0
    outer loop
      vertex -28.592 8.29203 0.599999
      vertex -28.2872 8.55939 2.6
      vertex -28.592 8.29203 2.6
    endloop
  endfacet
  facet normal 0.659426 -0.751769 0
    outer loop
      vertex -28.2872 8.55939 2.6
      vertex -28.592 8.29203 0.599999
      vertex -28.2872 8.55939 0.599999
    endloop
  endfacet
  facet normal -0.0654059 0.997859 0
    outer loop
      vertex -25.9954 3.02652 0.599999
      vertex -26.4 3 2.6
      vertex -25.9954 3.02652 2.6
    endloop
  endfacet
  facet normal -0.0654059 0.997859 0
    outer loop
      vertex -26.4 3 2.6
      vertex -25.9954 3.02652 0.599999
      vertex -26.4 3 0.599999
    endloop
  endfacet
  facet normal -0.83145 0.555599 0
    outer loop
      vertex -23.9406 4.21284 0.599999
      vertex -23.7153 4.55 2.6
      vertex -23.7153 4.55 0.599999
    endloop
  endfacet
  facet normal -0.83145 0.555599 0
    outer loop
      vertex -23.7153 4.55 2.6
      vertex -23.9406 4.21284 0.599999
      vertex -23.9406 4.21284 2.6
    endloop
  endfacet
  facet normal -0.896919 0.442195 0
    outer loop
      vertex -23.7153 4.55 0.599999
      vertex -23.536 4.91368 2.6
      vertex -23.536 4.91368 0.599999
    endloop
  endfacet
  facet normal -0.896919 0.442195 0
    outer loop
      vertex -23.536 4.91368 2.6
      vertex -23.7153 4.55 0.599999
      vertex -23.7153 4.55 2.6
    endloop
  endfacet
  facet normal -0.321416 0.946938 0
    outer loop
      vertex -25.2137 3.23597 0.599999
      vertex -25.5977 3.10563 2.6
      vertex -25.2137 3.23597 2.6
    endloop
  endfacet
  facet normal -0.321416 0.946938 0
    outer loop
      vertex -25.5977 3.10563 2.6
      vertex -25.2137 3.23597 0.599999
      vertex -25.5977 3.10563 0.599999
    endloop
  endfacet
  facet normal -0.751796 0.659396 0
    outer loop
      vertex -24.208 3.90797 0.599999
      vertex -23.9406 4.21284 2.6
      vertex -23.9406 4.21284 0.599999
    endloop
  endfacet
  facet normal -0.751796 0.659396 0
    outer loop
      vertex -23.9406 4.21284 2.6
      vertex -24.208 3.90797 0.599999
      vertex -24.208 3.90797 2.6
    endloop
  endfacet
  facet normal -0.555519 0.831504 0
    outer loop
      vertex -24.5128 3.6406 0.599999
      vertex -24.85 3.41532 2.6
      vertex -24.5128 3.6406 2.6
    endloop
  endfacet
  facet normal -0.555519 0.831504 0
    outer loop
      vertex -24.85 3.41532 2.6
      vertex -24.5128 3.6406 0.599999
      vertex -24.85 3.41532 0.599999
    endloop
  endfacet
  facet normal 0.0654059 0.997859 -0
    outer loop
      vertex -26.4 3 0.599999
      vertex -26.8046 3.02652 2.6
      vertex -26.4 3 2.6
    endloop
  endfacet
  facet normal 0.0654059 0.997859 0
    outer loop
      vertex -26.8046 3.02652 2.6
      vertex -26.4 3 0.599999
      vertex -26.8046 3.02652 0.599999
    endloop
  endfacet
  facet normal 0.442275 0.89688 -0
    outer loop
      vertex -27.5863 3.23597 0.599999
      vertex -27.95 3.41532 2.6
      vertex -27.5863 3.23597 2.6
    endloop
  endfacet
  facet normal 0.442275 0.89688 0
    outer loop
      vertex -27.95 3.41532 2.6
      vertex -27.5863 3.23597 0.599999
      vertex -27.95 3.41532 0.599999
    endloop
  endfacet
  facet normal 0.946888 0.321564 0
    outer loop
      vertex -29.264 4.91368 2.6
      vertex -29.3944 5.29766 0.599999
      vertex -29.3944 5.29766 2.6
    endloop
  endfacet
  facet normal 0.946888 0.321564 0
    outer loop
      vertex -29.3944 5.29766 0.599999
      vertex -29.264 4.91368 2.6
      vertex -29.264 4.91368 0.599999
    endloop
  endfacet
  facet normal 0.997862 0.0653519 0
    outer loop
      vertex -29.4735 5.69537 2.6
      vertex -29.5 6.1 0.599999
      vertex -29.5 6.1 2.6
    endloop
  endfacet
  facet normal 0.997862 0.0653519 0
    outer loop
      vertex -29.5 6.1 0.599999
      vertex -29.4735 5.69537 2.6
      vertex -29.4735 5.69537 0.599999
    endloop
  endfacet
  facet normal 0.83145 0.555599 0
    outer loop
      vertex -28.8594 4.21284 2.6
      vertex -29.0847 4.55 0.599999
      vertex -29.0847 4.55 2.6
    endloop
  endfacet
  facet normal 0.83145 0.555599 0
    outer loop
      vertex -29.0847 4.55 0.599999
      vertex -28.8594 4.21284 2.6
      vertex -28.8594 4.21284 0.599999
    endloop
  endfacet
  facet normal -0.997862 0.0653519 0
    outer loop
      vertex -23.3265 5.69537 0.599999
      vertex -23.3 6.1 2.6
      vertex -23.3 6.1 0.599999
    endloop
  endfacet
  facet normal -0.997862 0.0653519 0
    outer loop
      vertex -23.3 6.1 2.6
      vertex -23.3265 5.69537 0.599999
      vertex -23.3265 5.69537 2.6
    endloop
  endfacet
  facet normal -0.195096 0.980784 0
    outer loop
      vertex -25.5977 3.10563 0.599999
      vertex -25.9954 3.02652 2.6
      vertex -25.5977 3.10563 2.6
    endloop
  endfacet
  facet normal -0.195096 0.980784 0
    outer loop
      vertex -25.9954 3.02652 2.6
      vertex -25.5977 3.10563 0.599999
      vertex -25.9954 3.02652 0.599999
    endloop
  endfacet
  facet normal -0.442275 0.89688 0
    outer loop
      vertex -24.85 3.41532 0.599999
      vertex -25.2137 3.23597 2.6
      vertex -24.85 3.41532 2.6
    endloop
  endfacet
  facet normal -0.442275 0.89688 0
    outer loop
      vertex -25.2137 3.23597 2.6
      vertex -24.85 3.41532 0.599999
      vertex -25.2137 3.23597 0.599999
    endloop
  endfacet
  facet normal -0.65944 0.751757 0
    outer loop
      vertex -24.208 3.90797 0.599999
      vertex -24.5128 3.6406 2.6
      vertex -24.208 3.90797 2.6
    endloop
  endfacet
  facet normal -0.65944 0.751757 0
    outer loop
      vertex -24.5128 3.6406 2.6
      vertex -24.208 3.90797 0.599999
      vertex -24.5128 3.6406 0.599999
    endloop
  endfacet
  facet normal 0.555519 0.831504 -0
    outer loop
      vertex -27.95 3.41532 0.599999
      vertex -28.2872 3.6406 2.6
      vertex -27.95 3.41532 2.6
    endloop
  endfacet
  facet normal 0.555519 0.831504 0
    outer loop
      vertex -28.2872 3.6406 2.6
      vertex -27.95 3.41532 0.599999
      vertex -28.2872 3.6406 0.599999
    endloop
  endfacet
  facet normal 0.98079 0.195068 0
    outer loop
      vertex -29.3944 5.29766 2.6
      vertex -29.4735 5.69537 0.599999
      vertex -29.4735 5.69537 2.6
    endloop
  endfacet
  facet normal 0.98079 0.195068 0
    outer loop
      vertex -29.4735 5.69537 0.599999
      vertex -29.3944 5.29766 2.6
      vertex -29.3944 5.29766 0.599999
    endloop
  endfacet
  facet normal 0.751796 0.659396 0
    outer loop
      vertex -28.592 3.90797 2.6
      vertex -28.8594 4.21284 0.599999
      vertex -28.8594 4.21284 2.6
    endloop
  endfacet
  facet normal 0.751796 0.659396 0
    outer loop
      vertex -28.8594 4.21284 0.599999
      vertex -28.592 3.90797 2.6
      vertex -28.592 3.90797 0.599999
    endloop
  endfacet
  facet normal -0.997862 -0.0653568 0
    outer loop
      vertex -23.3 35.9 0.599999
      vertex -23.3265 36.3046 2.6
      vertex -23.3265 36.3046 0.599999
    endloop
  endfacet
  facet normal -0.997862 -0.0653568 0
    outer loop
      vertex -23.3265 36.3046 2.6
      vertex -23.3 35.9 0.599999
      vertex -23.3 35.9 2.6
    endloop
  endfacet
  facet normal 0.0653568 -0.997862 0
    outer loop
      vertex -26.8046 38.9735 0.599999
      vertex -26.4 39 2.6
      vertex -26.8046 38.9735 2.6
    endloop
  endfacet
  facet normal 0.0653568 -0.997862 0
    outer loop
      vertex -26.4 39 2.6
      vertex -26.8046 38.9735 0.599999
      vertex -26.4 39 0.599999
    endloop
  endfacet
  facet normal -0.0653568 0.997862 0
    outer loop
      vertex -25.9954 32.8265 0.599999
      vertex -26.4 32.8 2.6
      vertex -25.9954 32.8265 2.6
    endloop
  endfacet
  facet normal -0.0653568 0.997862 0
    outer loop
      vertex -26.4 32.8 2.6
      vertex -25.9954 32.8265 0.599999
      vertex -26.4 32.8 0.599999
    endloop
  endfacet
  facet normal -0.659482 -0.751721 0
    outer loop
      vertex -24.5128 38.3594 0.599999
      vertex -24.208 38.092 2.6
      vertex -24.5128 38.3594 2.6
    endloop
  endfacet
  facet normal -0.659482 -0.751721 -0
    outer loop
      vertex -24.208 38.092 2.6
      vertex -24.5128 38.3594 0.599999
      vertex -24.208 38.092 0.599999
    endloop
  endfacet
  facet normal 0.751721 -0.659482 0
    outer loop
      vertex -28.8594 37.7872 2.6
      vertex -28.592 38.092 0.599999
      vertex -28.592 38.092 2.6
    endloop
  endfacet
  facet normal 0.751721 -0.659482 0
    outer loop
      vertex -28.592 38.092 0.599999
      vertex -28.8594 37.7872 2.6
      vertex -28.8594 37.7872 0.599999
    endloop
  endfacet
  facet normal 0.442176 -0.896928 0
    outer loop
      vertex -27.95 38.5847 0.599999
      vertex -27.5863 38.764 2.6
      vertex -27.95 38.5847 2.6
    endloop
  endfacet
  facet normal 0.442176 -0.896928 0
    outer loop
      vertex -27.5863 38.764 2.6
      vertex -27.95 38.5847 0.599999
      vertex -27.5863 38.764 0.599999
    endloop
  endfacet
  facet normal -0.946893 0.321549 0
    outer loop
      vertex -23.536 34.7137 0.599999
      vertex -23.4056 35.0977 2.6
      vertex -23.4056 35.0977 0.599999
    endloop
  endfacet
  facet normal -0.946893 0.321549 0
    outer loop
      vertex -23.4056 35.0977 2.6
      vertex -23.536 34.7137 0.599999
      vertex -23.536 34.7137 2.6
    endloop
  endfacet
  facet normal -0.896928 -0.442176 0
    outer loop
      vertex -23.536 37.0863 0.599999
      vertex -23.7153 37.45 2.6
      vertex -23.7153 37.45 0.599999
    endloop
  endfacet
  facet normal -0.896928 -0.442176 0
    outer loop
      vertex -23.7153 37.45 2.6
      vertex -23.536 37.0863 0.599999
      vertex -23.536 37.0863 2.6
    endloop
  endfacet
  facet normal -0.980789 -0.195073 0
    outer loop
      vertex -23.3265 36.3046 0.599999
      vertex -23.4056 36.7023 2.6
      vertex -23.4056 36.7023 0.599999
    endloop
  endfacet
  facet normal -0.980789 -0.195073 0
    outer loop
      vertex -23.4056 36.7023 2.6
      vertex -23.3265 36.3046 0.599999
      vertex -23.3265 36.3046 2.6
    endloop
  endfacet
  facet normal -0.321549 -0.946893 0
    outer loop
      vertex -25.5977 38.8944 0.599999
      vertex -25.2137 38.764 2.6
      vertex -25.5977 38.8944 2.6
    endloop
  endfacet
  facet normal -0.321549 -0.946893 -0
    outer loop
      vertex -25.2137 38.764 2.6
      vertex -25.5977 38.8944 0.599999
      vertex -25.2137 38.764 0.599999
    endloop
  endfacet
  facet normal -0.555553 -0.831481 0
    outer loop
      vertex -24.85 38.5847 0.599999
      vertex -24.5128 38.3594 2.6
      vertex -24.85 38.5847 2.6
    endloop
  endfacet
  facet normal -0.555553 -0.831481 -0
    outer loop
      vertex -24.5128 38.3594 2.6
      vertex -24.85 38.5847 0.599999
      vertex -24.5128 38.3594 0.599999
    endloop
  endfacet
  facet normal 0.946893 -0.321549 0
    outer loop
      vertex -29.3944 36.7023 2.6
      vertex -29.264 37.0863 0.599999
      vertex -29.264 37.0863 2.6
    endloop
  endfacet
  facet normal 0.946893 -0.321549 0
    outer loop
      vertex -29.264 37.0863 0.599999
      vertex -29.3944 36.7023 2.6
      vertex -29.3944 36.7023 0.599999
    endloop
  endfacet
  facet normal 0 0 1
    outer loop
      vertex -23.3265 36.3046 0.599999
      vertex -23.3265 35.4954 0.599999
      vertex -23.3 35.9 0.599999
    endloop
  endfacet
  facet normal 0 0 1
    outer loop
      vertex -23.4056 36.7023 0.599999
      vertex -23.3265 35.4954 0.599999
      vertex -23.3265 36.3046 0.599999
    endloop
  endfacet
  facet normal 0 0 1
    outer loop
      vertex -23.4056 36.7023 0.599999
      vertex -23.4056 35.0977 0.599999
      vertex -23.3265 35.4954 0.599999
    endloop
  endfacet
  facet normal 0 0 1
    outer loop
      vertex -23.536 37.0863 0.599999
      vertex -23.4056 35.0977 0.599999
      vertex -23.4056 36.7023 0.599999
    endloop
  endfacet
  facet normal 0 0 1
    outer loop
      vertex -23.536 37.0863 0.599999
      vertex -23.536 34.7137 0.599999
      vertex -23.4056 35.0977 0.599999
    endloop
  endfacet
  facet normal 0 0 1
    outer loop
      vertex -23.7153 37.45 0.599999
      vertex -23.536 34.7137 0.599999
      vertex -23.536 37.0863 0.599999
    endloop
  endfacet
  facet normal 0 0 1
    outer loop
      vertex -23.7153 37.45 0.599999
      vertex -23.7153 34.35 0.599999
      vertex -23.536 34.7137 0.599999
    endloop
  endfacet
  facet normal 0 0 1
    outer loop
      vertex -23.9406 37.7872 0.599999
      vertex -23.7153 34.35 0.599999
      vertex -23.7153 37.45 0.599999
    endloop
  endfacet
  facet normal 0 0 1
    outer loop
      vertex -23.9406 37.7872 0.599999
      vertex -23.9406 34.0128 0.599999
      vertex -23.7153 34.35 0.599999
    endloop
  endfacet
  facet normal 0 0 1
    outer loop
      vertex -24.208 38.092 0.599999
      vertex -23.9406 34.0128 0.599999
      vertex -23.9406 37.7872 0.599999
    endloop
  endfacet
  facet normal 0 0 1
    outer loop
      vertex -24.208 38.092 0.599999
      vertex -24.208 33.708 0.599999
      vertex -23.9406 34.0128 0.599999
    endloop
  endfacet
  facet normal 0 0 1
    outer loop
      vertex -24.5128 38.3594 0.599999
      vertex -24.208 33.708 0.599999
      vertex -24.208 38.092 0.599999
    endloop
  endfacet
  facet normal 0 0 1
    outer loop
      vertex -24.5128 38.3594 0.599999
      vertex -24.5128 33.4406 0.599999
      vertex -24.208 33.708 0.599999
    endloop
  endfacet
  facet normal 0 0 1
    outer loop
      vertex -24.85 38.5847 0.599999
      vertex -24.5128 33.4406 0.599999
      vertex -24.5128 38.3594 0.599999
    endloop
  endfacet
  facet normal 0 0 1
    outer loop
      vertex -24.85 38.5847 0.599999
      vertex -24.85 33.2153 0.599999
      vertex -24.5128 33.4406 0.599999
    endloop
  endfacet
  facet normal 0 0 1
    outer loop
      vertex -25.2137 38.764 0.599999
      vertex -24.85 33.2153 0.599999
      vertex -24.85 38.5847 0.599999
    endloop
  endfacet
  facet normal 0 0 1
    outer loop
      vertex -25.2137 38.764 0.599999
      vertex -25.2137 33.036 0.599999
      vertex -24.85 33.2153 0.599999
    endloop
  endfacet
  facet normal 0 0 1
    outer loop
      vertex -25.5977 38.8944 0.599999
      vertex -25.2137 33.036 0.599999
      vertex -25.2137 38.764 0.599999
    endloop
  endfacet
  facet normal 0 0 1
    outer loop
      vertex -25.5977 38.8944 0.599999
      vertex -25.5977 32.9056 0.599999
      vertex -25.2137 33.036 0.599999
    endloop
  endfacet
  facet normal 0 0 1
    outer loop
      vertex -25.9954 38.9735 0.599999
      vertex -25.5977 32.9056 0.599999
      vertex -25.5977 38.8944 0.599999
    endloop
  endfacet
  facet normal 0 0 1
    outer loop
      vertex -25.9954 38.9735 0.599999
      vertex -25.9954 32.8265 0.599999
      vertex -25.5977 32.9056 0.599999
    endloop
  endfacet
  facet normal 0 0 1
    outer loop
      vertex -26.4 39 0.599999
      vertex -25.9954 32.8265 0.599999
      vertex -25.9954 38.9735 0.599999
    endloop
  endfacet
  facet normal 0 0 1
    outer loop
      vertex -26.4 39 0.599999
      vertex -26.4 32.8 0.599999
      vertex -25.9954 32.8265 0.599999
    endloop
  endfacet
  facet normal -0 0 1
    outer loop
      vertex -26.8046 38.9735 0.599999
      vertex -26.4 32.8 0.599999
      vertex -26.4 39 0.599999
    endloop
  endfacet
  facet normal 0 0 1
    outer loop
      vertex -26.8046 38.9735 0.599999
      vertex -26.8046 32.8265 0.599999
      vertex -26.4 32.8 0.599999
    endloop
  endfacet
  facet normal -0 0 1
    outer loop
      vertex -27.2023 38.8944 0.599999
      vertex -26.8046 32.8265 0.599999
      vertex -26.8046 38.9735 0.599999
    endloop
  endfacet
  facet normal 0 0 1
    outer loop
      vertex -27.2023 38.8944 0.599999
      vertex -27.2023 32.9056 0.599999
      vertex -26.8046 32.8265 0.599999
    endloop
  endfacet
  facet normal -0 0 1
    outer loop
      vertex -27.5863 38.764 0.599999
      vertex -27.2023 32.9056 0.599999
      vertex -27.2023 38.8944 0.599999
    endloop
  endfacet
  facet normal 0 0 1
    outer loop
      vertex -27.5863 38.764 0.599999
      vertex -27.5863 33.036 0.599999
      vertex -27.2023 32.9056 0.599999
    endloop
  endfacet
  facet normal -0 0 1
    outer loop
      vertex -27.95 38.5847 0.599999
      vertex -27.5863 33.036 0.599999
      vertex -27.5863 38.764 0.599999
    endloop
  endfacet
  facet normal 0 0 1
    outer loop
      vertex -27.95 38.5847 0.599999
      vertex -27.95 33.2153 0.599999
      vertex -27.5863 33.036 0.599999
    endloop
  endfacet
  facet normal -0 0 1
    outer loop
      vertex -28.2872 38.3594 0.599999
      vertex -27.95 33.2153 0.599999
      vertex -27.95 38.5847 0.599999
    endloop
  endfacet
  facet normal 0 0 1
    outer loop
      vertex -28.2872 38.3594 0.599999
      vertex -28.2872 33.4406 0.599999
      vertex -27.95 33.2153 0.599999
    endloop
  endfacet
  facet normal -0 0 1
    outer loop
      vertex -28.592 38.092 0.599999
      vertex -28.2872 33.4406 0.599999
      vertex -28.2872 38.3594 0.599999
    endloop
  endfacet
  facet normal 0 0 1
    outer loop
      vertex -28.592 38.092 0.599999
      vertex -28.592 33.708 0.599999
      vertex -28.2872 33.4406 0.599999
    endloop
  endfacet
  facet normal -0 0 1
    outer loop
      vertex -28.8594 37.7872 0.599999
      vertex -28.592 33.708 0.599999
      vertex -28.592 38.092 0.599999
    endloop
  endfacet
  facet normal 0 0 1
    outer loop
      vertex -28.8594 37.7872 0.599999
      vertex -28.8594 34.0128 0.599999
      vertex -28.592 33.708 0.599999
    endloop
  endfacet
  facet normal -0 0 1
    outer loop
      vertex -29.0847 37.45 0.599999
      vertex -28.8594 34.0128 0.599999
      vertex -28.8594 37.7872 0.599999
    endloop
  endfacet
  facet normal 0 0 1
    outer loop
      vertex -29.0847 37.45 0.599999
      vertex -29.0847 34.35 0.599999
      vertex -28.8594 34.0128 0.599999
    endloop
  endfacet
  facet normal -0 0 1
    outer loop
      vertex -29.264 37.0863 0.599999
      vertex -29.0847 34.35 0.599999
      vertex -29.0847 37.45 0.599999
    endloop
  endfacet
  facet normal 0 0 1
    outer loop
      vertex -29.264 37.0863 0.599999
      vertex -29.264 34.7137 0.599999
      vertex -29.0847 34.35 0.599999
    endloop
  endfacet
  facet normal -0 0 1
    outer loop
      vertex -29.3944 36.7023 0.599999
      vertex -29.264 34.7137 0.599999
      vertex -29.264 37.0863 0.599999
    endloop
  endfacet
  facet normal 0 0 1
    outer loop
      vertex -29.3944 36.7023 0.599999
      vertex -29.3944 35.0977 0.599999
      vertex -29.264 34.7137 0.599999
    endloop
  endfacet
  facet normal -0 0 1
    outer loop
      vertex -29.4735 36.3046 0.599999
      vertex -29.3944 35.0977 0.599999
      vertex -29.3944 36.7023 0.599999
    endloop
  endfacet
  facet normal 0 0 1
    outer loop
      vertex -29.4735 36.3046 0.599999
      vertex -29.4735 35.4954 0.599999
      vertex -29.3944 35.0977 0.599999
    endloop
  endfacet
  facet normal 0 -0 1
    outer loop
      vertex -29.4735 35.4954 0.599999
      vertex -29.4735 36.3046 0.599999
      vertex -29.5 35.9 0.599999
    endloop
  endfacet
  facet normal 0.831481 -0.555553 0
    outer loop
      vertex -29.0847 37.45 2.6
      vertex -28.8594 37.7872 0.599999
      vertex -28.8594 37.7872 2.6
    endloop
  endfacet
  facet normal 0.831481 -0.555553 0
    outer loop
      vertex -28.8594 37.7872 0.599999
      vertex -29.0847 37.45 2.6
      vertex -29.0847 37.45 0.599999
    endloop
  endfacet
  facet normal 0.195073 -0.980789 0
    outer loop
      vertex -27.2023 38.8944 0.599999
      vertex -26.8046 38.9735 2.6
      vertex -27.2023 38.8944 2.6
    endloop
  endfacet
  facet normal 0.195073 -0.980789 0
    outer loop
      vertex -26.8046 38.9735 2.6
      vertex -27.2023 38.8944 0.599999
      vertex -26.8046 38.9735 0.599999
    endloop
  endfacet
  facet normal -0.946893 -0.321549 0
    outer loop
      vertex -23.4056 36.7023 0.599999
      vertex -23.536 37.0863 2.6
      vertex -23.536 37.0863 0.599999
    endloop
  endfacet
  facet normal -0.946893 -0.321549 0
    outer loop
      vertex -23.536 37.0863 2.6
      vertex -23.4056 36.7023 0.599999
      vertex -23.4056 36.7023 2.6
    endloop
  endfacet
  facet normal -0.751721 -0.659482 0
    outer loop
      vertex -23.9406 37.7872 0.599999
      vertex -24.208 38.092 2.6
      vertex -24.208 38.092 0.599999
    endloop
  endfacet
  facet normal -0.751721 -0.659482 0
    outer loop
      vertex -24.208 38.092 2.6
      vertex -23.9406 37.7872 0.599999
      vertex -23.9406 37.7872 2.6
    endloop
  endfacet
  facet normal -0.831481 -0.555553 0
    outer loop
      vertex -23.7153 37.45 0.599999
      vertex -23.9406 37.7872 2.6
      vertex -23.9406 37.7872 0.599999
    endloop
  endfacet
  facet normal -0.831481 -0.555553 0
    outer loop
      vertex -23.9406 37.7872 2.6
      vertex -23.7153 37.45 0.599999
      vertex -23.7153 37.45 2.6
    endloop
  endfacet
  facet normal -0.195073 -0.980789 0
    outer loop
      vertex -25.9954 38.9735 0.599999
      vertex -25.5977 38.8944 2.6
      vertex -25.9954 38.9735 2.6
    endloop
  endfacet
  facet normal -0.195073 -0.980789 -0
    outer loop
      vertex -25.5977 38.8944 2.6
      vertex -25.9954 38.9735 0.599999
      vertex -25.5977 38.8944 0.599999
    endloop
  endfacet
  facet normal -0.0653568 -0.997862 0
    outer loop
      vertex -26.4 39 0.599999
      vertex -25.9954 38.9735 2.6
      vertex -26.4 39 2.6
    endloop
  endfacet
  facet normal -0.0653568 -0.997862 -0
    outer loop
      vertex -25.9954 38.9735 2.6
      vertex -26.4 39 0.599999
      vertex -25.9954 38.9735 0.599999
    endloop
  endfacet
  facet normal -0.442176 -0.896928 0
    outer loop
      vertex -25.2137 38.764 0.599999
      vertex -24.85 38.5847 2.6
      vertex -25.2137 38.764 2.6
    endloop
  endfacet
  facet normal -0.442176 -0.896928 -0
    outer loop
      vertex -24.85 38.5847 2.6
      vertex -25.2137 38.764 0.599999
      vertex -24.85 38.5847 0.599999
    endloop
  endfacet
  facet normal 0.896928 -0.442176 0
    outer loop
      vertex -29.264 37.0863 2.6
      vertex -29.0847 37.45 0.599999
      vertex -29.0847 37.45 2.6
    endloop
  endfacet
  facet normal 0.896928 -0.442176 0
    outer loop
      vertex -29.0847 37.45 0.599999
      vertex -29.264 37.0863 2.6
      vertex -29.264 37.0863 0.599999
    endloop
  endfacet
  facet normal 0.980789 -0.195073 0
    outer loop
      vertex -29.4735 36.3046 2.6
      vertex -29.3944 36.7023 0.599999
      vertex -29.3944 36.7023 2.6
    endloop
  endfacet
  facet normal 0.980789 -0.195073 0
    outer loop
      vertex -29.3944 36.7023 0.599999
      vertex -29.4735 36.3046 2.6
      vertex -29.4735 36.3046 0.599999
    endloop
  endfacet
  facet normal 0.997862 -0.0653568 0
    outer loop
      vertex -29.5 35.9 2.6
      vertex -29.4735 36.3046 0.599999
      vertex -29.4735 36.3046 2.6
    endloop
  endfacet
  facet normal 0.997862 -0.0653568 0
    outer loop
      vertex -29.4735 36.3046 0.599999
      vertex -29.5 35.9 2.6
      vertex -29.5 35.9 0.599999
    endloop
  endfacet
  facet normal 0.997862 0.0653568 0
    outer loop
      vertex -29.4735 35.4954 2.6
      vertex -29.5 35.9 0.599999
      vertex -29.5 35.9 2.6
    endloop
  endfacet
  facet normal 0.997862 0.0653568 0
    outer loop
      vertex -29.5 35.9 0.599999
      vertex -29.4735 35.4954 2.6
      vertex -29.4735 35.4954 0.599999
    endloop
  endfacet
  facet normal 0.555553 -0.831481 0
    outer loop
      vertex -28.2872 38.3594 0.599999
      vertex -27.95 38.5847 2.6
      vertex -28.2872 38.3594 2.6
    endloop
  endfacet
  facet normal 0.555553 -0.831481 0
    outer loop
      vertex -27.95 38.5847 2.6
      vertex -28.2872 38.3594 0.599999
      vertex -27.95 38.5847 0.599999
    endloop
  endfacet
  facet normal 0.659482 -0.751721 0
    outer loop
      vertex -28.592 38.092 0.599999
      vertex -28.2872 38.3594 2.6
      vertex -28.592 38.092 2.6
    endloop
  endfacet
  facet normal 0.659482 -0.751721 0
    outer loop
      vertex -28.2872 38.3594 2.6
      vertex -28.592 38.092 0.599999
      vertex -28.2872 38.3594 0.599999
    endloop
  endfacet
  facet normal 0.321549 -0.946893 0
    outer loop
      vertex -27.5863 38.764 0.599999
      vertex -27.2023 38.8944 2.6
      vertex -27.5863 38.764 2.6
    endloop
  endfacet
  facet normal 0.321549 -0.946893 0
    outer loop
      vertex -27.2023 38.8944 2.6
      vertex -27.5863 38.764 0.599999
      vertex -27.2023 38.8944 0.599999
    endloop
  endfacet
  facet normal -0.831481 0.555553 0
    outer loop
      vertex -23.9406 34.0128 0.599999
      vertex -23.7153 34.35 2.6
      vertex -23.7153 34.35 0.599999
    endloop
  endfacet
  facet normal -0.831481 0.555553 0
    outer loop
      vertex -23.7153 34.35 2.6
      vertex -23.9406 34.0128 0.599999
      vertex -23.9406 34.0128 2.6
    endloop
  endfacet
  facet normal -0.980789 0.195073 0
    outer loop
      vertex -23.4056 35.0977 0.599999
      vertex -23.3265 35.4954 2.6
      vertex -23.3265 35.4954 0.599999
    endloop
  endfacet
  facet normal -0.980789 0.195073 0
    outer loop
      vertex -23.3265 35.4954 2.6
      vertex -23.4056 35.0977 0.599999
      vertex -23.4056 35.0977 2.6
    endloop
  endfacet
  facet normal 0.831481 0.555553 0
    outer loop
      vertex -28.8594 34.0128 2.6
      vertex -29.0847 34.35 0.599999
      vertex -29.0847 34.35 2.6
    endloop
  endfacet
  facet normal 0.831481 0.555553 0
    outer loop
      vertex -29.0847 34.35 0.599999
      vertex -28.8594 34.0128 2.6
      vertex -28.8594 34.0128 0.599999
    endloop
  endfacet
  facet normal 0.659482 0.751721 -0
    outer loop
      vertex -28.2872 33.4406 0.599999
      vertex -28.592 33.708 2.6
      vertex -28.2872 33.4406 2.6
    endloop
  endfacet
  facet normal 0.659482 0.751721 0
    outer loop
      vertex -28.592 33.708 2.6
      vertex -28.2872 33.4406 0.599999
      vertex -28.592 33.708 0.599999
    endloop
  endfacet
  facet normal 0.980789 0.195073 0
    outer loop
      vertex -29.3944 35.0977 2.6
      vertex -29.4735 35.4954 0.599999
      vertex -29.4735 35.4954 2.6
    endloop
  endfacet
  facet normal 0.980789 0.195073 0
    outer loop
      vertex -29.4735 35.4954 0.599999
      vertex -29.3944 35.0977 2.6
      vertex -29.3944 35.0977 0.599999
    endloop
  endfacet
  facet normal -0.555553 0.831481 0
    outer loop
      vertex -24.5128 33.4406 0.599999
      vertex -24.85 33.2153 2.6
      vertex -24.5128 33.4406 2.6
    endloop
  endfacet
  facet normal -0.555553 0.831481 0
    outer loop
      vertex -24.85 33.2153 2.6
      vertex -24.5128 33.4406 0.599999
      vertex -24.85 33.2153 0.599999
    endloop
  endfacet
  facet normal -0.896928 0.442176 0
    outer loop
      vertex -23.7153 34.35 0.599999
      vertex -23.536 34.7137 2.6
      vertex -23.536 34.7137 0.599999
    endloop
  endfacet
  facet normal -0.896928 0.442176 0
    outer loop
      vertex -23.536 34.7137 2.6
      vertex -23.7153 34.35 0.599999
      vertex -23.7153 34.35 2.6
    endloop
  endfacet
  facet normal -0.997862 0.0653568 0
    outer loop
      vertex -23.3265 35.4954 0.599999
      vertex -23.3 35.9 2.6
      vertex -23.3 35.9 0.599999
    endloop
  endfacet
  facet normal -0.997862 0.0653568 0
    outer loop
      vertex -23.3 35.9 2.6
      vertex -23.3265 35.4954 0.599999
      vertex -23.3265 35.4954 2.6
    endloop
  endfacet
  facet normal 0.946893 0.321549 0
    outer loop
      vertex -29.264 34.7137 2.6
      vertex -29.3944 35.0977 0.599999
      vertex -29.3944 35.0977 2.6
    endloop
  endfacet
  facet normal 0.946893 0.321549 0
    outer loop
      vertex -29.3944 35.0977 0.599999
      vertex -29.264 34.7137 2.6
      vertex -29.264 34.7137 0.599999
    endloop
  endfacet
  facet normal 0.896928 0.442176 0
    outer loop
      vertex -29.0847 34.35 2.6
      vertex -29.264 34.7137 0.599999
      vertex -29.264 34.7137 2.6
    endloop
  endfacet
  facet normal 0.896928 0.442176 0
    outer loop
      vertex -29.264 34.7137 0.599999
      vertex -29.0847 34.35 2.6
      vertex -29.0847 34.35 0.599999
    endloop
  endfacet
  facet normal -0.751721 0.659482 0
    outer loop
      vertex -24.208 33.708 0.599999
      vertex -23.9406 34.0128 2.6
      vertex -23.9406 34.0128 0.599999
    endloop
  endfacet
  facet normal -0.751721 0.659482 0
    outer loop
      vertex -23.9406 34.0128 2.6
      vertex -24.208 33.708 0.599999
      vertex -24.208 33.708 2.6
    endloop
  endfacet
  facet normal -0.442176 0.896928 0
    outer loop
      vertex -24.85 33.2153 0.599999
      vertex -25.2137 33.036 2.6
      vertex -24.85 33.2153 2.6
    endloop
  endfacet
  facet normal -0.442176 0.896928 0
    outer loop
      vertex -25.2137 33.036 2.6
      vertex -24.85 33.2153 0.599999
      vertex -25.2137 33.036 0.599999
    endloop
  endfacet
  facet normal -0.321549 0.946893 0
    outer loop
      vertex -25.2137 33.036 0.599999
      vertex -25.5977 32.9056 2.6
      vertex -25.2137 33.036 2.6
    endloop
  endfacet
  facet normal -0.321549 0.946893 0
    outer loop
      vertex -25.5977 32.9056 2.6
      vertex -25.2137 33.036 0.599999
      vertex -25.5977 32.9056 0.599999
    endloop
  endfacet
  facet normal -0.195073 0.980789 0
    outer loop
      vertex -25.5977 32.9056 0.599999
      vertex -25.9954 32.8265 2.6
      vertex -25.5977 32.9056 2.6
    endloop
  endfacet
  facet normal -0.195073 0.980789 0
    outer loop
      vertex -25.9954 32.8265 2.6
      vertex -25.5977 32.9056 0.599999
      vertex -25.9954 32.8265 0.599999
    endloop
  endfacet
  facet normal 0.0653568 0.997862 -0
    outer loop
      vertex -26.4 32.8 0.599999
      vertex -26.8046 32.8265 2.6
      vertex -26.4 32.8 2.6
    endloop
  endfacet
  facet normal 0.0653568 0.997862 0
    outer loop
      vertex -26.8046 32.8265 2.6
      vertex -26.4 32.8 0.599999
      vertex -26.8046 32.8265 0.599999
    endloop
  endfacet
  facet normal 0.195073 0.980789 -0
    outer loop
      vertex -26.8046 32.8265 0.599999
      vertex -27.2023 32.9056 2.6
      vertex -26.8046 32.8265 2.6
    endloop
  endfacet
  facet normal 0.195073 0.980789 0
    outer loop
      vertex -27.2023 32.9056 2.6
      vertex -26.8046 32.8265 0.599999
      vertex -27.2023 32.9056 0.599999
    endloop
  endfacet
  facet normal 0.751721 0.659482 0
    outer loop
      vertex -28.592 33.708 2.6
      vertex -28.8594 34.0128 0.599999
      vertex -28.8594 34.0128 2.6
    endloop
  endfacet
  facet normal 0.751721 0.659482 0
    outer loop
      vertex -28.8594 34.0128 0.599999
      vertex -28.592 33.708 2.6
      vertex -28.592 33.708 0.599999
    endloop
  endfacet
  facet normal -0.659482 0.751721 0
    outer loop
      vertex -24.208 33.708 0.599999
      vertex -24.5128 33.4406 2.6
      vertex -24.208 33.708 2.6
    endloop
  endfacet
  facet normal -0.659482 0.751721 0
    outer loop
      vertex -24.5128 33.4406 2.6
      vertex -24.208 33.708 0.599999
      vertex -24.5128 33.4406 0.599999
    endloop
  endfacet
  facet normal 0.555553 0.831481 -0
    outer loop
      vertex -27.95 33.2153 0.599999
      vertex -28.2872 33.4406 2.6
      vertex -27.95 33.2153 2.6
    endloop
  endfacet
  facet normal 0.555553 0.831481 0
    outer loop
      vertex -28.2872 33.4406 2.6
      vertex -27.95 33.2153 0.599999
      vertex -28.2872 33.4406 0.599999
    endloop
  endfacet
  facet normal 0.321549 0.946893 -0
    outer loop
      vertex -27.2023 32.9056 0.599999
      vertex -27.5863 33.036 2.6
      vertex -27.2023 32.9056 2.6
    endloop
  endfacet
  facet normal 0.321549 0.946893 0
    outer loop
      vertex -27.5863 33.036 2.6
      vertex -27.2023 32.9056 0.599999
      vertex -27.5863 33.036 0.599999
    endloop
  endfacet
  facet normal 0.442176 0.896928 -0
    outer loop
      vertex -27.5863 33.036 0.599999
      vertex -27.95 33.2153 2.6
      vertex -27.5863 33.036 2.6
    endloop
  endfacet
  facet normal 0.442176 0.896928 0
    outer loop
      vertex -27.95 33.2153 2.6
      vertex -27.5863 33.036 0.599999
      vertex -27.95 33.2153 0.599999
    endloop
  endfacet
  facet normal -0.555536 -0.831492 0
    outer loop
      vertex 27.95 8.78468 0.599999
      vertex 28.2872 8.55939 2.6
      vertex 27.95 8.78468 2.6
    endloop
  endfacet
  facet normal -0.555536 -0.831492 -0
    outer loop
      vertex 28.2872 8.55939 2.6
      vertex 27.95 8.78468 0.599999
      vertex 28.2872 8.55939 0.599999
    endloop
  endfacet
  facet normal 0.946888 -0.321564 0
    outer loop
      vertex 23.4056 6.90234 2.6
      vertex 23.536 7.28632 0.599999
      vertex 23.536 7.28632 2.6
    endloop
  endfacet
  facet normal 0.946888 -0.321564 0
    outer loop
      vertex 23.536 7.28632 0.599999
      vertex 23.4056 6.90234 2.6
      vertex 23.4056 6.90234 0.599999
    endloop
  endfacet
  facet normal -0.997862 0.0653519 0
    outer loop
      vertex 29.4735 5.69537 0.599999
      vertex 29.5 6.1 2.6
      vertex 29.5 6.1 0.599999
    endloop
  endfacet
  facet normal -0.997862 0.0653519 0
    outer loop
      vertex 29.5 6.1 2.6
      vertex 29.4735 5.69537 0.599999
      vertex 29.4735 5.69537 2.6
    endloop
  endfacet
  facet normal 0.321416 0.946938 -0
    outer loop
      vertex 25.5977 3.10563 0.599999
      vertex 25.2137 3.23597 2.6
      vertex 25.5977 3.10563 2.6
    endloop
  endfacet
  facet normal 0.321416 0.946938 0
    outer loop
      vertex 25.2137 3.23597 2.6
      vertex 25.5977 3.10563 0.599999
      vertex 25.2137 3.23597 0.599999
    endloop
  endfacet
  facet normal 0.321416 -0.946938 0
    outer loop
      vertex 25.2137 8.96403 0.599999
      vertex 25.5977 9.09437 2.6
      vertex 25.2137 8.96403 2.6
    endloop
  endfacet
  facet normal 0.321416 -0.946938 0
    outer loop
      vertex 25.5977 9.09437 2.6
      vertex 25.2137 8.96403 0.599999
      vertex 25.5977 9.09437 0.599999
    endloop
  endfacet
  facet normal 0.896919 -0.442195 0
    outer loop
      vertex 23.536 7.28632 2.6
      vertex 23.7153 7.65 0.599999
      vertex 23.7153 7.65 2.6
    endloop
  endfacet
  facet normal 0.896919 -0.442195 0
    outer loop
      vertex 23.7153 7.65 0.599999
      vertex 23.536 7.28632 2.6
      vertex 23.536 7.28632 0.599999
    endloop
  endfacet
  facet normal -0.751796 0.659396 0
    outer loop
      vertex 28.592 3.90797 0.599999
      vertex 28.8594 4.21284 2.6
      vertex 28.8594 4.21284 0.599999
    endloop
  endfacet
  facet normal -0.751796 0.659396 0
    outer loop
      vertex 28.8594 4.21284 2.6
      vertex 28.592 3.90797 0.599999
      vertex 28.592 3.90797 2.6
    endloop
  endfacet
  facet normal 0.896919 0.442195 0
    outer loop
      vertex 23.7153 4.55 2.6
      vertex 23.536 4.91368 0.599999
      vertex 23.536 4.91368 2.6
    endloop
  endfacet
  facet normal 0.896919 0.442195 0
    outer loop
      vertex 23.536 4.91368 0.599999
      vertex 23.7153 4.55 2.6
      vertex 23.7153 4.55 0.599999
    endloop
  endfacet
  facet normal -0.946888 -0.321564 0
    outer loop
      vertex 29.3944 6.90234 0.599999
      vertex 29.264 7.28632 2.6
      vertex 29.264 7.28632 0.599999
    endloop
  endfacet
  facet normal -0.946888 -0.321564 0
    outer loop
      vertex 29.264 7.28632 2.6
      vertex 29.3944 6.90234 0.599999
      vertex 29.3944 6.90234 2.6
    endloop
  endfacet
  facet normal -0.659426 -0.751769 0
    outer loop
      vertex 28.2872 8.55939 0.599999
      vertex 28.592 8.29203 2.6
      vertex 28.2872 8.55939 2.6
    endloop
  endfacet
  facet normal -0.659426 -0.751769 -0
    outer loop
      vertex 28.592 8.29203 2.6
      vertex 28.2872 8.55939 0.599999
      vertex 28.592 8.29203 0.599999
    endloop
  endfacet
  facet normal -0.442275 -0.89688 0
    outer loop
      vertex 27.5863 8.96403 0.599999
      vertex 27.95 8.78468 2.6
      vertex 27.5863 8.96403 2.6
    endloop
  endfacet
  facet normal -0.442275 -0.89688 -0
    outer loop
      vertex 27.95 8.78468 2.6
      vertex 27.5863 8.96403 0.599999
      vertex 27.95 8.78468 0.599999
    endloop
  endfacet
  facet normal -0.321416 -0.946938 0
    outer loop
      vertex 27.2023 9.09437 0.599999
      vertex 27.5863 8.96403 2.6
      vertex 27.2023 9.09437 2.6
    endloop
  endfacet
  facet normal -0.321416 -0.946938 -0
    outer loop
      vertex 27.5863 8.96403 2.6
      vertex 27.2023 9.09437 0.599999
      vertex 27.5863 8.96403 0.599999
    endloop
  endfacet
  facet normal 0.751796 -0.659396 0
    outer loop
      vertex 23.9406 7.98716 2.6
      vertex 24.208 8.29203 0.599999
      vertex 24.208 8.29203 2.6
    endloop
  endfacet
  facet normal 0.751796 -0.659396 0
    outer loop
      vertex 24.208 8.29203 0.599999
      vertex 23.9406 7.98716 2.6
      vertex 23.9406 7.98716 0.599999
    endloop
  endfacet
  facet normal 0.442275 -0.89688 0
    outer loop
      vertex 24.85 8.78468 0.599999
      vertex 25.2137 8.96403 2.6
      vertex 24.85 8.78468 2.6
    endloop
  endfacet
  facet normal 0.442275 -0.89688 0
    outer loop
      vertex 25.2137 8.96403 2.6
      vertex 24.85 8.78468 0.599999
      vertex 25.2137 8.96403 0.599999
    endloop
  endfacet
  facet normal 0.555536 -0.831492 0
    outer loop
      vertex 24.5128 8.55939 0.599999
      vertex 24.85 8.78468 2.6
      vertex 24.5128 8.55939 2.6
    endloop
  endfacet
  facet normal 0.555536 -0.831492 0
    outer loop
      vertex 24.85 8.78468 2.6
      vertex 24.5128 8.55939 0.599999
      vertex 24.85 8.78468 0.599999
    endloop
  endfacet
  facet normal -0.997862 -0.0653519 0
    outer loop
      vertex 29.5 6.1 0.599999
      vertex 29.4735 6.50463 2.6
      vertex 29.4735 6.50463 0.599999
    endloop
  endfacet
  facet normal -0.997862 -0.0653519 0
    outer loop
      vertex 29.4735 6.50463 2.6
      vertex 29.5 6.1 0.599999
      vertex 29.5 6.1 2.6
    endloop
  endfacet
  facet normal -0.321416 0.946938 0
    outer loop
      vertex 27.5863 3.23597 0.599999
      vertex 27.2023 3.10563 2.6
      vertex 27.5863 3.23597 2.6
    endloop
  endfacet
  facet normal -0.321416 0.946938 0
    outer loop
      vertex 27.2023 3.10563 2.6
      vertex 27.5863 3.23597 0.599999
      vertex 27.2023 3.10563 0.599999
    endloop
  endfacet
  facet normal 0.0654059 0.997859 -0
    outer loop
      vertex 26.4 3 0.599999
      vertex 25.9954 3.02652 2.6
      vertex 26.4 3 2.6
    endloop
  endfacet
  facet normal 0.0654059 0.997859 0
    outer loop
      vertex 25.9954 3.02652 2.6
      vertex 26.4 3 0.599999
      vertex 25.9954 3.02652 0.599999
    endloop
  endfacet
  facet normal 0.442275 0.89688 -0
    outer loop
      vertex 25.2137 3.23597 0.599999
      vertex 24.85 3.41532 2.6
      vertex 25.2137 3.23597 2.6
    endloop
  endfacet
  facet normal 0.442275 0.89688 0
    outer loop
      vertex 24.85 3.41532 2.6
      vertex 25.2137 3.23597 0.599999
      vertex 24.85 3.41532 0.599999
    endloop
  endfacet
  facet normal 0.98079 0.195068 0
    outer loop
      vertex 23.4056 5.29766 2.6
      vertex 23.3265 5.69537 0.599999
      vertex 23.3265 5.69537 2.6
    endloop
  endfacet
  facet normal 0.98079 0.195068 0
    outer loop
      vertex 23.3265 5.69537 0.599999
      vertex 23.4056 5.29766 2.6
      vertex 23.4056 5.29766 0.599999
    endloop
  endfacet
  facet normal 0 0 1
    outer loop
      vertex 29.4735 6.50463 0.599999
      vertex 29.4735 5.69537 0.599999
      vertex 29.5 6.1 0.599999
    endloop
  endfacet
  facet normal 0 0 1
    outer loop
      vertex 29.3944 6.90234 0.599999
      vertex 29.4735 5.69537 0.599999
      vertex 29.4735 6.50463 0.599999
    endloop
  endfacet
  facet normal 0 0 1
    outer loop
      vertex 29.3944 6.90234 0.599999
      vertex 29.3944 5.29766 0.599999
      vertex 29.4735 5.69537 0.599999
    endloop
  endfacet
  facet normal 0 0 1
    outer loop
      vertex 29.264 7.28632 0.599999
      vertex 29.3944 5.29766 0.599999
      vertex 29.3944 6.90234 0.599999
    endloop
  endfacet
  facet normal 0 0 1
    outer loop
      vertex 29.264 7.28632 0.599999
      vertex 29.264 4.91368 0.599999
      vertex 29.3944 5.29766 0.599999
    endloop
  endfacet
  facet normal 0 0 1
    outer loop
      vertex 29.0847 7.65 0.599999
      vertex 29.264 4.91368 0.599999
      vertex 29.264 7.28632 0.599999
    endloop
  endfacet
  facet normal 0 0 1
    outer loop
      vertex 29.0847 7.65 0.599999
      vertex 29.0847 4.55 0.599999
      vertex 29.264 4.91368 0.599999
    endloop
  endfacet
  facet normal 0 0 1
    outer loop
      vertex 28.8594 7.98716 0.599999
      vertex 29.0847 4.55 0.599999
      vertex 29.0847 7.65 0.599999
    endloop
  endfacet
  facet normal 0 0 1
    outer loop
      vertex 28.8594 7.98716 0.599999
      vertex 28.8594 4.21284 0.599999
      vertex 29.0847 4.55 0.599999
    endloop
  endfacet
  facet normal 0 0 1
    outer loop
      vertex 28.592 8.29203 0.599999
      vertex 28.8594 4.21284 0.599999
      vertex 28.8594 7.98716 0.599999
    endloop
  endfacet
  facet normal 0 0 1
    outer loop
      vertex 28.592 8.29203 0.599999
      vertex 28.592 3.90797 0.599999
      vertex 28.8594 4.21284 0.599999
    endloop
  endfacet
  facet normal 0 0 1
    outer loop
      vertex 28.2872 8.55939 0.599999
      vertex 28.592 3.90797 0.599999
      vertex 28.592 8.29203 0.599999
    endloop
  endfacet
  facet normal 0 0 1
    outer loop
      vertex 28.2872 8.55939 0.599999
      vertex 28.2872 3.6406 0.599999
      vertex 28.592 3.90797 0.599999
    endloop
  endfacet
  facet normal 0 0 1
    outer loop
      vertex 27.95 8.78468 0.599999
      vertex 28.2872 3.6406 0.599999
      vertex 28.2872 8.55939 0.599999
    endloop
  endfacet
  facet normal 0 0 1
    outer loop
      vertex 27.95 8.78468 0.599999
      vertex 27.95 3.41532 0.599999
      vertex 28.2872 3.6406 0.599999
    endloop
  endfacet
  facet normal 0 0 1
    outer loop
      vertex 27.5863 8.96403 0.599999
      vertex 27.95 3.41532 0.599999
      vertex 27.95 8.78468 0.599999
    endloop
  endfacet
  facet normal 0 0 1
    outer loop
      vertex 27.5863 8.96403 0.599999
      vertex 27.5863 3.23597 0.599999
      vertex 27.95 3.41532 0.599999
    endloop
  endfacet
  facet normal 0 0 1
    outer loop
      vertex 27.2023 9.09437 0.599999
      vertex 27.5863 3.23597 0.599999
      vertex 27.5863 8.96403 0.599999
    endloop
  endfacet
  facet normal 0 0 1
    outer loop
      vertex 27.2023 9.09437 0.599999
      vertex 27.2023 3.10563 0.599999
      vertex 27.5863 3.23597 0.599999
    endloop
  endfacet
  facet normal 0 0 1
    outer loop
      vertex 26.8046 9.17348 0.599999
      vertex 27.2023 3.10563 0.599999
      vertex 27.2023 9.09437 0.599999
    endloop
  endfacet
  facet normal 0 0 1
    outer loop
      vertex 26.8046 9.17348 0.599999
      vertex 26.8046 3.02652 0.599999
      vertex 27.2023 3.10563 0.599999
    endloop
  endfacet
  facet normal 0 0 1
    outer loop
      vertex 26.4 9.2 0.599999
      vertex 26.8046 3.02652 0.599999
      vertex 26.8046 9.17348 0.599999
    endloop
  endfacet
  facet normal 0 0 1
    outer loop
      vertex 26.4 9.2 0.599999
      vertex 26.4 3 0.599999
      vertex 26.8046 3.02652 0.599999
    endloop
  endfacet
  facet normal -0 0 1
    outer loop
      vertex 25.9954 9.17348 0.599999
      vertex 26.4 3 0.599999
      vertex 26.4 9.2 0.599999
    endloop
  endfacet
  facet normal 0 0 1
    outer loop
      vertex 25.9954 9.17348 0.599999
      vertex 25.9954 3.02652 0.599999
      vertex 26.4 3 0.599999
    endloop
  endfacet
  facet normal -0 0 1
    outer loop
      vertex 25.5977 9.09437 0.599999
      vertex 25.9954 3.02652 0.599999
      vertex 25.9954 9.17348 0.599999
    endloop
  endfacet
  facet normal 0 0 1
    outer loop
      vertex 25.5977 9.09437 0.599999
      vertex 25.5977 3.10563 0.599999
      vertex 25.9954 3.02652 0.599999
    endloop
  endfacet
  facet normal -0 0 1
    outer loop
      vertex 25.2137 8.96403 0.599999
      vertex 25.5977 3.10563 0.599999
      vertex 25.5977 9.09437 0.599999
    endloop
  endfacet
  facet normal 0 0 1
    outer loop
      vertex 25.2137 8.96403 0.599999
      vertex 25.2137 3.23597 0.599999
      vertex 25.5977 3.10563 0.599999
    endloop
  endfacet
  facet normal -0 0 1
    outer loop
      vertex 24.85 8.78468 0.599999
      vertex 25.2137 3.23597 0.599999
      vertex 25.2137 8.96403 0.599999
    endloop
  endfacet
  facet normal 0 0 1
    outer loop
      vertex 24.85 8.78468 0.599999
      vertex 24.85 3.41532 0.599999
      vertex 25.2137 3.23597 0.599999
    endloop
  endfacet
  facet normal -0 0 1
    outer loop
      vertex 24.5128 8.55939 0.599999
      vertex 24.85 3.41532 0.599999
      vertex 24.85 8.78468 0.599999
    endloop
  endfacet
  facet normal 0 0 1
    outer loop
      vertex 24.5128 8.55939 0.599999
      vertex 24.5128 3.6406 0.599999
      vertex 24.85 3.41532 0.599999
    endloop
  endfacet
  facet normal -0 0 1
    outer loop
      vertex 24.208 8.29203 0.599999
      vertex 24.5128 3.6406 0.599999
      vertex 24.5128 8.55939 0.599999
    endloop
  endfacet
  facet normal 0 0 1
    outer loop
      vertex 24.208 8.29203 0.599999
      vertex 24.208 3.90797 0.599999
      vertex 24.5128 3.6406 0.599999
    endloop
  endfacet
  facet normal -0 0 1
    outer loop
      vertex 23.9406 7.98716 0.599999
      vertex 24.208 3.90797 0.599999
      vertex 24.208 8.29203 0.599999
    endloop
  endfacet
  facet normal 0 0 1
    outer loop
      vertex 23.9406 7.98716 0.599999
      vertex 23.9406 4.21284 0.599999
      vertex 24.208 3.90797 0.599999
    endloop
  endfacet
  facet normal -0 0 1
    outer loop
      vertex 23.7153 7.65 0.599999
      vertex 23.9406 4.21284 0.599999
      vertex 23.9406 7.98716 0.599999
    endloop
  endfacet
  facet normal 0 0 1
    outer loop
      vertex 23.7153 7.65 0.599999
      vertex 23.7153 4.55 0.599999
      vertex 23.9406 4.21284 0.599999
    endloop
  endfacet
  facet normal -0 0 1
    outer loop
      vertex 23.536 7.28632 0.599999
      vertex 23.7153 4.55 0.599999
      vertex 23.7153 7.65 0.599999
    endloop
  endfacet
  facet normal 0 0 1
    outer loop
      vertex 23.536 7.28632 0.599999
      vertex 23.536 4.91368 0.599999
      vertex 23.7153 4.55 0.599999
    endloop
  endfacet
  facet normal -0 0 1
    outer loop
      vertex 23.4056 6.90234 0.599999
      vertex 23.536 4.91368 0.599999
      vertex 23.536 7.28632 0.599999
    endloop
  endfacet
  facet normal 0 0 1
    outer loop
      vertex 23.4056 6.90234 0.599999
      vertex 23.4056 5.29766 0.599999
      vertex 23.536 4.91368 0.599999
    endloop
  endfacet
  facet normal -0 0 1
    outer loop
      vertex 23.3265 6.50463 0.599999
      vertex 23.4056 5.29766 0.599999
      vertex 23.4056 6.90234 0.599999
    endloop
  endfacet
  facet normal 0 0 1
    outer loop
      vertex 23.3265 6.50463 0.599999
      vertex 23.3265 5.69537 0.599999
      vertex 23.4056 5.29766 0.599999
    endloop
  endfacet
  facet normal 0 -0 1
    outer loop
      vertex 23.3265 5.69537 0.599999
      vertex 23.3265 6.50463 0.599999
      vertex 23.3 6.1 0.599999
    endloop
  endfacet
  facet normal -0.98079 -0.195068 0
    outer loop
      vertex 29.4735 6.50463 0.599999
      vertex 29.3944 6.90234 2.6
      vertex 29.3944 6.90234 0.599999
    endloop
  endfacet
  facet normal -0.98079 -0.195068 0
    outer loop
      vertex 29.3944 6.90234 2.6
      vertex 29.4735 6.50463 0.599999
      vertex 29.4735 6.50463 2.6
    endloop
  endfacet
  facet normal -0.896919 -0.442195 0
    outer loop
      vertex 29.264 7.28632 0.599999
      vertex 29.0847 7.65 2.6
      vertex 29.0847 7.65 0.599999
    endloop
  endfacet
  facet normal -0.896919 -0.442195 0
    outer loop
      vertex 29.0847 7.65 2.6
      vertex 29.264 7.28632 0.599999
      vertex 29.264 7.28632 2.6
    endloop
  endfacet
  facet normal -0.83145 -0.555599 0
    outer loop
      vertex 29.0847 7.65 0.599999
      vertex 28.8594 7.98716 2.6
      vertex 28.8594 7.98716 0.599999
    endloop
  endfacet
  facet normal -0.83145 -0.555599 0
    outer loop
      vertex 28.8594 7.98716 2.6
      vertex 29.0847 7.65 0.599999
      vertex 29.0847 7.65 2.6
    endloop
  endfacet
  facet normal -0.751796 -0.659396 0
    outer loop
      vertex 28.8594 7.98716 0.599999
      vertex 28.592 8.29203 2.6
      vertex 28.592 8.29203 0.599999
    endloop
  endfacet
  facet normal -0.751796 -0.659396 0
    outer loop
      vertex 28.592 8.29203 2.6
      vertex 28.8594 7.98716 0.599999
      vertex 28.8594 7.98716 2.6
    endloop
  endfacet
  facet normal -0.0654059 -0.997859 0
    outer loop
      vertex 26.4 9.2 0.599999
      vertex 26.8046 9.17348 2.6
      vertex 26.4 9.2 2.6
    endloop
  endfacet
  facet normal -0.0654059 -0.997859 -0
    outer loop
      vertex 26.8046 9.17348 2.6
      vertex 26.4 9.2 0.599999
      vertex 26.8046 9.17348 0.599999
    endloop
  endfacet
  facet normal -0.195096 -0.980784 0
    outer loop
      vertex 26.8046 9.17348 0.599999
      vertex 27.2023 9.09437 2.6
      vertex 26.8046 9.17348 2.6
    endloop
  endfacet
  facet normal -0.195096 -0.980784 -0
    outer loop
      vertex 27.2023 9.09437 2.6
      vertex 26.8046 9.17348 0.599999
      vertex 27.2023 9.09437 0.599999
    endloop
  endfacet
  facet normal 0.997862 -0.0653519 0
    outer loop
      vertex 23.3 6.1 2.6
      vertex 23.3265 6.50463 0.599999
      vertex 23.3265 6.50463 2.6
    endloop
  endfacet
  facet normal 0.997862 -0.0653519 0
    outer loop
      vertex 23.3265 6.50463 0.599999
      vertex 23.3 6.1 2.6
      vertex 23.3 6.1 0.599999
    endloop
  endfacet
  facet normal 0.98079 -0.195068 0
    outer loop
      vertex 23.3265 6.50463 2.6
      vertex 23.4056 6.90234 0.599999
      vertex 23.4056 6.90234 2.6
    endloop
  endfacet
  facet normal 0.98079 -0.195068 0
    outer loop
      vertex 23.4056 6.90234 0.599999
      vertex 23.3265 6.50463 2.6
      vertex 23.3265 6.50463 0.599999
    endloop
  endfacet
  facet normal 0.83145 -0.555599 0
    outer loop
      vertex 23.7153 7.65 2.6
      vertex 23.9406 7.98716 0.599999
      vertex 23.9406 7.98716 2.6
    endloop
  endfacet
  facet normal 0.83145 -0.555599 0
    outer loop
      vertex 23.9406 7.98716 0.599999
      vertex 23.7153 7.65 2.6
      vertex 23.7153 7.65 0.599999
    endloop
  endfacet
  facet normal 0.0654059 -0.997859 0
    outer loop
      vertex 25.9954 9.17348 0.599999
      vertex 26.4 9.2 2.6
      vertex 25.9954 9.17348 2.6
    endloop
  endfacet
  facet normal 0.0654059 -0.997859 0
    outer loop
      vertex 26.4 9.2 2.6
      vertex 25.9954 9.17348 0.599999
      vertex 26.4 9.2 0.599999
    endloop
  endfacet
  facet normal 0.195096 -0.980784 0
    outer loop
      vertex 25.5977 9.09437 0.599999
      vertex 25.9954 9.17348 2.6
      vertex 25.5977 9.09437 2.6
    endloop
  endfacet
  facet normal 0.195096 -0.980784 0
    outer loop
      vertex 25.9954 9.17348 2.6
      vertex 25.5977 9.09437 0.599999
      vertex 25.9954 9.17348 0.599999
    endloop
  endfacet
  facet normal 0.659426 -0.751769 0
    outer loop
      vertex 24.208 8.29203 0.599999
      vertex 24.5128 8.55939 2.6
      vertex 24.208 8.29203 2.6
    endloop
  endfacet
  facet normal 0.659426 -0.751769 0
    outer loop
      vertex 24.5128 8.55939 2.6
      vertex 24.208 8.29203 0.599999
      vertex 24.5128 8.55939 0.599999
    endloop
  endfacet
  facet normal -0.0654059 0.997859 0
    outer loop
      vertex 26.8046 3.02652 0.599999
      vertex 26.4 3 2.6
      vertex 26.8046 3.02652 2.6
    endloop
  endfacet
  facet normal -0.0654059 0.997859 0
    outer loop
      vertex 26.4 3 2.6
      vertex 26.8046 3.02652 0.599999
      vertex 26.4 3 0.599999
    endloop
  endfacet
  facet normal -0.98079 0.195068 0
    outer loop
      vertex 29.3944 5.29766 0.599999
      vertex 29.4735 5.69537 2.6
      vertex 29.4735 5.69537 0.599999
    endloop
  endfacet
  facet normal -0.98079 0.195068 0
    outer loop
      vertex 29.4735 5.69537 2.6
      vertex 29.3944 5.29766 0.599999
      vertex 29.3944 5.29766 2.6
    endloop
  endfacet
  facet normal -0.83145 0.555599 0
    outer loop
      vertex 28.8594 4.21284 0.599999
      vertex 29.0847 4.55 2.6
      vertex 29.0847 4.55 0.599999
    endloop
  endfacet
  facet normal -0.83145 0.555599 0
    outer loop
      vertex 29.0847 4.55 2.6
      vertex 28.8594 4.21284 0.599999
      vertex 28.8594 4.21284 2.6
    endloop
  endfacet
  facet normal -0.195096 0.980784 0
    outer loop
      vertex 27.2023 3.10563 0.599999
      vertex 26.8046 3.02652 2.6
      vertex 27.2023 3.10563 2.6
    endloop
  endfacet
  facet normal -0.195096 0.980784 0
    outer loop
      vertex 26.8046 3.02652 2.6
      vertex 27.2023 3.10563 0.599999
      vertex 26.8046 3.02652 0.599999
    endloop
  endfacet
  facet normal -0.555519 0.831504 0
    outer loop
      vertex 28.2872 3.6406 0.599999
      vertex 27.95 3.41532 2.6
      vertex 28.2872 3.6406 2.6
    endloop
  endfacet
  facet normal -0.555519 0.831504 0
    outer loop
      vertex 27.95 3.41532 2.6
      vertex 28.2872 3.6406 0.599999
      vertex 27.95 3.41532 0.599999
    endloop
  endfacet
  facet normal 0.195096 0.980784 -0
    outer loop
      vertex 25.9954 3.02652 0.599999
      vertex 25.5977 3.10563 2.6
      vertex 25.9954 3.02652 2.6
    endloop
  endfacet
  facet normal 0.195096 0.980784 0
    outer loop
      vertex 25.5977 3.10563 2.6
      vertex 25.9954 3.02652 0.599999
      vertex 25.5977 3.10563 0.599999
    endloop
  endfacet
  facet normal 0.65944 0.751757 -0
    outer loop
      vertex 24.5128 3.6406 0.599999
      vertex 24.208 3.90797 2.6
      vertex 24.5128 3.6406 2.6
    endloop
  endfacet
  facet normal 0.65944 0.751757 0
    outer loop
      vertex 24.208 3.90797 2.6
      vertex 24.5128 3.6406 0.599999
      vertex 24.208 3.90797 0.599999
    endloop
  endfacet
  facet normal 0.946888 0.321564 0
    outer loop
      vertex 23.536 4.91368 2.6
      vertex 23.4056 5.29766 0.599999
      vertex 23.4056 5.29766 2.6
    endloop
  endfacet
  facet normal 0.946888 0.321564 0
    outer loop
      vertex 23.4056 5.29766 0.599999
      vertex 23.536 4.91368 2.6
      vertex 23.536 4.91368 0.599999
    endloop
  endfacet
  facet normal 0.997862 0.0653519 0
    outer loop
      vertex 23.3265 5.69537 2.6
      vertex 23.3 6.1 0.599999
      vertex 23.3 6.1 2.6
    endloop
  endfacet
  facet normal 0.997862 0.0653519 0
    outer loop
      vertex 23.3 6.1 0.599999
      vertex 23.3265 5.69537 2.6
      vertex 23.3265 5.69537 0.599999
    endloop
  endfacet
  facet normal 0.83145 0.555599 0
    outer loop
      vertex 23.9406 4.21284 2.6
      vertex 23.7153 4.55 0.599999
      vertex 23.7153 4.55 2.6
    endloop
  endfacet
  facet normal 0.83145 0.555599 0
    outer loop
      vertex 23.7153 4.55 0.599999
      vertex 23.9406 4.21284 2.6
      vertex 23.9406 4.21284 0.599999
    endloop
  endfacet
  facet normal 0.751796 0.659396 0
    outer loop
      vertex 24.208 3.90797 2.6
      vertex 23.9406 4.21284 0.599999
      vertex 23.9406 4.21284 2.6
    endloop
  endfacet
  facet normal 0.751796 0.659396 0
    outer loop
      vertex 23.9406 4.21284 0.599999
      vertex 24.208 3.90797 2.6
      vertex 24.208 3.90797 0.599999
    endloop
  endfacet
  facet normal -0.442275 0.89688 0
    outer loop
      vertex 27.95 3.41532 0.599999
      vertex 27.5863 3.23597 2.6
      vertex 27.95 3.41532 2.6
    endloop
  endfacet
  facet normal -0.442275 0.89688 0
    outer loop
      vertex 27.5863 3.23597 2.6
      vertex 27.95 3.41532 0.599999
      vertex 27.5863 3.23597 0.599999
    endloop
  endfacet
  facet normal -0.65944 0.751757 0
    outer loop
      vertex 28.592 3.90797 0.599999
      vertex 28.2872 3.6406 2.6
      vertex 28.592 3.90797 2.6
    endloop
  endfacet
  facet normal -0.65944 0.751757 0
    outer loop
      vertex 28.2872 3.6406 2.6
      vertex 28.592 3.90797 0.599999
      vertex 28.2872 3.6406 0.599999
    endloop
  endfacet
  facet normal 0.555519 0.831504 -0
    outer loop
      vertex 24.85 3.41532 0.599999
      vertex 24.5128 3.6406 2.6
      vertex 24.85 3.41532 2.6
    endloop
  endfacet
  facet normal 0.555519 0.831504 0
    outer loop
      vertex 24.5128 3.6406 2.6
      vertex 24.85 3.41532 0.599999
      vertex 24.5128 3.6406 0.599999
    endloop
  endfacet
  facet normal -0.946888 0.321564 0
    outer loop
      vertex 29.264 4.91368 0.599999
      vertex 29.3944 5.29766 2.6
      vertex 29.3944 5.29766 0.599999
    endloop
  endfacet
  facet normal -0.946888 0.321564 0
    outer loop
      vertex 29.3944 5.29766 2.6
      vertex 29.264 4.91368 0.599999
      vertex 29.264 4.91368 2.6
    endloop
  endfacet
  facet normal -0.896919 0.442195 0
    outer loop
      vertex 29.0847 4.55 0.599999
      vertex 29.264 4.91368 2.6
      vertex 29.264 4.91368 0.599999
    endloop
  endfacet
  facet normal -0.896919 0.442195 0
    outer loop
      vertex 29.264 4.91368 2.6
      vertex 29.0847 4.55 0.599999
      vertex 29.0847 4.55 2.6
    endloop
  endfacet
  facet normal -0.997862 -0.0653568 0
    outer loop
      vertex 29.5 35.9 0.599999
      vertex 29.4735 36.3046 2.6
      vertex 29.4735 36.3046 0.599999
    endloop
  endfacet
  facet normal -0.997862 -0.0653568 0
    outer loop
      vertex 29.4735 36.3046 2.6
      vertex 29.5 35.9 0.599999
      vertex 29.5 35.9 2.6
    endloop
  endfacet
  facet normal 0.0653568 -0.997862 0
    outer loop
      vertex 25.9954 38.9735 0.599999
      vertex 26.4 39 2.6
      vertex 25.9954 38.9735 2.6
    endloop
  endfacet
  facet normal 0.0653568 -0.997862 0
    outer loop
      vertex 26.4 39 2.6
      vertex 25.9954 38.9735 0.599999
      vertex 26.4 39 0.599999
    endloop
  endfacet
  facet normal -0.0653568 0.997862 0
    outer loop
      vertex 26.8046 32.8265 0.599999
      vertex 26.4 32.8 2.6
      vertex 26.8046 32.8265 2.6
    endloop
  endfacet
  facet normal -0.0653568 0.997862 0
    outer loop
      vertex 26.4 32.8 2.6
      vertex 26.8046 32.8265 0.599999
      vertex 26.4 32.8 0.599999
    endloop
  endfacet
  facet normal -0.659482 -0.751721 0
    outer loop
      vertex 28.2872 38.3594 0.599999
      vertex 28.592 38.092 2.6
      vertex 28.2872 38.3594 2.6
    endloop
  endfacet
  facet normal -0.659482 -0.751721 -0
    outer loop
      vertex 28.592 38.092 2.6
      vertex 28.2872 38.3594 0.599999
      vertex 28.592 38.092 0.599999
    endloop
  endfacet
  facet normal 0.751721 -0.659482 0
    outer loop
      vertex 23.9406 37.7872 2.6
      vertex 24.208 38.092 0.599999
      vertex 24.208 38.092 2.6
    endloop
  endfacet
  facet normal 0.751721 -0.659482 0
    outer loop
      vertex 24.208 38.092 0.599999
      vertex 23.9406 37.7872 2.6
      vertex 23.9406 37.7872 0.599999
    endloop
  endfacet
  facet normal 0.442176 -0.896928 0
    outer loop
      vertex 24.85 38.5847 0.599999
      vertex 25.2137 38.764 2.6
      vertex 24.85 38.5847 2.6
    endloop
  endfacet
  facet normal 0.442176 -0.896928 0
    outer loop
      vertex 25.2137 38.764 2.6
      vertex 24.85 38.5847 0.599999
      vertex 25.2137 38.764 0.599999
    endloop
  endfacet
  facet normal -0.896928 -0.442176 0
    outer loop
      vertex 29.264 37.0863 0.599999
      vertex 29.0847 37.45 2.6
      vertex 29.0847 37.45 0.599999
    endloop
  endfacet
  facet normal -0.896928 -0.442176 0
    outer loop
      vertex 29.0847 37.45 2.6
      vertex 29.264 37.0863 0.599999
      vertex 29.264 37.0863 2.6
    endloop
  endfacet
  facet normal -0.980789 -0.195073 0
    outer loop
      vertex 29.4735 36.3046 0.599999
      vertex 29.3944 36.7023 2.6
      vertex 29.3944 36.7023 0.599999
    endloop
  endfacet
  facet normal -0.980789 -0.195073 0
    outer loop
      vertex 29.3944 36.7023 2.6
      vertex 29.4735 36.3046 0.599999
      vertex 29.4735 36.3046 2.6
    endloop
  endfacet
  facet normal -0.321549 -0.946893 0
    outer loop
      vertex 27.2023 38.8944 0.599999
      vertex 27.5863 38.764 2.6
      vertex 27.2023 38.8944 2.6
    endloop
  endfacet
  facet normal -0.321549 -0.946893 -0
    outer loop
      vertex 27.5863 38.764 2.6
      vertex 27.2023 38.8944 0.599999
      vertex 27.5863 38.764 0.599999
    endloop
  endfacet
  facet normal -0.555553 -0.831481 0
    outer loop
      vertex 27.95 38.5847 0.599999
      vertex 28.2872 38.3594 2.6
      vertex 27.95 38.5847 2.6
    endloop
  endfacet
  facet normal -0.555553 -0.831481 -0
    outer loop
      vertex 28.2872 38.3594 2.6
      vertex 27.95 38.5847 0.599999
      vertex 28.2872 38.3594 0.599999
    endloop
  endfacet
  facet normal 0.896928 -0.442176 0
    outer loop
      vertex 23.536 37.0863 2.6
      vertex 23.7153 37.45 0.599999
      vertex 23.7153 37.45 2.6
    endloop
  endfacet
  facet normal 0.896928 -0.442176 0
    outer loop
      vertex 23.7153 37.45 0.599999
      vertex 23.536 37.0863 2.6
      vertex 23.536 37.0863 0.599999
    endloop
  endfacet
  facet normal 0 0 1
    outer loop
      vertex 29.4735 36.3046 0.599999
      vertex 29.4735 35.4954 0.599999
      vertex 29.5 35.9 0.599999
    endloop
  endfacet
  facet normal 0 0 1
    outer loop
      vertex 29.3944 36.7023 0.599999
      vertex 29.4735 35.4954 0.599999
      vertex 29.4735 36.3046 0.599999
    endloop
  endfacet
  facet normal 0 0 1
    outer loop
      vertex 29.3944 36.7023 0.599999
      vertex 29.3944 35.0977 0.599999
      vertex 29.4735 35.4954 0.599999
    endloop
  endfacet
  facet normal 0 0 1
    outer loop
      vertex 29.264 37.0863 0.599999
      vertex 29.3944 35.0977 0.599999
      vertex 29.3944 36.7023 0.599999
    endloop
  endfacet
  facet normal 0 0 1
    outer loop
      vertex 29.264 37.0863 0.599999
      vertex 29.264 34.7137 0.599999
      vertex 29.3944 35.0977 0.599999
    endloop
  endfacet
  facet normal 0 0 1
    outer loop
      vertex 29.0847 37.45 0.599999
      vertex 29.264 34.7137 0.599999
      vertex 29.264 37.0863 0.599999
    endloop
  endfacet
  facet normal 0 0 1
    outer loop
      vertex 29.0847 37.45 0.599999
      vertex 29.0847 34.35 0.599999
      vertex 29.264 34.7137 0.599999
    endloop
  endfacet
  facet normal 0 0 1
    outer loop
      vertex 28.8594 37.7872 0.599999
      vertex 29.0847 34.35 0.599999
      vertex 29.0847 37.45 0.599999
    endloop
  endfacet
  facet normal 0 0 1
    outer loop
      vertex 28.8594 37.7872 0.599999
      vertex 28.8594 34.0128 0.599999
      vertex 29.0847 34.35 0.599999
    endloop
  endfacet
  facet normal 0 0 1
    outer loop
      vertex 28.592 38.092 0.599999
      vertex 28.8594 34.0128 0.599999
      vertex 28.8594 37.7872 0.599999
    endloop
  endfacet
  facet normal 0 0 1
    outer loop
      vertex 28.592 38.092 0.599999
      vertex 28.592 33.708 0.599999
      vertex 28.8594 34.0128 0.599999
    endloop
  endfacet
  facet normal 0 0 1
    outer loop
      vertex 28.2872 38.3594 0.599999
      vertex 28.592 33.708 0.599999
      vertex 28.592 38.092 0.599999
    endloop
  endfacet
  facet normal 0 0 1
    outer loop
      vertex 28.2872 38.3594 0.599999
      vertex 28.2872 33.4406 0.599999
      vertex 28.592 33.708 0.599999
    endloop
  endfacet
  facet normal 0 0 1
    outer loop
      vertex 27.95 38.5847 0.599999
      vertex 28.2872 33.4406 0.599999
      vertex 28.2872 38.3594 0.599999
    endloop
  endfacet
  facet normal 0 0 1
    outer loop
      vertex 27.95 38.5847 0.599999
      vertex 27.95 33.2153 0.599999
      vertex 28.2872 33.4406 0.599999
    endloop
  endfacet
  facet normal 0 0 1
    outer loop
      vertex 27.5863 38.764 0.599999
      vertex 27.95 33.2153 0.599999
      vertex 27.95 38.5847 0.599999
    endloop
  endfacet
  facet normal 0 0 1
    outer loop
      vertex 27.5863 38.764 0.599999
      vertex 27.5863 33.036 0.599999
      vertex 27.95 33.2153 0.599999
    endloop
  endfacet
  facet normal 0 0 1
    outer loop
      vertex 27.2023 38.8944 0.599999
      vertex 27.5863 33.036 0.599999
      vertex 27.5863 38.764 0.599999
    endloop
  endfacet
  facet normal 0 0 1
    outer loop
      vertex 27.2023 38.8944 0.599999
      vertex 27.2023 32.9056 0.599999
      vertex 27.5863 33.036 0.599999
    endloop
  endfacet
  facet normal 0 0 1
    outer loop
      vertex 26.8046 38.9735 0.599999
      vertex 27.2023 32.9056 0.599999
      vertex 27.2023 38.8944 0.599999
    endloop
  endfacet
  facet normal 0 0 1
    outer loop
      vertex 26.8046 38.9735 0.599999
      vertex 26.8046 32.8265 0.599999
      vertex 27.2023 32.9056 0.599999
    endloop
  endfacet
  facet normal 0 0 1
    outer loop
      vertex 26.4 39 0.599999
      vertex 26.8046 32.8265 0.599999
      vertex 26.8046 38.9735 0.599999
    endloop
  endfacet
  facet normal 0 0 1
    outer loop
      vertex 26.4 39 0.599999
      vertex 26.4 32.8 0.599999
      vertex 26.8046 32.8265 0.599999
    endloop
  endfacet
  facet normal -0 0 1
    outer loop
      vertex 25.9954 38.9735 0.599999
      vertex 26.4 32.8 0.599999
      vertex 26.4 39 0.599999
    endloop
  endfacet
  facet normal 0 0 1
    outer loop
      vertex 25.9954 38.9735 0.599999
      vertex 25.9954 32.8265 0.599999
      vertex 26.4 32.8 0.599999
    endloop
  endfacet
  facet normal -0 0 1
    outer loop
      vertex 25.5977 38.8944 0.599999
      vertex 25.9954 32.8265 0.599999
      vertex 25.9954 38.9735 0.599999
    endloop
  endfacet
  facet normal 0 0 1
    outer loop
      vertex 25.5977 38.8944 0.599999
      vertex 25.5977 32.9056 0.599999
      vertex 25.9954 32.8265 0.599999
    endloop
  endfacet
  facet normal -0 0 1
    outer loop
      vertex 25.2137 38.764 0.599999
      vertex 25.5977 32.9056 0.599999
      vertex 25.5977 38.8944 0.599999
    endloop
  endfacet
  facet normal 0 0 1
    outer loop
      vertex 25.2137 38.764 0.599999
      vertex 25.2137 33.036 0.599999
      vertex 25.5977 32.9056 0.599999
    endloop
  endfacet
  facet normal -0 0 1
    outer loop
      vertex 24.85 38.5847 0.599999
      vertex 25.2137 33.036 0.599999
      vertex 25.2137 38.764 0.599999
    endloop
  endfacet
  facet normal 0 0 1
    outer loop
      vertex 24.85 38.5847 0.599999
      vertex 24.85 33.2153 0.599999
      vertex 25.2137 33.036 0.599999
    endloop
  endfacet
  facet normal -0 0 1
    outer loop
      vertex 24.5128 38.3594 0.599999
      vertex 24.85 33.2153 0.599999
      vertex 24.85 38.5847 0.599999
    endloop
  endfacet
  facet normal 0 0 1
    outer loop
      vertex 24.5128 38.3594 0.599999
      vertex 24.5128 33.4406 0.599999
      vertex 24.85 33.2153 0.599999
    endloop
  endfacet
  facet normal -0 0 1
    outer loop
      vertex 24.208 38.092 0.599999
      vertex 24.5128 33.4406 0.599999
      vertex 24.5128 38.3594 0.599999
    endloop
  endfacet
  facet normal 0 0 1
    outer loop
      vertex 24.208 38.092 0.599999
      vertex 24.208 33.708 0.599999
      vertex 24.5128 33.4406 0.599999
    endloop
  endfacet
  facet normal -0 0 1
    outer loop
      vertex 23.9406 37.7872 0.599999
      vertex 24.208 33.708 0.599999
      vertex 24.208 38.092 0.599999
    endloop
  endfacet
  facet normal 0 0 1
    outer loop
      vertex 23.9406 37.7872 0.599999
      vertex 23.9406 34.0128 0.599999
      vertex 24.208 33.708 0.599999
    endloop
  endfacet
  facet normal -0 0 1
    outer loop
      vertex 23.7153 37.45 0.599999
      vertex 23.9406 34.0128 0.599999
      vertex 23.9406 37.7872 0.599999
    endloop
  endfacet
  facet normal 0 0 1
    outer loop
      vertex 23.7153 37.45 0.599999
      vertex 23.7153 34.35 0.599999
      vertex 23.9406 34.0128 0.599999
    endloop
  endfacet
  facet normal -0 0 1
    outer loop
      vertex 23.536 37.0863 0.599999
      vertex 23.7153 34.35 0.599999
      vertex 23.7153 37.45 0.599999
    endloop
  endfacet
  facet normal 0 0 1
    outer loop
      vertex 23.536 37.0863 0.599999
      vertex 23.536 34.7137 0.599999
      vertex 23.7153 34.35 0.599999
    endloop
  endfacet
  facet normal -0 0 1
    outer loop
      vertex 23.4056 36.7023 0.599999
      vertex 23.536 34.7137 0.599999
      vertex 23.536 37.0863 0.599999
    endloop
  endfacet
  facet normal 0 0 1
    outer loop
      vertex 23.4056 36.7023 0.599999
      vertex 23.4056 35.0977 0.599999
      vertex 23.536 34.7137 0.599999
    endloop
  endfacet
  facet normal -0 0 1
    outer loop
      vertex 23.3265 36.3046 0.599999
      vertex 23.4056 35.0977 0.599999
      vertex 23.4056 36.7023 0.599999
    endloop
  endfacet
  facet normal 0 0 1
    outer loop
      vertex 23.3265 36.3046 0.599999
      vertex 23.3265 35.4954 0.599999
      vertex 23.4056 35.0977 0.599999
    endloop
  endfacet
  facet normal 0 -0 1
    outer loop
      vertex 23.3265 35.4954 0.599999
      vertex 23.3265 36.3046 0.599999
      vertex 23.3 35.9 0.599999
    endloop
  endfacet
  facet normal 0.831481 -0.555553 0
    outer loop
      vertex 23.7153 37.45 2.6
      vertex 23.9406 37.7872 0.599999
      vertex 23.9406 37.7872 2.6
    endloop
  endfacet
  facet normal 0.831481 -0.555553 0
    outer loop
      vertex 23.9406 37.7872 0.599999
      vertex 23.7153 37.45 2.6
      vertex 23.7153 37.45 0.599999
    endloop
  endfacet
  facet normal 0.659482 -0.751721 0
    outer loop
      vertex 24.208 38.092 0.599999
      vertex 24.5128 38.3594 2.6
      vertex 24.208 38.092 2.6
    endloop
  endfacet
  facet normal 0.659482 -0.751721 0
    outer loop
      vertex 24.5128 38.3594 2.6
      vertex 24.208 38.092 0.599999
      vertex 24.5128 38.3594 0.599999
    endloop
  endfacet
  facet normal 0.195073 -0.980789 0
    outer loop
      vertex 25.5977 38.8944 0.599999
      vertex 25.9954 38.9735 2.6
      vertex 25.5977 38.8944 2.6
    endloop
  endfacet
  facet normal 0.195073 -0.980789 0
    outer loop
      vertex 25.9954 38.9735 2.6
      vertex 25.5977 38.8944 0.599999
      vertex 25.9954 38.9735 0.599999
    endloop
  endfacet
  facet normal -0.195073 0.980789 0
    outer loop
      vertex 27.2023 32.9056 0.599999
      vertex 26.8046 32.8265 2.6
      vertex 27.2023 32.9056 2.6
    endloop
  endfacet
  facet normal -0.195073 0.980789 0
    outer loop
      vertex 26.8046 32.8265 2.6
      vertex 27.2023 32.9056 0.599999
      vertex 26.8046 32.8265 0.599999
    endloop
  endfacet
  facet normal -0.946893 -0.321549 0
    outer loop
      vertex 29.3944 36.7023 0.599999
      vertex 29.264 37.0863 2.6
      vertex 29.264 37.0863 0.599999
    endloop
  endfacet
  facet normal -0.946893 -0.321549 0
    outer loop
      vertex 29.264 37.0863 2.6
      vertex 29.3944 36.7023 0.599999
      vertex 29.3944 36.7023 2.6
    endloop
  endfacet
  facet normal -0.751721 -0.659482 0
    outer loop
      vertex 28.8594 37.7872 0.599999
      vertex 28.592 38.092 2.6
      vertex 28.592 38.092 0.599999
    endloop
  endfacet
  facet normal -0.751721 -0.659482 0
    outer loop
      vertex 28.592 38.092 2.6
      vertex 28.8594 37.7872 0.599999
      vertex 28.8594 37.7872 2.6
    endloop
  endfacet
  facet normal -0.831481 -0.555553 0
    outer loop
      vertex 29.0847 37.45 0.599999
      vertex 28.8594 37.7872 2.6
      vertex 28.8594 37.7872 0.599999
    endloop
  endfacet
  facet normal -0.831481 -0.555553 0
    outer loop
      vertex 28.8594 37.7872 2.6
      vertex 29.0847 37.45 0.599999
      vertex 29.0847 37.45 2.6
    endloop
  endfacet
  facet normal -0.195073 -0.980789 0
    outer loop
      vertex 26.8046 38.9735 0.599999
      vertex 27.2023 38.8944 2.6
      vertex 26.8046 38.9735 2.6
    endloop
  endfacet
  facet normal -0.195073 -0.980789 -0
    outer loop
      vertex 27.2023 38.8944 2.6
      vertex 26.8046 38.9735 0.599999
      vertex 27.2023 38.8944 0.599999
    endloop
  endfacet
  facet normal -0.0653568 -0.997862 0
    outer loop
      vertex 26.4 39 0.599999
      vertex 26.8046 38.9735 2.6
      vertex 26.4 39 2.6
    endloop
  endfacet
  facet normal -0.0653568 -0.997862 -0
    outer loop
      vertex 26.8046 38.9735 2.6
      vertex 26.4 39 0.599999
      vertex 26.8046 38.9735 0.599999
    endloop
  endfacet
  facet normal -0.442176 -0.896928 0
    outer loop
      vertex 27.5863 38.764 0.599999
      vertex 27.95 38.5847 2.6
      vertex 27.5863 38.764 2.6
    endloop
  endfacet
  facet normal -0.442176 -0.896928 -0
    outer loop
      vertex 27.95 38.5847 2.6
      vertex 27.5863 38.764 0.599999
      vertex 27.95 38.5847 0.599999
    endloop
  endfacet
  facet normal 0.946893 -0.321549 0
    outer loop
      vertex 23.4056 36.7023 2.6
      vertex 23.536 37.0863 0.599999
      vertex 23.536 37.0863 2.6
    endloop
  endfacet
  facet normal 0.946893 -0.321549 0
    outer loop
      vertex 23.536 37.0863 0.599999
      vertex 23.4056 36.7023 2.6
      vertex 23.4056 36.7023 0.599999
    endloop
  endfacet
  facet normal 0.980789 -0.195073 0
    outer loop
      vertex 23.3265 36.3046 2.6
      vertex 23.4056 36.7023 0.599999
      vertex 23.4056 36.7023 2.6
    endloop
  endfacet
  facet normal 0.980789 -0.195073 0
    outer loop
      vertex 23.4056 36.7023 0.599999
      vertex 23.3265 36.3046 2.6
      vertex 23.3265 36.3046 0.599999
    endloop
  endfacet
  facet normal 0.997862 -0.0653568 0
    outer loop
      vertex 23.3 35.9 2.6
      vertex 23.3265 36.3046 0.599999
      vertex 23.3265 36.3046 2.6
    endloop
  endfacet
  facet normal 0.997862 -0.0653568 0
    outer loop
      vertex 23.3265 36.3046 0.599999
      vertex 23.3 35.9 2.6
      vertex 23.3 35.9 0.599999
    endloop
  endfacet
  facet normal 0.997862 0.0653568 0
    outer loop
      vertex 23.3265 35.4954 2.6
      vertex 23.3 35.9 0.599999
      vertex 23.3 35.9 2.6
    endloop
  endfacet
  facet normal 0.997862 0.0653568 0
    outer loop
      vertex 23.3 35.9 0.599999
      vertex 23.3265 35.4954 2.6
      vertex 23.3265 35.4954 0.599999
    endloop
  endfacet
  facet normal 0.555553 -0.831481 0
    outer loop
      vertex 24.5128 38.3594 0.599999
      vertex 24.85 38.5847 2.6
      vertex 24.5128 38.3594 2.6
    endloop
  endfacet
  facet normal 0.555553 -0.831481 0
    outer loop
      vertex 24.85 38.5847 2.6
      vertex 24.5128 38.3594 0.599999
      vertex 24.85 38.5847 0.599999
    endloop
  endfacet
  facet normal 0.321549 -0.946893 0
    outer loop
      vertex 25.2137 38.764 0.599999
      vertex 25.5977 38.8944 2.6
      vertex 25.2137 38.764 2.6
    endloop
  endfacet
  facet normal 0.321549 -0.946893 0
    outer loop
      vertex 25.5977 38.8944 2.6
      vertex 25.2137 38.764 0.599999
      vertex 25.5977 38.8944 0.599999
    endloop
  endfacet
  facet normal -0.831481 0.555553 0
    outer loop
      vertex 28.8594 34.0128 0.599999
      vertex 29.0847 34.35 2.6
      vertex 29.0847 34.35 0.599999
    endloop
  endfacet
  facet normal -0.831481 0.555553 0
    outer loop
      vertex 29.0847 34.35 2.6
      vertex 28.8594 34.0128 0.599999
      vertex 28.8594 34.0128 2.6
    endloop
  endfacet
  facet normal -0.980789 0.195073 0
    outer loop
      vertex 29.3944 35.0977 0.599999
      vertex 29.4735 35.4954 2.6
      vertex 29.4735 35.4954 0.599999
    endloop
  endfacet
  facet normal -0.980789 0.195073 0
    outer loop
      vertex 29.4735 35.4954 2.6
      vertex 29.3944 35.0977 0.599999
      vertex 29.3944 35.0977 2.6
    endloop
  endfacet
  facet normal 0.321549 0.946893 -0
    outer loop
      vertex 25.5977 32.9056 0.599999
      vertex 25.2137 33.036 2.6
      vertex 25.5977 32.9056 2.6
    endloop
  endfacet
  facet normal 0.321549 0.946893 0
    outer loop
      vertex 25.2137 33.036 2.6
      vertex 25.5977 32.9056 0.599999
      vertex 25.2137 33.036 0.599999
    endloop
  endfacet
  facet normal 0.980789 0.195073 0
    outer loop
      vertex 23.4056 35.0977 2.6
      vertex 23.3265 35.4954 0.599999
      vertex 23.3265 35.4954 2.6
    endloop
  endfacet
  facet normal 0.980789 0.195073 0
    outer loop
      vertex 23.3265 35.4954 0.599999
      vertex 23.4056 35.0977 2.6
      vertex 23.4056 35.0977 0.599999
    endloop
  endfacet
  facet normal -0.659482 0.751721 0
    outer loop
      vertex 28.592 33.708 0.599999
      vertex 28.2872 33.4406 2.6
      vertex 28.592 33.708 2.6
    endloop
  endfacet
  facet normal -0.659482 0.751721 0
    outer loop
      vertex 28.2872 33.4406 2.6
      vertex 28.592 33.708 0.599999
      vertex 28.2872 33.4406 0.599999
    endloop
  endfacet
  facet normal -0.442176 0.896928 0
    outer loop
      vertex 27.95 33.2153 0.599999
      vertex 27.5863 33.036 2.6
      vertex 27.95 33.2153 2.6
    endloop
  endfacet
  facet normal -0.442176 0.896928 0
    outer loop
      vertex 27.5863 33.036 2.6
      vertex 27.95 33.2153 0.599999
      vertex 27.5863 33.036 0.599999
    endloop
  endfacet
  facet normal -0.946893 0.321549 0
    outer loop
      vertex 29.264 34.7137 0.599999
      vertex 29.3944 35.0977 2.6
      vertex 29.3944 35.0977 0.599999
    endloop
  endfacet
  facet normal -0.946893 0.321549 0
    outer loop
      vertex 29.3944 35.0977 2.6
      vertex 29.264 34.7137 0.599999
      vertex 29.264 34.7137 2.6
    endloop
  endfacet
  facet normal -0.896928 0.442176 0
    outer loop
      vertex 29.0847 34.35 0.599999
      vertex 29.264 34.7137 2.6
      vertex 29.264 34.7137 0.599999
    endloop
  endfacet
  facet normal -0.896928 0.442176 0
    outer loop
      vertex 29.264 34.7137 2.6
      vertex 29.0847 34.35 0.599999
      vertex 29.0847 34.35 2.6
    endloop
  endfacet
  facet normal -0.997862 0.0653568 0
    outer loop
      vertex 29.4735 35.4954 0.599999
      vertex 29.5 35.9 2.6
      vertex 29.5 35.9 0.599999
    endloop
  endfacet
  facet normal -0.997862 0.0653568 0
    outer loop
      vertex 29.5 35.9 2.6
      vertex 29.4735 35.4954 0.599999
      vertex 29.4735 35.4954 2.6
    endloop
  endfacet
  facet normal 0.195073 0.980789 -0
    outer loop
      vertex 25.9954 32.8265 0.599999
      vertex 25.5977 32.9056 2.6
      vertex 25.9954 32.8265 2.6
    endloop
  endfacet
  facet normal 0.195073 0.980789 0
    outer loop
      vertex 25.5977 32.9056 2.6
      vertex 25.9954 32.8265 0.599999
      vertex 25.5977 32.9056 0.599999
    endloop
  endfacet
  facet normal 0.555553 0.831481 -0
    outer loop
      vertex 24.85 33.2153 0.599999
      vertex 24.5128 33.4406 2.6
      vertex 24.85 33.2153 2.6
    endloop
  endfacet
  facet normal 0.555553 0.831481 0
    outer loop
      vertex 24.5128 33.4406 2.6
      vertex 24.85 33.2153 0.599999
      vertex 24.5128 33.4406 0.599999
    endloop
  endfacet
  facet normal 0.659482 0.751721 -0
    outer loop
      vertex 24.5128 33.4406 0.599999
      vertex 24.208 33.708 2.6
      vertex 24.5128 33.4406 2.6
    endloop
  endfacet
  facet normal 0.659482 0.751721 0
    outer loop
      vertex 24.208 33.708 2.6
      vertex 24.5128 33.4406 0.599999
      vertex 24.208 33.708 0.599999
    endloop
  endfacet
  facet normal 0.831481 0.555553 0
    outer loop
      vertex 23.9406 34.0128 2.6
      vertex 23.7153 34.35 0.599999
      vertex 23.7153 34.35 2.6
    endloop
  endfacet
  facet normal 0.831481 0.555553 0
    outer loop
      vertex 23.7153 34.35 0.599999
      vertex 23.9406 34.0128 2.6
      vertex 23.9406 34.0128 0.599999
    endloop
  endfacet
  facet normal 0.946893 0.321549 0
    outer loop
      vertex 23.536 34.7137 2.6
      vertex 23.4056 35.0977 0.599999
      vertex 23.4056 35.0977 2.6
    endloop
  endfacet
  facet normal 0.946893 0.321549 0
    outer loop
      vertex 23.4056 35.0977 0.599999
      vertex 23.536 34.7137 2.6
      vertex 23.536 34.7137 0.599999
    endloop
  endfacet
  facet normal 0.896928 0.442176 0
    outer loop
      vertex 23.7153 34.35 2.6
      vertex 23.536 34.7137 0.599999
      vertex 23.536 34.7137 2.6
    endloop
  endfacet
  facet normal 0.896928 0.442176 0
    outer loop
      vertex 23.536 34.7137 0.599999
      vertex 23.7153 34.35 2.6
      vertex 23.7153 34.35 0.599999
    endloop
  endfacet
  facet normal -0.751721 0.659482 0
    outer loop
      vertex 28.592 33.708 0.599999
      vertex 28.8594 34.0128 2.6
      vertex 28.8594 34.0128 0.599999
    endloop
  endfacet
  facet normal -0.751721 0.659482 0
    outer loop
      vertex 28.8594 34.0128 2.6
      vertex 28.592 33.708 0.599999
      vertex 28.592 33.708 2.6
    endloop
  endfacet
  facet normal -0.555553 0.831481 0
    outer loop
      vertex 28.2872 33.4406 0.599999
      vertex 27.95 33.2153 2.6
      vertex 28.2872 33.4406 2.6
    endloop
  endfacet
  facet normal -0.555553 0.831481 0
    outer loop
      vertex 27.95 33.2153 2.6
      vertex 28.2872 33.4406 0.599999
      vertex 27.95 33.2153 0.599999
    endloop
  endfacet
  facet normal -0.321549 0.946893 0
    outer loop
      vertex 27.5863 33.036 0.599999
      vertex 27.2023 32.9056 2.6
      vertex 27.5863 33.036 2.6
    endloop
  endfacet
  facet normal -0.321549 0.946893 0
    outer loop
      vertex 27.2023 32.9056 2.6
      vertex 27.5863 33.036 0.599999
      vertex 27.2023 32.9056 0.599999
    endloop
  endfacet
  facet normal 0.0653568 0.997862 -0
    outer loop
      vertex 26.4 32.8 0.599999
      vertex 25.9954 32.8265 2.6
      vertex 26.4 32.8 2.6
    endloop
  endfacet
  facet normal 0.0653568 0.997862 0
    outer loop
      vertex 25.9954 32.8265 2.6
      vertex 26.4 32.8 0.599999
      vertex 25.9954 32.8265 0.599999
    endloop
  endfacet
  facet normal 0.442176 0.896928 -0
    outer loop
      vertex 25.2137 33.036 0.599999
      vertex 24.85 33.2153 2.6
      vertex 25.2137 33.036 2.6
    endloop
  endfacet
  facet normal 0.442176 0.896928 0
    outer loop
      vertex 24.85 33.2153 2.6
      vertex 25.2137 33.036 0.599999
      vertex 24.85 33.2153 0.599999
    endloop
  endfacet
  facet normal 0.751721 0.659482 0
    outer loop
      vertex 24.208 33.708 2.6
      vertex 23.9406 34.0128 0.599999
      vertex 23.9406 34.0128 2.6
    endloop
  endfacet
  facet normal 0.751721 0.659482 0
    outer loop
      vertex 23.9406 34.0128 0.599999
      vertex 24.208 33.708 2.6
      vertex 24.208 33.708 0.599999
    endloop
  endfacet
endsolid OpenSCAD_Model
