solid OpenSCAD_Model
  facet normal -1 0 0
    outer loop
      vertex -32.5 0 0
      vertex -32.5 42 50
      vertex -32.5 42 0
    endloop
  endfacet
  facet normal -1 -0 0
    outer loop
      vertex -32.5 42 50
      vertex -32.5 0 0
      vertex -32.5 0 50
    endloop
  endfacet
  facet normal 0 0 -1
    outer loop
      vertex 32.5 0 0
      vertex 29.05 11 0
      vertex 32.5 42 0
    endloop
  endfacet
  facet normal 0 0 -1
    outer loop
      vertex 32.5 0 0
      vertex -29.05 11 0
      vertex 29.05 11 0
    endloop
  endfacet
  facet normal -0 0 -1
    outer loop
      vertex -29.05 11 0
      vertex -32.5 0 0
      vertex -29.05 31 0
    endloop
  endfacet
  facet normal 0 0 -1
    outer loop
      vertex -32.5 0 0
      vertex -29.05 11 0
      vertex 32.5 0 0
    endloop
  endfacet
  facet normal 0 0 -1
    outer loop
      vertex 29.05 31 0
      vertex 32.5 42 0
      vertex 29.05 11 0
    endloop
  endfacet
  facet normal 0 0 -1
    outer loop
      vertex -29.05 31 0
      vertex 32.5 42 0
      vertex 29.05 31 0
    endloop
  endfacet
  facet normal 0 0 -1
    outer loop
      vertex -29.05 31 0
      vertex -32.5 42 0
      vertex 32.5 42 0
    endloop
  endfacet
  facet normal 0 0 -1
    outer loop
      vertex -32.5 42 0
      vertex -29.05 31 0
      vertex -32.5 0 0
    endloop
  endfacet
  facet normal 1 0 0
    outer loop
      vertex 32.5 16.33 50
      vertex 32.5 14.75 48.9
      vertex 32.5 16.33 48.9
    endloop
  endfacet
  facet normal 1 0 0
    outer loop
      vertex 32.5 14.75 48.9
      vertex 32.5 0 50
      vertex 32.5 14.75 41.9
    endloop
  endfacet
  facet normal 1 -0 0
    outer loop
      vertex 32.5 0 50
      vertex 32.5 14.75 48.9
      vertex 32.5 16.33 50
    endloop
  endfacet
  facet normal 1 0 0
    outer loop
      vertex 32.5 27.25 41.9
      vertex 32.5 42 50
      vertex 32.5 27.25 48.9
    endloop
  endfacet
  facet normal 1 -0 0
    outer loop
      vertex 32.5 25.67 50
      vertex 32.5 27.25 48.9
      vertex 32.5 42 50
    endloop
  endfacet
  facet normal 1 0 0
    outer loop
      vertex 32.5 27.25 48.9
      vertex 32.5 25.67 50
      vertex 32.5 25.67 48.9
    endloop
  endfacet
  facet normal 1 0 0
    outer loop
      vertex 32.5 23.2 35.15
      vertex 32.5 42 50
      vertex 32.5 27.25 41.9
    endloop
  endfacet
  facet normal 1 0 0
    outer loop
      vertex 32.5 23.2 35.15
      vertex 32.5 27.25 41.9
      vertex 32.5 23.2 37.05
    endloop
  endfacet
  facet normal 1 0 0
    outer loop
      vertex 32.5 42 50
      vertex 32.5 23.2 35.15
      vertex 32.5 42 0
    endloop
  endfacet
  facet normal 1 -0 0
    outer loop
      vertex 32.5 18.8 35.15
      vertex 32.5 42 0
      vertex 32.5 23.2 35.15
    endloop
  endfacet
  facet normal 1 0 0
    outer loop
      vertex 32.5 0 50
      vertex 32.5 18.8 35.15
      vertex 32.5 14.75 41.9
    endloop
  endfacet
  facet normal 1 0 0
    outer loop
      vertex 32.5 0 0
      vertex 32.5 18.8 35.15
      vertex 32.5 0 50
    endloop
  endfacet
  facet normal 1 0 0
    outer loop
      vertex 32.5 18.8 35.15
      vertex 32.5 0 0
      vertex 32.5 42 0
    endloop
  endfacet
  facet normal 1 0 0
    outer loop
      vertex 32.5 27.25 41.9
      vertex 32.5 18.8 37.05
      vertex 32.5 23.2 37.05
    endloop
  endfacet
  facet normal 1 0 0
    outer loop
      vertex 32.5 18.8 37.05
      vertex 32.5 14.75 41.9
      vertex 32.5 18.8 35.15
    endloop
  endfacet
  facet normal 1 -0 0
    outer loop
      vertex 32.5 14.75 41.9
      vertex 32.5 18.8 37.05
      vertex 32.5 27.25 41.9
    endloop
  endfacet
  facet normal 0 -1 0
    outer loop
      vertex -32.5 0 0
      vertex 32.5 0 50
      vertex -32.5 0 50
    endloop
  endfacet
  facet normal 0 -1 -0
    outer loop
      vertex 32.5 0 50
      vertex -32.5 0 0
      vertex 32.5 0 0
    endloop
  endfacet
  facet normal 0 0 1
    outer loop
      vertex 32.5 42 50
      vertex 30.1 39.6 50
      vertex 32.5 25.67 50
    endloop
  endfacet
  facet normal 0 0 1
    outer loop
      vertex 32.5 42 50
      vertex -30.1 39.6 50
      vertex 30.1 39.6 50
    endloop
  endfacet
  facet normal 0 0 1
    outer loop
      vertex -30.1 39.6 50
      vertex -32.5 42 50
      vertex -30.1 2.4 50
    endloop
  endfacet
  facet normal -0 0 1
    outer loop
      vertex -32.5 42 50
      vertex -30.1 39.6 50
      vertex 32.5 42 50
    endloop
  endfacet
  facet normal 0 0 1
    outer loop
      vertex 32.5 25.67 50
      vertex 30.1 39.6 50
      vertex 30.1 25.67 50
    endloop
  endfacet
  facet normal 0 0 1
    outer loop
      vertex 30.1 2.4 50
      vertex 32.5 16.33 50
      vertex 30.1 16.33 50
    endloop
  endfacet
  facet normal 0 0 1
    outer loop
      vertex 32.5 16.33 50
      vertex 30.1 2.4 50
      vertex 32.5 0 50
    endloop
  endfacet
  facet normal -0 0 1
    outer loop
      vertex -30.1 2.4 50
      vertex 32.5 0 50
      vertex 30.1 2.4 50
    endloop
  endfacet
  facet normal 0 0 1
    outer loop
      vertex -30.1 2.4 50
      vertex -32.5 0 50
      vertex 32.5 0 50
    endloop
  endfacet
  facet normal 0 0 1
    outer loop
      vertex -32.5 0 50
      vertex -30.1 2.4 50
      vertex -32.5 42 50
    endloop
  endfacet
  facet normal 0 1 -0
    outer loop
      vertex 32.5 42 0
      vertex -32.5 42 50
      vertex 32.5 42 50
    endloop
  endfacet
  facet normal 0 1 0
    outer loop
      vertex -32.5 42 50
      vertex 32.5 42 0
      vertex -32.5 42 0
    endloop
  endfacet
  facet normal 1 0 0
    outer loop
      vertex -30.1 38.0858 46.8
      vertex -30.1 39.6 50
      vertex -30.1 38.0858 49.4
    endloop
  endfacet
  facet normal 1 0 0
    outer loop
      vertex -30.1 39.6 50
      vertex -30.1 33.7142 49.4
      vertex -30.1 38.0858 49.4
    endloop
  endfacet
  facet normal 1 0 0
    outer loop
      vertex -30.1 33.7142 49.4
      vertex -30.1 8.28578 49.4
      vertex -30.1 33.7142 46.8
    endloop
  endfacet
  facet normal 1 0 0
    outer loop
      vertex -30.1 39.6 50
      vertex -30.1 8.28578 49.4
      vertex -30.1 33.7142 49.4
    endloop
  endfacet
  facet normal 1 -0 0
    outer loop
      vertex -30.1 2.4 50
      vertex -30.1 8.28578 49.4
      vertex -30.1 39.6 50
    endloop
  endfacet
  facet normal 1 0 0
    outer loop
      vertex -30.1 3.91422 49.4
      vertex -30.1 2.4 50
      vertex -30.1 3.91422 46.8
    endloop
  endfacet
  facet normal 1 0 0
    outer loop
      vertex -30.1 8.28578 49.4
      vertex -30.1 2.4 50
      vertex -30.1 3.91422 49.4
    endloop
  endfacet
  facet normal 1 0 0
    outer loop
      vertex -30.1 39.6 50
      vertex -30.1 38.0858 46.8
      vertex -30.1 39.6 14.5
    endloop
  endfacet
  facet normal 1 -0 0
    outer loop
      vertex -30.1 38.0362 46.7724
      vertex -30.1 39.6 14.5
      vertex -30.1 38.0858 46.8
    endloop
  endfacet
  facet normal 1 -0 0
    outer loop
      vertex -30.1 37.4326 46.5049
      vertex -30.1 39.6 14.5
      vertex -30.1 38.0362 46.7724
    endloop
  endfacet
  facet normal 1 -0 0
    outer loop
      vertex -30.1 36.8914 46.3305
      vertex -30.1 39.6 14.5
      vertex -30.1 37.4326 46.5049
    endloop
  endfacet
  facet normal 1 -0 0
    outer loop
      vertex -30.1 36.3871 46.2319
      vertex -30.1 39.6 14.5
      vertex -30.1 36.8914 46.3305
    endloop
  endfacet
  facet normal 1 -0 0
    outer loop
      vertex -30.1 35.9 46.2
      vertex -30.1 39.6 14.5
      vertex -30.1 36.3871 46.2319
    endloop
  endfacet
  facet normal 1 0 0
    outer loop
      vertex -30.1 35.4129 46.2319
      vertex -30.1 39.6 14.5
      vertex -30.1 35.9 46.2
    endloop
  endfacet
  facet normal 1 0 0
    outer loop
      vertex -30.1 34.9086 46.3305
      vertex -30.1 39.6 14.5
      vertex -30.1 35.4129 46.2319
    endloop
  endfacet
  facet normal 1 0 0
    outer loop
      vertex -30.1 34.3674 46.5049
      vertex -30.1 39.6 14.5
      vertex -30.1 34.9086 46.3305
    endloop
  endfacet
  facet normal 1 0 0
    outer loop
      vertex -30.1 33.7638 46.7724
      vertex -30.1 39.6 14.5
      vertex -30.1 34.3674 46.5049
    endloop
  endfacet
  facet normal 1 0 0
    outer loop
      vertex -30.1 33.7142 46.8
      vertex -30.1 39.6 14.5
      vertex -30.1 33.7638 46.7724
    endloop
  endfacet
  facet normal 1 0 0
    outer loop
      vertex -30.1 8.28578 46.8
      vertex -30.1 33.7142 46.8
      vertex -30.1 8.28578 49.4
    endloop
  endfacet
  facet normal 1 0 0
    outer loop
      vertex -30.1 33.7142 46.8
      vertex -30.1 8.28578 46.8
      vertex -30.1 39.6 14.5
    endloop
  endfacet
  facet normal 1 0 0
    outer loop
      vertex -30.1 2.4 14.5
      vertex -30.1 8.28578 46.8
      vertex -30.1 8.2362 46.7724
    endloop
  endfacet
  facet normal 1 0 0
    outer loop
      vertex -30.1 2.4 14.5
      vertex -30.1 8.2362 46.7724
      vertex -30.1 7.63259 46.5049
    endloop
  endfacet
  facet normal 1 0 0
    outer loop
      vertex -30.1 2.4 14.5
      vertex -30.1 7.63259 46.5049
      vertex -30.1 7.09141 46.3305
    endloop
  endfacet
  facet normal 1 0 0
    outer loop
      vertex -30.1 2.4 14.5
      vertex -30.1 7.09141 46.3305
      vertex -30.1 6.58711 46.2319
    endloop
  endfacet
  facet normal 1 0 0
    outer loop
      vertex -30.1 2.4 14.5
      vertex -30.1 6.58711 46.2319
      vertex -30.1 6.1 46.2
    endloop
  endfacet
  facet normal 1 0 0
    outer loop
      vertex -30.1 2.4 14.5
      vertex -30.1 6.1 46.2
      vertex -30.1 5.61289 46.2319
    endloop
  endfacet
  facet normal 1 0 0
    outer loop
      vertex -30.1 2.4 14.5
      vertex -30.1 5.61289 46.2319
      vertex -30.1 5.10859 46.3305
    endloop
  endfacet
  facet normal 1 0 0
    outer loop
      vertex -30.1 2.4 14.5
      vertex -30.1 5.10859 46.3305
      vertex -30.1 4.56741 46.5049
    endloop
  endfacet
  facet normal 1 0 0
    outer loop
      vertex -30.1 2.4 14.5
      vertex -30.1 4.56741 46.5049
      vertex -30.1 3.9638 46.7724
    endloop
  endfacet
  facet normal 1 0 0
    outer loop
      vertex -30.1 2.4 14.5
      vertex -30.1 3.9638 46.7724
      vertex -30.1 3.91422 46.8
    endloop
  endfacet
  facet normal 1 0 0
    outer loop
      vertex -30.1 8.28578 46.8
      vertex -30.1 2.4 14.5
      vertex -30.1 39.6 14.5
    endloop
  endfacet
  facet normal 1 0 0
    outer loop
      vertex -30.1 2.4 14.5
      vertex -30.1 3.91422 46.8
      vertex -30.1 2.4 50
    endloop
  endfacet
  facet normal 0 0 1
    outer loop
      vertex 30.1 39.6 14.5
      vertex 27.55 29.5 14.5
      vertex 30.1 2.4 14.5
    endloop
  endfacet
  facet normal 0 0 1
    outer loop
      vertex 30.1 39.6 14.5
      vertex -27.55 29.5 14.5
      vertex 27.55 29.5 14.5
    endloop
  endfacet
  facet normal 0 0 1
    outer loop
      vertex -27.55 29.5 14.5
      vertex -30.1 39.6 14.5
      vertex -27.55 12.5 14.5
    endloop
  endfacet
  facet normal -0 0 1
    outer loop
      vertex -30.1 39.6 14.5
      vertex -27.55 29.5 14.5
      vertex 30.1 39.6 14.5
    endloop
  endfacet
  facet normal -0 0 1
    outer loop
      vertex 27.55 12.5 14.5
      vertex 30.1 2.4 14.5
      vertex 27.55 29.5 14.5
    endloop
  endfacet
  facet normal -0 0 1
    outer loop
      vertex -27.55 12.5 14.5
      vertex 30.1 2.4 14.5
      vertex 27.55 12.5 14.5
    endloop
  endfacet
  facet normal 0 0 1
    outer loop
      vertex -27.55 12.5 14.5
      vertex -30.1 2.4 14.5
      vertex 30.1 2.4 14.5
    endloop
  endfacet
  facet normal 0 0 1
    outer loop
      vertex -30.1 2.4 14.5
      vertex -27.55 12.5 14.5
      vertex -30.1 39.6 14.5
    endloop
  endfacet
  facet normal -1 0 0
    outer loop
      vertex 30.1 27 41.4
      vertex 30.1 16.33 43.57
      vertex 30.1 25.67 43.57
    endloop
  endfacet
  facet normal -1 0 0
    outer loop
      vertex 30.1 15 41.4
      vertex 30.1 16.33 43.57
      vertex 30.1 27 41.4
    endloop
  endfacet
  facet normal -1 0 0
    outer loop
      vertex 30.1 8.28578 46.8
      vertex 30.1 16.33 43.57
      vertex 30.1 15 41.4
    endloop
  endfacet
  facet normal -1 0 0
    outer loop
      vertex 30.1 16.33 43.57
      vertex 30.1 8.28578 46.8
      vertex 30.1 16.33 50
    endloop
  endfacet
  facet normal -1 0 0
    outer loop
      vertex 30.1 8.28578 49.4
      vertex 30.1 16.33 50
      vertex 30.1 8.28578 46.8
    endloop
  endfacet
  facet normal -1 0 0
    outer loop
      vertex 30.1 2.4 50
      vertex 30.1 8.28578 49.4
      vertex 30.1 3.91422 49.4
    endloop
  endfacet
  facet normal -1 0 0
    outer loop
      vertex 30.1 8.28578 49.4
      vertex 30.1 2.4 50
      vertex 30.1 16.33 50
    endloop
  endfacet
  facet normal -1 0 0
    outer loop
      vertex 30.1 3.91422 46.8
      vertex 30.1 2.4 50
      vertex 30.1 3.91422 49.4
    endloop
  endfacet
  facet normal -1 0 0
    outer loop
      vertex 30.1 39.6 14.5
      vertex 30.1 38.0858 46.8
      vertex 30.1 39.6 50
    endloop
  endfacet
  facet normal -1 0 0
    outer loop
      vertex 30.1 39.6 14.5
      vertex 30.1 38.0362 46.7724
      vertex 30.1 38.0858 46.8
    endloop
  endfacet
  facet normal -1 0 0
    outer loop
      vertex 30.1 39.6 14.5
      vertex 30.1 37.4326 46.5049
      vertex 30.1 38.0362 46.7724
    endloop
  endfacet
  facet normal -1 0 0
    outer loop
      vertex 30.1 26.7 32.8
      vertex 30.1 37.4326 46.5049
      vertex 30.1 39.6 14.5
    endloop
  endfacet
  facet normal -1 0 0
    outer loop
      vertex 30.1 37.4326 46.5049
      vertex 30.1 26.7 32.8
      vertex 30.1 36.8914 46.3305
    endloop
  endfacet
  facet normal -1 0 0
    outer loop
      vertex 30.1 36.8914 46.3305
      vertex 30.1 26.7 32.8
      vertex 30.1 36.3871 46.2319
    endloop
  endfacet
  facet normal -1 0 0
    outer loop
      vertex 30.1 36.3871 46.2319
      vertex 30.1 26.7 32.8
      vertex 30.1 35.9 46.2
    endloop
  endfacet
  facet normal -1 0 0
    outer loop
      vertex 30.1 26.7 38.9
      vertex 30.1 35.9 46.2
      vertex 30.1 26.7 32.8
    endloop
  endfacet
  facet normal -1 0 -0
    outer loop
      vertex 30.1 27 39.9
      vertex 30.1 35.9 46.2
      vertex 30.1 26.7 38.9
    endloop
  endfacet
  facet normal -1 -0 0
    outer loop
      vertex 30.1 35.9 46.2
      vertex 30.1 27 39.9
      vertex 30.1 35.4129 46.2319
    endloop
  endfacet
  facet normal -1 -0 0
    outer loop
      vertex 30.1 35.4129 46.2319
      vertex 30.1 27 39.9
      vertex 30.1 34.9086 46.3305
    endloop
  endfacet
  facet normal -1 -0 0
    outer loop
      vertex 30.1 33.7638 46.7724
      vertex 30.1 27 41.4
      vertex 30.1 33.7142 46.8
    endloop
  endfacet
  facet normal -1 0 0
    outer loop
      vertex 30.1 27 41.4
      vertex 30.1 34.9086 46.3305
      vertex 30.1 27 39.9
    endloop
  endfacet
  facet normal -1 -0 0
    outer loop
      vertex 30.1 34.9086 46.3305
      vertex 30.1 27 41.4
      vertex 30.1 34.3674 46.5049
    endloop
  endfacet
  facet normal -1 0 0
    outer loop
      vertex 30.1 39.6 14.5
      vertex 30.1 25.5 32.8
      vertex 30.1 26.7 32.8
    endloop
  endfacet
  facet normal -1 0 0
    outer loop
      vertex 30.1 25.5 32.8
      vertex 30.1 23.2 35.15
      vertex 30.1 25.5 38.9
    endloop
  endfacet
  facet normal -1 0 0
    outer loop
      vertex 30.1 16.5 32.8
      vertex 30.1 25.5 32.8
      vertex 30.1 39.6 14.5
    endloop
  endfacet
  facet normal -1 0 0
    outer loop
      vertex 30.1 25.5 32.8
      vertex 30.1 16.5 32.8
      vertex 30.1 23.2 35.15
    endloop
  endfacet
  facet normal -1 0 0
    outer loop
      vertex 30.1 16.5 38.9
      vertex 30.1 18.8 35.15
      vertex 30.1 16.5 32.8
    endloop
  endfacet
  facet normal -1 -0 0
    outer loop
      vertex 30.1 23.2 35.15
      vertex 30.1 16.5 32.8
      vertex 30.1 18.8 35.15
    endloop
  endfacet
  facet normal -1 0 0
    outer loop
      vertex 30.1 2.4 14.5
      vertex 30.1 16.5 32.8
      vertex 30.1 39.6 14.5
    endloop
  endfacet
  facet normal -1 0 0
    outer loop
      vertex 30.1 6.1 46.2
      vertex 30.1 15.3 38.9
      vertex 30.1 15.3 32.8
    endloop
  endfacet
  facet normal -1 0 0
    outer loop
      vertex 30.1 7.09141 46.3305
      vertex 30.1 15 41.4
      vertex 30.1 15 39.9
    endloop
  endfacet
  facet normal -1 0 0
    outer loop
      vertex 30.1 15.3 38.9
      vertex 30.1 6.1 46.2
      vertex 30.1 15 39.9
    endloop
  endfacet
  facet normal -1 0 0
    outer loop
      vertex 30.1 15 41.4
      vertex 30.1 8.2362 46.7724
      vertex 30.1 8.28578 46.8
    endloop
  endfacet
  facet normal -1 0 0
    outer loop
      vertex 30.1 15 41.4
      vertex 30.1 7.63259 46.5049
      vertex 30.1 8.2362 46.7724
    endloop
  endfacet
  facet normal -1 0 0
    outer loop
      vertex 30.1 15 41.4
      vertex 30.1 7.09141 46.3305
      vertex 30.1 7.63259 46.5049
    endloop
  endfacet
  facet normal -1 0 0
    outer loop
      vertex 30.1 15 39.9
      vertex 30.1 6.58711 46.2319
      vertex 30.1 7.09141 46.3305
    endloop
  endfacet
  facet normal -1 0 0
    outer loop
      vertex 30.1 15 39.9
      vertex 30.1 6.1 46.2
      vertex 30.1 6.58711 46.2319
    endloop
  endfacet
  facet normal -1 0 0
    outer loop
      vertex 30.1 15.3 32.8
      vertex 30.1 5.61289 46.2319
      vertex 30.1 6.1 46.2
    endloop
  endfacet
  facet normal -1 0 0
    outer loop
      vertex 30.1 15.3 32.8
      vertex 30.1 5.10859 46.3305
      vertex 30.1 5.61289 46.2319
    endloop
  endfacet
  facet normal -1 0 0
    outer loop
      vertex 30.1 15.3 32.8
      vertex 30.1 4.56741 46.5049
      vertex 30.1 5.10859 46.3305
    endloop
  endfacet
  facet normal -1 0 0
    outer loop
      vertex 30.1 2.4 14.5
      vertex 30.1 4.56741 46.5049
      vertex 30.1 15.3 32.8
    endloop
  endfacet
  facet normal -1 -0 0
    outer loop
      vertex 30.1 4.56741 46.5049
      vertex 30.1 2.4 14.5
      vertex 30.1 3.9638 46.7724
    endloop
  endfacet
  facet normal -1 0 0
    outer loop
      vertex 30.1 2.4 50
      vertex 30.1 3.91422 46.8
      vertex 30.1 2.4 14.5
    endloop
  endfacet
  facet normal -1 -0 0
    outer loop
      vertex 30.1 3.9638 46.7724
      vertex 30.1 2.4 14.5
      vertex 30.1 3.91422 46.8
    endloop
  endfacet
  facet normal -1 -0 0
    outer loop
      vertex 30.1 16.5 32.8
      vertex 30.1 2.4 14.5
      vertex 30.1 15.3 32.8
    endloop
  endfacet
  facet normal -1 0 0
    outer loop
      vertex 30.1 38.0858 49.4
      vertex 30.1 39.6 50
      vertex 30.1 38.0858 46.8
    endloop
  endfacet
  facet normal -1 0 0
    outer loop
      vertex 30.1 33.7142 49.4
      vertex 30.1 39.6 50
      vertex 30.1 38.0858 49.4
    endloop
  endfacet
  facet normal -1 0 0
    outer loop
      vertex 30.1 25.67 43.57
      vertex 30.1 33.7142 46.8
      vertex 30.1 27 41.4
    endloop
  endfacet
  facet normal -1 0 0
    outer loop
      vertex 30.1 25.67 50
      vertex 30.1 33.7142 46.8
      vertex 30.1 25.67 43.57
    endloop
  endfacet
  facet normal -1 0 0
    outer loop
      vertex 30.1 33.7142 49.4
      vertex 30.1 25.67 50
      vertex 30.1 39.6 50
    endloop
  endfacet
  facet normal -1 0 0
    outer loop
      vertex 30.1 33.7142 46.8
      vertex 30.1 25.67 50
      vertex 30.1 33.7142 49.4
    endloop
  endfacet
  facet normal -1 -0 0
    outer loop
      vertex 30.1 34.3674 46.5049
      vertex 30.1 27 41.4
      vertex 30.1 33.7638 46.7724
    endloop
  endfacet
  facet normal -1 0 0
    outer loop
      vertex 30.1 25.5 38.9
      vertex 30.1 27 39.9
      vertex 30.1 26.7 38.9
    endloop
  endfacet
  facet normal -1 0 0
    outer loop
      vertex 30.1 23.2 37.05
      vertex 30.1 25.5 38.9
      vertex 30.1 23.2 35.15
    endloop
  endfacet
  facet normal -1 0 0
    outer loop
      vertex 30.1 18.8 37.05
      vertex 30.1 25.5 38.9
      vertex 30.1 23.2 37.05
    endloop
  endfacet
  facet normal -1 0 0
    outer loop
      vertex 30.1 16.5 38.9
      vertex 30.1 25.5 38.9
      vertex 30.1 18.8 37.05
    endloop
  endfacet
  facet normal -1 0 0
    outer loop
      vertex 30.1 18.8 35.15
      vertex 30.1 16.5 38.9
      vertex 30.1 18.8 37.05
    endloop
  endfacet
  facet normal -1 0 0
    outer loop
      vertex 30.1 25.5 38.9
      vertex 30.1 16.5 38.9
      vertex 30.1 27 39.9
    endloop
  endfacet
  facet normal -1 0 0
    outer loop
      vertex 30.1 15 39.9
      vertex 30.1 16.5 38.9
      vertex 30.1 15.3 38.9
    endloop
  endfacet
  facet normal -1 0 0
    outer loop
      vertex 30.1 16.5 38.9
      vertex 30.1 15 39.9
      vertex 30.1 27 39.9
    endloop
  endfacet
  facet normal 0 1 -0
    outer loop
      vertex 24.2142 2.4 46.8
      vertex -24.2142 2.4 49.4
      vertex 24.2142 2.4 49.4
    endloop
  endfacet
  facet normal 0 1 0
    outer loop
      vertex 24.2142 2.4 46.8
      vertex -24.2142 2.4 46.8
      vertex -24.2142 2.4 49.4
    endloop
  endfacet
  facet normal 0 1 0
    outer loop
      vertex 25.5 2.4 39.8
      vertex 24.2142 2.4 46.8
      vertex 24.2638 2.4 46.7724
    endloop
  endfacet
  facet normal 0 1 0
    outer loop
      vertex 24.2142 2.4 46.8
      vertex 25.5 2.4 39.8
      vertex -24.2142 2.4 46.8
    endloop
  endfacet
  facet normal 0 1 0
    outer loop
      vertex 25.5 2.4 39.8
      vertex 24.2638 2.4 46.7724
      vertex 24.8674 2.4 46.5049
    endloop
  endfacet
  facet normal 0 1 0
    outer loop
      vertex -25.5 2.4 39.8
      vertex -24.2142 2.4 46.8
      vertex 25.5 2.4 39.8
    endloop
  endfacet
  facet normal 0 1 0
    outer loop
      vertex 25.5 2.4 39.8
      vertex 24.8674 2.4 46.5049
      vertex 25.4086 2.4 46.3305
    endloop
  endfacet
  facet normal 0 1 0
    outer loop
      vertex -24.2142 2.4 46.8
      vertex -25.5 2.4 39.8
      vertex -24.2638 2.4 46.7724
    endloop
  endfacet
  facet normal 0 1 -0
    outer loop
      vertex 25.5 2.4 39.8
      vertex 25.4086 2.4 46.3305
      vertex 25.9129 2.4 46.2319
    endloop
  endfacet
  facet normal 0 1 0
    outer loop
      vertex -24.2638 2.4 46.7724
      vertex -25.5 2.4 39.8
      vertex -24.8674 2.4 46.5049
    endloop
  endfacet
  facet normal 0 1 0
    outer loop
      vertex 25.5 2.4 39.8
      vertex 25.9129 2.4 46.2319
      vertex 26.4 2.4 46.2
    endloop
  endfacet
  facet normal 0 1 0
    outer loop
      vertex -24.8674 2.4 46.5049
      vertex -25.5 2.4 39.8
      vertex -25.4086 2.4 46.3305
    endloop
  endfacet
  facet normal 0 1 0
    outer loop
      vertex 24.2142 2.4 49.4
      vertex 30.1 2.4 50
      vertex 28.5858 2.4 49.4
    endloop
  endfacet
  facet normal 0 1 0
    outer loop
      vertex 30.1 2.4 50
      vertex 28.5858 2.4 46.8
      vertex 28.5858 2.4 49.4
    endloop
  endfacet
  facet normal 0 1 0
    outer loop
      vertex -25.4086 2.4 46.3305
      vertex -25.5 2.4 39.8
      vertex -25.9129 2.4 46.2319
    endloop
  endfacet
  facet normal 0 1 0
    outer loop
      vertex 26.8871 2.4 46.2319
      vertex 25.5 2.4 39.8
      vertex 26.4 2.4 46.2
    endloop
  endfacet
  facet normal 0 1 0
    outer loop
      vertex 27.3914 2.4 46.3305
      vertex 25.5 2.4 39.8
      vertex 26.8871 2.4 46.2319
    endloop
  endfacet
  facet normal 0 1 0
    outer loop
      vertex 27.9326 2.4 46.5049
      vertex 25.5 2.4 39.8
      vertex 27.3914 2.4 46.3305
    endloop
  endfacet
  facet normal 0 1 0
    outer loop
      vertex 28.5362 2.4 46.7724
      vertex 25.5 2.4 39.8
      vertex 27.9326 2.4 46.5049
    endloop
  endfacet
  facet normal 0 1 0
    outer loop
      vertex 28.5858 2.4 46.8
      vertex 25.5 2.4 39.8
      vertex 28.5362 2.4 46.7724
    endloop
  endfacet
  facet normal 0 1 -0
    outer loop
      vertex 30.1 2.4 14.5
      vertex 28.5858 2.4 46.8
      vertex 30.1 2.4 50
    endloop
  endfacet
  facet normal 0 1 0
    outer loop
      vertex 28.5858 2.4 46.8
      vertex 25.5 2.4 24.8
      vertex 25.5 2.4 39.8
    endloop
  endfacet
  facet normal 0 1 0
    outer loop
      vertex 25.5 2.4 24.8
      vertex 30.1 2.4 14.5
      vertex -25.5 2.4 24.8
    endloop
  endfacet
  facet normal 0 1 0
    outer loop
      vertex 28.5858 2.4 46.8
      vertex 30.1 2.4 14.5
      vertex 25.5 2.4 24.8
    endloop
  endfacet
  facet normal 0 1 0
    outer loop
      vertex 30.1 2.4 50
      vertex 24.2142 2.4 49.4
      vertex -30.1 2.4 50
    endloop
  endfacet
  facet normal 0 1 -0
    outer loop
      vertex -24.2142 2.4 49.4
      vertex -30.1 2.4 50
      vertex 24.2142 2.4 49.4
    endloop
  endfacet
  facet normal 0 1 -0
    outer loop
      vertex -28.5858 2.4 49.4
      vertex -30.1 2.4 50
      vertex -24.2142 2.4 49.4
    endloop
  endfacet
  facet normal 0 1 -0
    outer loop
      vertex -28.5858 2.4 46.8
      vertex -30.1 2.4 50
      vertex -28.5858 2.4 49.4
    endloop
  endfacet
  facet normal 0 1 0
    outer loop
      vertex -25.9129 2.4 46.2319
      vertex -25.5 2.4 39.8
      vertex -26.4 2.4 46.2
    endloop
  endfacet
  facet normal 0 1 0
    outer loop
      vertex -26.4 2.4 46.2
      vertex -25.5 2.4 39.8
      vertex -26.8871 2.4 46.2319
    endloop
  endfacet
  facet normal 0 1 0
    outer loop
      vertex -25.5 2.4 39.8
      vertex -27.3914 2.4 46.3305
      vertex -26.8871 2.4 46.2319
    endloop
  endfacet
  facet normal 0 1 0
    outer loop
      vertex -25.5 2.4 39.8
      vertex -27.9326 2.4 46.5049
      vertex -27.3914 2.4 46.3305
    endloop
  endfacet
  facet normal 0 1 0
    outer loop
      vertex -25.5 2.4 39.8
      vertex -28.5362 2.4 46.7724
      vertex -27.9326 2.4 46.5049
    endloop
  endfacet
  facet normal 0 1 0
    outer loop
      vertex -25.5 2.4 39.8
      vertex -28.5858 2.4 46.8
      vertex -28.5362 2.4 46.7724
    endloop
  endfacet
  facet normal 0 1 -0
    outer loop
      vertex -25.5 2.4 24.8
      vertex -28.5858 2.4 46.8
      vertex -25.5 2.4 39.8
    endloop
  endfacet
  facet normal 0 1 0
    outer loop
      vertex -30.1 2.4 14.5
      vertex -28.5858 2.4 46.8
      vertex -25.5 2.4 24.8
    endloop
  endfacet
  facet normal 0 1 0
    outer loop
      vertex -28.5858 2.4 46.8
      vertex -30.1 2.4 14.5
      vertex -30.1 2.4 50
    endloop
  endfacet
  facet normal 0 1 0
    outer loop
      vertex -30.1 2.4 14.5
      vertex -25.5 2.4 24.8
      vertex 30.1 2.4 14.5
    endloop
  endfacet
  facet normal 0 -1 0
    outer loop
      vertex -24.2142 39.6 46.8
      vertex 24.2142 39.6 49.4
      vertex -24.2142 39.6 49.4
    endloop
  endfacet
  facet normal 0 -1 0
    outer loop
      vertex -24.2142 39.6 46.8
      vertex 24.2142 39.6 46.8
      vertex 24.2142 39.6 49.4
    endloop
  endfacet
  facet normal 0 -1 0
    outer loop
      vertex -30.1 39.6 14.5
      vertex -24.2142 39.6 46.8
      vertex -24.2638 39.6 46.7724
    endloop
  endfacet
  facet normal 0 -1 -0
    outer loop
      vertex -24.2142 39.6 46.8
      vertex -30.1 39.6 14.5
      vertex 24.2142 39.6 46.8
    endloop
  endfacet
  facet normal 0 -1 0
    outer loop
      vertex -30.1 39.6 14.5
      vertex -24.2638 39.6 46.7724
      vertex -24.8674 39.6 46.5049
    endloop
  endfacet
  facet normal 0 -1 0
    outer loop
      vertex 30.1 39.6 14.5
      vertex 24.2142 39.6 46.8
      vertex -30.1 39.6 14.5
    endloop
  endfacet
  facet normal 0 -1 0
    outer loop
      vertex -30.1 39.6 14.5
      vertex -24.8674 39.6 46.5049
      vertex -25.4086 39.6 46.3305
    endloop
  endfacet
  facet normal 0 -1 0
    outer loop
      vertex 24.2142 39.6 46.8
      vertex 30.1 39.6 14.5
      vertex 24.2638 39.6 46.7724
    endloop
  endfacet
  facet normal 0 -1 0
    outer loop
      vertex -30.1 39.6 14.5
      vertex -25.4086 39.6 46.3305
      vertex -25.9129 39.6 46.2319
    endloop
  endfacet
  facet normal 0 -1 0
    outer loop
      vertex 24.2638 39.6 46.7724
      vertex 30.1 39.6 14.5
      vertex 24.8674 39.6 46.5049
    endloop
  endfacet
  facet normal 0 -1 0
    outer loop
      vertex -30.1 39.6 14.5
      vertex -25.9129 39.6 46.2319
      vertex -26.4 39.6 46.2
    endloop
  endfacet
  facet normal 0 -1 0
    outer loop
      vertex 24.8674 39.6 46.5049
      vertex 30.1 39.6 14.5
      vertex 25.4086 39.6 46.3305
    endloop
  endfacet
  facet normal 0 -1 0
    outer loop
      vertex -24.2142 39.6 49.4
      vertex -30.1 39.6 50
      vertex -28.5858 39.6 49.4
    endloop
  endfacet
  facet normal 0 -1 0
    outer loop
      vertex -30.1 39.6 50
      vertex -28.5858 39.6 46.8
      vertex -28.5858 39.6 49.4
    endloop
  endfacet
  facet normal 0 -1 0
    outer loop
      vertex 25.4086 39.6 46.3305
      vertex 30.1 39.6 14.5
      vertex 25.9129 39.6 46.2319
    endloop
  endfacet
  facet normal 0 -1 -0
    outer loop
      vertex -26.8871 39.6 46.2319
      vertex -30.1 39.6 14.5
      vertex -26.4 39.6 46.2
    endloop
  endfacet
  facet normal 0 -1 -0
    outer loop
      vertex -27.3914 39.6 46.3305
      vertex -30.1 39.6 14.5
      vertex -26.8871 39.6 46.2319
    endloop
  endfacet
  facet normal 0 -1 -0
    outer loop
      vertex -27.9326 39.6 46.5049
      vertex -30.1 39.6 14.5
      vertex -27.3914 39.6 46.3305
    endloop
  endfacet
  facet normal 0 -1 -0
    outer loop
      vertex -28.5362 39.6 46.7724
      vertex -30.1 39.6 14.5
      vertex -27.9326 39.6 46.5049
    endloop
  endfacet
  facet normal 0 -1 -0
    outer loop
      vertex -28.5858 39.6 46.8
      vertex -30.1 39.6 14.5
      vertex -28.5362 39.6 46.7724
    endloop
  endfacet
  facet normal 0 -1 0
    outer loop
      vertex -30.1 39.6 14.5
      vertex -28.5858 39.6 46.8
      vertex -30.1 39.6 50
    endloop
  endfacet
  facet normal 0 -1 0
    outer loop
      vertex -30.1 39.6 50
      vertex -24.2142 39.6 49.4
      vertex 30.1 39.6 50
    endloop
  endfacet
  facet normal 0 -1 0
    outer loop
      vertex 24.2142 39.6 49.4
      vertex 30.1 39.6 50
      vertex -24.2142 39.6 49.4
    endloop
  endfacet
  facet normal 0 -1 0
    outer loop
      vertex 28.5858 39.6 49.4
      vertex 30.1 39.6 50
      vertex 24.2142 39.6 49.4
    endloop
  endfacet
  facet normal 0 -1 0
    outer loop
      vertex 28.5858 39.6 46.8
      vertex 30.1 39.6 50
      vertex 28.5858 39.6 49.4
    endloop
  endfacet
  facet normal 0 -1 0
    outer loop
      vertex 25.9129 39.6 46.2319
      vertex 30.1 39.6 14.5
      vertex 26.4 39.6 46.2
    endloop
  endfacet
  facet normal 0 -1 0
    outer loop
      vertex 26.4 39.6 46.2
      vertex 30.1 39.6 14.5
      vertex 26.8871 39.6 46.2319
    endloop
  endfacet
  facet normal 0 -1 0
    outer loop
      vertex 26.8871 39.6 46.2319
      vertex 30.1 39.6 14.5
      vertex 27.3914 39.6 46.3305
    endloop
  endfacet
  facet normal 0 -1 0
    outer loop
      vertex 27.3914 39.6 46.3305
      vertex 30.1 39.6 14.5
      vertex 27.9326 39.6 46.5049
    endloop
  endfacet
  facet normal 0 -1 0
    outer loop
      vertex 28.5858 39.6 46.8
      vertex 30.1 39.6 14.5
      vertex 30.1 39.6 50
    endloop
  endfacet
  facet normal 0 -1 0
    outer loop
      vertex 28.5362 39.6 46.7724
      vertex 30.1 39.6 14.5
      vertex 28.5858 39.6 46.8
    endloop
  endfacet
  facet normal 0 -1 0
    outer loop
      vertex 27.9326 39.6 46.5049
      vertex 30.1 39.6 14.5
      vertex 28.5362 39.6 46.7724
    endloop
  endfacet
  facet normal 0 -1 0
    outer loop
      vertex 26.6 15.3 32.8
      vertex 30.1 15.3 38.9
      vertex 26.6 15.3 38.9
    endloop
  endfacet
  facet normal 0 -1 -0
    outer loop
      vertex 30.1 15.3 38.9
      vertex 26.6 15.3 32.8
      vertex 30.1 15.3 32.8
    endloop
  endfacet
  facet normal 0 0 -1
    outer loop
      vertex 26.6 15.3 32.8
      vertex 30.1 16.5 32.8
      vertex 30.1 15.3 32.8
    endloop
  endfacet
  facet normal -0 0 -1
    outer loop
      vertex 30.1 16.5 32.8
      vertex 26.6 15.3 32.8
      vertex 26.6 16.5 32.8
    endloop
  endfacet
  facet normal 0 1 -0
    outer loop
      vertex 30.1 16.5 32.8
      vertex 26.6 16.5 38.9
      vertex 30.1 16.5 38.9
    endloop
  endfacet
  facet normal 0 1 0
    outer loop
      vertex 26.6 16.5 38.9
      vertex 30.1 16.5 32.8
      vertex 26.6 16.5 32.8
    endloop
  endfacet
  facet normal -0 0 1
    outer loop
      vertex 26.6 16.5 38.9
      vertex 30.1 15.3 38.9
      vertex 30.1 16.5 38.9
    endloop
  endfacet
  facet normal 0 0 1
    outer loop
      vertex 30.1 15.3 38.9
      vertex 26.6 16.5 38.9
      vertex 26.6 15.3 38.9
    endloop
  endfacet
  facet normal -1 0 0
    outer loop
      vertex 26.6 15.3 32.8
      vertex 26.6 16.5 38.9
      vertex 26.6 16.5 32.8
    endloop
  endfacet
  facet normal -1 -0 0
    outer loop
      vertex 26.6 16.5 38.9
      vertex 26.6 15.3 32.8
      vertex 26.6 15.3 38.9
    endloop
  endfacet
  facet normal 0 -1 0
    outer loop
      vertex 26.6 25.5 32.8
      vertex 30.1 25.5 38.9
      vertex 26.6 25.5 38.9
    endloop
  endfacet
  facet normal 0 -1 -0
    outer loop
      vertex 30.1 25.5 38.9
      vertex 26.6 25.5 32.8
      vertex 30.1 25.5 32.8
    endloop
  endfacet
  facet normal 0 0 -1
    outer loop
      vertex 26.6 25.5 32.8
      vertex 30.1 26.7 32.8
      vertex 30.1 25.5 32.8
    endloop
  endfacet
  facet normal -0 0 -1
    outer loop
      vertex 30.1 26.7 32.8
      vertex 26.6 25.5 32.8
      vertex 26.6 26.7 32.8
    endloop
  endfacet
  facet normal 0 1 -0
    outer loop
      vertex 30.1 26.7 32.8
      vertex 26.6 26.7 38.9
      vertex 30.1 26.7 38.9
    endloop
  endfacet
  facet normal 0 1 0
    outer loop
      vertex 26.6 26.7 38.9
      vertex 30.1 26.7 32.8
      vertex 26.6 26.7 32.8
    endloop
  endfacet
  facet normal -0 0 1
    outer loop
      vertex 26.6 26.7 38.9
      vertex 30.1 25.5 38.9
      vertex 30.1 26.7 38.9
    endloop
  endfacet
  facet normal 0 0 1
    outer loop
      vertex 30.1 25.5 38.9
      vertex 26.6 26.7 38.9
      vertex 26.6 25.5 38.9
    endloop
  endfacet
  facet normal -1 0 0
    outer loop
      vertex 26.6 25.5 32.8
      vertex 26.6 26.7 38.9
      vertex 26.6 26.7 32.8
    endloop
  endfacet
  facet normal -1 -0 0
    outer loop
      vertex 26.6 26.7 38.9
      vertex 26.6 25.5 32.8
      vertex 26.6 25.5 38.9
    endloop
  endfacet
  facet normal 0.997858 -0.0654216 0
    outer loop
      vertex -22.1368 35.3387 49.4
      vertex -22.1 35.9 46.8
      vertex -22.1 35.9 49.4
    endloop
  endfacet
  facet normal 0.997858 -0.0654216 0
    outer loop
      vertex -22.1 35.9 46.8
      vertex -22.1368 35.3387 49.4
      vertex -22.1368 35.3387 46.8
    endloop
  endfacet
  facet normal -0.0654216 -0.997858 0
    outer loop
      vertex -26.9613 31.6368 46.8
      vertex -26.4 31.6 49.4
      vertex -26.9613 31.6368 49.4
    endloop
  endfacet
  facet normal -0.0654216 -0.997858 -0
    outer loop
      vertex -26.4 31.6 49.4
      vertex -26.9613 31.6368 46.8
      vertex -26.4 31.6 46.8
    endloop
  endfacet
  facet normal 0.659272 -0.751904 0
    outer loop
      vertex -23.7823 32.4886 46.8
      vertex -23.3594 32.8594 49.4
      vertex -23.7823 32.4886 49.4
    endloop
  endfacet
  facet normal 0.659272 -0.751904 0
    outer loop
      vertex -23.3594 32.8594 49.4
      vertex -23.7823 32.4886 46.8
      vertex -23.3594 32.8594 46.8
    endloop
  endfacet
  facet normal -0.659272 -0.751904 0
    outer loop
      vertex -29.4406 32.8594 46.8
      vertex -29.0177 32.4886 49.4
      vertex -29.4406 32.8594 49.4
    endloop
  endfacet
  facet normal -0.659272 -0.751904 -0
    outer loop
      vertex -29.0177 32.4886 49.4
      vertex -29.4406 32.8594 46.8
      vertex -29.0177 32.4886 46.8
    endloop
  endfacet
  facet normal -0.4423 -0.896867 0
    outer loop
      vertex -28.55 32.1761 46.8
      vertex -28.0455 31.9273 49.4
      vertex -28.55 32.1761 49.4
    endloop
  endfacet
  facet normal -0.4423 -0.896867 -0
    outer loop
      vertex -28.0455 31.9273 49.4
      vertex -28.55 32.1761 46.8
      vertex -28.0455 31.9273 46.8
    endloop
  endfacet
  facet normal 0.896867 -0.4423 0
    outer loop
      vertex -22.6761 33.75 49.4
      vertex -22.4273 34.2545 46.8
      vertex -22.4273 34.2545 49.4
    endloop
  endfacet
  facet normal 0.896867 -0.4423 0
    outer loop
      vertex -22.4273 34.2545 46.8
      vertex -22.6761 33.75 49.4
      vertex -22.6761 33.75 46.8
    endloop
  endfacet
  facet normal 0.980792 -0.195056 0
    outer loop
      vertex -22.2465 34.7871 49.4
      vertex -22.1368 35.3387 46.8
      vertex -22.1368 35.3387 49.4
    endloop
  endfacet
  facet normal 0.980792 -0.195056 0
    outer loop
      vertex -22.1368 35.3387 46.8
      vertex -22.2465 34.7871 49.4
      vertex -22.2465 34.7871 46.8
    endloop
  endfacet
  facet normal 0.831475 -0.555561 0
    outer loop
      vertex -22.9886 33.2823 49.4
      vertex -22.6761 33.75 46.8
      vertex -22.6761 33.75 49.4
    endloop
  endfacet
  facet normal 0.831475 -0.555561 0
    outer loop
      vertex -22.6761 33.75 46.8
      vertex -22.9886 33.2823 49.4
      vertex -22.9886 33.2823 46.8
    endloop
  endfacet
  facet normal 0.32145 -0.946927 0
    outer loop
      vertex -25.2871 31.7465 46.8
      vertex -24.7545 31.9273 49.4
      vertex -25.2871 31.7465 49.4
    endloop
  endfacet
  facet normal 0.32145 -0.946927 0
    outer loop
      vertex -24.7545 31.9273 49.4
      vertex -25.2871 31.7465 46.8
      vertex -24.7545 31.9273 46.8
    endloop
  endfacet
  facet normal 0.555561 -0.831475 0
    outer loop
      vertex -24.25 32.1761 46.8
      vertex -23.7823 32.4886 49.4
      vertex -24.25 32.1761 49.4
    endloop
  endfacet
  facet normal 0.555561 -0.831475 0
    outer loop
      vertex -23.7823 32.4886 49.4
      vertex -24.25 32.1761 46.8
      vertex -23.7823 32.4886 46.8
    endloop
  endfacet
  facet normal -0.831457 -0.555588 0
    outer loop
      vertex -29.8114 33.2823 46.8
      vertex -30.1 33.7142 49.4
      vertex -30.1 33.7142 46.8
    endloop
  endfacet
  facet normal -0.831457 -0.555588 0
    outer loop
      vertex -30.1 33.7142 49.4
      vertex -29.8114 33.2823 46.8
      vertex -29.8114 33.2823 49.4
    endloop
  endfacet
  facet normal -0.751904 -0.659272 0
    outer loop
      vertex -29.4406 32.8594 46.8
      vertex -29.8114 33.2823 49.4
      vertex -29.8114 33.2823 46.8
    endloop
  endfacet
  facet normal -0.751904 -0.659272 0
    outer loop
      vertex -29.8114 33.2823 49.4
      vertex -29.4406 32.8594 46.8
      vertex -29.4406 32.8594 49.4
    endloop
  endfacet
  facet normal -0.555561 -0.831475 0
    outer loop
      vertex -29.0177 32.4886 46.8
      vertex -28.55 32.1761 49.4
      vertex -29.0177 32.4886 49.4
    endloop
  endfacet
  facet normal -0.555561 -0.831475 -0
    outer loop
      vertex -28.55 32.1761 49.4
      vertex -29.0177 32.4886 46.8
      vertex -28.55 32.1761 46.8
    endloop
  endfacet
  facet normal -0.195056 -0.980792 0
    outer loop
      vertex -27.5129 31.7465 46.8
      vertex -26.9613 31.6368 49.4
      vertex -27.5129 31.7465 49.4
    endloop
  endfacet
  facet normal -0.195056 -0.980792 -0
    outer loop
      vertex -26.9613 31.6368 49.4
      vertex -27.5129 31.7465 46.8
      vertex -26.9613 31.6368 46.8
    endloop
  endfacet
  facet normal 0.831475 0.555561 0
    outer loop
      vertex -22.6761 38.05 49.4
      vertex -22.9886 38.5177 46.8
      vertex -22.9886 38.5177 49.4
    endloop
  endfacet
  facet normal 0.831475 0.555561 0
    outer loop
      vertex -22.9886 38.5177 46.8
      vertex -22.6761 38.05 49.4
      vertex -22.6761 38.05 46.8
    endloop
  endfacet
  facet normal 0.997858 0.0654216 0
    outer loop
      vertex -22.1 35.9 49.4
      vertex -22.1368 36.4613 46.8
      vertex -22.1368 36.4613 49.4
    endloop
  endfacet
  facet normal 0.997858 0.0654216 0
    outer loop
      vertex -22.1368 36.4613 46.8
      vertex -22.1 35.9 49.4
      vertex -22.1 35.9 46.8
    endloop
  endfacet
  facet normal 0.946927 -0.32145 0
    outer loop
      vertex -22.4273 34.2545 49.4
      vertex -22.2465 34.7871 46.8
      vertex -22.2465 34.7871 49.4
    endloop
  endfacet
  facet normal 0.946927 -0.32145 0
    outer loop
      vertex -22.2465 34.7871 46.8
      vertex -22.4273 34.2545 49.4
      vertex -22.4273 34.2545 46.8
    endloop
  endfacet
  facet normal 0.751904 -0.659272 0
    outer loop
      vertex -23.3594 32.8594 49.4
      vertex -22.9886 33.2823 46.8
      vertex -22.9886 33.2823 49.4
    endloop
  endfacet
  facet normal 0.751904 -0.659272 0
    outer loop
      vertex -22.9886 33.2823 46.8
      vertex -23.3594 32.8594 49.4
      vertex -23.3594 32.8594 46.8
    endloop
  endfacet
  facet normal 0.195056 -0.980792 0
    outer loop
      vertex -25.8387 31.6368 46.8
      vertex -25.2871 31.7465 49.4
      vertex -25.8387 31.6368 49.4
    endloop
  endfacet
  facet normal 0.195056 -0.980792 0
    outer loop
      vertex -25.2871 31.7465 49.4
      vertex -25.8387 31.6368 46.8
      vertex -25.2871 31.7465 46.8
    endloop
  endfacet
  facet normal 0.0654216 -0.997858 0
    outer loop
      vertex -26.4 31.6 46.8
      vertex -25.8387 31.6368 49.4
      vertex -26.4 31.6 49.4
    endloop
  endfacet
  facet normal 0.0654216 -0.997858 0
    outer loop
      vertex -25.8387 31.6368 49.4
      vertex -26.4 31.6 46.8
      vertex -25.8387 31.6368 46.8
    endloop
  endfacet
  facet normal 0.4423 -0.896867 0
    outer loop
      vertex -24.7545 31.9273 46.8
      vertex -24.25 32.1761 49.4
      vertex -24.7545 31.9273 49.4
    endloop
  endfacet
  facet normal 0.4423 -0.896867 0
    outer loop
      vertex -24.25 32.1761 49.4
      vertex -24.7545 31.9273 46.8
      vertex -24.25 32.1761 46.8
    endloop
  endfacet
  facet normal -0.32145 -0.946927 0
    outer loop
      vertex -28.0455 31.9273 46.8
      vertex -27.5129 31.7465 49.4
      vertex -28.0455 31.9273 49.4
    endloop
  endfacet
  facet normal -0.32145 -0.946927 -0
    outer loop
      vertex -27.5129 31.7465 49.4
      vertex -28.0455 31.9273 46.8
      vertex -27.5129 31.7465 46.8
    endloop
  endfacet
  facet normal 0.555588 0.831457 -0
    outer loop
      vertex -23.7823 39.3114 46.8
      vertex -24.2142 39.6 49.4
      vertex -23.7823 39.3114 49.4
    endloop
  endfacet
  facet normal 0.555588 0.831457 0
    outer loop
      vertex -24.2142 39.6 49.4
      vertex -23.7823 39.3114 46.8
      vertex -24.2142 39.6 46.8
    endloop
  endfacet
  facet normal 0.980792 0.195056 0
    outer loop
      vertex -22.1368 36.4613 49.4
      vertex -22.2465 37.0129 46.8
      vertex -22.2465 37.0129 49.4
    endloop
  endfacet
  facet normal 0.980792 0.195056 0
    outer loop
      vertex -22.2465 37.0129 46.8
      vertex -22.1368 36.4613 49.4
      vertex -22.1368 36.4613 46.8
    endloop
  endfacet
  facet normal 0.946927 0.32145 0
    outer loop
      vertex -22.2465 37.0129 49.4
      vertex -22.4273 37.5455 46.8
      vertex -22.4273 37.5455 49.4
    endloop
  endfacet
  facet normal 0.946927 0.32145 0
    outer loop
      vertex -22.4273 37.5455 46.8
      vertex -22.2465 37.0129 49.4
      vertex -22.2465 37.0129 46.8
    endloop
  endfacet
  facet normal 0.896867 0.4423 0
    outer loop
      vertex -22.4273 37.5455 49.4
      vertex -22.6761 38.05 46.8
      vertex -22.6761 38.05 49.4
    endloop
  endfacet
  facet normal 0.896867 0.4423 0
    outer loop
      vertex -22.6761 38.05 46.8
      vertex -22.4273 37.5455 49.4
      vertex -22.4273 37.5455 46.8
    endloop
  endfacet
  facet normal -0.751904 0.659272 0
    outer loop
      vertex -29.8114 38.5177 46.8
      vertex -29.4406 38.9406 49.4
      vertex -29.4406 38.9406 46.8
    endloop
  endfacet
  facet normal -0.751904 0.659272 0
    outer loop
      vertex -29.4406 38.9406 49.4
      vertex -29.8114 38.5177 46.8
      vertex -29.8114 38.5177 49.4
    endloop
  endfacet
  facet normal 0.659272 0.751904 -0
    outer loop
      vertex -23.3594 38.9406 46.8
      vertex -23.7823 39.3114 49.4
      vertex -23.3594 38.9406 49.4
    endloop
  endfacet
  facet normal 0.659272 0.751904 0
    outer loop
      vertex -23.7823 39.3114 49.4
      vertex -23.3594 38.9406 46.8
      vertex -23.7823 39.3114 46.8
    endloop
  endfacet
  facet normal -0.659272 0.751904 0
    outer loop
      vertex -29.0177 39.3114 46.8
      vertex -29.4406 38.9406 49.4
      vertex -29.0177 39.3114 49.4
    endloop
  endfacet
  facet normal -0.659272 0.751904 0
    outer loop
      vertex -29.4406 38.9406 49.4
      vertex -29.0177 39.3114 46.8
      vertex -29.4406 38.9406 46.8
    endloop
  endfacet
  facet normal -0.831457 0.555588 0
    outer loop
      vertex -30.1 38.0858 46.8
      vertex -29.8114 38.5177 49.4
      vertex -29.8114 38.5177 46.8
    endloop
  endfacet
  facet normal -0.831457 0.555588 0
    outer loop
      vertex -29.8114 38.5177 49.4
      vertex -30.1 38.0858 46.8
      vertex -30.1 38.0858 49.4
    endloop
  endfacet
  facet normal 0 0 1
    outer loop
      vertex -23.3 35.9 49.4
      vertex -22.1 35.9 49.4
      vertex -22.1368 36.4613 49.4
    endloop
  endfacet
  facet normal 0 0 1
    outer loop
      vertex -23.3265 36.3046 49.4
      vertex -22.1368 36.4613 49.4
      vertex -22.2465 37.0129 49.4
    endloop
  endfacet
  facet normal 0 0 1
    outer loop
      vertex -22.1 35.9 49.4
      vertex -23.3 35.9 49.4
      vertex -22.1368 35.3387 49.4
    endloop
  endfacet
  facet normal 0 0 1
    outer loop
      vertex -23.4056 36.7023 49.4
      vertex -22.2465 37.0129 49.4
      vertex -22.4273 37.5455 49.4
    endloop
  endfacet
  facet normal -0 0 1
    outer loop
      vertex -23.3265 35.4954 49.4
      vertex -22.1368 35.3387 49.4
      vertex -23.3 35.9 49.4
    endloop
  endfacet
  facet normal 0 0 1
    outer loop
      vertex -23.536 37.0863 49.4
      vertex -22.4273 37.5455 49.4
      vertex -22.6761 38.05 49.4
    endloop
  endfacet
  facet normal 0 0 1
    outer loop
      vertex -22.1368 35.3387 49.4
      vertex -23.3265 35.4954 49.4
      vertex -22.2465 34.7871 49.4
    endloop
  endfacet
  facet normal 0 0 1
    outer loop
      vertex -23.7153 37.45 49.4
      vertex -22.6761 38.05 49.4
      vertex -22.9886 38.5177 49.4
    endloop
  endfacet
  facet normal -0 0 1
    outer loop
      vertex -23.4056 35.0977 49.4
      vertex -22.2465 34.7871 49.4
      vertex -23.3265 35.4954 49.4
    endloop
  endfacet
  facet normal 0 0 1
    outer loop
      vertex -22.2465 34.7871 49.4
      vertex -23.4056 35.0977 49.4
      vertex -22.4273 34.2545 49.4
    endloop
  endfacet
  facet normal 0 0 1
    outer loop
      vertex -22.1368 36.4613 49.4
      vertex -23.3265 36.3046 49.4
      vertex -23.3 35.9 49.4
    endloop
  endfacet
  facet normal 0 0 1
    outer loop
      vertex -23.9406 37.7872 49.4
      vertex -22.9886 38.5177 49.4
      vertex -23.3594 38.9406 49.4
    endloop
  endfacet
  facet normal 0 0 1
    outer loop
      vertex -22.2465 37.0129 49.4
      vertex -23.4056 36.7023 49.4
      vertex -23.3265 36.3046 49.4
    endloop
  endfacet
  facet normal 0 0 1
    outer loop
      vertex -22.4273 37.5455 49.4
      vertex -23.536 37.0863 49.4
      vertex -23.4056 36.7023 49.4
    endloop
  endfacet
  facet normal 0 0 1
    outer loop
      vertex -22.6761 38.05 49.4
      vertex -23.7153 37.45 49.4
      vertex -23.536 37.0863 49.4
    endloop
  endfacet
  facet normal 0 0 1
    outer loop
      vertex -24.208 38.092 49.4
      vertex -23.3594 38.9406 49.4
      vertex -23.7823 39.3114 49.4
    endloop
  endfacet
  facet normal 0 0 1
    outer loop
      vertex -22.9886 38.5177 49.4
      vertex -23.9406 37.7872 49.4
      vertex -23.7153 37.45 49.4
    endloop
  endfacet
  facet normal 0 0 1
    outer loop
      vertex -23.3594 38.9406 49.4
      vertex -24.208 38.092 49.4
      vertex -23.9406 37.7872 49.4
    endloop
  endfacet
  facet normal 0 0 1
    outer loop
      vertex -24.5128 38.3594 49.4
      vertex -23.7823 39.3114 49.4
      vertex -24.2142 39.6 49.4
    endloop
  endfacet
  facet normal 0 0 1
    outer loop
      vertex -23.7823 39.3114 49.4
      vertex -24.5128 38.3594 49.4
      vertex -24.208 38.092 49.4
    endloop
  endfacet
  facet normal 0 0 1
    outer loop
      vertex -24.2142 39.6 49.4
      vertex -24.85 38.5847 49.4
      vertex -24.5128 38.3594 49.4
    endloop
  endfacet
  facet normal 0 0 1
    outer loop
      vertex -24.2142 39.6 49.4
      vertex -25.2137 38.764 49.4
      vertex -24.85 38.5847 49.4
    endloop
  endfacet
  facet normal 0 0 1
    outer loop
      vertex -24.2142 39.6 49.4
      vertex -25.5977 38.8944 49.4
      vertex -25.2137 38.764 49.4
    endloop
  endfacet
  facet normal 0 0 1
    outer loop
      vertex -24.2142 39.6 49.4
      vertex -25.9954 38.9735 49.4
      vertex -25.5977 38.8944 49.4
    endloop
  endfacet
  facet normal 0 0 1
    outer loop
      vertex -24.2142 39.6 49.4
      vertex -26.4 39 49.4
      vertex -25.9954 38.9735 49.4
    endloop
  endfacet
  facet normal -0 0 1
    outer loop
      vertex -28.5858 39.6 49.4
      vertex -26.4 39 49.4
      vertex -24.2142 39.6 49.4
    endloop
  endfacet
  facet normal 0 0 1
    outer loop
      vertex -26.4 39 49.4
      vertex -28.5858 39.6 49.4
      vertex -26.8046 38.9735 49.4
    endloop
  endfacet
  facet normal 0 0 1
    outer loop
      vertex -26.8046 38.9735 49.4
      vertex -28.5858 39.6 49.4
      vertex -27.2023 38.8944 49.4
    endloop
  endfacet
  facet normal 0 0 1
    outer loop
      vertex -28.5858 39.6 49.4
      vertex -27.5863 38.764 49.4
      vertex -27.2023 38.8944 49.4
    endloop
  endfacet
  facet normal 0 0 1
    outer loop
      vertex -28.5858 39.6 49.4
      vertex -27.95 38.5847 49.4
      vertex -27.5863 38.764 49.4
    endloop
  endfacet
  facet normal 0 0 1
    outer loop
      vertex -28.5858 39.6 49.4
      vertex -28.2872 38.3594 49.4
      vertex -27.95 38.5847 49.4
    endloop
  endfacet
  facet normal -0 0 1
    outer loop
      vertex -29.0177 39.3114 49.4
      vertex -28.2872 38.3594 49.4
      vertex -28.5858 39.6 49.4
    endloop
  endfacet
  facet normal 0 0 1
    outer loop
      vertex -28.2872 38.3594 49.4
      vertex -29.0177 39.3114 49.4
      vertex -28.592 38.092 49.4
    endloop
  endfacet
  facet normal -0 0 1
    outer loop
      vertex -29.4406 38.9406 49.4
      vertex -28.592 38.092 49.4
      vertex -29.0177 39.3114 49.4
    endloop
  endfacet
  facet normal 0 0 1
    outer loop
      vertex -28.592 38.092 49.4
      vertex -29.4406 38.9406 49.4
      vertex -28.8594 37.7872 49.4
    endloop
  endfacet
  facet normal -0 0 1
    outer loop
      vertex -29.8114 38.5177 49.4
      vertex -28.8594 37.7872 49.4
      vertex -29.4406 38.9406 49.4
    endloop
  endfacet
  facet normal -0 0 1
    outer loop
      vertex -30.1 38.0858 49.4
      vertex -28.8594 37.7872 49.4
      vertex -29.8114 38.5177 49.4
    endloop
  endfacet
  facet normal 0 0 1
    outer loop
      vertex -28.8594 37.7872 49.4
      vertex -30.1 38.0858 49.4
      vertex -29.0847 37.45 49.4
    endloop
  endfacet
  facet normal 0 0 1
    outer loop
      vertex -29.0847 37.45 49.4
      vertex -30.1 38.0858 49.4
      vertex -29.264 37.0863 49.4
    endloop
  endfacet
  facet normal 0 0 1
    outer loop
      vertex -29.264 37.0863 49.4
      vertex -30.1 38.0858 49.4
      vertex -29.3944 36.7023 49.4
    endloop
  endfacet
  facet normal 0 0 1
    outer loop
      vertex -29.3944 36.7023 49.4
      vertex -30.1 38.0858 49.4
      vertex -29.4735 36.3046 49.4
    endloop
  endfacet
  facet normal -0 0 1
    outer loop
      vertex -23.536 34.7137 49.4
      vertex -22.4273 34.2545 49.4
      vertex -23.4056 35.0977 49.4
    endloop
  endfacet
  facet normal 0 0 1
    outer loop
      vertex -22.4273 34.2545 49.4
      vertex -23.536 34.7137 49.4
      vertex -22.6761 33.75 49.4
    endloop
  endfacet
  facet normal -0 0 1
    outer loop
      vertex -23.7153 34.35 49.4
      vertex -22.6761 33.75 49.4
      vertex -23.536 34.7137 49.4
    endloop
  endfacet
  facet normal 0 0 1
    outer loop
      vertex -22.6761 33.75 49.4
      vertex -23.7153 34.35 49.4
      vertex -22.9886 33.2823 49.4
    endloop
  endfacet
  facet normal -0 0 1
    outer loop
      vertex -23.9406 34.0128 49.4
      vertex -22.9886 33.2823 49.4
      vertex -23.7153 34.35 49.4
    endloop
  endfacet
  facet normal 0 0 1
    outer loop
      vertex -22.9886 33.2823 49.4
      vertex -23.9406 34.0128 49.4
      vertex -23.3594 32.8594 49.4
    endloop
  endfacet
  facet normal -0 0 1
    outer loop
      vertex -24.208 33.708 49.4
      vertex -23.3594 32.8594 49.4
      vertex -23.9406 34.0128 49.4
    endloop
  endfacet
  facet normal 0 0 1
    outer loop
      vertex -23.3594 32.8594 49.4
      vertex -24.208 33.708 49.4
      vertex -23.7823 32.4886 49.4
    endloop
  endfacet
  facet normal -0 0 1
    outer loop
      vertex -24.5128 33.4406 49.4
      vertex -23.7823 32.4886 49.4
      vertex -24.208 33.708 49.4
    endloop
  endfacet
  facet normal 0 0 1
    outer loop
      vertex -23.7823 32.4886 49.4
      vertex -24.5128 33.4406 49.4
      vertex -24.25 32.1761 49.4
    endloop
  endfacet
  facet normal -0 0 1
    outer loop
      vertex -24.85 33.2153 49.4
      vertex -24.25 32.1761 49.4
      vertex -24.5128 33.4406 49.4
    endloop
  endfacet
  facet normal 0 0 1
    outer loop
      vertex -24.25 32.1761 49.4
      vertex -24.85 33.2153 49.4
      vertex -24.7545 31.9273 49.4
    endloop
  endfacet
  facet normal -0 0 1
    outer loop
      vertex -25.2137 33.036 49.4
      vertex -24.7545 31.9273 49.4
      vertex -24.85 33.2153 49.4
    endloop
  endfacet
  facet normal 0 0 1
    outer loop
      vertex -25.2137 33.036 49.4
      vertex -25.2871 31.7465 49.4
      vertex -24.7545 31.9273 49.4
    endloop
  endfacet
  facet normal -0 0 1
    outer loop
      vertex -25.5977 32.9056 49.4
      vertex -25.2871 31.7465 49.4
      vertex -25.2137 33.036 49.4
    endloop
  endfacet
  facet normal 0 0 1
    outer loop
      vertex -25.5977 32.9056 49.4
      vertex -25.8387 31.6368 49.4
      vertex -25.2871 31.7465 49.4
    endloop
  endfacet
  facet normal -0 0 1
    outer loop
      vertex -25.9954 32.8265 49.4
      vertex -25.8387 31.6368 49.4
      vertex -25.5977 32.9056 49.4
    endloop
  endfacet
  facet normal -0 0 1
    outer loop
      vertex -26.4 32.8 49.4
      vertex -25.8387 31.6368 49.4
      vertex -25.9954 32.8265 49.4
    endloop
  endfacet
  facet normal 0 0 1
    outer loop
      vertex -26.4 32.8 49.4
      vertex -26.4 31.6 49.4
      vertex -25.8387 31.6368 49.4
    endloop
  endfacet
  facet normal 0 0 1
    outer loop
      vertex -26.8046 32.8265 49.4
      vertex -26.4 31.6 49.4
      vertex -26.4 32.8 49.4
    endloop
  endfacet
  facet normal 0 0 1
    outer loop
      vertex -26.8046 32.8265 49.4
      vertex -26.9613 31.6368 49.4
      vertex -26.4 31.6 49.4
    endloop
  endfacet
  facet normal 0 0 1
    outer loop
      vertex -27.2023 32.9056 49.4
      vertex -26.9613 31.6368 49.4
      vertex -26.8046 32.8265 49.4
    endloop
  endfacet
  facet normal 0 0 1
    outer loop
      vertex -27.2023 32.9056 49.4
      vertex -27.5129 31.7465 49.4
      vertex -26.9613 31.6368 49.4
    endloop
  endfacet
  facet normal 0 0 1
    outer loop
      vertex -27.5863 33.036 49.4
      vertex -27.5129 31.7465 49.4
      vertex -27.2023 32.9056 49.4
    endloop
  endfacet
  facet normal 0 0 1
    outer loop
      vertex -28.0455 31.9273 49.4
      vertex -27.5863 33.036 49.4
      vertex -27.95 33.2153 49.4
    endloop
  endfacet
  facet normal 0 0 1
    outer loop
      vertex -27.5863 33.036 49.4
      vertex -28.0455 31.9273 49.4
      vertex -27.5129 31.7465 49.4
    endloop
  endfacet
  facet normal 0 0 1
    outer loop
      vertex -28.55 32.1761 49.4
      vertex -27.95 33.2153 49.4
      vertex -28.2872 33.4406 49.4
    endloop
  endfacet
  facet normal 0 0 1
    outer loop
      vertex -27.95 33.2153 49.4
      vertex -28.55 32.1761 49.4
      vertex -28.0455 31.9273 49.4
    endloop
  endfacet
  facet normal 0 0 1
    outer loop
      vertex -29.0177 32.4886 49.4
      vertex -28.2872 33.4406 49.4
      vertex -28.592 33.708 49.4
    endloop
  endfacet
  facet normal 0 0 1
    outer loop
      vertex -29.4406 32.8594 49.4
      vertex -28.592 33.708 49.4
      vertex -28.8594 34.0128 49.4
    endloop
  endfacet
  facet normal 0 0 1
    outer loop
      vertex -28.2872 33.4406 49.4
      vertex -29.0177 32.4886 49.4
      vertex -28.55 32.1761 49.4
    endloop
  endfacet
  facet normal 0 0 1
    outer loop
      vertex -30.1 33.7142 49.4
      vertex -28.8594 34.0128 49.4
      vertex -29.0847 34.35 49.4
    endloop
  endfacet
  facet normal 0 0 1
    outer loop
      vertex -30.1 33.7142 49.4
      vertex -29.0847 34.35 49.4
      vertex -29.264 34.7137 49.4
    endloop
  endfacet
  facet normal 0 0 1
    outer loop
      vertex -30.1 33.7142 49.4
      vertex -29.264 34.7137 49.4
      vertex -29.3944 35.0977 49.4
    endloop
  endfacet
  facet normal 0 0 1
    outer loop
      vertex -28.592 33.708 49.4
      vertex -29.4406 32.8594 49.4
      vertex -29.0177 32.4886 49.4
    endloop
  endfacet
  facet normal 0 0 1
    outer loop
      vertex -30.1 33.7142 49.4
      vertex -29.3944 35.0977 49.4
      vertex -29.4735 35.4954 49.4
    endloop
  endfacet
  facet normal 0 0 1
    outer loop
      vertex -30.1 33.7142 49.4
      vertex -29.4735 35.4954 49.4
      vertex -29.5 35.9 49.4
    endloop
  endfacet
  facet normal 0 0 1
    outer loop
      vertex -29.4735 36.3046 49.4
      vertex -30.1 38.0858 49.4
      vertex -29.5 35.9 49.4
    endloop
  endfacet
  facet normal 0 0 1
    outer loop
      vertex -28.8594 34.0128 49.4
      vertex -29.8114 33.2823 49.4
      vertex -29.4406 32.8594 49.4
    endloop
  endfacet
  facet normal 0 0 1
    outer loop
      vertex -30.1 33.7142 49.4
      vertex -29.5 35.9 49.4
      vertex -30.1 38.0858 49.4
    endloop
  endfacet
  facet normal 0 0 1
    outer loop
      vertex -28.8594 34.0128 49.4
      vertex -30.1 33.7142 49.4
      vertex -29.8114 33.2823 49.4
    endloop
  endfacet
  facet normal 0.751904 0.659272 0
    outer loop
      vertex -22.9886 38.5177 49.4
      vertex -23.3594 38.9406 46.8
      vertex -23.3594 38.9406 49.4
    endloop
  endfacet
  facet normal 0.751904 0.659272 0
    outer loop
      vertex -23.3594 38.9406 46.8
      vertex -22.9886 38.5177 49.4
      vertex -22.9886 38.5177 46.8
    endloop
  endfacet
  facet normal -0.555588 0.831457 0
    outer loop
      vertex -28.5858 39.6 46.8
      vertex -29.0177 39.3114 49.4
      vertex -28.5858 39.6 49.4
    endloop
  endfacet
  facet normal -0.555588 0.831457 0
    outer loop
      vertex -29.0177 39.3114 49.4
      vertex -28.5858 39.6 46.8
      vertex -29.0177 39.3114 46.8
    endloop
  endfacet
  facet normal 0.706348 -0.0463097 -0.706348
    outer loop
      vertex -22.1368 35.3387 46.8
      vertex -26.4 35.9 42.5
      vertex -22.1 35.9 46.8
    endloop
  endfacet
  facet normal -0.70635 0.0462586 -0.70635
    outer loop
      vertex -30.1 35.9 46.2
      vertex -30.1 36.3871 46.2319
      vertex -26.4 35.9 42.5
    endloop
  endfacet
  facet normal -0.138073 -0.694267 -0.706349
    outer loop
      vertex -26.9613 31.6368 46.8
      vertex -27.5129 31.7465 46.8
      vertex -26.4 35.9 42.5
    endloop
  endfacet
  facet normal 0.0462586 0.70635 -0.70635
    outer loop
      vertex -26.4 35.9 42.5
      vertex -26.4 39.6 46.2
      vertex -25.9129 39.6 46.2319
    endloop
  endfacet
  facet normal -0.532244 -0.466673 -0.706351
    outer loop
      vertex -29.4406 32.8594 46.8
      vertex -29.8114 33.2823 46.8
      vertex -26.4 35.9 42.5
    endloop
  endfacet
  facet normal 0.393262 -0.588572 -0.706348
    outer loop
      vertex -24.25 32.1761 46.8
      vertex -26.4 35.9 42.5
      vertex -23.7823 32.4886 46.8
    endloop
  endfacet
  facet normal -0.466673 0.532244 -0.706351
    outer loop
      vertex -26.4 35.9 42.5
      vertex -29.4406 38.9406 46.8
      vertex -29.0177 39.3114 46.8
    endloop
  endfacet
  facet normal 0.532244 0.466673 -0.706351
    outer loop
      vertex -22.9886 38.5177 46.8
      vertex -26.4 35.9 42.5
      vertex -23.3594 38.9406 46.8
    endloop
  endfacet
  facet normal -0.393262 -0.588572 -0.706348
    outer loop
      vertex -28.55 32.1761 46.8
      vertex -29.0177 32.4886 46.8
      vertex -26.4 35.9 42.5
    endloop
  endfacet
  facet normal -0.670271 -0.227618 -0.706347
    outer loop
      vertex -30.1 34.3674 46.5049
      vertex -30.1 34.9086 46.3305
      vertex -26.4 35.9 42.5
    endloop
  endfacet
  facet normal 0.138073 -0.694267 -0.706349
    outer loop
      vertex -25.8387 31.6368 46.8
      vertex -26.4 35.9 42.5
      vertex -25.2871 31.7465 46.8
    endloop
  endfacet
  facet normal 0.588572 -0.393262 -0.706348
    outer loop
      vertex -22.9886 33.2823 46.8
      vertex -26.4 35.9 42.5
      vertex -22.6761 33.75 46.8
    endloop
  endfacet
  facet normal -0.634889 0.313035 -0.706346
    outer loop
      vertex -30.1 37.4326 46.5049
      vertex -30.1 38.0362 46.7724
      vertex -26.4 35.9 42.5
    endloop
  endfacet
  facet normal -0.227618 0.670271 -0.706347
    outer loop
      vertex -26.4 35.9 42.5
      vertex -27.9326 39.6 46.5049
      vertex -27.3914 39.6 46.3305
    endloop
  endfacet
  facet normal 0.313035 0.634889 -0.706346
    outer loop
      vertex -24.2638 39.6 46.7724
      vertex -26.4 35.9 42.5
      vertex -24.8674 39.6 46.5049
    endloop
  endfacet
  facet normal 0.670295 0.227543 -0.706349
    outer loop
      vertex -22.2465 37.0129 46.8
      vertex -26.4 35.9 42.5
      vertex -22.4273 37.5455 46.8
    endloop
  endfacet
  facet normal -0.227543 -0.670295 -0.706349
    outer loop
      vertex -27.5129 31.7465 46.8
      vertex -28.0455 31.9273 46.8
      vertex -26.4 35.9 42.5
    endloop
  endfacet
  facet normal -0.466673 -0.532244 -0.706351
    outer loop
      vertex -29.0177 32.4886 46.8
      vertex -29.4406 32.8594 46.8
      vertex -26.4 35.9 42.5
    endloop
  endfacet
  facet normal -0.588385 -0.393165 -0.706558
    outer loop
      vertex -30.1 33.7638 46.7724
      vertex -29.8114 33.2823 46.8
      vertex -30.1 33.7142 46.8
    endloop
  endfacet
  facet normal -0.588571 -0.393264 -0.706348
    outer loop
      vertex -29.8114 33.2823 46.8
      vertex -30.1 33.7638 46.7724
      vertex -26.4 35.9 42.5
    endloop
  endfacet
  facet normal -0.694259 -0.138105 -0.706351
    outer loop
      vertex -30.1 34.9086 46.3305
      vertex -30.1 35.4129 46.2319
      vertex -26.4 35.9 42.5
    endloop
  endfacet
  facet normal 0.313089 -0.63486 -0.706348
    outer loop
      vertex -24.7545 31.9273 46.8
      vertex -26.4 35.9 42.5
      vertex -24.25 32.1761 46.8
    endloop
  endfacet
  facet normal -0.0463097 -0.706348 -0.706348
    outer loop
      vertex -26.4 31.6 46.8
      vertex -26.9613 31.6368 46.8
      vertex -26.4 35.9 42.5
    endloop
  endfacet
  facet normal 0.532244 -0.466673 -0.706351
    outer loop
      vertex -23.3594 32.8594 46.8
      vertex -26.4 35.9 42.5
      vertex -22.9886 33.2823 46.8
    endloop
  endfacet
  facet normal 0.670295 -0.227543 -0.706349
    outer loop
      vertex -22.4273 34.2545 46.8
      vertex -26.4 35.9 42.5
      vertex -22.2465 34.7871 46.8
    endloop
  endfacet
  facet normal 0.694267 -0.138073 -0.706349
    outer loop
      vertex -22.2465 34.7871 46.8
      vertex -26.4 35.9 42.5
      vertex -22.1368 35.3387 46.8
    endloop
  endfacet
  facet normal -0.670271 0.227618 -0.706347
    outer loop
      vertex -30.1 36.8914 46.3305
      vertex -30.1 37.4326 46.5049
      vertex -26.4 35.9 42.5
    endloop
  endfacet
  facet normal -0.532244 0.466673 -0.706351
    outer loop
      vertex -26.4 35.9 42.5
      vertex -29.8114 38.5177 46.8
      vertex -29.4406 38.9406 46.8
    endloop
  endfacet
  facet normal -0.393264 0.588571 -0.706348
    outer loop
      vertex -29.0177 39.3114 46.8
      vertex -28.5362 39.6 46.7724
      vertex -26.4 35.9 42.5
    endloop
  endfacet
  facet normal -0.393165 0.588385 -0.706558
    outer loop
      vertex -28.5362 39.6 46.7724
      vertex -29.0177 39.3114 46.8
      vertex -28.5858 39.6 46.8
    endloop
  endfacet
  facet normal -0.138105 0.694259 -0.706351
    outer loop
      vertex -26.4 35.9 42.5
      vertex -27.3914 39.6 46.3305
      vertex -26.8871 39.6 46.2319
    endloop
  endfacet
  facet normal 0.227618 0.670271 -0.706347
    outer loop
      vertex -24.8674 39.6 46.5049
      vertex -26.4 35.9 42.5
      vertex -25.4086 39.6 46.3305
    endloop
  endfacet
  facet normal 0.466673 0.532244 -0.706351
    outer loop
      vertex -23.3594 38.9406 46.8
      vertex -26.4 35.9 42.5
      vertex -23.7823 39.3114 46.8
    endloop
  endfacet
  facet normal 0.588572 0.393262 -0.706348
    outer loop
      vertex -22.6761 38.05 46.8
      vertex -26.4 35.9 42.5
      vertex -22.9886 38.5177 46.8
    endloop
  endfacet
  facet normal 0.694267 0.138073 -0.706349
    outer loop
      vertex -22.1368 36.4613 46.8
      vertex -26.4 35.9 42.5
      vertex -22.2465 37.0129 46.8
    endloop
  endfacet
  facet normal -0.313089 -0.63486 -0.706348
    outer loop
      vertex -28.0455 31.9273 46.8
      vertex -28.55 32.1761 46.8
      vertex -26.4 35.9 42.5
    endloop
  endfacet
  facet normal -0.634889 -0.313035 -0.706346
    outer loop
      vertex -30.1 33.7638 46.7724
      vertex -30.1 34.3674 46.5049
      vertex -26.4 35.9 42.5
    endloop
  endfacet
  facet normal -0.70635 -0.0462586 -0.70635
    outer loop
      vertex -30.1 35.4129 46.2319
      vertex -30.1 35.9 46.2
      vertex -26.4 35.9 42.5
    endloop
  endfacet
  facet normal 0.227543 -0.670295 -0.706349
    outer loop
      vertex -25.2871 31.7465 46.8
      vertex -26.4 35.9 42.5
      vertex -24.7545 31.9273 46.8
    endloop
  endfacet
  facet normal 0.0463097 -0.706348 -0.706348
    outer loop
      vertex -26.4 31.6 46.8
      vertex -26.4 35.9 42.5
      vertex -25.8387 31.6368 46.8
    endloop
  endfacet
  facet normal 0.466673 -0.532244 -0.706351
    outer loop
      vertex -23.7823 32.4886 46.8
      vertex -26.4 35.9 42.5
      vertex -23.3594 32.8594 46.8
    endloop
  endfacet
  facet normal 0.63486 -0.313089 -0.706348
    outer loop
      vertex -22.6761 33.75 46.8
      vertex -26.4 35.9 42.5
      vertex -22.4273 34.2545 46.8
    endloop
  endfacet
  facet normal -0.694259 0.138105 -0.706351
    outer loop
      vertex -30.1 36.3871 46.2319
      vertex -30.1 36.8914 46.3305
      vertex -26.4 35.9 42.5
    endloop
  endfacet
  facet normal -0.588571 0.393264 -0.706348
    outer loop
      vertex -30.1 38.0362 46.7724
      vertex -29.8114 38.5177 46.8
      vertex -26.4 35.9 42.5
    endloop
  endfacet
  facet normal -0.588385 0.393165 -0.706558
    outer loop
      vertex -29.8114 38.5177 46.8
      vertex -30.1 38.0362 46.7724
      vertex -30.1 38.0858 46.8
    endloop
  endfacet
  facet normal -0.313035 0.634889 -0.706346
    outer loop
      vertex -26.4 35.9 42.5
      vertex -28.5362 39.6 46.7724
      vertex -27.9326 39.6 46.5049
    endloop
  endfacet
  facet normal -0.0462586 0.70635 -0.70635
    outer loop
      vertex -26.4 35.9 42.5
      vertex -26.8871 39.6 46.2319
      vertex -26.4 39.6 46.2
    endloop
  endfacet
  facet normal 0.138105 0.694259 -0.706351
    outer loop
      vertex -25.4086 39.6 46.3305
      vertex -26.4 35.9 42.5
      vertex -25.9129 39.6 46.2319
    endloop
  endfacet
  facet normal 0.393165 0.588385 -0.706558
    outer loop
      vertex -23.7823 39.3114 46.8
      vertex -24.2638 39.6 46.7724
      vertex -24.2142 39.6 46.8
    endloop
  endfacet
  facet normal 0.393264 0.588571 -0.706348
    outer loop
      vertex -24.2638 39.6 46.7724
      vertex -23.7823 39.3114 46.8
      vertex -26.4 35.9 42.5
    endloop
  endfacet
  facet normal 0.63486 0.313089 -0.706348
    outer loop
      vertex -22.4273 37.5455 46.8
      vertex -26.4 35.9 42.5
      vertex -22.6761 38.05 46.8
    endloop
  endfacet
  facet normal 0.706348 0.0463097 -0.706348
    outer loop
      vertex -22.1 35.9 46.8
      vertex -26.4 35.9 42.5
      vertex -22.1368 36.4613 46.8
    endloop
  endfacet
  facet normal 0.831459 -0.555586 0
    outer loop
      vertex -22.9886 3.48233 49.4
      vertex -22.6761 3.95 46.8
      vertex -22.6761 3.95 49.4
    endloop
  endfacet
  facet normal 0.831459 -0.555586 0
    outer loop
      vertex -22.6761 3.95 46.8
      vertex -22.9886 3.48233 49.4
      vertex -22.9886 3.48233 46.8
    endloop
  endfacet
  facet normal 0.980796 0.195036 0
    outer loop
      vertex -22.1368 6.66126 49.4
      vertex -22.2465 7.21292 46.8
      vertex -22.2465 7.21292 49.4
    endloop
  endfacet
  facet normal 0.980796 0.195036 0
    outer loop
      vertex -22.2465 7.21292 46.8
      vertex -22.1368 6.66126 49.4
      vertex -22.1368 6.66126 46.8
    endloop
  endfacet
  facet normal 0.980796 -0.195036 0
    outer loop
      vertex -22.2465 4.98708 49.4
      vertex -22.1368 5.53874 46.8
      vertex -22.1368 5.53874 49.4
    endloop
  endfacet
  facet normal 0.980796 -0.195036 0
    outer loop
      vertex -22.1368 5.53874 46.8
      vertex -22.2465 4.98708 49.4
      vertex -22.2465 4.98708 46.8
    endloop
  endfacet
  facet normal 0.555562 -0.831475 0
    outer loop
      vertex -24.2142 2.4 46.8
      vertex -23.7823 2.68858 49.4
      vertex -24.2142 2.4 49.4
    endloop
  endfacet
  facet normal 0.555562 -0.831475 0
    outer loop
      vertex -23.7823 2.68858 49.4
      vertex -24.2142 2.4 46.8
      vertex -23.7823 2.68858 46.8
    endloop
  endfacet
  facet normal -0.751897 -0.659281 0
    outer loop
      vertex -29.4406 3.05944 46.8
      vertex -29.8114 3.48233 49.4
      vertex -29.8114 3.48233 46.8
    endloop
  endfacet
  facet normal -0.751897 -0.659281 0
    outer loop
      vertex -29.8114 3.48233 49.4
      vertex -29.4406 3.05944 46.8
      vertex -29.4406 3.05944 49.4
    endloop
  endfacet
  facet normal -0.555562 -0.831475 0
    outer loop
      vertex -29.0177 2.68858 46.8
      vertex -28.5858 2.4 49.4
      vertex -29.0177 2.68858 49.4
    endloop
  endfacet
  facet normal -0.555562 -0.831475 -0
    outer loop
      vertex -28.5858 2.4 49.4
      vertex -29.0177 2.68858 46.8
      vertex -28.5858 2.4 46.8
    endloop
  endfacet
  facet normal -0.659332 -0.751852 0
    outer loop
      vertex -29.4406 3.05944 46.8
      vertex -29.0177 2.68858 49.4
      vertex -29.4406 3.05944 49.4
    endloop
  endfacet
  facet normal -0.659332 -0.751852 -0
    outer loop
      vertex -29.0177 2.68858 49.4
      vertex -29.4406 3.05944 46.8
      vertex -29.0177 2.68858 46.8
    endloop
  endfacet
  facet normal 0.997857 -0.0654263 0
    outer loop
      vertex -22.1368 5.53874 49.4
      vertex -22.1 6.1 46.8
      vertex -22.1 6.1 49.4
    endloop
  endfacet
  facet normal 0.997857 -0.0654263 0
    outer loop
      vertex -22.1 6.1 46.8
      vertex -22.1368 5.53874 49.4
      vertex -22.1368 5.53874 46.8
    endloop
  endfacet
  facet normal 0.94693 0.321439 0
    outer loop
      vertex -22.2465 7.21292 49.4
      vertex -22.4273 7.74554 46.8
      vertex -22.4273 7.74554 49.4
    endloop
  endfacet
  facet normal 0.94693 0.321439 0
    outer loop
      vertex -22.4273 7.74554 46.8
      vertex -22.2465 7.21292 49.4
      vertex -22.2465 7.21292 46.8
    endloop
  endfacet
  facet normal -0.659332 0.751852 0
    outer loop
      vertex -29.0177 9.51142 46.8
      vertex -29.4406 9.14056 49.4
      vertex -29.0177 9.51142 49.4
    endloop
  endfacet
  facet normal -0.659332 0.751852 0
    outer loop
      vertex -29.4406 9.14056 49.4
      vertex -29.0177 9.51142 46.8
      vertex -29.4406 9.14056 46.8
    endloop
  endfacet
  facet normal 0.555549 0.831484 -0
    outer loop
      vertex -23.7823 9.51142 46.8
      vertex -24.25 9.82391 49.4
      vertex -23.7823 9.51142 49.4
    endloop
  endfacet
  facet normal 0.555549 0.831484 0
    outer loop
      vertex -24.25 9.82391 49.4
      vertex -23.7823 9.51142 46.8
      vertex -24.25 9.82391 46.8
    endloop
  endfacet
  facet normal 0.659332 -0.751852 0
    outer loop
      vertex -23.7823 2.68858 46.8
      vertex -23.3594 3.05944 49.4
      vertex -23.7823 2.68858 49.4
    endloop
  endfacet
  facet normal 0.659332 -0.751852 0
    outer loop
      vertex -23.3594 3.05944 49.4
      vertex -23.7823 2.68858 46.8
      vertex -23.3594 3.05944 46.8
    endloop
  endfacet
  facet normal -0.831452 -0.555597 0
    outer loop
      vertex -29.8114 3.48233 46.8
      vertex -30.1 3.91422 49.4
      vertex -30.1 3.91422 46.8
    endloop
  endfacet
  facet normal -0.831452 -0.555597 0
    outer loop
      vertex -30.1 3.91422 49.4
      vertex -29.8114 3.48233 46.8
      vertex -29.8114 3.48233 49.4
    endloop
  endfacet
  facet normal 0.997857 0.0654263 0
    outer loop
      vertex -22.1 6.1 49.4
      vertex -22.1368 6.66126 46.8
      vertex -22.1368 6.66126 49.4
    endloop
  endfacet
  facet normal 0.997857 0.0654263 0
    outer loop
      vertex -22.1368 6.66126 46.8
      vertex -22.1 6.1 49.4
      vertex -22.1 6.1 46.8
    endloop
  endfacet
  facet normal 0.831459 0.555586 0
    outer loop
      vertex -22.6761 8.25 49.4
      vertex -22.9886 8.71767 46.8
      vertex -22.9886 8.71767 49.4
    endloop
  endfacet
  facet normal 0.831459 0.555586 0
    outer loop
      vertex -22.9886 8.71767 46.8
      vertex -22.6761 8.25 49.4
      vertex -22.6761 8.25 46.8
    endloop
  endfacet
  facet normal -0.751897 0.659281 0
    outer loop
      vertex -29.8114 8.71767 46.8
      vertex -29.4406 9.14056 49.4
      vertex -29.4406 9.14056 46.8
    endloop
  endfacet
  facet normal -0.751897 0.659281 0
    outer loop
      vertex -29.4406 9.14056 49.4
      vertex -29.8114 8.71767 46.8
      vertex -29.8114 8.71767 49.4
    endloop
  endfacet
  facet normal 0.195056 0.980792 -0
    outer loop
      vertex -25.2871 10.2535 46.8
      vertex -25.8387 10.3632 49.4
      vertex -25.2871 10.2535 49.4
    endloop
  endfacet
  facet normal 0.195056 0.980792 0
    outer loop
      vertex -25.8387 10.3632 49.4
      vertex -25.2871 10.2535 46.8
      vertex -25.8387 10.3632 46.8
    endloop
  endfacet
  facet normal 0.659332 0.751852 -0
    outer loop
      vertex -23.3594 9.14056 46.8
      vertex -23.7823 9.51142 49.4
      vertex -23.3594 9.14056 49.4
    endloop
  endfacet
  facet normal 0.659332 0.751852 0
    outer loop
      vertex -23.7823 9.51142 49.4
      vertex -23.3594 9.14056 46.8
      vertex -23.7823 9.51142 46.8
    endloop
  endfacet
  facet normal 0.896853 -0.442329 0
    outer loop
      vertex -22.6761 3.95 49.4
      vertex -22.4273 4.45446 46.8
      vertex -22.4273 4.45446 49.4
    endloop
  endfacet
  facet normal 0.896853 -0.442329 0
    outer loop
      vertex -22.4273 4.45446 46.8
      vertex -22.6761 3.95 49.4
      vertex -22.6761 3.95 46.8
    endloop
  endfacet
  facet normal 0.94693 -0.321439 0
    outer loop
      vertex -22.4273 4.45446 49.4
      vertex -22.2465 4.98708 46.8
      vertex -22.2465 4.98708 49.4
    endloop
  endfacet
  facet normal 0.94693 -0.321439 0
    outer loop
      vertex -22.2465 4.98708 46.8
      vertex -22.4273 4.45446 49.4
      vertex -22.4273 4.45446 46.8
    endloop
  endfacet
  facet normal 0.751897 -0.659281 0
    outer loop
      vertex -23.3594 3.05944 49.4
      vertex -22.9886 3.48233 46.8
      vertex -22.9886 3.48233 49.4
    endloop
  endfacet
  facet normal 0.751897 -0.659281 0
    outer loop
      vertex -22.9886 3.48233 46.8
      vertex -23.3594 3.05944 49.4
      vertex -23.3594 3.05944 46.8
    endloop
  endfacet
  facet normal 0.896853 0.442329 0
    outer loop
      vertex -22.4273 7.74554 49.4
      vertex -22.6761 8.25 46.8
      vertex -22.6761 8.25 49.4
    endloop
  endfacet
  facet normal 0.896853 0.442329 0
    outer loop
      vertex -22.6761 8.25 46.8
      vertex -22.4273 7.74554 49.4
      vertex -22.4273 7.74554 46.8
    endloop
  endfacet
  facet normal 0.0654216 0.997858 -0
    outer loop
      vertex -25.8387 10.3632 46.8
      vertex -26.4 10.4 49.4
      vertex -25.8387 10.3632 49.4
    endloop
  endfacet
  facet normal 0.0654216 0.997858 0
    outer loop
      vertex -26.4 10.4 49.4
      vertex -25.8387 10.3632 46.8
      vertex -26.4 10.4 46.8
    endloop
  endfacet
  facet normal 0.442286 0.896874 -0
    outer loop
      vertex -24.25 9.82391 46.8
      vertex -24.7545 10.0727 49.4
      vertex -24.25 9.82391 49.4
    endloop
  endfacet
  facet normal 0.442286 0.896874 0
    outer loop
      vertex -24.7545 10.0727 49.4
      vertex -24.25 9.82391 46.8
      vertex -24.7545 10.0727 46.8
    endloop
  endfacet
  facet normal 0.32145 0.946927 -0
    outer loop
      vertex -24.7545 10.0727 46.8
      vertex -25.2871 10.2535 49.4
      vertex -24.7545 10.0727 49.4
    endloop
  endfacet
  facet normal 0.32145 0.946927 0
    outer loop
      vertex -25.2871 10.2535 49.4
      vertex -24.7545 10.0727 46.8
      vertex -25.2871 10.2535 46.8
    endloop
  endfacet
  facet normal 0.751897 0.659281 0
    outer loop
      vertex -22.9886 8.71767 49.4
      vertex -23.3594 9.14056 46.8
      vertex -23.3594 9.14056 49.4
    endloop
  endfacet
  facet normal 0.751897 0.659281 0
    outer loop
      vertex -23.3594 9.14056 46.8
      vertex -22.9886 8.71767 49.4
      vertex -22.9886 8.71767 46.8
    endloop
  endfacet
  facet normal -0.195056 0.980792 0
    outer loop
      vertex -26.9613 10.3632 46.8
      vertex -27.5129 10.2535 49.4
      vertex -26.9613 10.3632 49.4
    endloop
  endfacet
  facet normal -0.195056 0.980792 0
    outer loop
      vertex -27.5129 10.2535 49.4
      vertex -26.9613 10.3632 46.8
      vertex -27.5129 10.2535 46.8
    endloop
  endfacet
  facet normal -0.442286 0.896874 0
    outer loop
      vertex -28.0455 10.0727 46.8
      vertex -28.55 9.82391 49.4
      vertex -28.0455 10.0727 49.4
    endloop
  endfacet
  facet normal -0.442286 0.896874 0
    outer loop
      vertex -28.55 9.82391 49.4
      vertex -28.0455 10.0727 46.8
      vertex -28.55 9.82391 46.8
    endloop
  endfacet
  facet normal 0 0 1
    outer loop
      vertex -23.3 6.1 49.4
      vertex -22.1 6.1 49.4
      vertex -22.1368 6.66126 49.4
    endloop
  endfacet
  facet normal 0 0 1
    outer loop
      vertex -23.3265 6.50463 49.4
      vertex -22.1368 6.66126 49.4
      vertex -22.2465 7.21292 49.4
    endloop
  endfacet
  facet normal 0 0 1
    outer loop
      vertex -22.1 6.1 49.4
      vertex -23.3 6.1 49.4
      vertex -22.1368 5.53874 49.4
    endloop
  endfacet
  facet normal 0 0 1
    outer loop
      vertex -23.4056 6.90234 49.4
      vertex -22.2465 7.21292 49.4
      vertex -22.4273 7.74554 49.4
    endloop
  endfacet
  facet normal -0 0 1
    outer loop
      vertex -23.3265 5.69537 49.4
      vertex -22.1368 5.53874 49.4
      vertex -23.3 6.1 49.4
    endloop
  endfacet
  facet normal 0 0 1
    outer loop
      vertex -23.536 7.28632 49.4
      vertex -22.4273 7.74554 49.4
      vertex -22.6761 8.25 49.4
    endloop
  endfacet
  facet normal 0 0 1
    outer loop
      vertex -22.1368 5.53874 49.4
      vertex -23.3265 5.69537 49.4
      vertex -22.2465 4.98708 49.4
    endloop
  endfacet
  facet normal 0 0 1
    outer loop
      vertex -23.7153 7.65 49.4
      vertex -22.6761 8.25 49.4
      vertex -22.9886 8.71767 49.4
    endloop
  endfacet
  facet normal -0 0 1
    outer loop
      vertex -23.4056 5.29766 49.4
      vertex -22.2465 4.98708 49.4
      vertex -23.3265 5.69537 49.4
    endloop
  endfacet
  facet normal 0 0 1
    outer loop
      vertex -22.2465 4.98708 49.4
      vertex -23.4056 5.29766 49.4
      vertex -22.4273 4.45446 49.4
    endloop
  endfacet
  facet normal 0 0 1
    outer loop
      vertex -22.1368 6.66126 49.4
      vertex -23.3265 6.50463 49.4
      vertex -23.3 6.1 49.4
    endloop
  endfacet
  facet normal 0 0 1
    outer loop
      vertex -23.9406 7.98716 49.4
      vertex -22.9886 8.71767 49.4
      vertex -23.3594 9.14056 49.4
    endloop
  endfacet
  facet normal 0 0 1
    outer loop
      vertex -22.2465 7.21292 49.4
      vertex -23.4056 6.90234 49.4
      vertex -23.3265 6.50463 49.4
    endloop
  endfacet
  facet normal 0 0 1
    outer loop
      vertex -22.4273 7.74554 49.4
      vertex -23.536 7.28632 49.4
      vertex -23.4056 6.90234 49.4
    endloop
  endfacet
  facet normal 0 0 1
    outer loop
      vertex -22.6761 8.25 49.4
      vertex -23.7153 7.65 49.4
      vertex -23.536 7.28632 49.4
    endloop
  endfacet
  facet normal 0 0 1
    outer loop
      vertex -24.208 8.29203 49.4
      vertex -23.3594 9.14056 49.4
      vertex -23.7823 9.51142 49.4
    endloop
  endfacet
  facet normal 0 0 1
    outer loop
      vertex -22.9886 8.71767 49.4
      vertex -23.9406 7.98716 49.4
      vertex -23.7153 7.65 49.4
    endloop
  endfacet
  facet normal 0 0 1
    outer loop
      vertex -23.3594 9.14056 49.4
      vertex -24.208 8.29203 49.4
      vertex -23.9406 7.98716 49.4
    endloop
  endfacet
  facet normal 0 0 1
    outer loop
      vertex -24.5128 8.5594 49.4
      vertex -23.7823 9.51142 49.4
      vertex -24.25 9.82391 49.4
    endloop
  endfacet
  facet normal 0 0 1
    outer loop
      vertex -23.7823 9.51142 49.4
      vertex -24.5128 8.5594 49.4
      vertex -24.208 8.29203 49.4
    endloop
  endfacet
  facet normal 0 0 1
    outer loop
      vertex -24.85 8.78468 49.4
      vertex -24.25 9.82391 49.4
      vertex -24.7545 10.0727 49.4
    endloop
  endfacet
  facet normal 0 0 1
    outer loop
      vertex -24.25 9.82391 49.4
      vertex -24.85 8.78468 49.4
      vertex -24.5128 8.5594 49.4
    endloop
  endfacet
  facet normal 0 0 1
    outer loop
      vertex -24.7545 10.0727 49.4
      vertex -25.2137 8.96403 49.4
      vertex -24.85 8.78468 49.4
    endloop
  endfacet
  facet normal 0 0 1
    outer loop
      vertex -25.2871 10.2535 49.4
      vertex -25.2137 8.96403 49.4
      vertex -24.7545 10.0727 49.4
    endloop
  endfacet
  facet normal 0 0 1
    outer loop
      vertex -25.2871 10.2535 49.4
      vertex -25.5977 9.09437 49.4
      vertex -25.2137 8.96403 49.4
    endloop
  endfacet
  facet normal 0 0 1
    outer loop
      vertex -25.8387 10.3632 49.4
      vertex -25.5977 9.09437 49.4
      vertex -25.2871 10.2535 49.4
    endloop
  endfacet
  facet normal 0 0 1
    outer loop
      vertex -25.8387 10.3632 49.4
      vertex -25.9954 9.17348 49.4
      vertex -25.5977 9.09437 49.4
    endloop
  endfacet
  facet normal 0 0 1
    outer loop
      vertex -26.4 10.4 49.4
      vertex -25.9954 9.17348 49.4
      vertex -25.8387 10.3632 49.4
    endloop
  endfacet
  facet normal 0 0 1
    outer loop
      vertex -26.4 10.4 49.4
      vertex -26.4 9.2 49.4
      vertex -25.9954 9.17348 49.4
    endloop
  endfacet
  facet normal 0 0 1
    outer loop
      vertex -26.4 10.4 49.4
      vertex -26.8046 9.17348 49.4
      vertex -26.4 9.2 49.4
    endloop
  endfacet
  facet normal -0 0 1
    outer loop
      vertex -26.9613 10.3632 49.4
      vertex -26.8046 9.17348 49.4
      vertex -26.4 10.4 49.4
    endloop
  endfacet
  facet normal 0 0 1
    outer loop
      vertex -26.9613 10.3632 49.4
      vertex -27.2023 9.09437 49.4
      vertex -26.8046 9.17348 49.4
    endloop
  endfacet
  facet normal -0 0 1
    outer loop
      vertex -27.5129 10.2535 49.4
      vertex -27.2023 9.09437 49.4
      vertex -26.9613 10.3632 49.4
    endloop
  endfacet
  facet normal 0 0 1
    outer loop
      vertex -27.5129 10.2535 49.4
      vertex -27.5863 8.96403 49.4
      vertex -27.2023 9.09437 49.4
    endloop
  endfacet
  facet normal -0 0 1
    outer loop
      vertex -28.0455 10.0727 49.4
      vertex -27.5863 8.96403 49.4
      vertex -27.5129 10.2535 49.4
    endloop
  endfacet
  facet normal 0 0 1
    outer loop
      vertex -27.5863 8.96403 49.4
      vertex -28.0455 10.0727 49.4
      vertex -27.95 8.78468 49.4
    endloop
  endfacet
  facet normal -0 0 1
    outer loop
      vertex -28.55 9.82391 49.4
      vertex -27.95 8.78468 49.4
      vertex -28.0455 10.0727 49.4
    endloop
  endfacet
  facet normal 0 0 1
    outer loop
      vertex -27.95 8.78468 49.4
      vertex -28.55 9.82391 49.4
      vertex -28.2872 8.5594 49.4
    endloop
  endfacet
  facet normal -0 0 1
    outer loop
      vertex -29.0177 9.51142 49.4
      vertex -28.2872 8.5594 49.4
      vertex -28.55 9.82391 49.4
    endloop
  endfacet
  facet normal 0 0 1
    outer loop
      vertex -28.2872 8.5594 49.4
      vertex -29.0177 9.51142 49.4
      vertex -28.592 8.29203 49.4
    endloop
  endfacet
  facet normal -0 0 1
    outer loop
      vertex -29.4406 9.14056 49.4
      vertex -28.592 8.29203 49.4
      vertex -29.0177 9.51142 49.4
    endloop
  endfacet
  facet normal 0 0 1
    outer loop
      vertex -28.592 8.29203 49.4
      vertex -29.4406 9.14056 49.4
      vertex -28.8594 7.98716 49.4
    endloop
  endfacet
  facet normal -0 0 1
    outer loop
      vertex -29.8114 8.71767 49.4
      vertex -28.8594 7.98716 49.4
      vertex -29.4406 9.14056 49.4
    endloop
  endfacet
  facet normal -0 0 1
    outer loop
      vertex -30.1 8.28578 49.4
      vertex -28.8594 7.98716 49.4
      vertex -29.8114 8.71767 49.4
    endloop
  endfacet
  facet normal 0 0 1
    outer loop
      vertex -28.8594 7.98716 49.4
      vertex -30.1 8.28578 49.4
      vertex -29.0847 7.65 49.4
    endloop
  endfacet
  facet normal 0 0 1
    outer loop
      vertex -29.0847 7.65 49.4
      vertex -30.1 8.28578 49.4
      vertex -29.264 7.28632 49.4
    endloop
  endfacet
  facet normal 0 0 1
    outer loop
      vertex -29.264 7.28632 49.4
      vertex -30.1 8.28578 49.4
      vertex -29.3944 6.90234 49.4
    endloop
  endfacet
  facet normal 0 0 1
    outer loop
      vertex -29.3944 6.90234 49.4
      vertex -30.1 8.28578 49.4
      vertex -29.4735 6.50463 49.4
    endloop
  endfacet
  facet normal -0 0 1
    outer loop
      vertex -23.536 4.91368 49.4
      vertex -22.4273 4.45446 49.4
      vertex -23.4056 5.29766 49.4
    endloop
  endfacet
  facet normal 0 0 1
    outer loop
      vertex -22.4273 4.45446 49.4
      vertex -23.536 4.91368 49.4
      vertex -22.6761 3.95 49.4
    endloop
  endfacet
  facet normal -0 0 1
    outer loop
      vertex -23.7153 4.55 49.4
      vertex -22.6761 3.95 49.4
      vertex -23.536 4.91368 49.4
    endloop
  endfacet
  facet normal 0 0 1
    outer loop
      vertex -22.6761 3.95 49.4
      vertex -23.7153 4.55 49.4
      vertex -22.9886 3.48233 49.4
    endloop
  endfacet
  facet normal -0 0 1
    outer loop
      vertex -23.9406 4.21284 49.4
      vertex -22.9886 3.48233 49.4
      vertex -23.7153 4.55 49.4
    endloop
  endfacet
  facet normal 0 0 1
    outer loop
      vertex -22.9886 3.48233 49.4
      vertex -23.9406 4.21284 49.4
      vertex -23.3594 3.05944 49.4
    endloop
  endfacet
  facet normal -0 0 1
    outer loop
      vertex -24.208 3.90797 49.4
      vertex -23.3594 3.05944 49.4
      vertex -23.9406 4.21284 49.4
    endloop
  endfacet
  facet normal 0 0 1
    outer loop
      vertex -23.3594 3.05944 49.4
      vertex -24.208 3.90797 49.4
      vertex -23.7823 2.68858 49.4
    endloop
  endfacet
  facet normal -0 0 1
    outer loop
      vertex -24.5128 3.6406 49.4
      vertex -23.7823 2.68858 49.4
      vertex -24.208 3.90797 49.4
    endloop
  endfacet
  facet normal 0 0 1
    outer loop
      vertex -23.7823 2.68858 49.4
      vertex -24.5128 3.6406 49.4
      vertex -24.2142 2.4 49.4
    endloop
  endfacet
  facet normal -0 0 1
    outer loop
      vertex -24.85 3.41532 49.4
      vertex -24.2142 2.4 49.4
      vertex -24.5128 3.6406 49.4
    endloop
  endfacet
  facet normal -0 0 1
    outer loop
      vertex -25.2137 3.23597 49.4
      vertex -24.2142 2.4 49.4
      vertex -24.85 3.41532 49.4
    endloop
  endfacet
  facet normal -0 0 1
    outer loop
      vertex -25.5977 3.10563 49.4
      vertex -24.2142 2.4 49.4
      vertex -25.2137 3.23597 49.4
    endloop
  endfacet
  facet normal -0 0 1
    outer loop
      vertex -25.9954 3.02652 49.4
      vertex -24.2142 2.4 49.4
      vertex -25.5977 3.10563 49.4
    endloop
  endfacet
  facet normal -0 0 1
    outer loop
      vertex -26.4 3 49.4
      vertex -24.2142 2.4 49.4
      vertex -25.9954 3.02652 49.4
    endloop
  endfacet
  facet normal 0 0 1
    outer loop
      vertex -28.5858 2.4 49.4
      vertex -26.4 3 49.4
      vertex -26.8046 3.02652 49.4
    endloop
  endfacet
  facet normal 0 0 1
    outer loop
      vertex -28.5858 2.4 49.4
      vertex -26.8046 3.02652 49.4
      vertex -27.2023 3.10563 49.4
    endloop
  endfacet
  facet normal 0 0 1
    outer loop
      vertex -26.4 3 49.4
      vertex -28.5858 2.4 49.4
      vertex -24.2142 2.4 49.4
    endloop
  endfacet
  facet normal 0 0 1
    outer loop
      vertex -27.5863 3.23597 49.4
      vertex -28.5858 2.4 49.4
      vertex -27.2023 3.10563 49.4
    endloop
  endfacet
  facet normal 0 0 1
    outer loop
      vertex -27.95 3.41532 49.4
      vertex -28.5858 2.4 49.4
      vertex -27.5863 3.23597 49.4
    endloop
  endfacet
  facet normal 0 0 1
    outer loop
      vertex -28.2872 3.6406 49.4
      vertex -28.5858 2.4 49.4
      vertex -27.95 3.41532 49.4
    endloop
  endfacet
  facet normal 0 0 1
    outer loop
      vertex -29.0177 2.68858 49.4
      vertex -28.2872 3.6406 49.4
      vertex -28.592 3.90797 49.4
    endloop
  endfacet
  facet normal 0 0 1
    outer loop
      vertex -29.4406 3.05944 49.4
      vertex -28.592 3.90797 49.4
      vertex -28.8594 4.21284 49.4
    endloop
  endfacet
  facet normal 0 0 1
    outer loop
      vertex -28.2872 3.6406 49.4
      vertex -29.0177 2.68858 49.4
      vertex -28.5858 2.4 49.4
    endloop
  endfacet
  facet normal 0 0 1
    outer loop
      vertex -30.1 3.91422 49.4
      vertex -28.8594 4.21284 49.4
      vertex -29.0847 4.55 49.4
    endloop
  endfacet
  facet normal 0 0 1
    outer loop
      vertex -30.1 3.91422 49.4
      vertex -29.0847 4.55 49.4
      vertex -29.264 4.91368 49.4
    endloop
  endfacet
  facet normal 0 0 1
    outer loop
      vertex -30.1 3.91422 49.4
      vertex -29.264 4.91368 49.4
      vertex -29.3944 5.29766 49.4
    endloop
  endfacet
  facet normal 0 0 1
    outer loop
      vertex -28.592 3.90797 49.4
      vertex -29.4406 3.05944 49.4
      vertex -29.0177 2.68858 49.4
    endloop
  endfacet
  facet normal 0 0 1
    outer loop
      vertex -30.1 3.91422 49.4
      vertex -29.3944 5.29766 49.4
      vertex -29.4735 5.69537 49.4
    endloop
  endfacet
  facet normal 0 0 1
    outer loop
      vertex -30.1 3.91422 49.4
      vertex -29.4735 5.69537 49.4
      vertex -29.5 6.1 49.4
    endloop
  endfacet
  facet normal 0 0 1
    outer loop
      vertex -29.4735 6.50463 49.4
      vertex -30.1 8.28578 49.4
      vertex -29.5 6.1 49.4
    endloop
  endfacet
  facet normal 0 0 1
    outer loop
      vertex -28.8594 4.21284 49.4
      vertex -29.8114 3.48233 49.4
      vertex -29.4406 3.05944 49.4
    endloop
  endfacet
  facet normal 0 0 1
    outer loop
      vertex -30.1 3.91422 49.4
      vertex -29.5 6.1 49.4
      vertex -30.1 8.28578 49.4
    endloop
  endfacet
  facet normal 0 0 1
    outer loop
      vertex -28.8594 4.21284 49.4
      vertex -30.1 3.91422 49.4
      vertex -29.8114 3.48233 49.4
    endloop
  endfacet
  facet normal -0.831452 0.555597 0
    outer loop
      vertex -30.1 8.28578 46.8
      vertex -29.8114 8.71767 49.4
      vertex -29.8114 8.71767 46.8
    endloop
  endfacet
  facet normal -0.831452 0.555597 0
    outer loop
      vertex -29.8114 8.71767 49.4
      vertex -30.1 8.28578 46.8
      vertex -30.1 8.28578 49.4
    endloop
  endfacet
  facet normal -0.0654216 0.997858 0
    outer loop
      vertex -26.4 10.4 46.8
      vertex -26.9613 10.3632 49.4
      vertex -26.4 10.4 49.4
    endloop
  endfacet
  facet normal -0.0654216 0.997858 0
    outer loop
      vertex -26.9613 10.3632 49.4
      vertex -26.4 10.4 46.8
      vertex -26.9613 10.3632 46.8
    endloop
  endfacet
  facet normal -0.555549 0.831484 0
    outer loop
      vertex -28.55 9.82391 46.8
      vertex -29.0177 9.51142 49.4
      vertex -28.55 9.82391 49.4
    endloop
  endfacet
  facet normal -0.555549 0.831484 0
    outer loop
      vertex -29.0177 9.51142 49.4
      vertex -28.55 9.82391 46.8
      vertex -29.0177 9.51142 46.8
    endloop
  endfacet
  facet normal -0.32145 0.946927 0
    outer loop
      vertex -27.5129 10.2535 46.8
      vertex -28.0455 10.0727 49.4
      vertex -27.5129 10.2535 49.4
    endloop
  endfacet
  facet normal -0.32145 0.946927 0
    outer loop
      vertex -28.0455 10.0727 49.4
      vertex -27.5129 10.2535 46.8
      vertex -28.0455 10.0727 46.8
    endloop
  endfacet
  facet normal 0.706348 -0.046313 -0.706348
    outer loop
      vertex -22.1368 5.53874 46.8
      vertex -26.4 6.1 42.5
      vertex -22.1 6.1 46.8
    endloop
  endfacet
  facet normal -0.70635 0.0462576 -0.70635
    outer loop
      vertex -30.1 6.1 46.2
      vertex -30.1 6.58711 46.2319
      vertex -26.4 6.1 42.5
    endloop
  endfacet
  facet normal -0.138105 -0.694259 -0.706351
    outer loop
      vertex -26.8871 2.4 46.2319
      vertex -27.3914 2.4 46.3305
      vertex -26.4 6.1 42.5
    endloop
  endfacet
  facet normal 0.0463097 0.706348 -0.706348
    outer loop
      vertex -26.4 6.1 42.5
      vertex -26.4 10.4 46.8
      vertex -25.8387 10.3632 46.8
    endloop
  endfacet
  facet normal -0.53224 -0.466681 -0.706349
    outer loop
      vertex -29.4406 3.05944 46.8
      vertex -29.8114 3.48233 46.8
      vertex -26.4 6.1 42.5
    endloop
  endfacet
  facet normal 0.393156 -0.588412 -0.706541
    outer loop
      vertex -24.2638 2.4 46.7724
      vertex -23.7823 2.68858 46.8
      vertex -24.2142 2.4 46.8
    endloop
  endfacet
  facet normal 0.393246 -0.588582 -0.706349
    outer loop
      vertex -23.7823 2.68858 46.8
      vertex -24.2638 2.4 46.7724
      vertex -26.4 6.1 42.5
    endloop
  endfacet
  facet normal -0.466717 0.532207 -0.70635
    outer loop
      vertex -26.4 6.1 42.5
      vertex -29.4406 9.14056 46.8
      vertex -29.0177 9.51142 46.8
    endloop
  endfacet
  facet normal 0.53224 0.466681 -0.706349
    outer loop
      vertex -22.9886 8.71767 46.8
      vertex -26.4 6.1 42.5
      vertex -23.3594 9.14056 46.8
    endloop
  endfacet
  facet normal -0.393156 -0.588412 -0.706541
    outer loop
      vertex -29.0177 2.68858 46.8
      vertex -28.5362 2.4 46.7724
      vertex -28.5858 2.4 46.8
    endloop
  endfacet
  facet normal -0.393246 -0.588582 -0.706349
    outer loop
      vertex -28.5362 2.4 46.7724
      vertex -29.0177 2.68858 46.8
      vertex -26.4 6.1 42.5
    endloop
  endfacet
  facet normal -0.670268 -0.227627 -0.706347
    outer loop
      vertex -30.1 4.56741 46.5049
      vertex -30.1 5.10859 46.3305
      vertex -26.4 6.1 42.5
    endloop
  endfacet
  facet normal 0.138105 -0.694259 -0.706351
    outer loop
      vertex -25.9129 2.4 46.2319
      vertex -26.4 6.1 42.5
      vertex -25.4086 2.4 46.3305
    endloop
  endfacet
  facet normal 0.588561 -0.39328 -0.706348
    outer loop
      vertex -22.9886 3.48233 46.8
      vertex -26.4 6.1 42.5
      vertex -22.6761 3.95 46.8
    endloop
  endfacet
  facet normal -0.634892 0.313029 -0.706346
    outer loop
      vertex -30.1 7.63259 46.5049
      vertex -30.1 8.2362 46.7724
      vertex -26.4 6.1 42.5
    endloop
  endfacet
  facet normal -0.227543 0.670295 -0.706349
    outer loop
      vertex -26.4 6.1 42.5
      vertex -28.0455 10.0727 46.8
      vertex -27.5129 10.2535 46.8
    endloop
  endfacet
  facet normal 0.313078 0.634865 -0.706349
    outer loop
      vertex -24.25 9.82391 46.8
      vertex -26.4 6.1 42.5
      vertex -24.7545 10.0727 46.8
    endloop
  endfacet
  facet normal 0.670297 0.227535 -0.70635
    outer loop
      vertex -22.2465 7.21292 46.8
      vertex -26.4 6.1 42.5
      vertex -22.4273 7.74554 46.8
    endloop
  endfacet
  facet normal -0.227618 -0.670271 -0.706347
    outer loop
      vertex -27.3914 2.4 46.3305
      vertex -27.9326 2.4 46.5049
      vertex -26.4 6.1 42.5
    endloop
  endfacet
  facet normal -0.466717 -0.532207 -0.70635
    outer loop
      vertex -29.0177 2.68858 46.8
      vertex -29.4406 3.05944 46.8
      vertex -26.4 6.1 42.5
    endloop
  endfacet
  facet normal -0.588495 -0.393247 -0.706421
    outer loop
      vertex -30.1 3.9638 46.7724
      vertex -29.8114 3.48233 46.8
      vertex -30.1 3.91422 46.8
    endloop
  endfacet
  facet normal -0.58856 -0.393282 -0.706348
    outer loop
      vertex -29.8114 3.48233 46.8
      vertex -30.1 3.9638 46.7724
      vertex -26.4 6.1 42.5
    endloop
  endfacet
  facet normal -0.694259 -0.138105 -0.706351
    outer loop
      vertex -30.1 5.10859 46.3305
      vertex -30.1 5.61289 46.2319
      vertex -26.4 6.1 42.5
    endloop
  endfacet
  facet normal 0.313035 -0.634889 -0.706346
    outer loop
      vertex -24.8674 2.4 46.5049
      vertex -26.4 6.1 42.5
      vertex -24.2638 2.4 46.7724
    endloop
  endfacet
  facet normal -0.0462586 -0.70635 -0.70635
    outer loop
      vertex -26.4 2.4 46.2
      vertex -26.8871 2.4 46.2319
      vertex -26.4 6.1 42.5
    endloop
  endfacet
  facet normal 0.53224 -0.466681 -0.706349
    outer loop
      vertex -23.3594 3.05944 46.8
      vertex -26.4 6.1 42.5
      vertex -22.9886 3.48233 46.8
    endloop
  endfacet
  facet normal 0.670297 -0.227535 -0.70635
    outer loop
      vertex -22.4273 4.45446 46.8
      vertex -26.4 6.1 42.5
      vertex -22.2465 4.98708 46.8
    endloop
  endfacet
  facet normal 0.69427 -0.138059 -0.706349
    outer loop
      vertex -22.2465 4.98708 46.8
      vertex -26.4 6.1 42.5
      vertex -22.1368 5.53874 46.8
    endloop
  endfacet
  facet normal -0.670268 0.227627 -0.706347
    outer loop
      vertex -30.1 7.09141 46.3305
      vertex -30.1 7.63259 46.5049
      vertex -26.4 6.1 42.5
    endloop
  endfacet
  facet normal -0.53224 0.466681 -0.706349
    outer loop
      vertex -26.4 6.1 42.5
      vertex -29.8114 8.71767 46.8
      vertex -29.4406 9.14056 46.8
    endloop
  endfacet
  facet normal -0.393253 0.588577 -0.706349
    outer loop
      vertex -26.4 6.1 42.5
      vertex -29.0177 9.51142 46.8
      vertex -28.55 9.82391 46.8
    endloop
  endfacet
  facet normal -0.138073 0.694267 -0.706349
    outer loop
      vertex -26.4 6.1 42.5
      vertex -27.5129 10.2535 46.8
      vertex -26.9613 10.3632 46.8
    endloop
  endfacet
  facet normal 0.227543 0.670295 -0.706349
    outer loop
      vertex -24.7545 10.0727 46.8
      vertex -26.4 6.1 42.5
      vertex -25.2871 10.2535 46.8
    endloop
  endfacet
  facet normal 0.466717 0.532207 -0.70635
    outer loop
      vertex -23.3594 9.14056 46.8
      vertex -26.4 6.1 42.5
      vertex -23.7823 9.51142 46.8
    endloop
  endfacet
  facet normal 0.588561 0.39328 -0.706348
    outer loop
      vertex -22.6761 8.25 46.8
      vertex -26.4 6.1 42.5
      vertex -22.9886 8.71767 46.8
    endloop
  endfacet
  facet normal 0.69427 0.138059 -0.706349
    outer loop
      vertex -22.1368 6.66126 46.8
      vertex -26.4 6.1 42.5
      vertex -22.2465 7.21292 46.8
    endloop
  endfacet
  facet normal -0.313035 -0.634889 -0.706346
    outer loop
      vertex -27.9326 2.4 46.5049
      vertex -28.5362 2.4 46.7724
      vertex -26.4 6.1 42.5
    endloop
  endfacet
  facet normal -0.634892 -0.313029 -0.706346
    outer loop
      vertex -30.1 3.9638 46.7724
      vertex -30.1 4.56741 46.5049
      vertex -26.4 6.1 42.5
    endloop
  endfacet
  facet normal -0.70635 -0.0462576 -0.70635
    outer loop
      vertex -30.1 5.61289 46.2319
      vertex -30.1 6.1 46.2
      vertex -26.4 6.1 42.5
    endloop
  endfacet
  facet normal 0.227618 -0.670271 -0.706347
    outer loop
      vertex -25.4086 2.4 46.3305
      vertex -26.4 6.1 42.5
      vertex -24.8674 2.4 46.5049
    endloop
  endfacet
  facet normal 0.0462586 -0.70635 -0.70635
    outer loop
      vertex -26.4 2.4 46.2
      vertex -26.4 6.1 42.5
      vertex -25.9129 2.4 46.2319
    endloop
  endfacet
  facet normal 0.466717 -0.532207 -0.70635
    outer loop
      vertex -23.7823 2.68858 46.8
      vertex -26.4 6.1 42.5
      vertex -23.3594 3.05944 46.8
    endloop
  endfacet
  facet normal 0.63485 -0.313108 -0.706349
    outer loop
      vertex -22.6761 3.95 46.8
      vertex -26.4 6.1 42.5
      vertex -22.4273 4.45446 46.8
    endloop
  endfacet
  facet normal -0.694259 0.138105 -0.706351
    outer loop
      vertex -30.1 6.58711 46.2319
      vertex -30.1 7.09141 46.3305
      vertex -26.4 6.1 42.5
    endloop
  endfacet
  facet normal -0.58856 0.393282 -0.706348
    outer loop
      vertex -30.1 8.2362 46.7724
      vertex -29.8114 8.71767 46.8
      vertex -26.4 6.1 42.5
    endloop
  endfacet
  facet normal -0.588495 0.393247 -0.706421
    outer loop
      vertex -29.8114 8.71767 46.8
      vertex -30.1 8.2362 46.7724
      vertex -30.1 8.28578 46.8
    endloop
  endfacet
  facet normal -0.313078 0.634865 -0.706349
    outer loop
      vertex -26.4 6.1 42.5
      vertex -28.55 9.82391 46.8
      vertex -28.0455 10.0727 46.8
    endloop
  endfacet
  facet normal -0.0463097 0.706348 -0.706348
    outer loop
      vertex -26.4 6.1 42.5
      vertex -26.9613 10.3632 46.8
      vertex -26.4 10.4 46.8
    endloop
  endfacet
  facet normal 0.138073 0.694267 -0.706349
    outer loop
      vertex -25.2871 10.2535 46.8
      vertex -26.4 6.1 42.5
      vertex -25.8387 10.3632 46.8
    endloop
  endfacet
  facet normal 0.393253 0.588577 -0.706349
    outer loop
      vertex -23.7823 9.51142 46.8
      vertex -26.4 6.1 42.5
      vertex -24.25 9.82391 46.8
    endloop
  endfacet
  facet normal 0.63485 0.313108 -0.706349
    outer loop
      vertex -22.4273 7.74554 46.8
      vertex -26.4 6.1 42.5
      vertex -22.6761 8.25 46.8
    endloop
  endfacet
  facet normal 0.706348 0.046313 -0.706348
    outer loop
      vertex -22.1 6.1 46.8
      vertex -26.4 6.1 42.5
      vertex -22.1368 6.66126 46.8
    endloop
  endfacet
  facet normal -0.997858 -0.0654216 0
    outer loop
      vertex 22.1368 35.3387 46.8
      vertex 22.1 35.9 49.4
      vertex 22.1 35.9 46.8
    endloop
  endfacet
  facet normal -0.997858 -0.0654216 0
    outer loop
      vertex 22.1 35.9 49.4
      vertex 22.1368 35.3387 46.8
      vertex 22.1368 35.3387 49.4
    endloop
  endfacet
  facet normal -0.0654216 -0.997858 0
    outer loop
      vertex 25.8387 31.6368 46.8
      vertex 26.4 31.6 49.4
      vertex 25.8387 31.6368 49.4
    endloop
  endfacet
  facet normal -0.0654216 -0.997858 -0
    outer loop
      vertex 26.4 31.6 49.4
      vertex 25.8387 31.6368 46.8
      vertex 26.4 31.6 46.8
    endloop
  endfacet
  facet normal 0.751904 0.659272 0
    outer loop
      vertex 29.8114 38.5177 49.4
      vertex 29.4406 38.9406 46.8
      vertex 29.4406 38.9406 49.4
    endloop
  endfacet
  facet normal 0.751904 0.659272 0
    outer loop
      vertex 29.4406 38.9406 46.8
      vertex 29.8114 38.5177 49.4
      vertex 29.8114 38.5177 46.8
    endloop
  endfacet
  facet normal 0.659272 -0.751904 0
    outer loop
      vertex 29.0177 32.4886 46.8
      vertex 29.4406 32.8594 49.4
      vertex 29.0177 32.4886 49.4
    endloop
  endfacet
  facet normal 0.659272 -0.751904 0
    outer loop
      vertex 29.4406 32.8594 49.4
      vertex 29.0177 32.4886 46.8
      vertex 29.4406 32.8594 46.8
    endloop
  endfacet
  facet normal -0.659272 -0.751904 0
    outer loop
      vertex 23.3594 32.8594 46.8
      vertex 23.7823 32.4886 49.4
      vertex 23.3594 32.8594 49.4
    endloop
  endfacet
  facet normal -0.659272 -0.751904 -0
    outer loop
      vertex 23.7823 32.4886 49.4
      vertex 23.3594 32.8594 46.8
      vertex 23.7823 32.4886 46.8
    endloop
  endfacet
  facet normal -0.4423 -0.896867 0
    outer loop
      vertex 24.25 32.1761 46.8
      vertex 24.7545 31.9273 49.4
      vertex 24.25 32.1761 49.4
    endloop
  endfacet
  facet normal -0.4423 -0.896867 -0
    outer loop
      vertex 24.7545 31.9273 49.4
      vertex 24.25 32.1761 46.8
      vertex 24.7545 31.9273 46.8
    endloop
  endfacet
  facet normal 0.831457 -0.555588 0
    outer loop
      vertex 29.8114 33.2823 49.4
      vertex 30.1 33.7142 46.8
      vertex 30.1 33.7142 49.4
    endloop
  endfacet
  facet normal 0.831457 -0.555588 0
    outer loop
      vertex 30.1 33.7142 46.8
      vertex 29.8114 33.2823 49.4
      vertex 29.8114 33.2823 46.8
    endloop
  endfacet
  facet normal 0.32145 -0.946927 0
    outer loop
      vertex 27.5129 31.7465 46.8
      vertex 28.0455 31.9273 49.4
      vertex 27.5129 31.7465 49.4
    endloop
  endfacet
  facet normal 0.32145 -0.946927 0
    outer loop
      vertex 28.0455 31.9273 49.4
      vertex 27.5129 31.7465 46.8
      vertex 28.0455 31.9273 46.8
    endloop
  endfacet
  facet normal 0.555561 -0.831475 0
    outer loop
      vertex 28.55 32.1761 46.8
      vertex 29.0177 32.4886 49.4
      vertex 28.55 32.1761 49.4
    endloop
  endfacet
  facet normal 0.555561 -0.831475 0
    outer loop
      vertex 29.0177 32.4886 49.4
      vertex 28.55 32.1761 46.8
      vertex 29.0177 32.4886 46.8
    endloop
  endfacet
  facet normal -0.896867 -0.4423 0
    outer loop
      vertex 22.6761 33.75 46.8
      vertex 22.4273 34.2545 49.4
      vertex 22.4273 34.2545 46.8
    endloop
  endfacet
  facet normal -0.896867 -0.4423 0
    outer loop
      vertex 22.4273 34.2545 49.4
      vertex 22.6761 33.75 46.8
      vertex 22.6761 33.75 49.4
    endloop
  endfacet
  facet normal -0.751904 -0.659272 0
    outer loop
      vertex 23.3594 32.8594 46.8
      vertex 22.9886 33.2823 49.4
      vertex 22.9886 33.2823 46.8
    endloop
  endfacet
  facet normal -0.751904 -0.659272 0
    outer loop
      vertex 22.9886 33.2823 49.4
      vertex 23.3594 32.8594 46.8
      vertex 23.3594 32.8594 49.4
    endloop
  endfacet
  facet normal -0.946927 -0.32145 0
    outer loop
      vertex 22.4273 34.2545 46.8
      vertex 22.2465 34.7871 49.4
      vertex 22.2465 34.7871 46.8
    endloop
  endfacet
  facet normal -0.946927 -0.32145 0
    outer loop
      vertex 22.2465 34.7871 49.4
      vertex 22.4273 34.2545 46.8
      vertex 22.4273 34.2545 49.4
    endloop
  endfacet
  facet normal -0.555561 -0.831475 0
    outer loop
      vertex 23.7823 32.4886 46.8
      vertex 24.25 32.1761 49.4
      vertex 23.7823 32.4886 49.4
    endloop
  endfacet
  facet normal -0.555561 -0.831475 -0
    outer loop
      vertex 24.25 32.1761 49.4
      vertex 23.7823 32.4886 46.8
      vertex 24.25 32.1761 46.8
    endloop
  endfacet
  facet normal -0.195056 -0.980792 0
    outer loop
      vertex 25.2871 31.7465 46.8
      vertex 25.8387 31.6368 49.4
      vertex 25.2871 31.7465 49.4
    endloop
  endfacet
  facet normal -0.195056 -0.980792 -0
    outer loop
      vertex 25.8387 31.6368 49.4
      vertex 25.2871 31.7465 46.8
      vertex 25.8387 31.6368 46.8
    endloop
  endfacet
  facet normal 0.751904 -0.659272 0
    outer loop
      vertex 29.4406 32.8594 49.4
      vertex 29.8114 33.2823 46.8
      vertex 29.8114 33.2823 49.4
    endloop
  endfacet
  facet normal 0.751904 -0.659272 0
    outer loop
      vertex 29.8114 33.2823 46.8
      vertex 29.4406 32.8594 49.4
      vertex 29.4406 32.8594 46.8
    endloop
  endfacet
  facet normal 0.195056 -0.980792 0
    outer loop
      vertex 26.9613 31.6368 46.8
      vertex 27.5129 31.7465 49.4
      vertex 26.9613 31.6368 49.4
    endloop
  endfacet
  facet normal 0.195056 -0.980792 0
    outer loop
      vertex 27.5129 31.7465 49.4
      vertex 26.9613 31.6368 46.8
      vertex 27.5129 31.7465 46.8
    endloop
  endfacet
  facet normal 0.0654216 -0.997858 0
    outer loop
      vertex 26.4 31.6 46.8
      vertex 26.9613 31.6368 49.4
      vertex 26.4 31.6 49.4
    endloop
  endfacet
  facet normal 0.0654216 -0.997858 0
    outer loop
      vertex 26.9613 31.6368 49.4
      vertex 26.4 31.6 46.8
      vertex 26.9613 31.6368 46.8
    endloop
  endfacet
  facet normal 0.4423 -0.896867 0
    outer loop
      vertex 28.0455 31.9273 46.8
      vertex 28.55 32.1761 49.4
      vertex 28.0455 31.9273 49.4
    endloop
  endfacet
  facet normal 0.4423 -0.896867 0
    outer loop
      vertex 28.55 32.1761 49.4
      vertex 28.0455 31.9273 46.8
      vertex 28.55 32.1761 46.8
    endloop
  endfacet
  facet normal -0.831475 -0.555561 0
    outer loop
      vertex 22.9886 33.2823 46.8
      vertex 22.6761 33.75 49.4
      vertex 22.6761 33.75 46.8
    endloop
  endfacet
  facet normal -0.831475 -0.555561 0
    outer loop
      vertex 22.6761 33.75 49.4
      vertex 22.9886 33.2823 46.8
      vertex 22.9886 33.2823 49.4
    endloop
  endfacet
  facet normal -0.980792 -0.195056 0
    outer loop
      vertex 22.2465 34.7871 46.8
      vertex 22.1368 35.3387 49.4
      vertex 22.1368 35.3387 46.8
    endloop
  endfacet
  facet normal -0.980792 -0.195056 0
    outer loop
      vertex 22.1368 35.3387 49.4
      vertex 22.2465 34.7871 46.8
      vertex 22.2465 34.7871 49.4
    endloop
  endfacet
  facet normal -0.32145 -0.946927 0
    outer loop
      vertex 24.7545 31.9273 46.8
      vertex 25.2871 31.7465 49.4
      vertex 24.7545 31.9273 49.4
    endloop
  endfacet
  facet normal -0.32145 -0.946927 -0
    outer loop
      vertex 25.2871 31.7465 49.4
      vertex 24.7545 31.9273 46.8
      vertex 25.2871 31.7465 46.8
    endloop
  endfacet
  facet normal 0.831457 0.555588 0
    outer loop
      vertex 30.1 38.0858 49.4
      vertex 29.8114 38.5177 46.8
      vertex 29.8114 38.5177 49.4
    endloop
  endfacet
  facet normal 0.831457 0.555588 0
    outer loop
      vertex 29.8114 38.5177 46.8
      vertex 30.1 38.0858 49.4
      vertex 30.1 38.0858 46.8
    endloop
  endfacet
  facet normal -0.659272 0.751904 0
    outer loop
      vertex 23.7823 39.3114 46.8
      vertex 23.3594 38.9406 49.4
      vertex 23.7823 39.3114 49.4
    endloop
  endfacet
  facet normal -0.659272 0.751904 0
    outer loop
      vertex 23.3594 38.9406 49.4
      vertex 23.7823 39.3114 46.8
      vertex 23.3594 38.9406 46.8
    endloop
  endfacet
  facet normal -0.896867 0.4423 0
    outer loop
      vertex 22.4273 37.5455 46.8
      vertex 22.6761 38.05 49.4
      vertex 22.6761 38.05 46.8
    endloop
  endfacet
  facet normal -0.896867 0.4423 0
    outer loop
      vertex 22.6761 38.05 49.4
      vertex 22.4273 37.5455 46.8
      vertex 22.4273 37.5455 49.4
    endloop
  endfacet
  facet normal -0.751904 0.659272 0
    outer loop
      vertex 22.9886 38.5177 46.8
      vertex 23.3594 38.9406 49.4
      vertex 23.3594 38.9406 46.8
    endloop
  endfacet
  facet normal -0.751904 0.659272 0
    outer loop
      vertex 23.3594 38.9406 49.4
      vertex 22.9886 38.5177 46.8
      vertex 22.9886 38.5177 49.4
    endloop
  endfacet
  facet normal 0 0 1
    outer loop
      vertex 28.8594 37.7872 49.4
      vertex 30.1 38.0858 49.4
      vertex 29.8114 38.5177 49.4
    endloop
  endfacet
  facet normal 0 0 1
    outer loop
      vertex 30.1 38.0858 49.4
      vertex 29.5 35.9 49.4
      vertex 30.1 33.7142 49.4
    endloop
  endfacet
  facet normal -0 0 1
    outer loop
      vertex 29.4735 35.4954 49.4
      vertex 30.1 33.7142 49.4
      vertex 29.5 35.9 49.4
    endloop
  endfacet
  facet normal 0 0 1
    outer loop
      vertex 30.1 38.0858 49.4
      vertex 29.4735 36.3046 49.4
      vertex 29.5 35.9 49.4
    endloop
  endfacet
  facet normal 0 0 1
    outer loop
      vertex 28.8594 37.7872 49.4
      vertex 29.8114 38.5177 49.4
      vertex 29.4406 38.9406 49.4
    endloop
  endfacet
  facet normal 0 0 1
    outer loop
      vertex 30.1 38.0858 49.4
      vertex 29.3944 36.7023 49.4
      vertex 29.4735 36.3046 49.4
    endloop
  endfacet
  facet normal 0 0 1
    outer loop
      vertex 30.1 38.0858 49.4
      vertex 29.264 37.0863 49.4
      vertex 29.3944 36.7023 49.4
    endloop
  endfacet
  facet normal 0 0 1
    outer loop
      vertex 30.1 38.0858 49.4
      vertex 29.0847 37.45 49.4
      vertex 29.264 37.0863 49.4
    endloop
  endfacet
  facet normal 0 0 1
    outer loop
      vertex 28.592 38.092 49.4
      vertex 29.4406 38.9406 49.4
      vertex 29.0177 39.3114 49.4
    endloop
  endfacet
  facet normal 0 0 1
    outer loop
      vertex 30.1 38.0858 49.4
      vertex 28.8594 37.7872 49.4
      vertex 29.0847 37.45 49.4
    endloop
  endfacet
  facet normal 0 0 1
    outer loop
      vertex 29.4406 38.9406 49.4
      vertex 28.592 38.092 49.4
      vertex 28.8594 37.7872 49.4
    endloop
  endfacet
  facet normal 0 0 1
    outer loop
      vertex 28.2872 38.3594 49.4
      vertex 29.0177 39.3114 49.4
      vertex 28.5858 39.6 49.4
    endloop
  endfacet
  facet normal 0 0 1
    outer loop
      vertex 29.0177 39.3114 49.4
      vertex 28.2872 38.3594 49.4
      vertex 28.592 38.092 49.4
    endloop
  endfacet
  facet normal 0 0 1
    outer loop
      vertex 28.5858 39.6 49.4
      vertex 27.95 38.5847 49.4
      vertex 28.2872 38.3594 49.4
    endloop
  endfacet
  facet normal 0 0 1
    outer loop
      vertex 28.5858 39.6 49.4
      vertex 27.5863 38.764 49.4
      vertex 27.95 38.5847 49.4
    endloop
  endfacet
  facet normal 0 0 1
    outer loop
      vertex 28.5858 39.6 49.4
      vertex 27.2023 38.8944 49.4
      vertex 27.5863 38.764 49.4
    endloop
  endfacet
  facet normal 0 0 1
    outer loop
      vertex 28.5858 39.6 49.4
      vertex 26.8046 38.9735 49.4
      vertex 27.2023 38.8944 49.4
    endloop
  endfacet
  facet normal 0 0 1
    outer loop
      vertex 28.5858 39.6 49.4
      vertex 26.4 39 49.4
      vertex 26.8046 38.9735 49.4
    endloop
  endfacet
  facet normal -0 0 1
    outer loop
      vertex 24.2142 39.6 49.4
      vertex 26.4 39 49.4
      vertex 28.5858 39.6 49.4
    endloop
  endfacet
  facet normal 0 0 1
    outer loop
      vertex 26.4 39 49.4
      vertex 24.2142 39.6 49.4
      vertex 25.9954 38.9735 49.4
    endloop
  endfacet
  facet normal 0 0 1
    outer loop
      vertex 25.9954 38.9735 49.4
      vertex 24.2142 39.6 49.4
      vertex 25.5977 38.8944 49.4
    endloop
  endfacet
  facet normal 0 0 1
    outer loop
      vertex 24.2142 39.6 49.4
      vertex 25.2137 38.764 49.4
      vertex 25.5977 38.8944 49.4
    endloop
  endfacet
  facet normal 0 0 1
    outer loop
      vertex 24.2142 39.6 49.4
      vertex 24.85 38.5847 49.4
      vertex 25.2137 38.764 49.4
    endloop
  endfacet
  facet normal 0 0 1
    outer loop
      vertex 24.2142 39.6 49.4
      vertex 24.5128 38.3594 49.4
      vertex 24.85 38.5847 49.4
    endloop
  endfacet
  facet normal -0 0 1
    outer loop
      vertex 23.7823 39.3114 49.4
      vertex 24.5128 38.3594 49.4
      vertex 24.2142 39.6 49.4
    endloop
  endfacet
  facet normal 0 0 1
    outer loop
      vertex 24.5128 38.3594 49.4
      vertex 23.7823 39.3114 49.4
      vertex 24.208 38.092 49.4
    endloop
  endfacet
  facet normal -0 0 1
    outer loop
      vertex 23.3594 38.9406 49.4
      vertex 24.208 38.092 49.4
      vertex 23.7823 39.3114 49.4
    endloop
  endfacet
  facet normal 0 0 1
    outer loop
      vertex 24.208 38.092 49.4
      vertex 23.3594 38.9406 49.4
      vertex 23.9406 37.7872 49.4
    endloop
  endfacet
  facet normal -0 0 1
    outer loop
      vertex 22.9886 38.5177 49.4
      vertex 23.9406 37.7872 49.4
      vertex 23.3594 38.9406 49.4
    endloop
  endfacet
  facet normal 0 0 1
    outer loop
      vertex 23.9406 37.7872 49.4
      vertex 22.9886 38.5177 49.4
      vertex 23.7153 37.45 49.4
    endloop
  endfacet
  facet normal -0 0 1
    outer loop
      vertex 22.6761 38.05 49.4
      vertex 23.7153 37.45 49.4
      vertex 22.9886 38.5177 49.4
    endloop
  endfacet
  facet normal 0 0 1
    outer loop
      vertex 23.7153 37.45 49.4
      vertex 22.6761 38.05 49.4
      vertex 23.536 37.0863 49.4
    endloop
  endfacet
  facet normal -0 0 1
    outer loop
      vertex 22.4273 37.5455 49.4
      vertex 23.536 37.0863 49.4
      vertex 22.6761 38.05 49.4
    endloop
  endfacet
  facet normal 0 0 1
    outer loop
      vertex 23.536 37.0863 49.4
      vertex 22.4273 37.5455 49.4
      vertex 23.4056 36.7023 49.4
    endloop
  endfacet
  facet normal -0 0 1
    outer loop
      vertex 29.3944 35.0977 49.4
      vertex 30.1 33.7142 49.4
      vertex 29.4735 35.4954 49.4
    endloop
  endfacet
  facet normal -0 0 1
    outer loop
      vertex 29.264 34.7137 49.4
      vertex 30.1 33.7142 49.4
      vertex 29.3944 35.0977 49.4
    endloop
  endfacet
  facet normal -0 0 1
    outer loop
      vertex 29.0847 34.35 49.4
      vertex 30.1 33.7142 49.4
      vertex 29.264 34.7137 49.4
    endloop
  endfacet
  facet normal -0 0 1
    outer loop
      vertex 28.8594 34.0128 49.4
      vertex 30.1 33.7142 49.4
      vertex 29.0847 34.35 49.4
    endloop
  endfacet
  facet normal 0 0 1
    outer loop
      vertex 30.1 33.7142 49.4
      vertex 28.8594 34.0128 49.4
      vertex 29.8114 33.2823 49.4
    endloop
  endfacet
  facet normal 0 0 1
    outer loop
      vertex 29.8114 33.2823 49.4
      vertex 28.8594 34.0128 49.4
      vertex 29.4406 32.8594 49.4
    endloop
  endfacet
  facet normal -0 0 1
    outer loop
      vertex 28.592 33.708 49.4
      vertex 29.4406 32.8594 49.4
      vertex 28.8594 34.0128 49.4
    endloop
  endfacet
  facet normal 0 0 1
    outer loop
      vertex 29.4406 32.8594 49.4
      vertex 28.592 33.708 49.4
      vertex 29.0177 32.4886 49.4
    endloop
  endfacet
  facet normal -0 0 1
    outer loop
      vertex 28.2872 33.4406 49.4
      vertex 29.0177 32.4886 49.4
      vertex 28.592 33.708 49.4
    endloop
  endfacet
  facet normal 0 0 1
    outer loop
      vertex 29.0177 32.4886 49.4
      vertex 28.2872 33.4406 49.4
      vertex 28.55 32.1761 49.4
    endloop
  endfacet
  facet normal -0 0 1
    outer loop
      vertex 27.95 33.2153 49.4
      vertex 28.55 32.1761 49.4
      vertex 28.2872 33.4406 49.4
    endloop
  endfacet
  facet normal 0 0 1
    outer loop
      vertex 28.55 32.1761 49.4
      vertex 27.95 33.2153 49.4
      vertex 28.0455 31.9273 49.4
    endloop
  endfacet
  facet normal -0 0 1
    outer loop
      vertex 27.5863 33.036 49.4
      vertex 28.0455 31.9273 49.4
      vertex 27.95 33.2153 49.4
    endloop
  endfacet
  facet normal 0 0 1
    outer loop
      vertex 27.5863 33.036 49.4
      vertex 27.5129 31.7465 49.4
      vertex 28.0455 31.9273 49.4
    endloop
  endfacet
  facet normal -0 0 1
    outer loop
      vertex 27.2023 32.9056 49.4
      vertex 27.5129 31.7465 49.4
      vertex 27.5863 33.036 49.4
    endloop
  endfacet
  facet normal 0 0 1
    outer loop
      vertex 27.2023 32.9056 49.4
      vertex 26.9613 31.6368 49.4
      vertex 27.5129 31.7465 49.4
    endloop
  endfacet
  facet normal -0 0 1
    outer loop
      vertex 26.8046 32.8265 49.4
      vertex 26.9613 31.6368 49.4
      vertex 27.2023 32.9056 49.4
    endloop
  endfacet
  facet normal -0 0 1
    outer loop
      vertex 26.4 32.8 49.4
      vertex 26.9613 31.6368 49.4
      vertex 26.8046 32.8265 49.4
    endloop
  endfacet
  facet normal 0 0 1
    outer loop
      vertex 26.4 32.8 49.4
      vertex 26.4 31.6 49.4
      vertex 26.9613 31.6368 49.4
    endloop
  endfacet
  facet normal 0 0 1
    outer loop
      vertex 25.9954 32.8265 49.4
      vertex 26.4 31.6 49.4
      vertex 26.4 32.8 49.4
    endloop
  endfacet
  facet normal 0 0 1
    outer loop
      vertex 25.9954 32.8265 49.4
      vertex 25.8387 31.6368 49.4
      vertex 26.4 31.6 49.4
    endloop
  endfacet
  facet normal 0 0 1
    outer loop
      vertex 25.5977 32.9056 49.4
      vertex 25.8387 31.6368 49.4
      vertex 25.9954 32.8265 49.4
    endloop
  endfacet
  facet normal 0 0 1
    outer loop
      vertex 25.5977 32.9056 49.4
      vertex 25.2871 31.7465 49.4
      vertex 25.8387 31.6368 49.4
    endloop
  endfacet
  facet normal 0 0 1
    outer loop
      vertex 25.2137 33.036 49.4
      vertex 25.2871 31.7465 49.4
      vertex 25.5977 32.9056 49.4
    endloop
  endfacet
  facet normal 0 0 1
    outer loop
      vertex 24.7545 31.9273 49.4
      vertex 25.2137 33.036 49.4
      vertex 24.85 33.2153 49.4
    endloop
  endfacet
  facet normal 0 0 1
    outer loop
      vertex 25.2137 33.036 49.4
      vertex 24.7545 31.9273 49.4
      vertex 25.2871 31.7465 49.4
    endloop
  endfacet
  facet normal 0 0 1
    outer loop
      vertex 24.25 32.1761 49.4
      vertex 24.85 33.2153 49.4
      vertex 24.5128 33.4406 49.4
    endloop
  endfacet
  facet normal 0 0 1
    outer loop
      vertex 24.85 33.2153 49.4
      vertex 24.25 32.1761 49.4
      vertex 24.7545 31.9273 49.4
    endloop
  endfacet
  facet normal 0 0 1
    outer loop
      vertex 23.7823 32.4886 49.4
      vertex 24.5128 33.4406 49.4
      vertex 24.208 33.708 49.4
    endloop
  endfacet
  facet normal 0 0 1
    outer loop
      vertex 23.3594 32.8594 49.4
      vertex 24.208 33.708 49.4
      vertex 23.9406 34.0128 49.4
    endloop
  endfacet
  facet normal 0 0 1
    outer loop
      vertex 24.5128 33.4406 49.4
      vertex 23.7823 32.4886 49.4
      vertex 24.25 32.1761 49.4
    endloop
  endfacet
  facet normal 0 0 1
    outer loop
      vertex 22.9886 33.2823 49.4
      vertex 23.9406 34.0128 49.4
      vertex 23.7153 34.35 49.4
    endloop
  endfacet
  facet normal 0 0 1
    outer loop
      vertex 22.6761 33.75 49.4
      vertex 23.7153 34.35 49.4
      vertex 23.536 34.7137 49.4
    endloop
  endfacet
  facet normal 0 0 1
    outer loop
      vertex 22.4273 34.2545 49.4
      vertex 23.536 34.7137 49.4
      vertex 23.4056 35.0977 49.4
    endloop
  endfacet
  facet normal 0 0 1
    outer loop
      vertex 24.208 33.708 49.4
      vertex 23.3594 32.8594 49.4
      vertex 23.7823 32.4886 49.4
    endloop
  endfacet
  facet normal 0 0 1
    outer loop
      vertex 22.2465 34.7871 49.4
      vertex 23.4056 35.0977 49.4
      vertex 23.3265 35.4954 49.4
    endloop
  endfacet
  facet normal 0 0 1
    outer loop
      vertex 22.1368 35.3387 49.4
      vertex 23.3265 35.4954 49.4
      vertex 23.3 35.9 49.4
    endloop
  endfacet
  facet normal -0 0 1
    outer loop
      vertex 22.2465 37.0129 49.4
      vertex 23.4056 36.7023 49.4
      vertex 22.4273 37.5455 49.4
    endloop
  endfacet
  facet normal 0 0 1
    outer loop
      vertex 23.9406 34.0128 49.4
      vertex 22.9886 33.2823 49.4
      vertex 23.3594 32.8594 49.4
    endloop
  endfacet
  facet normal 0 0 1
    outer loop
      vertex 23.4056 36.7023 49.4
      vertex 22.2465 37.0129 49.4
      vertex 23.3265 36.3046 49.4
    endloop
  endfacet
  facet normal 0 0 1
    outer loop
      vertex 23.7153 34.35 49.4
      vertex 22.6761 33.75 49.4
      vertex 22.9886 33.2823 49.4
    endloop
  endfacet
  facet normal -0 0 1
    outer loop
      vertex 22.1368 36.4613 49.4
      vertex 23.3265 36.3046 49.4
      vertex 22.2465 37.0129 49.4
    endloop
  endfacet
  facet normal 0 0 1
    outer loop
      vertex 23.536 34.7137 49.4
      vertex 22.4273 34.2545 49.4
      vertex 22.6761 33.75 49.4
    endloop
  endfacet
  facet normal 0 0 1
    outer loop
      vertex 23.3265 36.3046 49.4
      vertex 22.1368 36.4613 49.4
      vertex 23.3 35.9 49.4
    endloop
  endfacet
  facet normal 0 0 1
    outer loop
      vertex 23.4056 35.0977 49.4
      vertex 22.2465 34.7871 49.4
      vertex 22.4273 34.2545 49.4
    endloop
  endfacet
  facet normal 0 0 1
    outer loop
      vertex 22.1 35.9 49.4
      vertex 23.3 35.9 49.4
      vertex 22.1368 36.4613 49.4
    endloop
  endfacet
  facet normal 0 0 1
    outer loop
      vertex 23.3265 35.4954 49.4
      vertex 22.1368 35.3387 49.4
      vertex 22.2465 34.7871 49.4
    endloop
  endfacet
  facet normal 0 0 1
    outer loop
      vertex 23.3 35.9 49.4
      vertex 22.1 35.9 49.4
      vertex 22.1368 35.3387 49.4
    endloop
  endfacet
  facet normal 0.555588 0.831457 -0
    outer loop
      vertex 29.0177 39.3114 46.8
      vertex 28.5858 39.6 49.4
      vertex 29.0177 39.3114 49.4
    endloop
  endfacet
  facet normal 0.555588 0.831457 0
    outer loop
      vertex 28.5858 39.6 49.4
      vertex 29.0177 39.3114 46.8
      vertex 28.5858 39.6 46.8
    endloop
  endfacet
  facet normal -0.946927 0.32145 0
    outer loop
      vertex 22.2465 37.0129 46.8
      vertex 22.4273 37.5455 49.4
      vertex 22.4273 37.5455 46.8
    endloop
  endfacet
  facet normal -0.946927 0.32145 0
    outer loop
      vertex 22.4273 37.5455 49.4
      vertex 22.2465 37.0129 46.8
      vertex 22.2465 37.0129 49.4
    endloop
  endfacet
  facet normal -0.997858 0.0654216 0
    outer loop
      vertex 22.1 35.9 46.8
      vertex 22.1368 36.4613 49.4
      vertex 22.1368 36.4613 46.8
    endloop
  endfacet
  facet normal -0.997858 0.0654216 0
    outer loop
      vertex 22.1368 36.4613 49.4
      vertex 22.1 35.9 46.8
      vertex 22.1 35.9 49.4
    endloop
  endfacet
  facet normal 0.659272 0.751904 -0
    outer loop
      vertex 29.4406 38.9406 46.8
      vertex 29.0177 39.3114 49.4
      vertex 29.4406 38.9406 49.4
    endloop
  endfacet
  facet normal 0.659272 0.751904 0
    outer loop
      vertex 29.0177 39.3114 49.4
      vertex 29.4406 38.9406 46.8
      vertex 29.0177 39.3114 46.8
    endloop
  endfacet
  facet normal -0.831475 0.555561 0
    outer loop
      vertex 22.6761 38.05 46.8
      vertex 22.9886 38.5177 49.4
      vertex 22.9886 38.5177 46.8
    endloop
  endfacet
  facet normal -0.831475 0.555561 0
    outer loop
      vertex 22.9886 38.5177 49.4
      vertex 22.6761 38.05 46.8
      vertex 22.6761 38.05 49.4
    endloop
  endfacet
  facet normal -0.980792 0.195056 0
    outer loop
      vertex 22.1368 36.4613 46.8
      vertex 22.2465 37.0129 49.4
      vertex 22.2465 37.0129 46.8
    endloop
  endfacet
  facet normal -0.980792 0.195056 0
    outer loop
      vertex 22.2465 37.0129 49.4
      vertex 22.1368 36.4613 46.8
      vertex 22.1368 36.4613 49.4
    endloop
  endfacet
  facet normal -0.555588 0.831457 0
    outer loop
      vertex 24.2142 39.6 46.8
      vertex 23.7823 39.3114 49.4
      vertex 24.2142 39.6 49.4
    endloop
  endfacet
  facet normal -0.555588 0.831457 0
    outer loop
      vertex 23.7823 39.3114 49.4
      vertex 24.2142 39.6 46.8
      vertex 23.7823 39.3114 46.8
    endloop
  endfacet
  facet normal 0.70635 -0.0462586 -0.70635
    outer loop
      vertex 30.1 35.4129 46.2319
      vertex 26.4 35.9 42.5
      vertex 30.1 35.9 46.2
    endloop
  endfacet
  facet normal -0.670295 0.227543 -0.706349
    outer loop
      vertex 26.4 35.9 42.5
      vertex 22.2465 37.0129 46.8
      vertex 22.4273 37.5455 46.8
    endloop
  endfacet
  facet normal -0.138073 -0.694267 -0.706349
    outer loop
      vertex 25.8387 31.6368 46.8
      vertex 25.2871 31.7465 46.8
      vertex 26.4 35.9 42.5
    endloop
  endfacet
  facet normal 0.227618 0.670271 -0.706347
    outer loop
      vertex 27.9326 39.6 46.5049
      vertex 26.4 35.9 42.5
      vertex 27.3914 39.6 46.3305
    endloop
  endfacet
  facet normal -0.532244 -0.466673 -0.706351
    outer loop
      vertex 23.3594 32.8594 46.8
      vertex 22.9886 33.2823 46.8
      vertex 26.4 35.9 42.5
    endloop
  endfacet
  facet normal 0.393262 -0.588572 -0.706348
    outer loop
      vertex 28.55 32.1761 46.8
      vertex 26.4 35.9 42.5
      vertex 29.0177 32.4886 46.8
    endloop
  endfacet
  facet normal -0.313035 0.634889 -0.706346
    outer loop
      vertex 26.4 35.9 42.5
      vertex 24.2638 39.6 46.7724
      vertex 24.8674 39.6 46.5049
    endloop
  endfacet
  facet normal 0.634889 0.313035 -0.706346
    outer loop
      vertex 30.1 37.4326 46.5049
      vertex 26.4 35.9 42.5
      vertex 30.1 38.0362 46.7724
    endloop
  endfacet
  facet normal -0.393262 -0.588572 -0.706348
    outer loop
      vertex 24.25 32.1761 46.8
      vertex 23.7823 32.4886 46.8
      vertex 26.4 35.9 42.5
    endloop
  endfacet
  facet normal -0.670295 -0.227543 -0.706349
    outer loop
      vertex 22.4273 34.2545 46.8
      vertex 22.2465 34.7871 46.8
      vertex 26.4 35.9 42.5
    endloop
  endfacet
  facet normal 0.0463097 -0.706348 -0.706348
    outer loop
      vertex 26.4 31.6 46.8
      vertex 26.4 35.9 42.5
      vertex 26.9613 31.6368 46.8
    endloop
  endfacet
  facet normal 0.588385 -0.393165 -0.706558
    outer loop
      vertex 29.8114 33.2823 46.8
      vertex 30.1 33.7638 46.7724
      vertex 30.1 33.7142 46.8
    endloop
  endfacet
  facet normal 0.588571 -0.393264 -0.706348
    outer loop
      vertex 30.1 33.7638 46.7724
      vertex 29.8114 33.2823 46.8
      vertex 26.4 35.9 42.5
    endloop
  endfacet
  facet normal -0.466673 -0.532244 -0.706351
    outer loop
      vertex 23.7823 32.4886 46.8
      vertex 23.3594 32.8594 46.8
      vertex 26.4 35.9 42.5
    endloop
  endfacet
  facet normal -0.0463097 -0.706348 -0.706348
    outer loop
      vertex 26.4 31.6 46.8
      vertex 25.8387 31.6368 46.8
      vertex 26.4 35.9 42.5
    endloop
  endfacet
  facet normal 0.694259 -0.138105 -0.706351
    outer loop
      vertex 30.1 34.9086 46.3305
      vertex 26.4 35.9 42.5
      vertex 30.1 35.4129 46.2319
    endloop
  endfacet
  facet normal -0.694267 0.138073 -0.706349
    outer loop
      vertex 26.4 35.9 42.5
      vertex 22.1368 36.4613 46.8
      vertex 22.2465 37.0129 46.8
    endloop
  endfacet
  facet normal -0.532244 0.466673 -0.706351
    outer loop
      vertex 26.4 35.9 42.5
      vertex 22.9886 38.5177 46.8
      vertex 23.3594 38.9406 46.8
    endloop
  endfacet
  facet normal -0.466673 0.532244 -0.706351
    outer loop
      vertex 26.4 35.9 42.5
      vertex 23.3594 38.9406 46.8
      vertex 23.7823 39.3114 46.8
    endloop
  endfacet
  facet normal -0.227618 0.670271 -0.706347
    outer loop
      vertex 26.4 35.9 42.5
      vertex 24.8674 39.6 46.5049
      vertex 25.4086 39.6 46.3305
    endloop
  endfacet
  facet normal 0.138105 0.694259 -0.706351
    outer loop
      vertex 27.3914 39.6 46.3305
      vertex 26.4 35.9 42.5
      vertex 26.8871 39.6 46.2319
    endloop
  endfacet
  facet normal 0.466673 0.532244 -0.706351
    outer loop
      vertex 29.4406 38.9406 46.8
      vertex 26.4 35.9 42.5
      vertex 29.0177 39.3114 46.8
    endloop
  endfacet
  facet normal 0.532244 0.466673 -0.706351
    outer loop
      vertex 29.8114 38.5177 46.8
      vertex 26.4 35.9 42.5
      vertex 29.4406 38.9406 46.8
    endloop
  endfacet
  facet normal 0.670271 0.227618 -0.706347
    outer loop
      vertex 30.1 36.8914 46.3305
      vertex 26.4 35.9 42.5
      vertex 30.1 37.4326 46.5049
    endloop
  endfacet
  facet normal -0.313089 -0.63486 -0.706348
    outer loop
      vertex 24.7545 31.9273 46.8
      vertex 24.25 32.1761 46.8
      vertex 26.4 35.9 42.5
    endloop
  endfacet
  facet normal -0.227543 -0.670295 -0.706349
    outer loop
      vertex 25.2871 31.7465 46.8
      vertex 24.7545 31.9273 46.8
      vertex 26.4 35.9 42.5
    endloop
  endfacet
  facet normal -0.63486 -0.313089 -0.706348
    outer loop
      vertex 22.6761 33.75 46.8
      vertex 22.4273 34.2545 46.8
      vertex 26.4 35.9 42.5
    endloop
  endfacet
  facet normal -0.588572 -0.393262 -0.706348
    outer loop
      vertex 22.9886 33.2823 46.8
      vertex 22.6761 33.75 46.8
      vertex 26.4 35.9 42.5
    endloop
  endfacet
  facet normal -0.706348 -0.0463097 -0.706348
    outer loop
      vertex 22.1368 35.3387 46.8
      vertex 22.1 35.9 46.8
      vertex 26.4 35.9 42.5
    endloop
  endfacet
  facet normal -0.694267 -0.138073 -0.706349
    outer loop
      vertex 22.2465 34.7871 46.8
      vertex 22.1368 35.3387 46.8
      vertex 26.4 35.9 42.5
    endloop
  endfacet
  facet normal 0.227543 -0.670295 -0.706349
    outer loop
      vertex 27.5129 31.7465 46.8
      vertex 26.4 35.9 42.5
      vertex 28.0455 31.9273 46.8
    endloop
  endfacet
  facet normal 0.313089 -0.63486 -0.706348
    outer loop
      vertex 28.0455 31.9273 46.8
      vertex 26.4 35.9 42.5
      vertex 28.55 32.1761 46.8
    endloop
  endfacet
  facet normal 0.138073 -0.694267 -0.706349
    outer loop
      vertex 26.9613 31.6368 46.8
      vertex 26.4 35.9 42.5
      vertex 27.5129 31.7465 46.8
    endloop
  endfacet
  facet normal 0.466673 -0.532244 -0.706351
    outer loop
      vertex 29.0177 32.4886 46.8
      vertex 26.4 35.9 42.5
      vertex 29.4406 32.8594 46.8
    endloop
  endfacet
  facet normal 0.532244 -0.466673 -0.706351
    outer loop
      vertex 29.4406 32.8594 46.8
      vertex 26.4 35.9 42.5
      vertex 29.8114 33.2823 46.8
    endloop
  endfacet
  facet normal 0.634889 -0.313035 -0.706346
    outer loop
      vertex 30.1 33.7638 46.7724
      vertex 26.4 35.9 42.5
      vertex 30.1 34.3674 46.5049
    endloop
  endfacet
  facet normal 0.670271 -0.227618 -0.706347
    outer loop
      vertex 30.1 34.3674 46.5049
      vertex 26.4 35.9 42.5
      vertex 30.1 34.9086 46.3305
    endloop
  endfacet
  facet normal -0.706348 0.0463097 -0.706348
    outer loop
      vertex 26.4 35.9 42.5
      vertex 22.1 35.9 46.8
      vertex 22.1368 36.4613 46.8
    endloop
  endfacet
  facet normal -0.588572 0.393262 -0.706348
    outer loop
      vertex 26.4 35.9 42.5
      vertex 22.6761 38.05 46.8
      vertex 22.9886 38.5177 46.8
    endloop
  endfacet
  facet normal -0.63486 0.313089 -0.706348
    outer loop
      vertex 26.4 35.9 42.5
      vertex 22.4273 37.5455 46.8
      vertex 22.6761 38.05 46.8
    endloop
  endfacet
  facet normal -0.393264 0.588571 -0.706348
    outer loop
      vertex 23.7823 39.3114 46.8
      vertex 24.2638 39.6 46.7724
      vertex 26.4 35.9 42.5
    endloop
  endfacet
  facet normal -0.393165 0.588385 -0.706558
    outer loop
      vertex 24.2638 39.6 46.7724
      vertex 23.7823 39.3114 46.8
      vertex 24.2142 39.6 46.8
    endloop
  endfacet
  facet normal -0.0462586 0.70635 -0.70635
    outer loop
      vertex 26.4 35.9 42.5
      vertex 25.9129 39.6 46.2319
      vertex 26.4 39.6 46.2
    endloop
  endfacet
  facet normal -0.138105 0.694259 -0.706351
    outer loop
      vertex 26.4 35.9 42.5
      vertex 25.4086 39.6 46.3305
      vertex 25.9129 39.6 46.2319
    endloop
  endfacet
  facet normal 0.0462586 0.70635 -0.70635
    outer loop
      vertex 26.4 35.9 42.5
      vertex 26.4 39.6 46.2
      vertex 26.8871 39.6 46.2319
    endloop
  endfacet
  facet normal 0.393165 0.588385 -0.706558
    outer loop
      vertex 29.0177 39.3114 46.8
      vertex 28.5362 39.6 46.7724
      vertex 28.5858 39.6 46.8
    endloop
  endfacet
  facet normal 0.393264 0.588571 -0.706348
    outer loop
      vertex 28.5362 39.6 46.7724
      vertex 29.0177 39.3114 46.8
      vertex 26.4 35.9 42.5
    endloop
  endfacet
  facet normal 0.313035 0.634889 -0.706346
    outer loop
      vertex 28.5362 39.6 46.7724
      vertex 26.4 35.9 42.5
      vertex 27.9326 39.6 46.5049
    endloop
  endfacet
  facet normal 0.588385 0.393165 -0.706558
    outer loop
      vertex 30.1 38.0362 46.7724
      vertex 29.8114 38.5177 46.8
      vertex 30.1 38.0858 46.8
    endloop
  endfacet
  facet normal 0.588571 0.393264 -0.706348
    outer loop
      vertex 29.8114 38.5177 46.8
      vertex 30.1 38.0362 46.7724
      vertex 26.4 35.9 42.5
    endloop
  endfacet
  facet normal 0.70635 0.0462586 -0.70635
    outer loop
      vertex 30.1 35.9 46.2
      vertex 26.4 35.9 42.5
      vertex 30.1 36.3871 46.2319
    endloop
  endfacet
  facet normal 0.694259 0.138105 -0.706351
    outer loop
      vertex 30.1 36.3871 46.2319
      vertex 26.4 35.9 42.5
      vertex 30.1 36.8914 46.3305
    endloop
  endfacet
  facet normal -0.997857 -0.0654263 0
    outer loop
      vertex 22.1368 5.53874 46.8
      vertex 22.1 6.1 49.4
      vertex 22.1 6.1 46.8
    endloop
  endfacet
  facet normal -0.997857 -0.0654263 0
    outer loop
      vertex 22.1 6.1 49.4
      vertex 22.1368 5.53874 46.8
      vertex 22.1368 5.53874 49.4
    endloop
  endfacet
  facet normal 0.0654216 0.997858 -0
    outer loop
      vertex 26.9613 10.3632 46.8
      vertex 26.4 10.4 49.4
      vertex 26.9613 10.3632 49.4
    endloop
  endfacet
  facet normal 0.0654216 0.997858 0
    outer loop
      vertex 26.4 10.4 49.4
      vertex 26.9613 10.3632 46.8
      vertex 26.4 10.4 46.8
    endloop
  endfacet
  facet normal 0.751897 0.659281 0
    outer loop
      vertex 29.8114 8.71767 49.4
      vertex 29.4406 9.14056 46.8
      vertex 29.4406 9.14056 49.4
    endloop
  endfacet
  facet normal 0.751897 0.659281 0
    outer loop
      vertex 29.4406 9.14056 46.8
      vertex 29.8114 8.71767 49.4
      vertex 29.8114 8.71767 46.8
    endloop
  endfacet
  facet normal 0.659332 -0.751852 0
    outer loop
      vertex 29.0177 2.68858 46.8
      vertex 29.4406 3.05944 49.4
      vertex 29.0177 2.68858 49.4
    endloop
  endfacet
  facet normal 0.659332 -0.751852 0
    outer loop
      vertex 29.4406 3.05944 49.4
      vertex 29.0177 2.68858 46.8
      vertex 29.4406 3.05944 46.8
    endloop
  endfacet
  facet normal -0.659332 -0.751852 0
    outer loop
      vertex 23.3594 3.05944 46.8
      vertex 23.7823 2.68858 49.4
      vertex 23.3594 3.05944 49.4
    endloop
  endfacet
  facet normal -0.659332 -0.751852 -0
    outer loop
      vertex 23.7823 2.68858 49.4
      vertex 23.3594 3.05944 46.8
      vertex 23.7823 2.68858 46.8
    endloop
  endfacet
  facet normal 0.831452 -0.555597 0
    outer loop
      vertex 29.8114 3.48233 49.4
      vertex 30.1 3.91422 46.8
      vertex 30.1 3.91422 49.4
    endloop
  endfacet
  facet normal 0.831452 -0.555597 0
    outer loop
      vertex 30.1 3.91422 46.8
      vertex 29.8114 3.48233 49.4
      vertex 29.8114 3.48233 46.8
    endloop
  endfacet
  facet normal 0.555562 -0.831475 0
    outer loop
      vertex 28.5858 2.4 46.8
      vertex 29.0177 2.68858 49.4
      vertex 28.5858 2.4 49.4
    endloop
  endfacet
  facet normal 0.555562 -0.831475 0
    outer loop
      vertex 29.0177 2.68858 49.4
      vertex 28.5858 2.4 46.8
      vertex 29.0177 2.68858 46.8
    endloop
  endfacet
  facet normal -0.831459 -0.555586 0
    outer loop
      vertex 22.9886 3.48233 46.8
      vertex 22.6761 3.95 49.4
      vertex 22.6761 3.95 46.8
    endloop
  endfacet
  facet normal -0.831459 -0.555586 0
    outer loop
      vertex 22.6761 3.95 49.4
      vertex 22.9886 3.48233 46.8
      vertex 22.9886 3.48233 49.4
    endloop
  endfacet
  facet normal -0.751897 -0.659281 0
    outer loop
      vertex 23.3594 3.05944 46.8
      vertex 22.9886 3.48233 49.4
      vertex 22.9886 3.48233 46.8
    endloop
  endfacet
  facet normal -0.751897 -0.659281 0
    outer loop
      vertex 22.9886 3.48233 49.4
      vertex 23.3594 3.05944 46.8
      vertex 23.3594 3.05944 49.4
    endloop
  endfacet
  facet normal -0.94693 -0.321439 0
    outer loop
      vertex 22.4273 4.45446 46.8
      vertex 22.2465 4.98708 49.4
      vertex 22.2465 4.98708 46.8
    endloop
  endfacet
  facet normal -0.94693 -0.321439 0
    outer loop
      vertex 22.2465 4.98708 49.4
      vertex 22.4273 4.45446 46.8
      vertex 22.4273 4.45446 49.4
    endloop
  endfacet
  facet normal -0.555562 -0.831475 0
    outer loop
      vertex 23.7823 2.68858 46.8
      vertex 24.2142 2.4 49.4
      vertex 23.7823 2.68858 49.4
    endloop
  endfacet
  facet normal -0.555562 -0.831475 -0
    outer loop
      vertex 24.2142 2.4 49.4
      vertex 23.7823 2.68858 46.8
      vertex 24.2142 2.4 46.8
    endloop
  endfacet
  facet normal 0.751897 -0.659281 0
    outer loop
      vertex 29.4406 3.05944 49.4
      vertex 29.8114 3.48233 46.8
      vertex 29.8114 3.48233 49.4
    endloop
  endfacet
  facet normal 0.751897 -0.659281 0
    outer loop
      vertex 29.8114 3.48233 46.8
      vertex 29.4406 3.05944 49.4
      vertex 29.4406 3.05944 46.8
    endloop
  endfacet
  facet normal -0.896853 -0.442329 0
    outer loop
      vertex 22.6761 3.95 46.8
      vertex 22.4273 4.45446 49.4
      vertex 22.4273 4.45446 46.8
    endloop
  endfacet
  facet normal -0.896853 -0.442329 0
    outer loop
      vertex 22.4273 4.45446 49.4
      vertex 22.6761 3.95 46.8
      vertex 22.6761 3.95 49.4
    endloop
  endfacet
  facet normal -0.980796 -0.195036 0
    outer loop
      vertex 22.2465 4.98708 46.8
      vertex 22.1368 5.53874 49.4
      vertex 22.1368 5.53874 46.8
    endloop
  endfacet
  facet normal -0.980796 -0.195036 0
    outer loop
      vertex 22.1368 5.53874 49.4
      vertex 22.2465 4.98708 46.8
      vertex 22.2465 4.98708 49.4
    endloop
  endfacet
  facet normal 0.831452 0.555597 0
    outer loop
      vertex 30.1 8.28578 49.4
      vertex 29.8114 8.71767 46.8
      vertex 29.8114 8.71767 49.4
    endloop
  endfacet
  facet normal 0.831452 0.555597 0
    outer loop
      vertex 29.8114 8.71767 46.8
      vertex 30.1 8.28578 49.4
      vertex 30.1 8.28578 46.8
    endloop
  endfacet
  facet normal -0.32145 0.946927 0
    outer loop
      vertex 25.2871 10.2535 46.8
      vertex 24.7545 10.0727 49.4
      vertex 25.2871 10.2535 49.4
    endloop
  endfacet
  facet normal -0.32145 0.946927 0
    outer loop
      vertex 24.7545 10.0727 49.4
      vertex 25.2871 10.2535 46.8
      vertex 24.7545 10.0727 46.8
    endloop
  endfacet
  facet normal 0 0 1
    outer loop
      vertex 28.8594 7.98716 49.4
      vertex 30.1 8.28578 49.4
      vertex 29.8114 8.71767 49.4
    endloop
  endfacet
  facet normal 0 0 1
    outer loop
      vertex 30.1 8.28578 49.4
      vertex 29.5 6.1 49.4
      vertex 30.1 3.91422 49.4
    endloop
  endfacet
  facet normal -0 0 1
    outer loop
      vertex 29.4735 5.69537 49.4
      vertex 30.1 3.91422 49.4
      vertex 29.5 6.1 49.4
    endloop
  endfacet
  facet normal 0 0 1
    outer loop
      vertex 30.1 8.28578 49.4
      vertex 29.4735 6.50463 49.4
      vertex 29.5 6.1 49.4
    endloop
  endfacet
  facet normal 0 0 1
    outer loop
      vertex 28.8594 7.98716 49.4
      vertex 29.8114 8.71767 49.4
      vertex 29.4406 9.14056 49.4
    endloop
  endfacet
  facet normal 0 0 1
    outer loop
      vertex 30.1 8.28578 49.4
      vertex 29.3944 6.90234 49.4
      vertex 29.4735 6.50463 49.4
    endloop
  endfacet
  facet normal 0 0 1
    outer loop
      vertex 30.1 8.28578 49.4
      vertex 29.264 7.28632 49.4
      vertex 29.3944 6.90234 49.4
    endloop
  endfacet
  facet normal 0 0 1
    outer loop
      vertex 30.1 8.28578 49.4
      vertex 29.0847 7.65 49.4
      vertex 29.264 7.28632 49.4
    endloop
  endfacet
  facet normal 0 0 1
    outer loop
      vertex 28.592 8.29203 49.4
      vertex 29.4406 9.14056 49.4
      vertex 29.0177 9.51142 49.4
    endloop
  endfacet
  facet normal 0 0 1
    outer loop
      vertex 30.1 8.28578 49.4
      vertex 28.8594 7.98716 49.4
      vertex 29.0847 7.65 49.4
    endloop
  endfacet
  facet normal 0 0 1
    outer loop
      vertex 29.4406 9.14056 49.4
      vertex 28.592 8.29203 49.4
      vertex 28.8594 7.98716 49.4
    endloop
  endfacet
  facet normal 0 0 1
    outer loop
      vertex 28.2872 8.5594 49.4
      vertex 29.0177 9.51142 49.4
      vertex 28.55 9.82391 49.4
    endloop
  endfacet
  facet normal 0 0 1
    outer loop
      vertex 29.0177 9.51142 49.4
      vertex 28.2872 8.5594 49.4
      vertex 28.592 8.29203 49.4
    endloop
  endfacet
  facet normal 0 0 1
    outer loop
      vertex 27.95 8.78468 49.4
      vertex 28.55 9.82391 49.4
      vertex 28.0455 10.0727 49.4
    endloop
  endfacet
  facet normal 0 0 1
    outer loop
      vertex 28.55 9.82391 49.4
      vertex 27.95 8.78468 49.4
      vertex 28.2872 8.5594 49.4
    endloop
  endfacet
  facet normal 0 0 1
    outer loop
      vertex 28.0455 10.0727 49.4
      vertex 27.5863 8.96403 49.4
      vertex 27.95 8.78468 49.4
    endloop
  endfacet
  facet normal 0 0 1
    outer loop
      vertex 27.5129 10.2535 49.4
      vertex 27.5863 8.96403 49.4
      vertex 28.0455 10.0727 49.4
    endloop
  endfacet
  facet normal 0 0 1
    outer loop
      vertex 27.5129 10.2535 49.4
      vertex 27.2023 9.09437 49.4
      vertex 27.5863 8.96403 49.4
    endloop
  endfacet
  facet normal 0 0 1
    outer loop
      vertex 26.9613 10.3632 49.4
      vertex 27.2023 9.09437 49.4
      vertex 27.5129 10.2535 49.4
    endloop
  endfacet
  facet normal 0 0 1
    outer loop
      vertex 26.9613 10.3632 49.4
      vertex 26.8046 9.17348 49.4
      vertex 27.2023 9.09437 49.4
    endloop
  endfacet
  facet normal 0 0 1
    outer loop
      vertex 26.4 10.4 49.4
      vertex 26.8046 9.17348 49.4
      vertex 26.9613 10.3632 49.4
    endloop
  endfacet
  facet normal 0 0 1
    outer loop
      vertex 26.4 10.4 49.4
      vertex 26.4 9.2 49.4
      vertex 26.8046 9.17348 49.4
    endloop
  endfacet
  facet normal 0 0 1
    outer loop
      vertex 26.4 10.4 49.4
      vertex 25.9954 9.17348 49.4
      vertex 26.4 9.2 49.4
    endloop
  endfacet
  facet normal -0 0 1
    outer loop
      vertex 25.8387 10.3632 49.4
      vertex 25.9954 9.17348 49.4
      vertex 26.4 10.4 49.4
    endloop
  endfacet
  facet normal 0 0 1
    outer loop
      vertex 25.8387 10.3632 49.4
      vertex 25.5977 9.09437 49.4
      vertex 25.9954 9.17348 49.4
    endloop
  endfacet
  facet normal -0 0 1
    outer loop
      vertex 25.2871 10.2535 49.4
      vertex 25.5977 9.09437 49.4
      vertex 25.8387 10.3632 49.4
    endloop
  endfacet
  facet normal 0 0 1
    outer loop
      vertex 25.2871 10.2535 49.4
      vertex 25.2137 8.96403 49.4
      vertex 25.5977 9.09437 49.4
    endloop
  endfacet
  facet normal -0 0 1
    outer loop
      vertex 24.7545 10.0727 49.4
      vertex 25.2137 8.96403 49.4
      vertex 25.2871 10.2535 49.4
    endloop
  endfacet
  facet normal 0 0 1
    outer loop
      vertex 25.2137 8.96403 49.4
      vertex 24.7545 10.0727 49.4
      vertex 24.85 8.78468 49.4
    endloop
  endfacet
  facet normal -0 0 1
    outer loop
      vertex 24.25 9.82391 49.4
      vertex 24.85 8.78468 49.4
      vertex 24.7545 10.0727 49.4
    endloop
  endfacet
  facet normal 0 0 1
    outer loop
      vertex 24.85 8.78468 49.4
      vertex 24.25 9.82391 49.4
      vertex 24.5128 8.5594 49.4
    endloop
  endfacet
  facet normal -0 0 1
    outer loop
      vertex 23.7823 9.51142 49.4
      vertex 24.5128 8.5594 49.4
      vertex 24.25 9.82391 49.4
    endloop
  endfacet
  facet normal 0 0 1
    outer loop
      vertex 24.5128 8.5594 49.4
      vertex 23.7823 9.51142 49.4
      vertex 24.208 8.29203 49.4
    endloop
  endfacet
  facet normal -0 0 1
    outer loop
      vertex 23.3594 9.14056 49.4
      vertex 24.208 8.29203 49.4
      vertex 23.7823 9.51142 49.4
    endloop
  endfacet
  facet normal 0 0 1
    outer loop
      vertex 24.208 8.29203 49.4
      vertex 23.3594 9.14056 49.4
      vertex 23.9406 7.98716 49.4
    endloop
  endfacet
  facet normal -0 0 1
    outer loop
      vertex 22.9886 8.71767 49.4
      vertex 23.9406 7.98716 49.4
      vertex 23.3594 9.14056 49.4
    endloop
  endfacet
  facet normal 0 0 1
    outer loop
      vertex 23.9406 7.98716 49.4
      vertex 22.9886 8.71767 49.4
      vertex 23.7153 7.65 49.4
    endloop
  endfacet
  facet normal -0 0 1
    outer loop
      vertex 22.6761 8.25 49.4
      vertex 23.7153 7.65 49.4
      vertex 22.9886 8.71767 49.4
    endloop
  endfacet
  facet normal 0 0 1
    outer loop
      vertex 23.7153 7.65 49.4
      vertex 22.6761 8.25 49.4
      vertex 23.536 7.28632 49.4
    endloop
  endfacet
  facet normal -0 0 1
    outer loop
      vertex 22.4273 7.74554 49.4
      vertex 23.536 7.28632 49.4
      vertex 22.6761 8.25 49.4
    endloop
  endfacet
  facet normal 0 0 1
    outer loop
      vertex 23.536 7.28632 49.4
      vertex 22.4273 7.74554 49.4
      vertex 23.4056 6.90234 49.4
    endloop
  endfacet
  facet normal -0 0 1
    outer loop
      vertex 29.3944 5.29766 49.4
      vertex 30.1 3.91422 49.4
      vertex 29.4735 5.69537 49.4
    endloop
  endfacet
  facet normal -0 0 1
    outer loop
      vertex 29.264 4.91368 49.4
      vertex 30.1 3.91422 49.4
      vertex 29.3944 5.29766 49.4
    endloop
  endfacet
  facet normal -0 0 1
    outer loop
      vertex 29.0847 4.55 49.4
      vertex 30.1 3.91422 49.4
      vertex 29.264 4.91368 49.4
    endloop
  endfacet
  facet normal -0 0 1
    outer loop
      vertex 28.8594 4.21284 49.4
      vertex 30.1 3.91422 49.4
      vertex 29.0847 4.55 49.4
    endloop
  endfacet
  facet normal 0 0 1
    outer loop
      vertex 30.1 3.91422 49.4
      vertex 28.8594 4.21284 49.4
      vertex 29.8114 3.48233 49.4
    endloop
  endfacet
  facet normal 0 0 1
    outer loop
      vertex 29.8114 3.48233 49.4
      vertex 28.8594 4.21284 49.4
      vertex 29.4406 3.05944 49.4
    endloop
  endfacet
  facet normal -0 0 1
    outer loop
      vertex 28.592 3.90797 49.4
      vertex 29.4406 3.05944 49.4
      vertex 28.8594 4.21284 49.4
    endloop
  endfacet
  facet normal 0 0 1
    outer loop
      vertex 29.4406 3.05944 49.4
      vertex 28.592 3.90797 49.4
      vertex 29.0177 2.68858 49.4
    endloop
  endfacet
  facet normal -0 0 1
    outer loop
      vertex 28.2872 3.6406 49.4
      vertex 29.0177 2.68858 49.4
      vertex 28.592 3.90797 49.4
    endloop
  endfacet
  facet normal 0 0 1
    outer loop
      vertex 29.0177 2.68858 49.4
      vertex 28.2872 3.6406 49.4
      vertex 28.5858 2.4 49.4
    endloop
  endfacet
  facet normal -0 0 1
    outer loop
      vertex 27.95 3.41532 49.4
      vertex 28.5858 2.4 49.4
      vertex 28.2872 3.6406 49.4
    endloop
  endfacet
  facet normal -0 0 1
    outer loop
      vertex 27.5863 3.23597 49.4
      vertex 28.5858 2.4 49.4
      vertex 27.95 3.41532 49.4
    endloop
  endfacet
  facet normal -0 0 1
    outer loop
      vertex 27.2023 3.10563 49.4
      vertex 28.5858 2.4 49.4
      vertex 27.5863 3.23597 49.4
    endloop
  endfacet
  facet normal -0 0 1
    outer loop
      vertex 26.8046 3.02652 49.4
      vertex 28.5858 2.4 49.4
      vertex 27.2023 3.10563 49.4
    endloop
  endfacet
  facet normal -0 0 1
    outer loop
      vertex 26.4 3 49.4
      vertex 28.5858 2.4 49.4
      vertex 26.8046 3.02652 49.4
    endloop
  endfacet
  facet normal 0 0 1
    outer loop
      vertex 24.2142 2.4 49.4
      vertex 26.4 3 49.4
      vertex 25.9954 3.02652 49.4
    endloop
  endfacet
  facet normal 0 0 1
    outer loop
      vertex 24.2142 2.4 49.4
      vertex 25.9954 3.02652 49.4
      vertex 25.5977 3.10563 49.4
    endloop
  endfacet
  facet normal 0 0 1
    outer loop
      vertex 26.4 3 49.4
      vertex 24.2142 2.4 49.4
      vertex 28.5858 2.4 49.4
    endloop
  endfacet
  facet normal 0 0 1
    outer loop
      vertex 25.2137 3.23597 49.4
      vertex 24.2142 2.4 49.4
      vertex 25.5977 3.10563 49.4
    endloop
  endfacet
  facet normal 0 0 1
    outer loop
      vertex 24.85 3.41532 49.4
      vertex 24.2142 2.4 49.4
      vertex 25.2137 3.23597 49.4
    endloop
  endfacet
  facet normal 0 0 1
    outer loop
      vertex 24.5128 3.6406 49.4
      vertex 24.2142 2.4 49.4
      vertex 24.85 3.41532 49.4
    endloop
  endfacet
  facet normal 0 0 1
    outer loop
      vertex 23.7823 2.68858 49.4
      vertex 24.5128 3.6406 49.4
      vertex 24.208 3.90797 49.4
    endloop
  endfacet
  facet normal 0 0 1
    outer loop
      vertex 23.3594 3.05944 49.4
      vertex 24.208 3.90797 49.4
      vertex 23.9406 4.21284 49.4
    endloop
  endfacet
  facet normal 0 0 1
    outer loop
      vertex 24.5128 3.6406 49.4
      vertex 23.7823 2.68858 49.4
      vertex 24.2142 2.4 49.4
    endloop
  endfacet
  facet normal 0 0 1
    outer loop
      vertex 22.9886 3.48233 49.4
      vertex 23.9406 4.21284 49.4
      vertex 23.7153 4.55 49.4
    endloop
  endfacet
  facet normal 0 0 1
    outer loop
      vertex 22.6761 3.95 49.4
      vertex 23.7153 4.55 49.4
      vertex 23.536 4.91368 49.4
    endloop
  endfacet
  facet normal 0 0 1
    outer loop
      vertex 22.4273 4.45446 49.4
      vertex 23.536 4.91368 49.4
      vertex 23.4056 5.29766 49.4
    endloop
  endfacet
  facet normal 0 0 1
    outer loop
      vertex 24.208 3.90797 49.4
      vertex 23.3594 3.05944 49.4
      vertex 23.7823 2.68858 49.4
    endloop
  endfacet
  facet normal 0 0 1
    outer loop
      vertex 22.2465 4.98708 49.4
      vertex 23.4056 5.29766 49.4
      vertex 23.3265 5.69537 49.4
    endloop
  endfacet
  facet normal 0 0 1
    outer loop
      vertex 22.1368 5.53874 49.4
      vertex 23.3265 5.69537 49.4
      vertex 23.3 6.1 49.4
    endloop
  endfacet
  facet normal -0 0 1
    outer loop
      vertex 22.2465 7.21292 49.4
      vertex 23.4056 6.90234 49.4
      vertex 22.4273 7.74554 49.4
    endloop
  endfacet
  facet normal 0 0 1
    outer loop
      vertex 23.9406 4.21284 49.4
      vertex 22.9886 3.48233 49.4
      vertex 23.3594 3.05944 49.4
    endloop
  endfacet
  facet normal 0 0 1
    outer loop
      vertex 23.4056 6.90234 49.4
      vertex 22.2465 7.21292 49.4
      vertex 23.3265 6.50463 49.4
    endloop
  endfacet
  facet normal 0 0 1
    outer loop
      vertex 23.7153 4.55 49.4
      vertex 22.6761 3.95 49.4
      vertex 22.9886 3.48233 49.4
    endloop
  endfacet
  facet normal -0 0 1
    outer loop
      vertex 22.1368 6.66126 49.4
      vertex 23.3265 6.50463 49.4
      vertex 22.2465 7.21292 49.4
    endloop
  endfacet
  facet normal 0 0 1
    outer loop
      vertex 23.536 4.91368 49.4
      vertex 22.4273 4.45446 49.4
      vertex 22.6761 3.95 49.4
    endloop
  endfacet
  facet normal 0 0 1
    outer loop
      vertex 23.3265 6.50463 49.4
      vertex 22.1368 6.66126 49.4
      vertex 23.3 6.1 49.4
    endloop
  endfacet
  facet normal 0 0 1
    outer loop
      vertex 23.4056 5.29766 49.4
      vertex 22.2465 4.98708 49.4
      vertex 22.4273 4.45446 49.4
    endloop
  endfacet
  facet normal 0 0 1
    outer loop
      vertex 22.1 6.1 49.4
      vertex 23.3 6.1 49.4
      vertex 22.1368 6.66126 49.4
    endloop
  endfacet
  facet normal 0 0 1
    outer loop
      vertex 23.3265 5.69537 49.4
      vertex 22.1368 5.53874 49.4
      vertex 22.2465 4.98708 49.4
    endloop
  endfacet
  facet normal 0 0 1
    outer loop
      vertex 23.3 6.1 49.4
      vertex 22.1 6.1 49.4
      vertex 22.1368 5.53874 49.4
    endloop
  endfacet
  facet normal 0.555549 0.831484 -0
    outer loop
      vertex 29.0177 9.51142 46.8
      vertex 28.55 9.82391 49.4
      vertex 29.0177 9.51142 49.4
    endloop
  endfacet
  facet normal 0.555549 0.831484 0
    outer loop
      vertex 28.55 9.82391 49.4
      vertex 29.0177 9.51142 46.8
      vertex 28.55 9.82391 46.8
    endloop
  endfacet
  facet normal 0.442286 0.896874 -0
    outer loop
      vertex 28.55 9.82391 46.8
      vertex 28.0455 10.0727 49.4
      vertex 28.55 9.82391 49.4
    endloop
  endfacet
  facet normal 0.442286 0.896874 0
    outer loop
      vertex 28.0455 10.0727 49.4
      vertex 28.55 9.82391 46.8
      vertex 28.0455 10.0727 46.8
    endloop
  endfacet
  facet normal -0.751897 0.659281 0
    outer loop
      vertex 22.9886 8.71767 46.8
      vertex 23.3594 9.14056 49.4
      vertex 23.3594 9.14056 46.8
    endloop
  endfacet
  facet normal -0.751897 0.659281 0
    outer loop
      vertex 23.3594 9.14056 49.4
      vertex 22.9886 8.71767 46.8
      vertex 22.9886 8.71767 49.4
    endloop
  endfacet
  facet normal -0.94693 0.321439 0
    outer loop
      vertex 22.2465 7.21292 46.8
      vertex 22.4273 7.74554 49.4
      vertex 22.4273 7.74554 46.8
    endloop
  endfacet
  facet normal -0.94693 0.321439 0
    outer loop
      vertex 22.4273 7.74554 49.4
      vertex 22.2465 7.21292 46.8
      vertex 22.2465 7.21292 49.4
    endloop
  endfacet
  facet normal 0.659332 0.751852 -0
    outer loop
      vertex 29.4406 9.14056 46.8
      vertex 29.0177 9.51142 49.4
      vertex 29.4406 9.14056 49.4
    endloop
  endfacet
  facet normal 0.659332 0.751852 0
    outer loop
      vertex 29.0177 9.51142 49.4
      vertex 29.4406 9.14056 46.8
      vertex 29.0177 9.51142 46.8
    endloop
  endfacet
  facet normal 0.32145 0.946927 -0
    outer loop
      vertex 28.0455 10.0727 46.8
      vertex 27.5129 10.2535 49.4
      vertex 28.0455 10.0727 49.4
    endloop
  endfacet
  facet normal 0.32145 0.946927 0
    outer loop
      vertex 27.5129 10.2535 49.4
      vertex 28.0455 10.0727 46.8
      vertex 27.5129 10.2535 46.8
    endloop
  endfacet
  facet normal 0.195056 0.980792 -0
    outer loop
      vertex 27.5129 10.2535 46.8
      vertex 26.9613 10.3632 49.4
      vertex 27.5129 10.2535 49.4
    endloop
  endfacet
  facet normal 0.195056 0.980792 0
    outer loop
      vertex 26.9613 10.3632 49.4
      vertex 27.5129 10.2535 46.8
      vertex 26.9613 10.3632 46.8
    endloop
  endfacet
  facet normal -0.0654216 0.997858 0
    outer loop
      vertex 26.4 10.4 46.8
      vertex 25.8387 10.3632 49.4
      vertex 26.4 10.4 49.4
    endloop
  endfacet
  facet normal -0.0654216 0.997858 0
    outer loop
      vertex 25.8387 10.3632 49.4
      vertex 26.4 10.4 46.8
      vertex 25.8387 10.3632 46.8
    endloop
  endfacet
  facet normal -0.659332 0.751852 0
    outer loop
      vertex 23.7823 9.51142 46.8
      vertex 23.3594 9.14056 49.4
      vertex 23.7823 9.51142 49.4
    endloop
  endfacet
  facet normal -0.659332 0.751852 0
    outer loop
      vertex 23.3594 9.14056 49.4
      vertex 23.7823 9.51142 46.8
      vertex 23.3594 9.14056 46.8
    endloop
  endfacet
  facet normal -0.195056 0.980792 0
    outer loop
      vertex 25.8387 10.3632 46.8
      vertex 25.2871 10.2535 49.4
      vertex 25.8387 10.3632 49.4
    endloop
  endfacet
  facet normal -0.195056 0.980792 0
    outer loop
      vertex 25.2871 10.2535 49.4
      vertex 25.8387 10.3632 46.8
      vertex 25.2871 10.2535 46.8
    endloop
  endfacet
  facet normal -0.831459 0.555586 0
    outer loop
      vertex 22.6761 8.25 46.8
      vertex 22.9886 8.71767 49.4
      vertex 22.9886 8.71767 46.8
    endloop
  endfacet
  facet normal -0.831459 0.555586 0
    outer loop
      vertex 22.9886 8.71767 49.4
      vertex 22.6761 8.25 46.8
      vertex 22.6761 8.25 49.4
    endloop
  endfacet
  facet normal -0.896853 0.442329 0
    outer loop
      vertex 22.4273 7.74554 46.8
      vertex 22.6761 8.25 49.4
      vertex 22.6761 8.25 46.8
    endloop
  endfacet
  facet normal -0.896853 0.442329 0
    outer loop
      vertex 22.6761 8.25 49.4
      vertex 22.4273 7.74554 46.8
      vertex 22.4273 7.74554 49.4
    endloop
  endfacet
  facet normal -0.980796 0.195036 0
    outer loop
      vertex 22.1368 6.66126 46.8
      vertex 22.2465 7.21292 49.4
      vertex 22.2465 7.21292 46.8
    endloop
  endfacet
  facet normal -0.980796 0.195036 0
    outer loop
      vertex 22.2465 7.21292 49.4
      vertex 22.1368 6.66126 46.8
      vertex 22.1368 6.66126 49.4
    endloop
  endfacet
  facet normal -0.997857 0.0654263 0
    outer loop
      vertex 22.1 6.1 46.8
      vertex 22.1368 6.66126 49.4
      vertex 22.1368 6.66126 46.8
    endloop
  endfacet
  facet normal -0.997857 0.0654263 0
    outer loop
      vertex 22.1368 6.66126 49.4
      vertex 22.1 6.1 46.8
      vertex 22.1 6.1 49.4
    endloop
  endfacet
  facet normal -0.442286 0.896874 0
    outer loop
      vertex 24.7545 10.0727 46.8
      vertex 24.25 9.82391 49.4
      vertex 24.7545 10.0727 49.4
    endloop
  endfacet
  facet normal -0.442286 0.896874 0
    outer loop
      vertex 24.25 9.82391 49.4
      vertex 24.7545 10.0727 46.8
      vertex 24.25 9.82391 46.8
    endloop
  endfacet
  facet normal -0.555549 0.831484 0
    outer loop
      vertex 24.25 9.82391 46.8
      vertex 23.7823 9.51142 49.4
      vertex 24.25 9.82391 49.4
    endloop
  endfacet
  facet normal -0.555549 0.831484 0
    outer loop
      vertex 23.7823 9.51142 49.4
      vertex 24.25 9.82391 46.8
      vertex 23.7823 9.51142 46.8
    endloop
  endfacet
  facet normal 0.70635 -0.0462576 -0.70635
    outer loop
      vertex 30.1 5.61289 46.2319
      vertex 26.4 6.1 42.5
      vertex 30.1 6.1 46.2
    endloop
  endfacet
  facet normal -0.670297 0.227535 -0.70635
    outer loop
      vertex 26.4 6.1 42.5
      vertex 22.2465 7.21292 46.8
      vertex 22.4273 7.74554 46.8
    endloop
  endfacet
  facet normal -0.138105 -0.694259 -0.706351
    outer loop
      vertex 25.9129 2.4 46.2319
      vertex 25.4086 2.4 46.3305
      vertex 26.4 6.1 42.5
    endloop
  endfacet
  facet normal 0.227543 0.670295 -0.706349
    outer loop
      vertex 28.0455 10.0727 46.8
      vertex 26.4 6.1 42.5
      vertex 27.5129 10.2535 46.8
    endloop
  endfacet
  facet normal -0.53224 -0.466681 -0.706349
    outer loop
      vertex 23.3594 3.05944 46.8
      vertex 22.9886 3.48233 46.8
      vertex 26.4 6.1 42.5
    endloop
  endfacet
  facet normal 0.393156 -0.588412 -0.706541
    outer loop
      vertex 28.5362 2.4 46.7724
      vertex 29.0177 2.68858 46.8
      vertex 28.5858 2.4 46.8
    endloop
  endfacet
  facet normal 0.393246 -0.588582 -0.706349
    outer loop
      vertex 29.0177 2.68858 46.8
      vertex 28.5362 2.4 46.7724
      vertex 26.4 6.1 42.5
    endloop
  endfacet
  facet normal -0.313078 0.634865 -0.706349
    outer loop
      vertex 26.4 6.1 42.5
      vertex 24.25 9.82391 46.8
      vertex 24.7545 10.0727 46.8
    endloop
  endfacet
  facet normal 0.634892 0.313029 -0.706346
    outer loop
      vertex 30.1 7.63259 46.5049
      vertex 26.4 6.1 42.5
      vertex 30.1 8.2362 46.7724
    endloop
  endfacet
  facet normal -0.393156 -0.588412 -0.706541
    outer loop
      vertex 23.7823 2.68858 46.8
      vertex 24.2638 2.4 46.7724
      vertex 24.2142 2.4 46.8
    endloop
  endfacet
  facet normal -0.393246 -0.588582 -0.706349
    outer loop
      vertex 24.2638 2.4 46.7724
      vertex 23.7823 2.68858 46.8
      vertex 26.4 6.1 42.5
    endloop
  endfacet
  facet normal -0.670297 -0.227535 -0.70635
    outer loop
      vertex 22.4273 4.45446 46.8
      vertex 22.2465 4.98708 46.8
      vertex 26.4 6.1 42.5
    endloop
  endfacet
  facet normal 0.0462586 -0.70635 -0.70635
    outer loop
      vertex 26.4 2.4 46.2
      vertex 26.4 6.1 42.5
      vertex 26.8871 2.4 46.2319
    endloop
  endfacet
  facet normal 0.588495 -0.393247 -0.706421
    outer loop
      vertex 29.8114 3.48233 46.8
      vertex 30.1 3.9638 46.7724
      vertex 30.1 3.91422 46.8
    endloop
  endfacet
  facet normal 0.58856 -0.393282 -0.706348
    outer loop
      vertex 30.1 3.9638 46.7724
      vertex 29.8114 3.48233 46.8
      vertex 26.4 6.1 42.5
    endloop
  endfacet
  facet normal -0.466717 -0.532207 -0.70635
    outer loop
      vertex 23.7823 2.68858 46.8
      vertex 23.3594 3.05944 46.8
      vertex 26.4 6.1 42.5
    endloop
  endfacet
  facet normal -0.0462586 -0.70635 -0.70635
    outer loop
      vertex 26.4 2.4 46.2
      vertex 25.9129 2.4 46.2319
      vertex 26.4 6.1 42.5
    endloop
  endfacet
  facet normal 0.694259 -0.138105 -0.706351
    outer loop
      vertex 30.1 5.10859 46.3305
      vertex 26.4 6.1 42.5
      vertex 30.1 5.61289 46.2319
    endloop
  endfacet
  facet normal -0.69427 0.138059 -0.706349
    outer loop
      vertex 26.4 6.1 42.5
      vertex 22.1368 6.66126 46.8
      vertex 22.2465 7.21292 46.8
    endloop
  endfacet
  facet normal -0.53224 0.466681 -0.706349
    outer loop
      vertex 26.4 6.1 42.5
      vertex 22.9886 8.71767 46.8
      vertex 23.3594 9.14056 46.8
    endloop
  endfacet
  facet normal -0.466717 0.532207 -0.70635
    outer loop
      vertex 26.4 6.1 42.5
      vertex 23.3594 9.14056 46.8
      vertex 23.7823 9.51142 46.8
    endloop
  endfacet
  facet normal -0.227543 0.670295 -0.706349
    outer loop
      vertex 26.4 6.1 42.5
      vertex 24.7545 10.0727 46.8
      vertex 25.2871 10.2535 46.8
    endloop
  endfacet
  facet normal 0.138073 0.694267 -0.706349
    outer loop
      vertex 27.5129 10.2535 46.8
      vertex 26.4 6.1 42.5
      vertex 26.9613 10.3632 46.8
    endloop
  endfacet
  facet normal 0.466717 0.532207 -0.70635
    outer loop
      vertex 29.4406 9.14056 46.8
      vertex 26.4 6.1 42.5
      vertex 29.0177 9.51142 46.8
    endloop
  endfacet
  facet normal 0.53224 0.466681 -0.706349
    outer loop
      vertex 29.8114 8.71767 46.8
      vertex 26.4 6.1 42.5
      vertex 29.4406 9.14056 46.8
    endloop
  endfacet
  facet normal 0.670268 0.227627 -0.706347
    outer loop
      vertex 30.1 7.09141 46.3305
      vertex 26.4 6.1 42.5
      vertex 30.1 7.63259 46.5049
    endloop
  endfacet
  facet normal -0.313035 -0.634889 -0.706346
    outer loop
      vertex 24.8674 2.4 46.5049
      vertex 24.2638 2.4 46.7724
      vertex 26.4 6.1 42.5
    endloop
  endfacet
  facet normal -0.227618 -0.670271 -0.706347
    outer loop
      vertex 25.4086 2.4 46.3305
      vertex 24.8674 2.4 46.5049
      vertex 26.4 6.1 42.5
    endloop
  endfacet
  facet normal -0.63485 -0.313108 -0.706349
    outer loop
      vertex 22.6761 3.95 46.8
      vertex 22.4273 4.45446 46.8
      vertex 26.4 6.1 42.5
    endloop
  endfacet
  facet normal -0.588561 -0.39328 -0.706348
    outer loop
      vertex 22.9886 3.48233 46.8
      vertex 22.6761 3.95 46.8
      vertex 26.4 6.1 42.5
    endloop
  endfacet
  facet normal -0.706348 -0.046313 -0.706348
    outer loop
      vertex 22.1368 5.53874 46.8
      vertex 22.1 6.1 46.8
      vertex 26.4 6.1 42.5
    endloop
  endfacet
  facet normal -0.69427 -0.138059 -0.706349
    outer loop
      vertex 22.2465 4.98708 46.8
      vertex 22.1368 5.53874 46.8
      vertex 26.4 6.1 42.5
    endloop
  endfacet
  facet normal 0.227618 -0.670271 -0.706347
    outer loop
      vertex 27.3914 2.4 46.3305
      vertex 26.4 6.1 42.5
      vertex 27.9326 2.4 46.5049
    endloop
  endfacet
  facet normal 0.313035 -0.634889 -0.706346
    outer loop
      vertex 27.9326 2.4 46.5049
      vertex 26.4 6.1 42.5
      vertex 28.5362 2.4 46.7724
    endloop
  endfacet
  facet normal 0.138105 -0.694259 -0.706351
    outer loop
      vertex 26.8871 2.4 46.2319
      vertex 26.4 6.1 42.5
      vertex 27.3914 2.4 46.3305
    endloop
  endfacet
  facet normal 0.466717 -0.532207 -0.70635
    outer loop
      vertex 29.0177 2.68858 46.8
      vertex 26.4 6.1 42.5
      vertex 29.4406 3.05944 46.8
    endloop
  endfacet
  facet normal 0.53224 -0.466681 -0.706349
    outer loop
      vertex 29.4406 3.05944 46.8
      vertex 26.4 6.1 42.5
      vertex 29.8114 3.48233 46.8
    endloop
  endfacet
  facet normal 0.634892 -0.313029 -0.706346
    outer loop
      vertex 30.1 3.9638 46.7724
      vertex 26.4 6.1 42.5
      vertex 30.1 4.56741 46.5049
    endloop
  endfacet
  facet normal 0.670268 -0.227627 -0.706347
    outer loop
      vertex 30.1 4.56741 46.5049
      vertex 26.4 6.1 42.5
      vertex 30.1 5.10859 46.3305
    endloop
  endfacet
  facet normal -0.706348 0.046313 -0.706348
    outer loop
      vertex 26.4 6.1 42.5
      vertex 22.1 6.1 46.8
      vertex 22.1368 6.66126 46.8
    endloop
  endfacet
  facet normal -0.588561 0.39328 -0.706348
    outer loop
      vertex 26.4 6.1 42.5
      vertex 22.6761 8.25 46.8
      vertex 22.9886 8.71767 46.8
    endloop
  endfacet
  facet normal -0.63485 0.313108 -0.706349
    outer loop
      vertex 26.4 6.1 42.5
      vertex 22.4273 7.74554 46.8
      vertex 22.6761 8.25 46.8
    endloop
  endfacet
  facet normal -0.393253 0.588577 -0.706349
    outer loop
      vertex 26.4 6.1 42.5
      vertex 23.7823 9.51142 46.8
      vertex 24.25 9.82391 46.8
    endloop
  endfacet
  facet normal -0.0463097 0.706348 -0.706348
    outer loop
      vertex 26.4 6.1 42.5
      vertex 25.8387 10.3632 46.8
      vertex 26.4 10.4 46.8
    endloop
  endfacet
  facet normal -0.138073 0.694267 -0.706349
    outer loop
      vertex 26.4 6.1 42.5
      vertex 25.2871 10.2535 46.8
      vertex 25.8387 10.3632 46.8
    endloop
  endfacet
  facet normal 0.0463097 0.706348 -0.706348
    outer loop
      vertex 26.4 6.1 42.5
      vertex 26.4 10.4 46.8
      vertex 26.9613 10.3632 46.8
    endloop
  endfacet
  facet normal 0.393253 0.588577 -0.706349
    outer loop
      vertex 29.0177 9.51142 46.8
      vertex 26.4 6.1 42.5
      vertex 28.55 9.82391 46.8
    endloop
  endfacet
  facet normal 0.313078 0.634865 -0.706349
    outer loop
      vertex 28.55 9.82391 46.8
      vertex 26.4 6.1 42.5
      vertex 28.0455 10.0727 46.8
    endloop
  endfacet
  facet normal 0.588495 0.393247 -0.706421
    outer loop
      vertex 30.1 8.2362 46.7724
      vertex 29.8114 8.71767 46.8
      vertex 30.1 8.28578 46.8
    endloop
  endfacet
  facet normal 0.58856 0.393282 -0.706348
    outer loop
      vertex 29.8114 8.71767 46.8
      vertex 30.1 8.2362 46.7724
      vertex 26.4 6.1 42.5
    endloop
  endfacet
  facet normal 0.70635 0.0462576 -0.70635
    outer loop
      vertex 30.1 6.1 46.2
      vertex 26.4 6.1 42.5
      vertex 30.1 6.58711 46.2319
    endloop
  endfacet
  facet normal 0.694259 0.138105 -0.706351
    outer loop
      vertex 30.1 6.58711 46.2319
      vertex 26.4 6.1 42.5
      vertex 30.1 7.09141 46.3305
    endloop
  endfacet
  facet normal -0.997862 0.0653568 0
    outer loop
      vertex -23.3265 35.4954 47.4
      vertex -23.3 35.9 49.4
      vertex -23.3 35.9 47.4
    endloop
  endfacet
  facet normal -0.997862 0.0653568 0
    outer loop
      vertex -23.3 35.9 49.4
      vertex -23.3265 35.4954 47.4
      vertex -23.3265 35.4954 49.4
    endloop
  endfacet
  facet normal 0.997862 0.0653568 0
    outer loop
      vertex -29.4735 35.4954 49.4
      vertex -29.5 35.9 47.4
      vertex -29.5 35.9 49.4
    endloop
  endfacet
  facet normal 0.997862 0.0653568 0
    outer loop
      vertex -29.5 35.9 47.4
      vertex -29.4735 35.4954 49.4
      vertex -29.4735 35.4954 47.4
    endloop
  endfacet
  facet normal -0.0653568 0.997862 0
    outer loop
      vertex -25.9954 32.8265 47.4
      vertex -26.4 32.8 49.4
      vertex -25.9954 32.8265 49.4
    endloop
  endfacet
  facet normal -0.0653568 0.997862 0
    outer loop
      vertex -26.4 32.8 49.4
      vertex -25.9954 32.8265 47.4
      vertex -26.4 32.8 47.4
    endloop
  endfacet
  facet normal -0.659482 0.751721 0
    outer loop
      vertex -24.208 33.708 47.4
      vertex -24.5128 33.4406 49.4
      vertex -24.208 33.708 49.4
    endloop
  endfacet
  facet normal -0.659482 0.751721 0
    outer loop
      vertex -24.5128 33.4406 49.4
      vertex -24.208 33.708 47.4
      vertex -24.5128 33.4406 47.4
    endloop
  endfacet
  facet normal 0.659482 0.751721 -0
    outer loop
      vertex -28.2872 33.4406 47.4
      vertex -28.592 33.708 49.4
      vertex -28.2872 33.4406 49.4
    endloop
  endfacet
  facet normal 0.659482 0.751721 0
    outer loop
      vertex -28.592 33.708 49.4
      vertex -28.2872 33.4406 47.4
      vertex -28.592 33.708 47.4
    endloop
  endfacet
  facet normal 0.321549 0.946893 -0
    outer loop
      vertex -27.2023 32.9056 47.4
      vertex -27.5863 33.036 49.4
      vertex -27.2023 32.9056 49.4
    endloop
  endfacet
  facet normal 0.321549 0.946893 0
    outer loop
      vertex -27.5863 33.036 49.4
      vertex -27.2023 32.9056 47.4
      vertex -27.5863 33.036 47.4
    endloop
  endfacet
  facet normal -0.751721 -0.659482 0
    outer loop
      vertex -23.9406 37.7872 47.4
      vertex -24.208 38.092 49.4
      vertex -24.208 38.092 47.4
    endloop
  endfacet
  facet normal -0.751721 -0.659482 0
    outer loop
      vertex -24.208 38.092 49.4
      vertex -23.9406 37.7872 47.4
      vertex -23.9406 37.7872 49.4
    endloop
  endfacet
  facet normal -0.831481 -0.555553 0
    outer loop
      vertex -23.7153 37.45 47.4
      vertex -23.9406 37.7872 49.4
      vertex -23.9406 37.7872 47.4
    endloop
  endfacet
  facet normal -0.831481 -0.555553 0
    outer loop
      vertex -23.9406 37.7872 49.4
      vertex -23.7153 37.45 47.4
      vertex -23.7153 37.45 49.4
    endloop
  endfacet
  facet normal -0.896928 0.442176 0
    outer loop
      vertex -23.7153 34.35 47.4
      vertex -23.536 34.7137 49.4
      vertex -23.536 34.7137 47.4
    endloop
  endfacet
  facet normal -0.896928 0.442176 0
    outer loop
      vertex -23.536 34.7137 49.4
      vertex -23.7153 34.35 47.4
      vertex -23.7153 34.35 49.4
    endloop
  endfacet
  facet normal -0.980789 0.195073 0
    outer loop
      vertex -23.4056 35.0977 47.4
      vertex -23.3265 35.4954 49.4
      vertex -23.3265 35.4954 47.4
    endloop
  endfacet
  facet normal -0.980789 0.195073 0
    outer loop
      vertex -23.3265 35.4954 49.4
      vertex -23.4056 35.0977 47.4
      vertex -23.4056 35.0977 49.4
    endloop
  endfacet
  facet normal -0.321549 0.946893 0
    outer loop
      vertex -25.2137 33.036 47.4
      vertex -25.5977 32.9056 49.4
      vertex -25.2137 33.036 49.4
    endloop
  endfacet
  facet normal -0.321549 0.946893 0
    outer loop
      vertex -25.5977 32.9056 49.4
      vertex -25.2137 33.036 47.4
      vertex -25.5977 32.9056 47.4
    endloop
  endfacet
  facet normal -0.195073 0.980789 0
    outer loop
      vertex -25.5977 32.9056 47.4
      vertex -25.9954 32.8265 49.4
      vertex -25.5977 32.9056 49.4
    endloop
  endfacet
  facet normal -0.195073 0.980789 0
    outer loop
      vertex -25.9954 32.8265 49.4
      vertex -25.5977 32.9056 47.4
      vertex -25.9954 32.8265 47.4
    endloop
  endfacet
  facet normal -0.555553 0.831481 0
    outer loop
      vertex -24.5128 33.4406 47.4
      vertex -24.85 33.2153 49.4
      vertex -24.5128 33.4406 49.4
    endloop
  endfacet
  facet normal -0.555553 0.831481 0
    outer loop
      vertex -24.85 33.2153 49.4
      vertex -24.5128 33.4406 47.4
      vertex -24.85 33.2153 47.4
    endloop
  endfacet
  facet normal 0.896928 0.442176 0
    outer loop
      vertex -29.0847 34.35 49.4
      vertex -29.264 34.7137 47.4
      vertex -29.264 34.7137 49.4
    endloop
  endfacet
  facet normal 0.896928 0.442176 0
    outer loop
      vertex -29.264 34.7137 47.4
      vertex -29.0847 34.35 49.4
      vertex -29.0847 34.35 47.4
    endloop
  endfacet
  facet normal 0.946893 0.321549 0
    outer loop
      vertex -29.264 34.7137 49.4
      vertex -29.3944 35.0977 47.4
      vertex -29.3944 35.0977 49.4
    endloop
  endfacet
  facet normal 0.946893 0.321549 0
    outer loop
      vertex -29.3944 35.0977 47.4
      vertex -29.264 34.7137 49.4
      vertex -29.264 34.7137 47.4
    endloop
  endfacet
  facet normal 0.442176 0.896928 -0
    outer loop
      vertex -27.5863 33.036 47.4
      vertex -27.95 33.2153 49.4
      vertex -27.5863 33.036 49.4
    endloop
  endfacet
  facet normal 0.442176 0.896928 0
    outer loop
      vertex -27.95 33.2153 49.4
      vertex -27.5863 33.036 47.4
      vertex -27.95 33.2153 47.4
    endloop
  endfacet
  facet normal 0.195073 0.980789 -0
    outer loop
      vertex -26.8046 32.8265 47.4
      vertex -27.2023 32.9056 49.4
      vertex -26.8046 32.8265 49.4
    endloop
  endfacet
  facet normal 0.195073 0.980789 0
    outer loop
      vertex -27.2023 32.9056 49.4
      vertex -26.8046 32.8265 47.4
      vertex -27.2023 32.9056 47.4
    endloop
  endfacet
  facet normal 0.321549 -0.946893 0
    outer loop
      vertex -27.5863 38.764 47.4
      vertex -27.2023 38.8944 49.4
      vertex -27.5863 38.764 49.4
    endloop
  endfacet
  facet normal 0.321549 -0.946893 0
    outer loop
      vertex -27.2023 38.8944 49.4
      vertex -27.5863 38.764 47.4
      vertex -27.2023 38.8944 47.4
    endloop
  endfacet
  facet normal 0.896928 -0.442176 0
    outer loop
      vertex -29.264 37.0863 49.4
      vertex -29.0847 37.45 47.4
      vertex -29.0847 37.45 49.4
    endloop
  endfacet
  facet normal 0.896928 -0.442176 0
    outer loop
      vertex -29.0847 37.45 47.4
      vertex -29.264 37.0863 49.4
      vertex -29.264 37.0863 47.4
    endloop
  endfacet
  facet normal -0.946893 0.321549 0
    outer loop
      vertex -23.536 34.7137 47.4
      vertex -23.4056 35.0977 49.4
      vertex -23.4056 35.0977 47.4
    endloop
  endfacet
  facet normal -0.946893 0.321549 0
    outer loop
      vertex -23.4056 35.0977 49.4
      vertex -23.536 34.7137 47.4
      vertex -23.536 34.7137 49.4
    endloop
  endfacet
  facet normal -0.751721 0.659482 0
    outer loop
      vertex -24.208 33.708 47.4
      vertex -23.9406 34.0128 49.4
      vertex -23.9406 34.0128 47.4
    endloop
  endfacet
  facet normal -0.751721 0.659482 0
    outer loop
      vertex -23.9406 34.0128 49.4
      vertex -24.208 33.708 47.4
      vertex -24.208 33.708 49.4
    endloop
  endfacet
  facet normal -0.831481 0.555553 0
    outer loop
      vertex -23.9406 34.0128 47.4
      vertex -23.7153 34.35 49.4
      vertex -23.7153 34.35 47.4
    endloop
  endfacet
  facet normal -0.831481 0.555553 0
    outer loop
      vertex -23.7153 34.35 49.4
      vertex -23.9406 34.0128 47.4
      vertex -23.9406 34.0128 49.4
    endloop
  endfacet
  facet normal -0.442176 0.896928 0
    outer loop
      vertex -24.85 33.2153 47.4
      vertex -25.2137 33.036 49.4
      vertex -24.85 33.2153 49.4
    endloop
  endfacet
  facet normal -0.442176 0.896928 0
    outer loop
      vertex -25.2137 33.036 49.4
      vertex -24.85 33.2153 47.4
      vertex -25.2137 33.036 47.4
    endloop
  endfacet
  facet normal 0.831481 0.555553 0
    outer loop
      vertex -28.8594 34.0128 49.4
      vertex -29.0847 34.35 47.4
      vertex -29.0847 34.35 49.4
    endloop
  endfacet
  facet normal 0.831481 0.555553 0
    outer loop
      vertex -29.0847 34.35 47.4
      vertex -28.8594 34.0128 49.4
      vertex -28.8594 34.0128 47.4
    endloop
  endfacet
  facet normal 0.751721 0.659482 0
    outer loop
      vertex -28.592 33.708 49.4
      vertex -28.8594 34.0128 47.4
      vertex -28.8594 34.0128 49.4
    endloop
  endfacet
  facet normal 0.751721 0.659482 0
    outer loop
      vertex -28.8594 34.0128 47.4
      vertex -28.592 33.708 49.4
      vertex -28.592 33.708 47.4
    endloop
  endfacet
  facet normal 0.980789 0.195073 0
    outer loop
      vertex -29.3944 35.0977 49.4
      vertex -29.4735 35.4954 47.4
      vertex -29.4735 35.4954 49.4
    endloop
  endfacet
  facet normal 0.980789 0.195073 0
    outer loop
      vertex -29.4735 35.4954 47.4
      vertex -29.3944 35.0977 49.4
      vertex -29.3944 35.0977 47.4
    endloop
  endfacet
  facet normal 0.555553 0.831481 -0
    outer loop
      vertex -27.95 33.2153 47.4
      vertex -28.2872 33.4406 49.4
      vertex -27.95 33.2153 49.4
    endloop
  endfacet
  facet normal 0.555553 0.831481 0
    outer loop
      vertex -28.2872 33.4406 49.4
      vertex -27.95 33.2153 47.4
      vertex -28.2872 33.4406 47.4
    endloop
  endfacet
  facet normal 0.0653568 0.997862 -0
    outer loop
      vertex -26.4 32.8 47.4
      vertex -26.8046 32.8265 49.4
      vertex -26.4 32.8 49.4
    endloop
  endfacet
  facet normal 0.0653568 0.997862 0
    outer loop
      vertex -26.8046 32.8265 49.4
      vertex -26.4 32.8 47.4
      vertex -26.8046 32.8265 47.4
    endloop
  endfacet
  facet normal -0.0653568 -0.997862 0
    outer loop
      vertex -26.4 39 47.4
      vertex -25.9954 38.9735 49.4
      vertex -26.4 39 49.4
    endloop
  endfacet
  facet normal -0.0653568 -0.997862 -0
    outer loop
      vertex -25.9954 38.9735 49.4
      vertex -26.4 39 47.4
      vertex -25.9954 38.9735 47.4
    endloop
  endfacet
  facet normal -0.321549 -0.946893 0
    outer loop
      vertex -25.5977 38.8944 47.4
      vertex -25.2137 38.764 49.4
      vertex -25.5977 38.8944 49.4
    endloop
  endfacet
  facet normal -0.321549 -0.946893 -0
    outer loop
      vertex -25.2137 38.764 49.4
      vertex -25.5977 38.8944 47.4
      vertex -25.2137 38.764 47.4
    endloop
  endfacet
  facet normal -0.555553 -0.831481 0
    outer loop
      vertex -24.85 38.5847 47.4
      vertex -24.5128 38.3594 49.4
      vertex -24.85 38.5847 49.4
    endloop
  endfacet
  facet normal -0.555553 -0.831481 -0
    outer loop
      vertex -24.5128 38.3594 49.4
      vertex -24.85 38.5847 47.4
      vertex -24.5128 38.3594 47.4
    endloop
  endfacet
  facet normal -0.980789 -0.195073 0
    outer loop
      vertex -23.3265 36.3046 47.4
      vertex -23.4056 36.7023 49.4
      vertex -23.4056 36.7023 47.4
    endloop
  endfacet
  facet normal -0.980789 -0.195073 0
    outer loop
      vertex -23.4056 36.7023 49.4
      vertex -23.3265 36.3046 47.4
      vertex -23.3265 36.3046 49.4
    endloop
  endfacet
  facet normal 0.659482 -0.751721 0
    outer loop
      vertex -28.592 38.092 47.4
      vertex -28.2872 38.3594 49.4
      vertex -28.592 38.092 49.4
    endloop
  endfacet
  facet normal 0.659482 -0.751721 0
    outer loop
      vertex -28.2872 38.3594 49.4
      vertex -28.592 38.092 47.4
      vertex -28.2872 38.3594 47.4
    endloop
  endfacet
  facet normal 0.442176 -0.896928 0
    outer loop
      vertex -27.95 38.5847 47.4
      vertex -27.5863 38.764 49.4
      vertex -27.95 38.5847 49.4
    endloop
  endfacet
  facet normal 0.442176 -0.896928 0
    outer loop
      vertex -27.5863 38.764 49.4
      vertex -27.95 38.5847 47.4
      vertex -27.5863 38.764 47.4
    endloop
  endfacet
  facet normal 0.195073 -0.980789 0
    outer loop
      vertex -27.2023 38.8944 47.4
      vertex -26.8046 38.9735 49.4
      vertex -27.2023 38.8944 49.4
    endloop
  endfacet
  facet normal 0.195073 -0.980789 0
    outer loop
      vertex -26.8046 38.9735 49.4
      vertex -27.2023 38.8944 47.4
      vertex -26.8046 38.9735 47.4
    endloop
  endfacet
  facet normal 0.831481 -0.555553 0
    outer loop
      vertex -29.0847 37.45 49.4
      vertex -28.8594 37.7872 47.4
      vertex -28.8594 37.7872 49.4
    endloop
  endfacet
  facet normal 0.831481 -0.555553 0
    outer loop
      vertex -28.8594 37.7872 47.4
      vertex -29.0847 37.45 49.4
      vertex -29.0847 37.45 47.4
    endloop
  endfacet
  facet normal 0.946893 -0.321549 0
    outer loop
      vertex -29.3944 36.7023 49.4
      vertex -29.264 37.0863 47.4
      vertex -29.264 37.0863 49.4
    endloop
  endfacet
  facet normal 0.946893 -0.321549 0
    outer loop
      vertex -29.264 37.0863 47.4
      vertex -29.3944 36.7023 49.4
      vertex -29.3944 36.7023 47.4
    endloop
  endfacet
  facet normal 0.997862 -0.0653568 0
    outer loop
      vertex -29.5 35.9 49.4
      vertex -29.4735 36.3046 47.4
      vertex -29.4735 36.3046 49.4
    endloop
  endfacet
  facet normal 0.997862 -0.0653568 0
    outer loop
      vertex -29.4735 36.3046 47.4
      vertex -29.5 35.9 49.4
      vertex -29.5 35.9 47.4
    endloop
  endfacet
  facet normal -0.195073 -0.980789 0
    outer loop
      vertex -25.9954 38.9735 47.4
      vertex -25.5977 38.8944 49.4
      vertex -25.9954 38.9735 49.4
    endloop
  endfacet
  facet normal -0.195073 -0.980789 -0
    outer loop
      vertex -25.5977 38.8944 49.4
      vertex -25.9954 38.9735 47.4
      vertex -25.5977 38.8944 47.4
    endloop
  endfacet
  facet normal -0.442176 -0.896928 0
    outer loop
      vertex -25.2137 38.764 47.4
      vertex -24.85 38.5847 49.4
      vertex -25.2137 38.764 49.4
    endloop
  endfacet
  facet normal -0.442176 -0.896928 -0
    outer loop
      vertex -24.85 38.5847 49.4
      vertex -25.2137 38.764 47.4
      vertex -24.85 38.5847 47.4
    endloop
  endfacet
  facet normal -0.659482 -0.751721 0
    outer loop
      vertex -24.5128 38.3594 47.4
      vertex -24.208 38.092 49.4
      vertex -24.5128 38.3594 49.4
    endloop
  endfacet
  facet normal -0.659482 -0.751721 -0
    outer loop
      vertex -24.208 38.092 49.4
      vertex -24.5128 38.3594 47.4
      vertex -24.208 38.092 47.4
    endloop
  endfacet
  facet normal -0.896928 -0.442176 0
    outer loop
      vertex -23.536 37.0863 47.4
      vertex -23.7153 37.45 49.4
      vertex -23.7153 37.45 47.4
    endloop
  endfacet
  facet normal -0.896928 -0.442176 0
    outer loop
      vertex -23.7153 37.45 49.4
      vertex -23.536 37.0863 47.4
      vertex -23.536 37.0863 49.4
    endloop
  endfacet
  facet normal -0.997862 -0.0653568 0
    outer loop
      vertex -23.3 35.9 47.4
      vertex -23.3265 36.3046 49.4
      vertex -23.3265 36.3046 47.4
    endloop
  endfacet
  facet normal -0.997862 -0.0653568 0
    outer loop
      vertex -23.3265 36.3046 49.4
      vertex -23.3 35.9 47.4
      vertex -23.3 35.9 49.4
    endloop
  endfacet
  facet normal 0.555553 -0.831481 0
    outer loop
      vertex -28.2872 38.3594 47.4
      vertex -27.95 38.5847 49.4
      vertex -28.2872 38.3594 49.4
    endloop
  endfacet
  facet normal 0.555553 -0.831481 0
    outer loop
      vertex -27.95 38.5847 49.4
      vertex -28.2872 38.3594 47.4
      vertex -27.95 38.5847 47.4
    endloop
  endfacet
  facet normal 0.0653568 -0.997862 0
    outer loop
      vertex -26.8046 38.9735 47.4
      vertex -26.4 39 49.4
      vertex -26.8046 38.9735 49.4
    endloop
  endfacet
  facet normal 0.0653568 -0.997862 0
    outer loop
      vertex -26.4 39 49.4
      vertex -26.8046 38.9735 47.4
      vertex -26.4 39 47.4
    endloop
  endfacet
  facet normal 0.751721 -0.659482 0
    outer loop
      vertex -28.8594 37.7872 49.4
      vertex -28.592 38.092 47.4
      vertex -28.592 38.092 49.4
    endloop
  endfacet
  facet normal 0.751721 -0.659482 0
    outer loop
      vertex -28.592 38.092 47.4
      vertex -28.8594 37.7872 49.4
      vertex -28.8594 37.7872 47.4
    endloop
  endfacet
  facet normal 0.980789 -0.195073 0
    outer loop
      vertex -29.4735 36.3046 49.4
      vertex -29.3944 36.7023 47.4
      vertex -29.3944 36.7023 49.4
    endloop
  endfacet
  facet normal 0.980789 -0.195073 0
    outer loop
      vertex -29.3944 36.7023 47.4
      vertex -29.4735 36.3046 49.4
      vertex -29.4735 36.3046 47.4
    endloop
  endfacet
  facet normal 0 0 1
    outer loop
      vertex -23.3265 36.3046 47.4
      vertex -23.3265 35.4954 47.4
      vertex -23.3 35.9 47.4
    endloop
  endfacet
  facet normal 0 0 1
    outer loop
      vertex -23.4056 36.7023 47.4
      vertex -23.3265 35.4954 47.4
      vertex -23.3265 36.3046 47.4
    endloop
  endfacet
  facet normal 0 0 1
    outer loop
      vertex -23.4056 36.7023 47.4
      vertex -23.4056 35.0977 47.4
      vertex -23.3265 35.4954 47.4
    endloop
  endfacet
  facet normal 0 0 1
    outer loop
      vertex -23.536 37.0863 47.4
      vertex -23.4056 35.0977 47.4
      vertex -23.4056 36.7023 47.4
    endloop
  endfacet
  facet normal 0 0 1
    outer loop
      vertex -23.536 37.0863 47.4
      vertex -23.536 34.7137 47.4
      vertex -23.4056 35.0977 47.4
    endloop
  endfacet
  facet normal 0 0 1
    outer loop
      vertex -23.7153 37.45 47.4
      vertex -23.536 34.7137 47.4
      vertex -23.536 37.0863 47.4
    endloop
  endfacet
  facet normal 0 0 1
    outer loop
      vertex -23.7153 37.45 47.4
      vertex -23.7153 34.35 47.4
      vertex -23.536 34.7137 47.4
    endloop
  endfacet
  facet normal 0 0 1
    outer loop
      vertex -23.9406 37.7872 47.4
      vertex -23.7153 34.35 47.4
      vertex -23.7153 37.45 47.4
    endloop
  endfacet
  facet normal 0 0 1
    outer loop
      vertex -23.9406 37.7872 47.4
      vertex -23.9406 34.0128 47.4
      vertex -23.7153 34.35 47.4
    endloop
  endfacet
  facet normal 0 0 1
    outer loop
      vertex -24.208 38.092 47.4
      vertex -23.9406 34.0128 47.4
      vertex -23.9406 37.7872 47.4
    endloop
  endfacet
  facet normal 0 0 1
    outer loop
      vertex -24.208 38.092 47.4
      vertex -24.208 33.708 47.4
      vertex -23.9406 34.0128 47.4
    endloop
  endfacet
  facet normal 0 0 1
    outer loop
      vertex -24.5128 38.3594 47.4
      vertex -24.208 33.708 47.4
      vertex -24.208 38.092 47.4
    endloop
  endfacet
  facet normal 0 0 1
    outer loop
      vertex -24.5128 38.3594 47.4
      vertex -24.5128 33.4406 47.4
      vertex -24.208 33.708 47.4
    endloop
  endfacet
  facet normal 0 0 1
    outer loop
      vertex -24.85 38.5847 47.4
      vertex -24.5128 33.4406 47.4
      vertex -24.5128 38.3594 47.4
    endloop
  endfacet
  facet normal 0 0 1
    outer loop
      vertex -24.85 38.5847 47.4
      vertex -24.85 33.2153 47.4
      vertex -24.5128 33.4406 47.4
    endloop
  endfacet
  facet normal 0 0 1
    outer loop
      vertex -25.2137 38.764 47.4
      vertex -24.85 33.2153 47.4
      vertex -24.85 38.5847 47.4
    endloop
  endfacet
  facet normal 0 0 1
    outer loop
      vertex -25.2137 38.764 47.4
      vertex -25.2137 33.036 47.4
      vertex -24.85 33.2153 47.4
    endloop
  endfacet
  facet normal 0 0 1
    outer loop
      vertex -25.5977 38.8944 47.4
      vertex -25.2137 33.036 47.4
      vertex -25.2137 38.764 47.4
    endloop
  endfacet
  facet normal 0 0 1
    outer loop
      vertex -25.5977 38.8944 47.4
      vertex -25.5977 32.9056 47.4
      vertex -25.2137 33.036 47.4
    endloop
  endfacet
  facet normal 0 0 1
    outer loop
      vertex -25.9954 38.9735 47.4
      vertex -25.5977 32.9056 47.4
      vertex -25.5977 38.8944 47.4
    endloop
  endfacet
  facet normal 0 0 1
    outer loop
      vertex -25.9954 38.9735 47.4
      vertex -25.9954 32.8265 47.4
      vertex -25.5977 32.9056 47.4
    endloop
  endfacet
  facet normal 0 0 1
    outer loop
      vertex -26.4 39 47.4
      vertex -25.9954 32.8265 47.4
      vertex -25.9954 38.9735 47.4
    endloop
  endfacet
  facet normal 0 0 1
    outer loop
      vertex -26.4 39 47.4
      vertex -26.4 32.8 47.4
      vertex -25.9954 32.8265 47.4
    endloop
  endfacet
  facet normal -0 0 1
    outer loop
      vertex -26.8046 38.9735 47.4
      vertex -26.4 32.8 47.4
      vertex -26.4 39 47.4
    endloop
  endfacet
  facet normal 0 0 1
    outer loop
      vertex -26.8046 38.9735 47.4
      vertex -26.8046 32.8265 47.4
      vertex -26.4 32.8 47.4
    endloop
  endfacet
  facet normal -0 0 1
    outer loop
      vertex -27.2023 38.8944 47.4
      vertex -26.8046 32.8265 47.4
      vertex -26.8046 38.9735 47.4
    endloop
  endfacet
  facet normal 0 0 1
    outer loop
      vertex -27.2023 38.8944 47.4
      vertex -27.2023 32.9056 47.4
      vertex -26.8046 32.8265 47.4
    endloop
  endfacet
  facet normal -0 0 1
    outer loop
      vertex -27.5863 38.764 47.4
      vertex -27.2023 32.9056 47.4
      vertex -27.2023 38.8944 47.4
    endloop
  endfacet
  facet normal 0 0 1
    outer loop
      vertex -27.5863 38.764 47.4
      vertex -27.5863 33.036 47.4
      vertex -27.2023 32.9056 47.4
    endloop
  endfacet
  facet normal -0 0 1
    outer loop
      vertex -27.95 38.5847 47.4
      vertex -27.5863 33.036 47.4
      vertex -27.5863 38.764 47.4
    endloop
  endfacet
  facet normal 0 0 1
    outer loop
      vertex -27.95 38.5847 47.4
      vertex -27.95 33.2153 47.4
      vertex -27.5863 33.036 47.4
    endloop
  endfacet
  facet normal -0 0 1
    outer loop
      vertex -28.2872 38.3594 47.4
      vertex -27.95 33.2153 47.4
      vertex -27.95 38.5847 47.4
    endloop
  endfacet
  facet normal 0 0 1
    outer loop
      vertex -28.2872 38.3594 47.4
      vertex -28.2872 33.4406 47.4
      vertex -27.95 33.2153 47.4
    endloop
  endfacet
  facet normal -0 0 1
    outer loop
      vertex -28.592 38.092 47.4
      vertex -28.2872 33.4406 47.4
      vertex -28.2872 38.3594 47.4
    endloop
  endfacet
  facet normal 0 0 1
    outer loop
      vertex -28.592 38.092 47.4
      vertex -28.592 33.708 47.4
      vertex -28.2872 33.4406 47.4
    endloop
  endfacet
  facet normal -0 0 1
    outer loop
      vertex -28.8594 37.7872 47.4
      vertex -28.592 33.708 47.4
      vertex -28.592 38.092 47.4
    endloop
  endfacet
  facet normal 0 0 1
    outer loop
      vertex -28.8594 37.7872 47.4
      vertex -28.8594 34.0128 47.4
      vertex -28.592 33.708 47.4
    endloop
  endfacet
  facet normal -0 0 1
    outer loop
      vertex -29.0847 37.45 47.4
      vertex -28.8594 34.0128 47.4
      vertex -28.8594 37.7872 47.4
    endloop
  endfacet
  facet normal 0 0 1
    outer loop
      vertex -29.0847 37.45 47.4
      vertex -29.0847 34.35 47.4
      vertex -28.8594 34.0128 47.4
    endloop
  endfacet
  facet normal -0 0 1
    outer loop
      vertex -29.264 37.0863 47.4
      vertex -29.0847 34.35 47.4
      vertex -29.0847 37.45 47.4
    endloop
  endfacet
  facet normal 0 0 1
    outer loop
      vertex -29.264 37.0863 47.4
      vertex -29.264 34.7137 47.4
      vertex -29.0847 34.35 47.4
    endloop
  endfacet
  facet normal -0 0 1
    outer loop
      vertex -29.3944 36.7023 47.4
      vertex -29.264 34.7137 47.4
      vertex -29.264 37.0863 47.4
    endloop
  endfacet
  facet normal 0 0 1
    outer loop
      vertex -29.3944 36.7023 47.4
      vertex -29.3944 35.0977 47.4
      vertex -29.264 34.7137 47.4
    endloop
  endfacet
  facet normal -0 0 1
    outer loop
      vertex -29.4735 36.3046 47.4
      vertex -29.3944 35.0977 47.4
      vertex -29.3944 36.7023 47.4
    endloop
  endfacet
  facet normal 0 0 1
    outer loop
      vertex -29.4735 36.3046 47.4
      vertex -29.4735 35.4954 47.4
      vertex -29.3944 35.0977 47.4
    endloop
  endfacet
  facet normal 0 -0 1
    outer loop
      vertex -29.4735 35.4954 47.4
      vertex -29.4735 36.3046 47.4
      vertex -29.5 35.9 47.4
    endloop
  endfacet
  facet normal -0.946893 -0.321549 0
    outer loop
      vertex -23.4056 36.7023 47.4
      vertex -23.536 37.0863 49.4
      vertex -23.536 37.0863 47.4
    endloop
  endfacet
  facet normal -0.946893 -0.321549 0
    outer loop
      vertex -23.536 37.0863 49.4
      vertex -23.4056 36.7023 47.4
      vertex -23.4056 36.7023 49.4
    endloop
  endfacet
  facet normal -0.997862 0.0653519 0
    outer loop
      vertex -23.3265 5.69537 47.4
      vertex -23.3 6.1 49.4
      vertex -23.3 6.1 47.4
    endloop
  endfacet
  facet normal -0.997862 0.0653519 0
    outer loop
      vertex -23.3 6.1 49.4
      vertex -23.3265 5.69537 47.4
      vertex -23.3265 5.69537 49.4
    endloop
  endfacet
  facet normal 0.0654059 0.997859 -0
    outer loop
      vertex -26.4 3 47.4
      vertex -26.8046 3.02652 49.4
      vertex -26.4 3 49.4
    endloop
  endfacet
  facet normal 0.0654059 0.997859 0
    outer loop
      vertex -26.8046 3.02652 49.4
      vertex -26.4 3 47.4
      vertex -26.8046 3.02652 47.4
    endloop
  endfacet
  facet normal -0.0654059 -0.997859 0
    outer loop
      vertex -26.4 9.2 47.4
      vertex -25.9954 9.17348 49.4
      vertex -26.4 9.2 49.4
    endloop
  endfacet
  facet normal -0.0654059 -0.997859 -0
    outer loop
      vertex -25.9954 9.17348 49.4
      vertex -26.4 9.2 47.4
      vertex -25.9954 9.17348 47.4
    endloop
  endfacet
  facet normal -0.65944 0.751757 0
    outer loop
      vertex -24.208 3.90797 47.4
      vertex -24.5128 3.6406 49.4
      vertex -24.208 3.90797 49.4
    endloop
  endfacet
  facet normal -0.65944 0.751757 0
    outer loop
      vertex -24.5128 3.6406 49.4
      vertex -24.208 3.90797 47.4
      vertex -24.5128 3.6406 47.4
    endloop
  endfacet
  facet normal 0.751796 0.659396 0
    outer loop
      vertex -28.592 3.90797 49.4
      vertex -28.8594 4.21284 47.4
      vertex -28.8594 4.21284 49.4
    endloop
  endfacet
  facet normal 0.751796 0.659396 0
    outer loop
      vertex -28.8594 4.21284 47.4
      vertex -28.592 3.90797 49.4
      vertex -28.592 3.90797 47.4
    endloop
  endfacet
  facet normal 0.442275 0.89688 -0
    outer loop
      vertex -27.5863 3.23597 47.4
      vertex -27.95 3.41532 49.4
      vertex -27.5863 3.23597 49.4
    endloop
  endfacet
  facet normal 0.442275 0.89688 0
    outer loop
      vertex -27.95 3.41532 49.4
      vertex -27.5863 3.23597 47.4
      vertex -27.95 3.41532 47.4
    endloop
  endfacet
  facet normal -0.946888 -0.321564 0
    outer loop
      vertex -23.4056 6.90234 47.4
      vertex -23.536 7.28632 49.4
      vertex -23.536 7.28632 47.4
    endloop
  endfacet
  facet normal -0.946888 -0.321564 0
    outer loop
      vertex -23.536 7.28632 49.4
      vertex -23.4056 6.90234 47.4
      vertex -23.4056 6.90234 49.4
    endloop
  endfacet
  facet normal -0.896919 0.442195 0
    outer loop
      vertex -23.7153 4.55 47.4
      vertex -23.536 4.91368 49.4
      vertex -23.536 4.91368 47.4
    endloop
  endfacet
  facet normal -0.896919 0.442195 0
    outer loop
      vertex -23.536 4.91368 49.4
      vertex -23.7153 4.55 47.4
      vertex -23.7153 4.55 49.4
    endloop
  endfacet
  facet normal -0.98079 0.195068 0
    outer loop
      vertex -23.4056 5.29766 47.4
      vertex -23.3265 5.69537 49.4
      vertex -23.3265 5.69537 47.4
    endloop
  endfacet
  facet normal -0.98079 0.195068 0
    outer loop
      vertex -23.3265 5.69537 49.4
      vertex -23.4056 5.29766 47.4
      vertex -23.4056 5.29766 49.4
    endloop
  endfacet
  facet normal -0.321416 0.946938 0
    outer loop
      vertex -25.2137 3.23597 47.4
      vertex -25.5977 3.10563 49.4
      vertex -25.2137 3.23597 49.4
    endloop
  endfacet
  facet normal -0.321416 0.946938 0
    outer loop
      vertex -25.5977 3.10563 49.4
      vertex -25.2137 3.23597 47.4
      vertex -25.5977 3.10563 47.4
    endloop
  endfacet
  facet normal -0.555519 0.831504 0
    outer loop
      vertex -24.5128 3.6406 47.4
      vertex -24.85 3.41532 49.4
      vertex -24.5128 3.6406 49.4
    endloop
  endfacet
  facet normal -0.555519 0.831504 0
    outer loop
      vertex -24.85 3.41532 49.4
      vertex -24.5128 3.6406 47.4
      vertex -24.85 3.41532 47.4
    endloop
  endfacet
  facet normal 0.946888 0.321564 0
    outer loop
      vertex -29.264 4.91368 49.4
      vertex -29.3944 5.29766 47.4
      vertex -29.3944 5.29766 49.4
    endloop
  endfacet
  facet normal 0.946888 0.321564 0
    outer loop
      vertex -29.3944 5.29766 47.4
      vertex -29.264 4.91368 49.4
      vertex -29.264 4.91368 47.4
    endloop
  endfacet
  facet normal 0.83145 0.555599 0
    outer loop
      vertex -28.8594 4.21284 49.4
      vertex -29.0847 4.55 47.4
      vertex -29.0847 4.55 49.4
    endloop
  endfacet
  facet normal 0.83145 0.555599 0
    outer loop
      vertex -29.0847 4.55 47.4
      vertex -28.8594 4.21284 49.4
      vertex -28.8594 4.21284 47.4
    endloop
  endfacet
  facet normal 0.195096 0.980784 -0
    outer loop
      vertex -26.8046 3.02652 47.4
      vertex -27.2023 3.10563 49.4
      vertex -26.8046 3.02652 49.4
    endloop
  endfacet
  facet normal 0.195096 0.980784 0
    outer loop
      vertex -27.2023 3.10563 49.4
      vertex -26.8046 3.02652 47.4
      vertex -27.2023 3.10563 47.4
    endloop
  endfacet
  facet normal -0.195096 -0.980784 0
    outer loop
      vertex -25.9954 9.17348 47.4
      vertex -25.5977 9.09437 49.4
      vertex -25.9954 9.17348 49.4
    endloop
  endfacet
  facet normal -0.195096 -0.980784 -0
    outer loop
      vertex -25.5977 9.09437 49.4
      vertex -25.9954 9.17348 47.4
      vertex -25.5977 9.09437 47.4
    endloop
  endfacet
  facet normal -0.946888 0.321564 0
    outer loop
      vertex -23.536 4.91368 47.4
      vertex -23.4056 5.29766 49.4
      vertex -23.4056 5.29766 47.4
    endloop
  endfacet
  facet normal -0.946888 0.321564 0
    outer loop
      vertex -23.4056 5.29766 49.4
      vertex -23.536 4.91368 47.4
      vertex -23.536 4.91368 49.4
    endloop
  endfacet
  facet normal -0.751796 0.659396 0
    outer loop
      vertex -24.208 3.90797 47.4
      vertex -23.9406 4.21284 49.4
      vertex -23.9406 4.21284 47.4
    endloop
  endfacet
  facet normal -0.751796 0.659396 0
    outer loop
      vertex -23.9406 4.21284 49.4
      vertex -24.208 3.90797 47.4
      vertex -24.208 3.90797 49.4
    endloop
  endfacet
  facet normal -0.83145 0.555599 0
    outer loop
      vertex -23.9406 4.21284 47.4
      vertex -23.7153 4.55 49.4
      vertex -23.7153 4.55 47.4
    endloop
  endfacet
  facet normal -0.83145 0.555599 0
    outer loop
      vertex -23.7153 4.55 49.4
      vertex -23.9406 4.21284 47.4
      vertex -23.9406 4.21284 49.4
    endloop
  endfacet
  facet normal -0.195096 0.980784 0
    outer loop
      vertex -25.5977 3.10563 47.4
      vertex -25.9954 3.02652 49.4
      vertex -25.5977 3.10563 49.4
    endloop
  endfacet
  facet normal -0.195096 0.980784 0
    outer loop
      vertex -25.9954 3.02652 49.4
      vertex -25.5977 3.10563 47.4
      vertex -25.9954 3.02652 47.4
    endloop
  endfacet
  facet normal -0.0654059 0.997859 0
    outer loop
      vertex -25.9954 3.02652 47.4
      vertex -26.4 3 49.4
      vertex -25.9954 3.02652 49.4
    endloop
  endfacet
  facet normal -0.0654059 0.997859 0
    outer loop
      vertex -26.4 3 49.4
      vertex -25.9954 3.02652 47.4
      vertex -26.4 3 47.4
    endloop
  endfacet
  facet normal -0.442275 0.89688 0
    outer loop
      vertex -24.85 3.41532 47.4
      vertex -25.2137 3.23597 49.4
      vertex -24.85 3.41532 49.4
    endloop
  endfacet
  facet normal -0.442275 0.89688 0
    outer loop
      vertex -25.2137 3.23597 49.4
      vertex -24.85 3.41532 47.4
      vertex -25.2137 3.23597 47.4
    endloop
  endfacet
  facet normal 0.896919 0.442195 0
    outer loop
      vertex -29.0847 4.55 49.4
      vertex -29.264 4.91368 47.4
      vertex -29.264 4.91368 49.4
    endloop
  endfacet
  facet normal 0.896919 0.442195 0
    outer loop
      vertex -29.264 4.91368 47.4
      vertex -29.0847 4.55 49.4
      vertex -29.0847 4.55 47.4
    endloop
  endfacet
  facet normal 0.98079 0.195068 0
    outer loop
      vertex -29.3944 5.29766 49.4
      vertex -29.4735 5.69537 47.4
      vertex -29.4735 5.69537 49.4
    endloop
  endfacet
  facet normal 0.98079 0.195068 0
    outer loop
      vertex -29.4735 5.69537 47.4
      vertex -29.3944 5.29766 49.4
      vertex -29.3944 5.29766 47.4
    endloop
  endfacet
  facet normal 0.997862 0.0653519 0
    outer loop
      vertex -29.4735 5.69537 49.4
      vertex -29.5 6.1 47.4
      vertex -29.5 6.1 49.4
    endloop
  endfacet
  facet normal 0.997862 0.0653519 0
    outer loop
      vertex -29.5 6.1 47.4
      vertex -29.4735 5.69537 49.4
      vertex -29.4735 5.69537 47.4
    endloop
  endfacet
  facet normal 0.997862 -0.0653519 0
    outer loop
      vertex -29.5 6.1 49.4
      vertex -29.4735 6.50463 47.4
      vertex -29.4735 6.50463 49.4
    endloop
  endfacet
  facet normal 0.997862 -0.0653519 0
    outer loop
      vertex -29.4735 6.50463 47.4
      vertex -29.5 6.1 49.4
      vertex -29.5 6.1 47.4
    endloop
  endfacet
  facet normal 0.555519 0.831504 -0
    outer loop
      vertex -27.95 3.41532 47.4
      vertex -28.2872 3.6406 49.4
      vertex -27.95 3.41532 49.4
    endloop
  endfacet
  facet normal 0.555519 0.831504 0
    outer loop
      vertex -28.2872 3.6406 49.4
      vertex -27.95 3.41532 47.4
      vertex -28.2872 3.6406 47.4
    endloop
  endfacet
  facet normal 0.65944 0.751757 -0
    outer loop
      vertex -28.2872 3.6406 47.4
      vertex -28.592 3.90797 49.4
      vertex -28.2872 3.6406 49.4
    endloop
  endfacet
  facet normal 0.65944 0.751757 0
    outer loop
      vertex -28.592 3.90797 49.4
      vertex -28.2872 3.6406 47.4
      vertex -28.592 3.90797 47.4
    endloop
  endfacet
  facet normal 0.321416 0.946938 -0
    outer loop
      vertex -27.2023 3.10563 47.4
      vertex -27.5863 3.23597 49.4
      vertex -27.2023 3.10563 49.4
    endloop
  endfacet
  facet normal 0.321416 0.946938 0
    outer loop
      vertex -27.5863 3.23597 49.4
      vertex -27.2023 3.10563 47.4
      vertex -27.5863 3.23597 47.4
    endloop
  endfacet
  facet normal -0.997862 -0.0653519 0
    outer loop
      vertex -23.3 6.1 47.4
      vertex -23.3265 6.50463 49.4
      vertex -23.3265 6.50463 47.4
    endloop
  endfacet
  facet normal -0.997862 -0.0653519 0
    outer loop
      vertex -23.3265 6.50463 49.4
      vertex -23.3 6.1 47.4
      vertex -23.3 6.1 49.4
    endloop
  endfacet
  facet normal -0.83145 -0.555599 0
    outer loop
      vertex -23.7153 7.65 47.4
      vertex -23.9406 7.98716 49.4
      vertex -23.9406 7.98716 47.4
    endloop
  endfacet
  facet normal -0.83145 -0.555599 0
    outer loop
      vertex -23.9406 7.98716 49.4
      vertex -23.7153 7.65 47.4
      vertex -23.7153 7.65 49.4
    endloop
  endfacet
  facet normal -0.98079 -0.195068 0
    outer loop
      vertex -23.3265 6.50463 47.4
      vertex -23.4056 6.90234 49.4
      vertex -23.4056 6.90234 47.4
    endloop
  endfacet
  facet normal -0.98079 -0.195068 0
    outer loop
      vertex -23.4056 6.90234 49.4
      vertex -23.3265 6.50463 47.4
      vertex -23.3265 6.50463 49.4
    endloop
  endfacet
  facet normal 0.83145 -0.555599 0
    outer loop
      vertex -29.0847 7.65 49.4
      vertex -28.8594 7.98716 47.4
      vertex -28.8594 7.98716 49.4
    endloop
  endfacet
  facet normal 0.83145 -0.555599 0
    outer loop
      vertex -28.8594 7.98716 47.4
      vertex -29.0847 7.65 49.4
      vertex -29.0847 7.65 47.4
    endloop
  endfacet
  facet normal 0.65944 -0.751757 0
    outer loop
      vertex -28.592 8.29203 47.4
      vertex -28.2872 8.5594 49.4
      vertex -28.592 8.29203 49.4
    endloop
  endfacet
  facet normal 0.65944 -0.751757 0
    outer loop
      vertex -28.2872 8.5594 49.4
      vertex -28.592 8.29203 47.4
      vertex -28.2872 8.5594 47.4
    endloop
  endfacet
  facet normal -0.555519 -0.831504 0
    outer loop
      vertex -24.85 8.78468 47.4
      vertex -24.5128 8.5594 49.4
      vertex -24.85 8.78468 49.4
    endloop
  endfacet
  facet normal -0.555519 -0.831504 -0
    outer loop
      vertex -24.5128 8.5594 49.4
      vertex -24.85 8.78468 47.4
      vertex -24.5128 8.5594 47.4
    endloop
  endfacet
  facet normal 0 0 1
    outer loop
      vertex -23.3265 6.50463 47.4
      vertex -23.3265 5.69537 47.4
      vertex -23.3 6.1 47.4
    endloop
  endfacet
  facet normal 0 0 1
    outer loop
      vertex -23.4056 6.90234 47.4
      vertex -23.3265 5.69537 47.4
      vertex -23.3265 6.50463 47.4
    endloop
  endfacet
  facet normal 0 0 1
    outer loop
      vertex -23.4056 6.90234 47.4
      vertex -23.4056 5.29766 47.4
      vertex -23.3265 5.69537 47.4
    endloop
  endfacet
  facet normal 0 0 1
    outer loop
      vertex -23.536 7.28632 47.4
      vertex -23.4056 5.29766 47.4
      vertex -23.4056 6.90234 47.4
    endloop
  endfacet
  facet normal 0 0 1
    outer loop
      vertex -23.536 7.28632 47.4
      vertex -23.536 4.91368 47.4
      vertex -23.4056 5.29766 47.4
    endloop
  endfacet
  facet normal 0 0 1
    outer loop
      vertex -23.7153 7.65 47.4
      vertex -23.536 4.91368 47.4
      vertex -23.536 7.28632 47.4
    endloop
  endfacet
  facet normal 0 0 1
    outer loop
      vertex -23.7153 7.65 47.4
      vertex -23.7153 4.55 47.4
      vertex -23.536 4.91368 47.4
    endloop
  endfacet
  facet normal 0 0 1
    outer loop
      vertex -23.9406 7.98716 47.4
      vertex -23.7153 4.55 47.4
      vertex -23.7153 7.65 47.4
    endloop
  endfacet
  facet normal 0 0 1
    outer loop
      vertex -23.9406 7.98716 47.4
      vertex -23.9406 4.21284 47.4
      vertex -23.7153 4.55 47.4
    endloop
  endfacet
  facet normal 0 0 1
    outer loop
      vertex -24.208 8.29203 47.4
      vertex -23.9406 4.21284 47.4
      vertex -23.9406 7.98716 47.4
    endloop
  endfacet
  facet normal 0 0 1
    outer loop
      vertex -24.208 8.29203 47.4
      vertex -24.208 3.90797 47.4
      vertex -23.9406 4.21284 47.4
    endloop
  endfacet
  facet normal 0 0 1
    outer loop
      vertex -24.5128 8.5594 47.4
      vertex -24.208 3.90797 47.4
      vertex -24.208 8.29203 47.4
    endloop
  endfacet
  facet normal 0 0 1
    outer loop
      vertex -24.5128 8.5594 47.4
      vertex -24.5128 3.6406 47.4
      vertex -24.208 3.90797 47.4
    endloop
  endfacet
  facet normal 0 0 1
    outer loop
      vertex -24.85 8.78468 47.4
      vertex -24.5128 3.6406 47.4
      vertex -24.5128 8.5594 47.4
    endloop
  endfacet
  facet normal 0 0 1
    outer loop
      vertex -24.85 8.78468 47.4
      vertex -24.85 3.41532 47.4
      vertex -24.5128 3.6406 47.4
    endloop
  endfacet
  facet normal 0 0 1
    outer loop
      vertex -25.2137 8.96403 47.4
      vertex -24.85 3.41532 47.4
      vertex -24.85 8.78468 47.4
    endloop
  endfacet
  facet normal 0 0 1
    outer loop
      vertex -25.2137 8.96403 47.4
      vertex -25.2137 3.23597 47.4
      vertex -24.85 3.41532 47.4
    endloop
  endfacet
  facet normal 0 0 1
    outer loop
      vertex -25.5977 9.09437 47.4
      vertex -25.2137 3.23597 47.4
      vertex -25.2137 8.96403 47.4
    endloop
  endfacet
  facet normal 0 0 1
    outer loop
      vertex -25.5977 9.09437 47.4
      vertex -25.5977 3.10563 47.4
      vertex -25.2137 3.23597 47.4
    endloop
  endfacet
  facet normal 0 0 1
    outer loop
      vertex -25.9954 9.17348 47.4
      vertex -25.5977 3.10563 47.4
      vertex -25.5977 9.09437 47.4
    endloop
  endfacet
  facet normal 0 0 1
    outer loop
      vertex -25.9954 9.17348 47.4
      vertex -25.9954 3.02652 47.4
      vertex -25.5977 3.10563 47.4
    endloop
  endfacet
  facet normal 0 0 1
    outer loop
      vertex -26.4 9.2 47.4
      vertex -25.9954 3.02652 47.4
      vertex -25.9954 9.17348 47.4
    endloop
  endfacet
  facet normal 0 0 1
    outer loop
      vertex -26.4 9.2 47.4
      vertex -26.4 3 47.4
      vertex -25.9954 3.02652 47.4
    endloop
  endfacet
  facet normal -0 0 1
    outer loop
      vertex -26.8046 9.17348 47.4
      vertex -26.4 3 47.4
      vertex -26.4 9.2 47.4
    endloop
  endfacet
  facet normal 0 0 1
    outer loop
      vertex -26.8046 9.17348 47.4
      vertex -26.8046 3.02652 47.4
      vertex -26.4 3 47.4
    endloop
  endfacet
  facet normal -0 0 1
    outer loop
      vertex -27.2023 9.09437 47.4
      vertex -26.8046 3.02652 47.4
      vertex -26.8046 9.17348 47.4
    endloop
  endfacet
  facet normal 0 0 1
    outer loop
      vertex -27.2023 9.09437 47.4
      vertex -27.2023 3.10563 47.4
      vertex -26.8046 3.02652 47.4
    endloop
  endfacet
  facet normal -0 0 1
    outer loop
      vertex -27.5863 8.96403 47.4
      vertex -27.2023 3.10563 47.4
      vertex -27.2023 9.09437 47.4
    endloop
  endfacet
  facet normal 0 0 1
    outer loop
      vertex -27.5863 8.96403 47.4
      vertex -27.5863 3.23597 47.4
      vertex -27.2023 3.10563 47.4
    endloop
  endfacet
  facet normal -0 0 1
    outer loop
      vertex -27.95 8.78468 47.4
      vertex -27.5863 3.23597 47.4
      vertex -27.5863 8.96403 47.4
    endloop
  endfacet
  facet normal 0 0 1
    outer loop
      vertex -27.95 8.78468 47.4
      vertex -27.95 3.41532 47.4
      vertex -27.5863 3.23597 47.4
    endloop
  endfacet
  facet normal -0 0 1
    outer loop
      vertex -28.2872 8.5594 47.4
      vertex -27.95 3.41532 47.4
      vertex -27.95 8.78468 47.4
    endloop
  endfacet
  facet normal 0 0 1
    outer loop
      vertex -28.2872 8.5594 47.4
      vertex -28.2872 3.6406 47.4
      vertex -27.95 3.41532 47.4
    endloop
  endfacet
  facet normal -0 0 1
    outer loop
      vertex -28.592 8.29203 47.4
      vertex -28.2872 3.6406 47.4
      vertex -28.2872 8.5594 47.4
    endloop
  endfacet
  facet normal 0 0 1
    outer loop
      vertex -28.592 8.29203 47.4
      vertex -28.592 3.90797 47.4
      vertex -28.2872 3.6406 47.4
    endloop
  endfacet
  facet normal -0 0 1
    outer loop
      vertex -28.8594 7.98716 47.4
      vertex -28.592 3.90797 47.4
      vertex -28.592 8.29203 47.4
    endloop
  endfacet
  facet normal 0 0 1
    outer loop
      vertex -28.8594 7.98716 47.4
      vertex -28.8594 4.21284 47.4
      vertex -28.592 3.90797 47.4
    endloop
  endfacet
  facet normal -0 0 1
    outer loop
      vertex -29.0847 7.65 47.4
      vertex -28.8594 4.21284 47.4
      vertex -28.8594 7.98716 47.4
    endloop
  endfacet
  facet normal 0 0 1
    outer loop
      vertex -29.0847 7.65 47.4
      vertex -29.0847 4.55 47.4
      vertex -28.8594 4.21284 47.4
    endloop
  endfacet
  facet normal -0 0 1
    outer loop
      vertex -29.264 7.28632 47.4
      vertex -29.0847 4.55 47.4
      vertex -29.0847 7.65 47.4
    endloop
  endfacet
  facet normal 0 0 1
    outer loop
      vertex -29.264 7.28632 47.4
      vertex -29.264 4.91368 47.4
      vertex -29.0847 4.55 47.4
    endloop
  endfacet
  facet normal -0 0 1
    outer loop
      vertex -29.3944 6.90234 47.4
      vertex -29.264 4.91368 47.4
      vertex -29.264 7.28632 47.4
    endloop
  endfacet
  facet normal 0 0 1
    outer loop
      vertex -29.3944 6.90234 47.4
      vertex -29.3944 5.29766 47.4
      vertex -29.264 4.91368 47.4
    endloop
  endfacet
  facet normal -0 0 1
    outer loop
      vertex -29.4735 6.50463 47.4
      vertex -29.3944 5.29766 47.4
      vertex -29.3944 6.90234 47.4
    endloop
  endfacet
  facet normal 0 0 1
    outer loop
      vertex -29.4735 6.50463 47.4
      vertex -29.4735 5.69537 47.4
      vertex -29.3944 5.29766 47.4
    endloop
  endfacet
  facet normal 0 -0 1
    outer loop
      vertex -29.4735 5.69537 47.4
      vertex -29.4735 6.50463 47.4
      vertex -29.5 6.1 47.4
    endloop
  endfacet
  facet normal -0.896919 -0.442195 0
    outer loop
      vertex -23.536 7.28632 47.4
      vertex -23.7153 7.65 49.4
      vertex -23.7153 7.65 47.4
    endloop
  endfacet
  facet normal -0.896919 -0.442195 0
    outer loop
      vertex -23.7153 7.65 49.4
      vertex -23.536 7.28632 47.4
      vertex -23.536 7.28632 49.4
    endloop
  endfacet
  facet normal 0.946888 -0.321564 0
    outer loop
      vertex -29.3944 6.90234 49.4
      vertex -29.264 7.28632 47.4
      vertex -29.264 7.28632 49.4
    endloop
  endfacet
  facet normal 0.946888 -0.321564 0
    outer loop
      vertex -29.264 7.28632 47.4
      vertex -29.3944 6.90234 49.4
      vertex -29.3944 6.90234 47.4
    endloop
  endfacet
  facet normal 0.98079 -0.195068 0
    outer loop
      vertex -29.4735 6.50463 49.4
      vertex -29.3944 6.90234 47.4
      vertex -29.3944 6.90234 49.4
    endloop
  endfacet
  facet normal 0.98079 -0.195068 0
    outer loop
      vertex -29.3944 6.90234 47.4
      vertex -29.4735 6.50463 49.4
      vertex -29.4735 6.50463 47.4
    endloop
  endfacet
  facet normal 0.896919 -0.442195 0
    outer loop
      vertex -29.264 7.28632 49.4
      vertex -29.0847 7.65 47.4
      vertex -29.0847 7.65 49.4
    endloop
  endfacet
  facet normal 0.896919 -0.442195 0
    outer loop
      vertex -29.0847 7.65 47.4
      vertex -29.264 7.28632 49.4
      vertex -29.264 7.28632 47.4
    endloop
  endfacet
  facet normal -0.751796 -0.659396 0
    outer loop
      vertex -23.9406 7.98716 47.4
      vertex -24.208 8.29203 49.4
      vertex -24.208 8.29203 47.4
    endloop
  endfacet
  facet normal -0.751796 -0.659396 0
    outer loop
      vertex -24.208 8.29203 49.4
      vertex -23.9406 7.98716 47.4
      vertex -23.9406 7.98716 49.4
    endloop
  endfacet
  facet normal -0.442275 -0.89688 0
    outer loop
      vertex -25.2137 8.96403 47.4
      vertex -24.85 8.78468 49.4
      vertex -25.2137 8.96403 49.4
    endloop
  endfacet
  facet normal -0.442275 -0.89688 -0
    outer loop
      vertex -24.85 8.78468 49.4
      vertex -25.2137 8.96403 47.4
      vertex -24.85 8.78468 47.4
    endloop
  endfacet
  facet normal -0.321416 -0.946938 0
    outer loop
      vertex -25.5977 9.09437 47.4
      vertex -25.2137 8.96403 49.4
      vertex -25.5977 9.09437 49.4
    endloop
  endfacet
  facet normal -0.321416 -0.946938 -0
    outer loop
      vertex -25.2137 8.96403 49.4
      vertex -25.5977 9.09437 47.4
      vertex -25.2137 8.96403 47.4
    endloop
  endfacet
  facet normal 0.0654059 -0.997859 0
    outer loop
      vertex -26.8046 9.17348 47.4
      vertex -26.4 9.2 49.4
      vertex -26.8046 9.17348 49.4
    endloop
  endfacet
  facet normal 0.0654059 -0.997859 0
    outer loop
      vertex -26.4 9.2 49.4
      vertex -26.8046 9.17348 47.4
      vertex -26.4 9.2 47.4
    endloop
  endfacet
  facet normal 0.195096 -0.980784 0
    outer loop
      vertex -27.2023 9.09437 47.4
      vertex -26.8046 9.17348 49.4
      vertex -27.2023 9.09437 49.4
    endloop
  endfacet
  facet normal 0.195096 -0.980784 0
    outer loop
      vertex -26.8046 9.17348 49.4
      vertex -27.2023 9.09437 47.4
      vertex -26.8046 9.17348 47.4
    endloop
  endfacet
  facet normal 0.751796 -0.659396 0
    outer loop
      vertex -28.8594 7.98716 49.4
      vertex -28.592 8.29203 47.4
      vertex -28.592 8.29203 49.4
    endloop
  endfacet
  facet normal 0.751796 -0.659396 0
    outer loop
      vertex -28.592 8.29203 47.4
      vertex -28.8594 7.98716 49.4
      vertex -28.8594 7.98716 47.4
    endloop
  endfacet
  facet normal -0.65944 -0.751757 0
    outer loop
      vertex -24.5128 8.5594 47.4
      vertex -24.208 8.29203 49.4
      vertex -24.5128 8.5594 49.4
    endloop
  endfacet
  facet normal -0.65944 -0.751757 -0
    outer loop
      vertex -24.208 8.29203 49.4
      vertex -24.5128 8.5594 47.4
      vertex -24.208 8.29203 47.4
    endloop
  endfacet
  facet normal 0.555519 -0.831504 0
    outer loop
      vertex -28.2872 8.5594 47.4
      vertex -27.95 8.78468 49.4
      vertex -28.2872 8.5594 49.4
    endloop
  endfacet
  facet normal 0.555519 -0.831504 0
    outer loop
      vertex -27.95 8.78468 49.4
      vertex -28.2872 8.5594 47.4
      vertex -27.95 8.78468 47.4
    endloop
  endfacet
  facet normal 0.321416 -0.946938 0
    outer loop
      vertex -27.5863 8.96403 47.4
      vertex -27.2023 9.09437 49.4
      vertex -27.5863 8.96403 49.4
    endloop
  endfacet
  facet normal 0.321416 -0.946938 0
    outer loop
      vertex -27.2023 9.09437 49.4
      vertex -27.5863 8.96403 47.4
      vertex -27.2023 9.09437 47.4
    endloop
  endfacet
  facet normal 0.442275 -0.89688 0
    outer loop
      vertex -27.95 8.78468 47.4
      vertex -27.5863 8.96403 49.4
      vertex -27.95 8.78468 49.4
    endloop
  endfacet
  facet normal 0.442275 -0.89688 0
    outer loop
      vertex -27.5863 8.96403 49.4
      vertex -27.95 8.78468 47.4
      vertex -27.5863 8.96403 47.4
    endloop
  endfacet
  facet normal -0.997862 0.0653568 0
    outer loop
      vertex 29.4735 35.4954 47.4
      vertex 29.5 35.9 49.4
      vertex 29.5 35.9 47.4
    endloop
  endfacet
  facet normal -0.997862 0.0653568 0
    outer loop
      vertex 29.5 35.9 49.4
      vertex 29.4735 35.4954 47.4
      vertex 29.4735 35.4954 49.4
    endloop
  endfacet
  facet normal 0.997862 0.0653568 0
    outer loop
      vertex 23.3265 35.4954 49.4
      vertex 23.3 35.9 47.4
      vertex 23.3 35.9 49.4
    endloop
  endfacet
  facet normal 0.997862 0.0653568 0
    outer loop
      vertex 23.3 35.9 47.4
      vertex 23.3265 35.4954 49.4
      vertex 23.3265 35.4954 47.4
    endloop
  endfacet
  facet normal -0.0653568 0.997862 0
    outer loop
      vertex 26.8046 32.8265 47.4
      vertex 26.4 32.8 49.4
      vertex 26.8046 32.8265 49.4
    endloop
  endfacet
  facet normal -0.0653568 0.997862 0
    outer loop
      vertex 26.4 32.8 49.4
      vertex 26.8046 32.8265 47.4
      vertex 26.4 32.8 47.4
    endloop
  endfacet
  facet normal -0.659482 0.751721 0
    outer loop
      vertex 28.592 33.708 47.4
      vertex 28.2872 33.4406 49.4
      vertex 28.592 33.708 49.4
    endloop
  endfacet
  facet normal -0.659482 0.751721 0
    outer loop
      vertex 28.2872 33.4406 49.4
      vertex 28.592 33.708 47.4
      vertex 28.2872 33.4406 47.4
    endloop
  endfacet
  facet normal 0.659482 0.751721 -0
    outer loop
      vertex 24.5128 33.4406 47.4
      vertex 24.208 33.708 49.4
      vertex 24.5128 33.4406 49.4
    endloop
  endfacet
  facet normal 0.659482 0.751721 0
    outer loop
      vertex 24.208 33.708 49.4
      vertex 24.5128 33.4406 47.4
      vertex 24.208 33.708 47.4
    endloop
  endfacet
  facet normal 0.321549 0.946893 -0
    outer loop
      vertex 25.5977 32.9056 47.4
      vertex 25.2137 33.036 49.4
      vertex 25.5977 32.9056 49.4
    endloop
  endfacet
  facet normal 0.321549 0.946893 0
    outer loop
      vertex 25.2137 33.036 49.4
      vertex 25.5977 32.9056 47.4
      vertex 25.2137 33.036 47.4
    endloop
  endfacet
  facet normal -0.751721 -0.659482 0
    outer loop
      vertex 28.8594 37.7872 47.4
      vertex 28.592 38.092 49.4
      vertex 28.592 38.092 47.4
    endloop
  endfacet
  facet normal -0.751721 -0.659482 0
    outer loop
      vertex 28.592 38.092 49.4
      vertex 28.8594 37.7872 47.4
      vertex 28.8594 37.7872 49.4
    endloop
  endfacet
  facet normal -0.896928 0.442176 0
    outer loop
      vertex 29.0847 34.35 47.4
      vertex 29.264 34.7137 49.4
      vertex 29.264 34.7137 47.4
    endloop
  endfacet
  facet normal -0.896928 0.442176 0
    outer loop
      vertex 29.264 34.7137 49.4
      vertex 29.0847 34.35 47.4
      vertex 29.0847 34.35 49.4
    endloop
  endfacet
  facet normal -0.980789 0.195073 0
    outer loop
      vertex 29.3944 35.0977 47.4
      vertex 29.4735 35.4954 49.4
      vertex 29.4735 35.4954 47.4
    endloop
  endfacet
  facet normal -0.980789 0.195073 0
    outer loop
      vertex 29.4735 35.4954 49.4
      vertex 29.3944 35.0977 47.4
      vertex 29.3944 35.0977 49.4
    endloop
  endfacet
  facet normal -0.442176 0.896928 0
    outer loop
      vertex 27.95 33.2153 47.4
      vertex 27.5863 33.036 49.4
      vertex 27.95 33.2153 49.4
    endloop
  endfacet
  facet normal -0.442176 0.896928 0
    outer loop
      vertex 27.5863 33.036 49.4
      vertex 27.95 33.2153 47.4
      vertex 27.5863 33.036 47.4
    endloop
  endfacet
  facet normal -0.321549 0.946893 0
    outer loop
      vertex 27.5863 33.036 47.4
      vertex 27.2023 32.9056 49.4
      vertex 27.5863 33.036 49.4
    endloop
  endfacet
  facet normal -0.321549 0.946893 0
    outer loop
      vertex 27.2023 32.9056 49.4
      vertex 27.5863 33.036 47.4
      vertex 27.2023 32.9056 47.4
    endloop
  endfacet
  facet normal -0.555553 0.831481 0
    outer loop
      vertex 28.2872 33.4406 47.4
      vertex 27.95 33.2153 49.4
      vertex 28.2872 33.4406 49.4
    endloop
  endfacet
  facet normal -0.555553 0.831481 0
    outer loop
      vertex 27.95 33.2153 49.4
      vertex 28.2872 33.4406 47.4
      vertex 27.95 33.2153 47.4
    endloop
  endfacet
  facet normal 0.896928 0.442176 0
    outer loop
      vertex 23.7153 34.35 49.4
      vertex 23.536 34.7137 47.4
      vertex 23.536 34.7137 49.4
    endloop
  endfacet
  facet normal 0.896928 0.442176 0
    outer loop
      vertex 23.536 34.7137 47.4
      vertex 23.7153 34.35 49.4
      vertex 23.7153 34.35 47.4
    endloop
  endfacet
  facet normal 0.831481 0.555553 0
    outer loop
      vertex 23.9406 34.0128 49.4
      vertex 23.7153 34.35 47.4
      vertex 23.7153 34.35 49.4
    endloop
  endfacet
  facet normal 0.831481 0.555553 0
    outer loop
      vertex 23.7153 34.35 47.4
      vertex 23.9406 34.0128 49.4
      vertex 23.9406 34.0128 47.4
    endloop
  endfacet
  facet normal 0.946893 0.321549 0
    outer loop
      vertex 23.536 34.7137 49.4
      vertex 23.4056 35.0977 47.4
      vertex 23.4056 35.0977 49.4
    endloop
  endfacet
  facet normal 0.946893 0.321549 0
    outer loop
      vertex 23.4056 35.0977 47.4
      vertex 23.536 34.7137 49.4
      vertex 23.536 34.7137 47.4
    endloop
  endfacet
  facet normal 0.442176 0.896928 -0
    outer loop
      vertex 25.2137 33.036 47.4
      vertex 24.85 33.2153 49.4
      vertex 25.2137 33.036 49.4
    endloop
  endfacet
  facet normal 0.442176 0.896928 0
    outer loop
      vertex 24.85 33.2153 49.4
      vertex 25.2137 33.036 47.4
      vertex 24.85 33.2153 47.4
    endloop
  endfacet
  facet normal 0.195073 0.980789 -0
    outer loop
      vertex 25.9954 32.8265 47.4
      vertex 25.5977 32.9056 49.4
      vertex 25.9954 32.8265 49.4
    endloop
  endfacet
  facet normal 0.195073 0.980789 0
    outer loop
      vertex 25.5977 32.9056 49.4
      vertex 25.9954 32.8265 47.4
      vertex 25.5977 32.9056 47.4
    endloop
  endfacet
  facet normal -0.321549 -0.946893 0
    outer loop
      vertex 27.2023 38.8944 47.4
      vertex 27.5863 38.764 49.4
      vertex 27.2023 38.8944 49.4
    endloop
  endfacet
  facet normal -0.321549 -0.946893 -0
    outer loop
      vertex 27.5863 38.764 49.4
      vertex 27.2023 38.8944 47.4
      vertex 27.5863 38.764 47.4
    endloop
  endfacet
  facet normal 0.442176 -0.896928 0
    outer loop
      vertex 24.85 38.5847 47.4
      vertex 25.2137 38.764 49.4
      vertex 24.85 38.5847 49.4
    endloop
  endfacet
  facet normal 0.442176 -0.896928 0
    outer loop
      vertex 25.2137 38.764 49.4
      vertex 24.85 38.5847 47.4
      vertex 25.2137 38.764 47.4
    endloop
  endfacet
  facet normal 0.321549 -0.946893 0
    outer loop
      vertex 25.2137 38.764 47.4
      vertex 25.5977 38.8944 49.4
      vertex 25.2137 38.764 49.4
    endloop
  endfacet
  facet normal 0.321549 -0.946893 0
    outer loop
      vertex 25.5977 38.8944 49.4
      vertex 25.2137 38.764 47.4
      vertex 25.5977 38.8944 47.4
    endloop
  endfacet
  facet normal 0.896928 -0.442176 0
    outer loop
      vertex 23.536 37.0863 49.4
      vertex 23.7153 37.45 47.4
      vertex 23.7153 37.45 49.4
    endloop
  endfacet
  facet normal 0.896928 -0.442176 0
    outer loop
      vertex 23.7153 37.45 47.4
      vertex 23.536 37.0863 49.4
      vertex 23.536 37.0863 47.4
    endloop
  endfacet
  facet normal 0.831481 -0.555553 0
    outer loop
      vertex 23.7153 37.45 49.4
      vertex 23.9406 37.7872 47.4
      vertex 23.9406 37.7872 49.4
    endloop
  endfacet
  facet normal 0.831481 -0.555553 0
    outer loop
      vertex 23.9406 37.7872 47.4
      vertex 23.7153 37.45 49.4
      vertex 23.7153 37.45 47.4
    endloop
  endfacet
  facet normal -0.946893 0.321549 0
    outer loop
      vertex 29.264 34.7137 47.4
      vertex 29.3944 35.0977 49.4
      vertex 29.3944 35.0977 47.4
    endloop
  endfacet
  facet normal -0.946893 0.321549 0
    outer loop
      vertex 29.3944 35.0977 49.4
      vertex 29.264 34.7137 47.4
      vertex 29.264 34.7137 49.4
    endloop
  endfacet
  facet normal -0.751721 0.659482 0
    outer loop
      vertex 28.592 33.708 47.4
      vertex 28.8594 34.0128 49.4
      vertex 28.8594 34.0128 47.4
    endloop
  endfacet
  facet normal -0.751721 0.659482 0
    outer loop
      vertex 28.8594 34.0128 49.4
      vertex 28.592 33.708 47.4
      vertex 28.592 33.708 49.4
    endloop
  endfacet
  facet normal -0.831481 0.555553 0
    outer loop
      vertex 28.8594 34.0128 47.4
      vertex 29.0847 34.35 49.4
      vertex 29.0847 34.35 47.4
    endloop
  endfacet
  facet normal -0.831481 0.555553 0
    outer loop
      vertex 29.0847 34.35 49.4
      vertex 28.8594 34.0128 47.4
      vertex 28.8594 34.0128 49.4
    endloop
  endfacet
  facet normal -0.195073 0.980789 0
    outer loop
      vertex 27.2023 32.9056 47.4
      vertex 26.8046 32.8265 49.4
      vertex 27.2023 32.9056 49.4
    endloop
  endfacet
  facet normal -0.195073 0.980789 0
    outer loop
      vertex 26.8046 32.8265 49.4
      vertex 27.2023 32.9056 47.4
      vertex 26.8046 32.8265 47.4
    endloop
  endfacet
  facet normal 0.980789 0.195073 0
    outer loop
      vertex 23.4056 35.0977 49.4
      vertex 23.3265 35.4954 47.4
      vertex 23.3265 35.4954 49.4
    endloop
  endfacet
  facet normal 0.980789 0.195073 0
    outer loop
      vertex 23.3265 35.4954 47.4
      vertex 23.4056 35.0977 49.4
      vertex 23.4056 35.0977 47.4
    endloop
  endfacet
  facet normal 0 0 1
    outer loop
      vertex 29.4735 36.3046 47.4
      vertex 29.4735 35.4954 47.4
      vertex 29.5 35.9 47.4
    endloop
  endfacet
  facet normal 0 0 1
    outer loop
      vertex 29.3944 36.7023 47.4
      vertex 29.4735 35.4954 47.4
      vertex 29.4735 36.3046 47.4
    endloop
  endfacet
  facet normal 0 0 1
    outer loop
      vertex 29.3944 36.7023 47.4
      vertex 29.3944 35.0977 47.4
      vertex 29.4735 35.4954 47.4
    endloop
  endfacet
  facet normal 0 0 1
    outer loop
      vertex 29.264 37.0863 47.4
      vertex 29.3944 35.0977 47.4
      vertex 29.3944 36.7023 47.4
    endloop
  endfacet
  facet normal 0 0 1
    outer loop
      vertex 29.264 37.0863 47.4
      vertex 29.264 34.7137 47.4
      vertex 29.3944 35.0977 47.4
    endloop
  endfacet
  facet normal 0 0 1
    outer loop
      vertex 29.0847 37.45 47.4
      vertex 29.264 34.7137 47.4
      vertex 29.264 37.0863 47.4
    endloop
  endfacet
  facet normal 0 0 1
    outer loop
      vertex 29.0847 37.45 47.4
      vertex 29.0847 34.35 47.4
      vertex 29.264 34.7137 47.4
    endloop
  endfacet
  facet normal 0 0 1
    outer loop
      vertex 28.8594 37.7872 47.4
      vertex 29.0847 34.35 47.4
      vertex 29.0847 37.45 47.4
    endloop
  endfacet
  facet normal 0 0 1
    outer loop
      vertex 28.8594 37.7872 47.4
      vertex 28.8594 34.0128 47.4
      vertex 29.0847 34.35 47.4
    endloop
  endfacet
  facet normal 0 0 1
    outer loop
      vertex 28.592 38.092 47.4
      vertex 28.8594 34.0128 47.4
      vertex 28.8594 37.7872 47.4
    endloop
  endfacet
  facet normal 0 0 1
    outer loop
      vertex 28.592 38.092 47.4
      vertex 28.592 33.708 47.4
      vertex 28.8594 34.0128 47.4
    endloop
  endfacet
  facet normal 0 0 1
    outer loop
      vertex 28.2872 38.3594 47.4
      vertex 28.592 33.708 47.4
      vertex 28.592 38.092 47.4
    endloop
  endfacet
  facet normal 0 0 1
    outer loop
      vertex 28.2872 38.3594 47.4
      vertex 28.2872 33.4406 47.4
      vertex 28.592 33.708 47.4
    endloop
  endfacet
  facet normal 0 0 1
    outer loop
      vertex 27.95 38.5847 47.4
      vertex 28.2872 33.4406 47.4
      vertex 28.2872 38.3594 47.4
    endloop
  endfacet
  facet normal 0 0 1
    outer loop
      vertex 27.95 38.5847 47.4
      vertex 27.95 33.2153 47.4
      vertex 28.2872 33.4406 47.4
    endloop
  endfacet
  facet normal 0 0 1
    outer loop
      vertex 27.5863 38.764 47.4
      vertex 27.95 33.2153 47.4
      vertex 27.95 38.5847 47.4
    endloop
  endfacet
  facet normal 0 0 1
    outer loop
      vertex 27.5863 38.764 47.4
      vertex 27.5863 33.036 47.4
      vertex 27.95 33.2153 47.4
    endloop
  endfacet
  facet normal 0 0 1
    outer loop
      vertex 27.2023 38.8944 47.4
      vertex 27.5863 33.036 47.4
      vertex 27.5863 38.764 47.4
    endloop
  endfacet
  facet normal 0 0 1
    outer loop
      vertex 27.2023 38.8944 47.4
      vertex 27.2023 32.9056 47.4
      vertex 27.5863 33.036 47.4
    endloop
  endfacet
  facet normal 0 0 1
    outer loop
      vertex 26.8046 38.9735 47.4
      vertex 27.2023 32.9056 47.4
      vertex 27.2023 38.8944 47.4
    endloop
  endfacet
  facet normal 0 0 1
    outer loop
      vertex 26.8046 38.9735 47.4
      vertex 26.8046 32.8265 47.4
      vertex 27.2023 32.9056 47.4
    endloop
  endfacet
  facet normal 0 0 1
    outer loop
      vertex 26.4 39 47.4
      vertex 26.8046 32.8265 47.4
      vertex 26.8046 38.9735 47.4
    endloop
  endfacet
  facet normal 0 0 1
    outer loop
      vertex 26.4 39 47.4
      vertex 26.4 32.8 47.4
      vertex 26.8046 32.8265 47.4
    endloop
  endfacet
  facet normal -0 0 1
    outer loop
      vertex 25.9954 38.9735 47.4
      vertex 26.4 32.8 47.4
      vertex 26.4 39 47.4
    endloop
  endfacet
  facet normal 0 0 1
    outer loop
      vertex 25.9954 38.9735 47.4
      vertex 25.9954 32.8265 47.4
      vertex 26.4 32.8 47.4
    endloop
  endfacet
  facet normal -0 0 1
    outer loop
      vertex 25.5977 38.8944 47.4
      vertex 25.9954 32.8265 47.4
      vertex 25.9954 38.9735 47.4
    endloop
  endfacet
  facet normal 0 0 1
    outer loop
      vertex 25.5977 38.8944 47.4
      vertex 25.5977 32.9056 47.4
      vertex 25.9954 32.8265 47.4
    endloop
  endfacet
  facet normal -0 0 1
    outer loop
      vertex 25.2137 38.764 47.4
      vertex 25.5977 32.9056 47.4
      vertex 25.5977 38.8944 47.4
    endloop
  endfacet
  facet normal 0 0 1
    outer loop
      vertex 25.2137 38.764 47.4
      vertex 25.2137 33.036 47.4
      vertex 25.5977 32.9056 47.4
    endloop
  endfacet
  facet normal -0 0 1
    outer loop
      vertex 24.85 38.5847 47.4
      vertex 25.2137 33.036 47.4
      vertex 25.2137 38.764 47.4
    endloop
  endfacet
  facet normal 0 0 1
    outer loop
      vertex 24.85 38.5847 47.4
      vertex 24.85 33.2153 47.4
      vertex 25.2137 33.036 47.4
    endloop
  endfacet
  facet normal -0 0 1
    outer loop
      vertex 24.5128 38.3594 47.4
      vertex 24.85 33.2153 47.4
      vertex 24.85 38.5847 47.4
    endloop
  endfacet
  facet normal 0 0 1
    outer loop
      vertex 24.5128 38.3594 47.4
      vertex 24.5128 33.4406 47.4
      vertex 24.85 33.2153 47.4
    endloop
  endfacet
  facet normal -0 0 1
    outer loop
      vertex 24.208 38.092 47.4
      vertex 24.5128 33.4406 47.4
      vertex 24.5128 38.3594 47.4
    endloop
  endfacet
  facet normal 0 0 1
    outer loop
      vertex 24.208 38.092 47.4
      vertex 24.208 33.708 47.4
      vertex 24.5128 33.4406 47.4
    endloop
  endfacet
  facet normal -0 0 1
    outer loop
      vertex 23.9406 37.7872 47.4
      vertex 24.208 33.708 47.4
      vertex 24.208 38.092 47.4
    endloop
  endfacet
  facet normal 0 0 1
    outer loop
      vertex 23.9406 37.7872 47.4
      vertex 23.9406 34.0128 47.4
      vertex 24.208 33.708 47.4
    endloop
  endfacet
  facet normal -0 0 1
    outer loop
      vertex 23.7153 37.45 47.4
      vertex 23.9406 34.0128 47.4
      vertex 23.9406 37.7872 47.4
    endloop
  endfacet
  facet normal 0 0 1
    outer loop
      vertex 23.7153 37.45 47.4
      vertex 23.7153 34.35 47.4
      vertex 23.9406 34.0128 47.4
    endloop
  endfacet
  facet normal -0 0 1
    outer loop
      vertex 23.536 37.0863 47.4
      vertex 23.7153 34.35 47.4
      vertex 23.7153 37.45 47.4
    endloop
  endfacet
  facet normal 0 0 1
    outer loop
      vertex 23.536 37.0863 47.4
      vertex 23.536 34.7137 47.4
      vertex 23.7153 34.35 47.4
    endloop
  endfacet
  facet normal -0 0 1
    outer loop
      vertex 23.4056 36.7023 47.4
      vertex 23.536 34.7137 47.4
      vertex 23.536 37.0863 47.4
    endloop
  endfacet
  facet normal 0 0 1
    outer loop
      vertex 23.4056 36.7023 47.4
      vertex 23.4056 35.0977 47.4
      vertex 23.536 34.7137 47.4
    endloop
  endfacet
  facet normal -0 0 1
    outer loop
      vertex 23.3265 36.3046 47.4
      vertex 23.4056 35.0977 47.4
      vertex 23.4056 36.7023 47.4
    endloop
  endfacet
  facet normal 0 0 1
    outer loop
      vertex 23.3265 36.3046 47.4
      vertex 23.3265 35.4954 47.4
      vertex 23.4056 35.0977 47.4
    endloop
  endfacet
  facet normal 0 -0 1
    outer loop
      vertex 23.3265 35.4954 47.4
      vertex 23.3265 36.3046 47.4
      vertex 23.3 35.9 47.4
    endloop
  endfacet
  facet normal 0.0653568 0.997862 -0
    outer loop
      vertex 26.4 32.8 47.4
      vertex 25.9954 32.8265 49.4
      vertex 26.4 32.8 49.4
    endloop
  endfacet
  facet normal 0.0653568 0.997862 0
    outer loop
      vertex 25.9954 32.8265 49.4
      vertex 26.4 32.8 47.4
      vertex 25.9954 32.8265 47.4
    endloop
  endfacet
  facet normal -0.997862 -0.0653568 0
    outer loop
      vertex 29.5 35.9 47.4
      vertex 29.4735 36.3046 49.4
      vertex 29.4735 36.3046 47.4
    endloop
  endfacet
  facet normal -0.997862 -0.0653568 0
    outer loop
      vertex 29.4735 36.3046 49.4
      vertex 29.5 35.9 47.4
      vertex 29.5 35.9 49.4
    endloop
  endfacet
  facet normal -0.0653568 -0.997862 0
    outer loop
      vertex 26.4 39 47.4
      vertex 26.8046 38.9735 49.4
      vertex 26.4 39 49.4
    endloop
  endfacet
  facet normal -0.0653568 -0.997862 -0
    outer loop
      vertex 26.8046 38.9735 49.4
      vertex 26.4 39 47.4
      vertex 26.8046 38.9735 47.4
    endloop
  endfacet
  facet normal -0.555553 -0.831481 0
    outer loop
      vertex 27.95 38.5847 47.4
      vertex 28.2872 38.3594 49.4
      vertex 27.95 38.5847 49.4
    endloop
  endfacet
  facet normal -0.555553 -0.831481 -0
    outer loop
      vertex 28.2872 38.3594 49.4
      vertex 27.95 38.5847 47.4
      vertex 28.2872 38.3594 47.4
    endloop
  endfacet
  facet normal -0.659482 -0.751721 0
    outer loop
      vertex 28.2872 38.3594 47.4
      vertex 28.592 38.092 49.4
      vertex 28.2872 38.3594 49.4
    endloop
  endfacet
  facet normal -0.659482 -0.751721 -0
    outer loop
      vertex 28.592 38.092 49.4
      vertex 28.2872 38.3594 47.4
      vertex 28.592 38.092 47.4
    endloop
  endfacet
  facet normal -0.831481 -0.555553 0
    outer loop
      vertex 29.0847 37.45 47.4
      vertex 28.8594 37.7872 49.4
      vertex 28.8594 37.7872 47.4
    endloop
  endfacet
  facet normal -0.831481 -0.555553 0
    outer loop
      vertex 28.8594 37.7872 49.4
      vertex 29.0847 37.45 47.4
      vertex 29.0847 37.45 49.4
    endloop
  endfacet
  facet normal -0.980789 -0.195073 0
    outer loop
      vertex 29.4735 36.3046 47.4
      vertex 29.3944 36.7023 49.4
      vertex 29.3944 36.7023 47.4
    endloop
  endfacet
  facet normal -0.980789 -0.195073 0
    outer loop
      vertex 29.3944 36.7023 49.4
      vertex 29.4735 36.3046 47.4
      vertex 29.4735 36.3046 49.4
    endloop
  endfacet
  facet normal 0.555553 -0.831481 0
    outer loop
      vertex 24.5128 38.3594 47.4
      vertex 24.85 38.5847 49.4
      vertex 24.5128 38.3594 49.4
    endloop
  endfacet
  facet normal 0.555553 -0.831481 0
    outer loop
      vertex 24.85 38.5847 49.4
      vertex 24.5128 38.3594 47.4
      vertex 24.85 38.5847 47.4
    endloop
  endfacet
  facet normal 0.659482 -0.751721 0
    outer loop
      vertex 24.208 38.092 47.4
      vertex 24.5128 38.3594 49.4
      vertex 24.208 38.092 49.4
    endloop
  endfacet
  facet normal 0.659482 -0.751721 0
    outer loop
      vertex 24.5128 38.3594 49.4
      vertex 24.208 38.092 47.4
      vertex 24.5128 38.3594 47.4
    endloop
  endfacet
  facet normal 0.195073 -0.980789 0
    outer loop
      vertex 25.5977 38.8944 47.4
      vertex 25.9954 38.9735 49.4
      vertex 25.5977 38.8944 49.4
    endloop
  endfacet
  facet normal 0.195073 -0.980789 0
    outer loop
      vertex 25.9954 38.9735 49.4
      vertex 25.5977 38.8944 47.4
      vertex 25.9954 38.9735 47.4
    endloop
  endfacet
  facet normal 0.751721 -0.659482 0
    outer loop
      vertex 23.9406 37.7872 49.4
      vertex 24.208 38.092 47.4
      vertex 24.208 38.092 49.4
    endloop
  endfacet
  facet normal 0.751721 -0.659482 0
    outer loop
      vertex 24.208 38.092 47.4
      vertex 23.9406 37.7872 49.4
      vertex 23.9406 37.7872 47.4
    endloop
  endfacet
  facet normal 0.946893 -0.321549 0
    outer loop
      vertex 23.4056 36.7023 49.4
      vertex 23.536 37.0863 47.4
      vertex 23.536 37.0863 49.4
    endloop
  endfacet
  facet normal 0.946893 -0.321549 0
    outer loop
      vertex 23.536 37.0863 47.4
      vertex 23.4056 36.7023 49.4
      vertex 23.4056 36.7023 47.4
    endloop
  endfacet
  facet normal 0.997862 -0.0653568 0
    outer loop
      vertex 23.3 35.9 49.4
      vertex 23.3265 36.3046 47.4
      vertex 23.3265 36.3046 49.4
    endloop
  endfacet
  facet normal 0.997862 -0.0653568 0
    outer loop
      vertex 23.3265 36.3046 47.4
      vertex 23.3 35.9 49.4
      vertex 23.3 35.9 47.4
    endloop
  endfacet
  facet normal 0.751721 0.659482 0
    outer loop
      vertex 24.208 33.708 49.4
      vertex 23.9406 34.0128 47.4
      vertex 23.9406 34.0128 49.4
    endloop
  endfacet
  facet normal 0.751721 0.659482 0
    outer loop
      vertex 23.9406 34.0128 47.4
      vertex 24.208 33.708 49.4
      vertex 24.208 33.708 47.4
    endloop
  endfacet
  facet normal 0.555553 0.831481 -0
    outer loop
      vertex 24.85 33.2153 47.4
      vertex 24.5128 33.4406 49.4
      vertex 24.85 33.2153 49.4
    endloop
  endfacet
  facet normal 0.555553 0.831481 0
    outer loop
      vertex 24.5128 33.4406 49.4
      vertex 24.85 33.2153 47.4
      vertex 24.5128 33.4406 47.4
    endloop
  endfacet
  facet normal -0.195073 -0.980789 0
    outer loop
      vertex 26.8046 38.9735 47.4
      vertex 27.2023 38.8944 49.4
      vertex 26.8046 38.9735 49.4
    endloop
  endfacet
  facet normal -0.195073 -0.980789 -0
    outer loop
      vertex 27.2023 38.8944 49.4
      vertex 26.8046 38.9735 47.4
      vertex 27.2023 38.8944 47.4
    endloop
  endfacet
  facet normal -0.442176 -0.896928 0
    outer loop
      vertex 27.5863 38.764 47.4
      vertex 27.95 38.5847 49.4
      vertex 27.5863 38.764 49.4
    endloop
  endfacet
  facet normal -0.442176 -0.896928 -0
    outer loop
      vertex 27.95 38.5847 49.4
      vertex 27.5863 38.764 47.4
      vertex 27.95 38.5847 47.4
    endloop
  endfacet
  facet normal -0.896928 -0.442176 0
    outer loop
      vertex 29.264 37.0863 47.4
      vertex 29.0847 37.45 49.4
      vertex 29.0847 37.45 47.4
    endloop
  endfacet
  facet normal -0.896928 -0.442176 0
    outer loop
      vertex 29.0847 37.45 49.4
      vertex 29.264 37.0863 47.4
      vertex 29.264 37.0863 49.4
    endloop
  endfacet
  facet normal 0.0653568 -0.997862 0
    outer loop
      vertex 25.9954 38.9735 47.4
      vertex 26.4 39 49.4
      vertex 25.9954 38.9735 49.4
    endloop
  endfacet
  facet normal 0.0653568 -0.997862 0
    outer loop
      vertex 26.4 39 49.4
      vertex 25.9954 38.9735 47.4
      vertex 26.4 39 47.4
    endloop
  endfacet
  facet normal 0.980789 -0.195073 0
    outer loop
      vertex 23.3265 36.3046 49.4
      vertex 23.4056 36.7023 47.4
      vertex 23.4056 36.7023 49.4
    endloop
  endfacet
  facet normal 0.980789 -0.195073 0
    outer loop
      vertex 23.4056 36.7023 47.4
      vertex 23.3265 36.3046 49.4
      vertex 23.3265 36.3046 47.4
    endloop
  endfacet
  facet normal -0.946893 -0.321549 0
    outer loop
      vertex 29.3944 36.7023 47.4
      vertex 29.264 37.0863 49.4
      vertex 29.264 37.0863 47.4
    endloop
  endfacet
  facet normal -0.946893 -0.321549 0
    outer loop
      vertex 29.264 37.0863 49.4
      vertex 29.3944 36.7023 47.4
      vertex 29.3944 36.7023 49.4
    endloop
  endfacet
  facet normal -0.997862 0.0653519 0
    outer loop
      vertex 29.4735 5.69537 47.4
      vertex 29.5 6.1 49.4
      vertex 29.5 6.1 47.4
    endloop
  endfacet
  facet normal -0.997862 0.0653519 0
    outer loop
      vertex 29.5 6.1 49.4
      vertex 29.4735 5.69537 47.4
      vertex 29.4735 5.69537 49.4
    endloop
  endfacet
  facet normal 0.0654059 0.997859 -0
    outer loop
      vertex 26.4 3 47.4
      vertex 25.9954 3.02652 49.4
      vertex 26.4 3 49.4
    endloop
  endfacet
  facet normal 0.0654059 0.997859 0
    outer loop
      vertex 25.9954 3.02652 49.4
      vertex 26.4 3 47.4
      vertex 25.9954 3.02652 47.4
    endloop
  endfacet
  facet normal -0.0654059 -0.997859 0
    outer loop
      vertex 26.4 9.2 47.4
      vertex 26.8046 9.17348 49.4
      vertex 26.4 9.2 49.4
    endloop
  endfacet
  facet normal -0.0654059 -0.997859 -0
    outer loop
      vertex 26.8046 9.17348 49.4
      vertex 26.4 9.2 47.4
      vertex 26.8046 9.17348 47.4
    endloop
  endfacet
  facet normal -0.65944 0.751757 0
    outer loop
      vertex 28.592 3.90797 47.4
      vertex 28.2872 3.6406 49.4
      vertex 28.592 3.90797 49.4
    endloop
  endfacet
  facet normal -0.65944 0.751757 0
    outer loop
      vertex 28.2872 3.6406 49.4
      vertex 28.592 3.90797 47.4
      vertex 28.2872 3.6406 47.4
    endloop
  endfacet
  facet normal 0.751796 0.659396 0
    outer loop
      vertex 24.208 3.90797 49.4
      vertex 23.9406 4.21284 47.4
      vertex 23.9406 4.21284 49.4
    endloop
  endfacet
  facet normal 0.751796 0.659396 0
    outer loop
      vertex 23.9406 4.21284 47.4
      vertex 24.208 3.90797 49.4
      vertex 24.208 3.90797 47.4
    endloop
  endfacet
  facet normal 0.442275 0.89688 -0
    outer loop
      vertex 25.2137 3.23597 47.4
      vertex 24.85 3.41532 49.4
      vertex 25.2137 3.23597 49.4
    endloop
  endfacet
  facet normal 0.442275 0.89688 0
    outer loop
      vertex 24.85 3.41532 49.4
      vertex 25.2137 3.23597 47.4
      vertex 24.85 3.41532 47.4
    endloop
  endfacet
  facet normal -0.896919 0.442195 0
    outer loop
      vertex 29.0847 4.55 47.4
      vertex 29.264 4.91368 49.4
      vertex 29.264 4.91368 47.4
    endloop
  endfacet
  facet normal -0.896919 0.442195 0
    outer loop
      vertex 29.264 4.91368 49.4
      vertex 29.0847 4.55 47.4
      vertex 29.0847 4.55 49.4
    endloop
  endfacet
  facet normal -0.98079 0.195068 0
    outer loop
      vertex 29.3944 5.29766 47.4
      vertex 29.4735 5.69537 49.4
      vertex 29.4735 5.69537 47.4
    endloop
  endfacet
  facet normal -0.98079 0.195068 0
    outer loop
      vertex 29.4735 5.69537 49.4
      vertex 29.3944 5.29766 47.4
      vertex 29.3944 5.29766 49.4
    endloop
  endfacet
  facet normal -0.321416 0.946938 0
    outer loop
      vertex 27.5863 3.23597 47.4
      vertex 27.2023 3.10563 49.4
      vertex 27.5863 3.23597 49.4
    endloop
  endfacet
  facet normal -0.321416 0.946938 0
    outer loop
      vertex 27.2023 3.10563 49.4
      vertex 27.5863 3.23597 47.4
      vertex 27.2023 3.10563 47.4
    endloop
  endfacet
  facet normal -0.555519 0.831504 0
    outer loop
      vertex 28.2872 3.6406 47.4
      vertex 27.95 3.41532 49.4
      vertex 28.2872 3.6406 49.4
    endloop
  endfacet
  facet normal -0.555519 0.831504 0
    outer loop
      vertex 27.95 3.41532 49.4
      vertex 28.2872 3.6406 47.4
      vertex 27.95 3.41532 47.4
    endloop
  endfacet
  facet normal 0.896919 0.442195 0
    outer loop
      vertex 23.7153 4.55 49.4
      vertex 23.536 4.91368 47.4
      vertex 23.536 4.91368 49.4
    endloop
  endfacet
  facet normal 0.896919 0.442195 0
    outer loop
      vertex 23.536 4.91368 47.4
      vertex 23.7153 4.55 49.4
      vertex 23.7153 4.55 47.4
    endloop
  endfacet
  facet normal 0.83145 0.555599 0
    outer loop
      vertex 23.9406 4.21284 49.4
      vertex 23.7153 4.55 47.4
      vertex 23.7153 4.55 49.4
    endloop
  endfacet
  facet normal 0.83145 0.555599 0
    outer loop
      vertex 23.7153 4.55 47.4
      vertex 23.9406 4.21284 49.4
      vertex 23.9406 4.21284 47.4
    endloop
  endfacet
  facet normal 0.65944 0.751757 -0
    outer loop
      vertex 24.5128 3.6406 47.4
      vertex 24.208 3.90797 49.4
      vertex 24.5128 3.6406 49.4
    endloop
  endfacet
  facet normal 0.65944 0.751757 0
    outer loop
      vertex 24.208 3.90797 49.4
      vertex 24.5128 3.6406 47.4
      vertex 24.208 3.90797 47.4
    endloop
  endfacet
  facet normal 0.195096 0.980784 -0
    outer loop
      vertex 25.9954 3.02652 47.4
      vertex 25.5977 3.10563 49.4
      vertex 25.9954 3.02652 49.4
    endloop
  endfacet
  facet normal 0.195096 0.980784 0
    outer loop
      vertex 25.5977 3.10563 49.4
      vertex 25.9954 3.02652 47.4
      vertex 25.5977 3.10563 47.4
    endloop
  endfacet
  facet normal -0.195096 -0.980784 0
    outer loop
      vertex 26.8046 9.17348 47.4
      vertex 27.2023 9.09437 49.4
      vertex 26.8046 9.17348 49.4
    endloop
  endfacet
  facet normal -0.195096 -0.980784 -0
    outer loop
      vertex 27.2023 9.09437 49.4
      vertex 26.8046 9.17348 47.4
      vertex 27.2023 9.09437 47.4
    endloop
  endfacet
  facet normal -0.946888 0.321564 0
    outer loop
      vertex 29.264 4.91368 47.4
      vertex 29.3944 5.29766 49.4
      vertex 29.3944 5.29766 47.4
    endloop
  endfacet
  facet normal -0.946888 0.321564 0
    outer loop
      vertex 29.3944 5.29766 49.4
      vertex 29.264 4.91368 47.4
      vertex 29.264 4.91368 49.4
    endloop
  endfacet
  facet normal -0.751796 0.659396 0
    outer loop
      vertex 28.592 3.90797 47.4
      vertex 28.8594 4.21284 49.4
      vertex 28.8594 4.21284 47.4
    endloop
  endfacet
  facet normal -0.751796 0.659396 0
    outer loop
      vertex 28.8594 4.21284 49.4
      vertex 28.592 3.90797 47.4
      vertex 28.592 3.90797 49.4
    endloop
  endfacet
  facet normal -0.83145 0.555599 0
    outer loop
      vertex 28.8594 4.21284 47.4
      vertex 29.0847 4.55 49.4
      vertex 29.0847 4.55 47.4
    endloop
  endfacet
  facet normal -0.83145 0.555599 0
    outer loop
      vertex 29.0847 4.55 49.4
      vertex 28.8594 4.21284 47.4
      vertex 28.8594 4.21284 49.4
    endloop
  endfacet
  facet normal -0.195096 0.980784 0
    outer loop
      vertex 27.2023 3.10563 47.4
      vertex 26.8046 3.02652 49.4
      vertex 27.2023 3.10563 49.4
    endloop
  endfacet
  facet normal -0.195096 0.980784 0
    outer loop
      vertex 26.8046 3.02652 49.4
      vertex 27.2023 3.10563 47.4
      vertex 26.8046 3.02652 47.4
    endloop
  endfacet
  facet normal -0.0654059 0.997859 0
    outer loop
      vertex 26.8046 3.02652 47.4
      vertex 26.4 3 49.4
      vertex 26.8046 3.02652 49.4
    endloop
  endfacet
  facet normal -0.0654059 0.997859 0
    outer loop
      vertex 26.4 3 49.4
      vertex 26.8046 3.02652 47.4
      vertex 26.4 3 47.4
    endloop
  endfacet
  facet normal 0.946888 0.321564 0
    outer loop
      vertex 23.536 4.91368 49.4
      vertex 23.4056 5.29766 47.4
      vertex 23.4056 5.29766 49.4
    endloop
  endfacet
  facet normal 0.946888 0.321564 0
    outer loop
      vertex 23.4056 5.29766 47.4
      vertex 23.536 4.91368 49.4
      vertex 23.536 4.91368 47.4
    endloop
  endfacet
  facet normal 0.997862 0.0653519 0
    outer loop
      vertex 23.3265 5.69537 49.4
      vertex 23.3 6.1 47.4
      vertex 23.3 6.1 49.4
    endloop
  endfacet
  facet normal 0.997862 0.0653519 0
    outer loop
      vertex 23.3 6.1 47.4
      vertex 23.3265 5.69537 49.4
      vertex 23.3265 5.69537 47.4
    endloop
  endfacet
  facet normal 0.997862 -0.0653519 0
    outer loop
      vertex 23.3 6.1 49.4
      vertex 23.3265 6.50463 47.4
      vertex 23.3265 6.50463 49.4
    endloop
  endfacet
  facet normal 0.997862 -0.0653519 0
    outer loop
      vertex 23.3265 6.50463 47.4
      vertex 23.3 6.1 49.4
      vertex 23.3 6.1 47.4
    endloop
  endfacet
  facet normal -0.997862 -0.0653519 0
    outer loop
      vertex 29.5 6.1 47.4
      vertex 29.4735 6.50463 49.4
      vertex 29.4735 6.50463 47.4
    endloop
  endfacet
  facet normal -0.997862 -0.0653519 0
    outer loop
      vertex 29.4735 6.50463 49.4
      vertex 29.5 6.1 47.4
      vertex 29.5 6.1 49.4
    endloop
  endfacet
  facet normal -0.83145 -0.555599 0
    outer loop
      vertex 29.0847 7.65 47.4
      vertex 28.8594 7.98716 49.4
      vertex 28.8594 7.98716 47.4
    endloop
  endfacet
  facet normal -0.83145 -0.555599 0
    outer loop
      vertex 28.8594 7.98716 49.4
      vertex 29.0847 7.65 47.4
      vertex 29.0847 7.65 49.4
    endloop
  endfacet
  facet normal -0.98079 -0.195068 0
    outer loop
      vertex 29.4735 6.50463 47.4
      vertex 29.3944 6.90234 49.4
      vertex 29.3944 6.90234 47.4
    endloop
  endfacet
  facet normal -0.98079 -0.195068 0
    outer loop
      vertex 29.3944 6.90234 49.4
      vertex 29.4735 6.50463 47.4
      vertex 29.4735 6.50463 49.4
    endloop
  endfacet
  facet normal 0.98079 -0.195068 0
    outer loop
      vertex 23.3265 6.50463 49.4
      vertex 23.4056 6.90234 47.4
      vertex 23.4056 6.90234 49.4
    endloop
  endfacet
  facet normal 0.98079 -0.195068 0
    outer loop
      vertex 23.4056 6.90234 47.4
      vertex 23.3265 6.50463 49.4
      vertex 23.3265 6.50463 47.4
    endloop
  endfacet
  facet normal -0.442275 -0.89688 0
    outer loop
      vertex 27.5863 8.96403 47.4
      vertex 27.95 8.78468 49.4
      vertex 27.5863 8.96403 49.4
    endloop
  endfacet
  facet normal -0.442275 -0.89688 -0
    outer loop
      vertex 27.95 8.78468 49.4
      vertex 27.5863 8.96403 47.4
      vertex 27.95 8.78468 47.4
    endloop
  endfacet
  facet normal -0.442275 0.89688 0
    outer loop
      vertex 27.95 3.41532 47.4
      vertex 27.5863 3.23597 49.4
      vertex 27.95 3.41532 49.4
    endloop
  endfacet
  facet normal -0.442275 0.89688 0
    outer loop
      vertex 27.5863 3.23597 49.4
      vertex 27.95 3.41532 47.4
      vertex 27.5863 3.23597 47.4
    endloop
  endfacet
  facet normal 0 0 1
    outer loop
      vertex 29.4735 6.50463 47.4
      vertex 29.4735 5.69537 47.4
      vertex 29.5 6.1 47.4
    endloop
  endfacet
  facet normal 0 0 1
    outer loop
      vertex 29.3944 6.90234 47.4
      vertex 29.4735 5.69537 47.4
      vertex 29.4735 6.50463 47.4
    endloop
  endfacet
  facet normal 0 0 1
    outer loop
      vertex 29.3944 6.90234 47.4
      vertex 29.3944 5.29766 47.4
      vertex 29.4735 5.69537 47.4
    endloop
  endfacet
  facet normal 0 0 1
    outer loop
      vertex 29.264 7.28632 47.4
      vertex 29.3944 5.29766 47.4
      vertex 29.3944 6.90234 47.4
    endloop
  endfacet
  facet normal 0 0 1
    outer loop
      vertex 29.264 7.28632 47.4
      vertex 29.264 4.91368 47.4
      vertex 29.3944 5.29766 47.4
    endloop
  endfacet
  facet normal 0 0 1
    outer loop
      vertex 29.0847 7.65 47.4
      vertex 29.264 4.91368 47.4
      vertex 29.264 7.28632 47.4
    endloop
  endfacet
  facet normal 0 0 1
    outer loop
      vertex 29.0847 7.65 47.4
      vertex 29.0847 4.55 47.4
      vertex 29.264 4.91368 47.4
    endloop
  endfacet
  facet normal 0 0 1
    outer loop
      vertex 28.8594 7.98716 47.4
      vertex 29.0847 4.55 47.4
      vertex 29.0847 7.65 47.4
    endloop
  endfacet
  facet normal 0 0 1
    outer loop
      vertex 28.8594 7.98716 47.4
      vertex 28.8594 4.21284 47.4
      vertex 29.0847 4.55 47.4
    endloop
  endfacet
  facet normal 0 0 1
    outer loop
      vertex 28.592 8.29203 47.4
      vertex 28.8594 4.21284 47.4
      vertex 28.8594 7.98716 47.4
    endloop
  endfacet
  facet normal 0 0 1
    outer loop
      vertex 28.592 8.29203 47.4
      vertex 28.592 3.90797 47.4
      vertex 28.8594 4.21284 47.4
    endloop
  endfacet
  facet normal 0 0 1
    outer loop
      vertex 28.2872 8.5594 47.4
      vertex 28.592 3.90797 47.4
      vertex 28.592 8.29203 47.4
    endloop
  endfacet
  facet normal 0 0 1
    outer loop
      vertex 28.2872 8.5594 47.4
      vertex 28.2872 3.6406 47.4
      vertex 28.592 3.90797 47.4
    endloop
  endfacet
  facet normal 0 0 1
    outer loop
      vertex 27.95 8.78468 47.4
      vertex 28.2872 3.6406 47.4
      vertex 28.2872 8.5594 47.4
    endloop
  endfacet
  facet normal 0 0 1
    outer loop
      vertex 27.95 8.78468 47.4
      vertex 27.95 3.41532 47.4
      vertex 28.2872 3.6406 47.4
    endloop
  endfacet
  facet normal 0 0 1
    outer loop
      vertex 27.5863 8.96403 47.4
      vertex 27.95 3.41532 47.4
      vertex 27.95 8.78468 47.4
    endloop
  endfacet
  facet normal 0 0 1
    outer loop
      vertex 27.5863 8.96403 47.4
      vertex 27.5863 3.23597 47.4
      vertex 27.95 3.41532 47.4
    endloop
  endfacet
  facet normal 0 0 1
    outer loop
      vertex 27.2023 9.09437 47.4
      vertex 27.5863 3.23597 47.4
      vertex 27.5863 8.96403 47.4
    endloop
  endfacet
  facet normal 0 0 1
    outer loop
      vertex 27.2023 9.09437 47.4
      vertex 27.2023 3.10563 47.4
      vertex 27.5863 3.23597 47.4
    endloop
  endfacet
  facet normal 0 0 1
    outer loop
      vertex 26.8046 9.17348 47.4
      vertex 27.2023 3.10563 47.4
      vertex 27.2023 9.09437 47.4
    endloop
  endfacet
  facet normal 0 0 1
    outer loop
      vertex 26.8046 9.17348 47.4
      vertex 26.8046 3.02652 47.4
      vertex 27.2023 3.10563 47.4
    endloop
  endfacet
  facet normal 0 0 1
    outer loop
      vertex 26.4 9.2 47.4
      vertex 26.8046 3.02652 47.4
      vertex 26.8046 9.17348 47.4
    endloop
  endfacet
  facet normal 0 0 1
    outer loop
      vertex 26.4 9.2 47.4
      vertex 26.4 3 47.4
      vertex 26.8046 3.02652 47.4
    endloop
  endfacet
  facet normal -0 0 1
    outer loop
      vertex 25.9954 9.17348 47.4
      vertex 26.4 3 47.4
      vertex 26.4 9.2 47.4
    endloop
  endfacet
  facet normal 0 0 1
    outer loop
      vertex 25.9954 9.17348 47.4
      vertex 25.9954 3.02652 47.4
      vertex 26.4 3 47.4
    endloop
  endfacet
  facet normal -0 0 1
    outer loop
      vertex 25.5977 9.09437 47.4
      vertex 25.9954 3.02652 47.4
      vertex 25.9954 9.17348 47.4
    endloop
  endfacet
  facet normal 0 0 1
    outer loop
      vertex 25.5977 9.09437 47.4
      vertex 25.5977 3.10563 47.4
      vertex 25.9954 3.02652 47.4
    endloop
  endfacet
  facet normal -0 0 1
    outer loop
      vertex 25.2137 8.96403 47.4
      vertex 25.5977 3.10563 47.4
      vertex 25.5977 9.09437 47.4
    endloop
  endfacet
  facet normal 0 0 1
    outer loop
      vertex 25.2137 8.96403 47.4
      vertex 25.2137 3.23597 47.4
      vertex 25.5977 3.10563 47.4
    endloop
  endfacet
  facet normal -0 0 1
    outer loop
      vertex 24.85 8.78468 47.4
      vertex 25.2137 3.23597 47.4
      vertex 25.2137 8.96403 47.4
    endloop
  endfacet
  facet normal 0 0 1
    outer loop
      vertex 24.85 8.78468 47.4
      vertex 24.85 3.41532 47.4
      vertex 25.2137 3.23597 47.4
    endloop
  endfacet
  facet normal -0 0 1
    outer loop
      vertex 24.5128 8.5594 47.4
      vertex 24.85 3.41532 47.4
      vertex 24.85 8.78468 47.4
    endloop
  endfacet
  facet normal 0 0 1
    outer loop
      vertex 24.5128 8.5594 47.4
      vertex 24.5128 3.6406 47.4
      vertex 24.85 3.41532 47.4
    endloop
  endfacet
  facet normal -0 0 1
    outer loop
      vertex 24.208 8.29203 47.4
      vertex 24.5128 3.6406 47.4
      vertex 24.5128 8.5594 47.4
    endloop
  endfacet
  facet normal 0 0 1
    outer loop
      vertex 24.208 8.29203 47.4
      vertex 24.208 3.90797 47.4
      vertex 24.5128 3.6406 47.4
    endloop
  endfacet
  facet normal -0 0 1
    outer loop
      vertex 23.9406 7.98716 47.4
      vertex 24.208 3.90797 47.4
      vertex 24.208 8.29203 47.4
    endloop
  endfacet
  facet normal 0 0 1
    outer loop
      vertex 23.9406 7.98716 47.4
      vertex 23.9406 4.21284 47.4
      vertex 24.208 3.90797 47.4
    endloop
  endfacet
  facet normal -0 0 1
    outer loop
      vertex 23.7153 7.65 47.4
      vertex 23.9406 4.21284 47.4
      vertex 23.9406 7.98716 47.4
    endloop
  endfacet
  facet normal 0 0 1
    outer loop
      vertex 23.7153 7.65 47.4
      vertex 23.7153 4.55 47.4
      vertex 23.9406 4.21284 47.4
    endloop
  endfacet
  facet normal -0 0 1
    outer loop
      vertex 23.536 7.28632 47.4
      vertex 23.7153 4.55 47.4
      vertex 23.7153 7.65 47.4
    endloop
  endfacet
  facet normal 0 0 1
    outer loop
      vertex 23.536 7.28632 47.4
      vertex 23.536 4.91368 47.4
      vertex 23.7153 4.55 47.4
    endloop
  endfacet
  facet normal -0 0 1
    outer loop
      vertex 23.4056 6.90234 47.4
      vertex 23.536 4.91368 47.4
      vertex 23.536 7.28632 47.4
    endloop
  endfacet
  facet normal 0 0 1
    outer loop
      vertex 23.4056 6.90234 47.4
      vertex 23.4056 5.29766 47.4
      vertex 23.536 4.91368 47.4
    endloop
  endfacet
  facet normal -0 0 1
    outer loop
      vertex 23.3265 6.50463 47.4
      vertex 23.4056 5.29766 47.4
      vertex 23.4056 6.90234 47.4
    endloop
  endfacet
  facet normal 0 0 1
    outer loop
      vertex 23.3265 6.50463 47.4
      vertex 23.3265 5.69537 47.4
      vertex 23.4056 5.29766 47.4
    endloop
  endfacet
  facet normal 0 -0 1
    outer loop
      vertex 23.3265 5.69537 47.4
      vertex 23.3265 6.50463 47.4
      vertex 23.3 6.1 47.4
    endloop
  endfacet
  facet normal 0.98079 0.195068 0
    outer loop
      vertex 23.4056 5.29766 49.4
      vertex 23.3265 5.69537 47.4
      vertex 23.3265 5.69537 49.4
    endloop
  endfacet
  facet normal 0.98079 0.195068 0
    outer loop
      vertex 23.3265 5.69537 47.4
      vertex 23.4056 5.29766 49.4
      vertex 23.4056 5.29766 47.4
    endloop
  endfacet
  facet normal 0.555519 0.831504 -0
    outer loop
      vertex 24.85 3.41532 47.4
      vertex 24.5128 3.6406 49.4
      vertex 24.85 3.41532 49.4
    endloop
  endfacet
  facet normal 0.555519 0.831504 0
    outer loop
      vertex 24.5128 3.6406 49.4
      vertex 24.85 3.41532 47.4
      vertex 24.5128 3.6406 47.4
    endloop
  endfacet
  facet normal 0.321416 0.946938 -0
    outer loop
      vertex 25.5977 3.10563 47.4
      vertex 25.2137 3.23597 49.4
      vertex 25.5977 3.10563 49.4
    endloop
  endfacet
  facet normal 0.321416 0.946938 0
    outer loop
      vertex 25.2137 3.23597 49.4
      vertex 25.5977 3.10563 47.4
      vertex 25.2137 3.23597 47.4
    endloop
  endfacet
  facet normal -0.946888 -0.321564 0
    outer loop
      vertex 29.3944 6.90234 47.4
      vertex 29.264 7.28632 49.4
      vertex 29.264 7.28632 47.4
    endloop
  endfacet
  facet normal -0.946888 -0.321564 0
    outer loop
      vertex 29.264 7.28632 49.4
      vertex 29.3944 6.90234 47.4
      vertex 29.3944 6.90234 49.4
    endloop
  endfacet
  facet normal -0.896919 -0.442195 0
    outer loop
      vertex 29.264 7.28632 47.4
      vertex 29.0847 7.65 49.4
      vertex 29.0847 7.65 47.4
    endloop
  endfacet
  facet normal -0.896919 -0.442195 0
    outer loop
      vertex 29.0847 7.65 49.4
      vertex 29.264 7.28632 47.4
      vertex 29.264 7.28632 49.4
    endloop
  endfacet
  facet normal 0.195096 -0.980784 0
    outer loop
      vertex 25.5977 9.09437 47.4
      vertex 25.9954 9.17348 49.4
      vertex 25.5977 9.09437 49.4
    endloop
  endfacet
  facet normal 0.195096 -0.980784 0
    outer loop
      vertex 25.9954 9.17348 49.4
      vertex 25.5977 9.09437 47.4
      vertex 25.9954 9.17348 47.4
    endloop
  endfacet
  facet normal 0.555519 -0.831504 0
    outer loop
      vertex 24.5128 8.5594 47.4
      vertex 24.85 8.78468 49.4
      vertex 24.5128 8.5594 49.4
    endloop
  endfacet
  facet normal 0.555519 -0.831504 0
    outer loop
      vertex 24.85 8.78468 49.4
      vertex 24.5128 8.5594 47.4
      vertex 24.85 8.78468 47.4
    endloop
  endfacet
  facet normal 0.65944 -0.751757 0
    outer loop
      vertex 24.208 8.29203 47.4
      vertex 24.5128 8.5594 49.4
      vertex 24.208 8.29203 49.4
    endloop
  endfacet
  facet normal 0.65944 -0.751757 0
    outer loop
      vertex 24.5128 8.5594 49.4
      vertex 24.208 8.29203 47.4
      vertex 24.5128 8.5594 47.4
    endloop
  endfacet
  facet normal 0.83145 -0.555599 0
    outer loop
      vertex 23.7153 7.65 49.4
      vertex 23.9406 7.98716 47.4
      vertex 23.9406 7.98716 49.4
    endloop
  endfacet
  facet normal 0.83145 -0.555599 0
    outer loop
      vertex 23.9406 7.98716 47.4
      vertex 23.7153 7.65 49.4
      vertex 23.7153 7.65 47.4
    endloop
  endfacet
  facet normal 0.946888 -0.321564 0
    outer loop
      vertex 23.4056 6.90234 49.4
      vertex 23.536 7.28632 47.4
      vertex 23.536 7.28632 49.4
    endloop
  endfacet
  facet normal 0.946888 -0.321564 0
    outer loop
      vertex 23.536 7.28632 47.4
      vertex 23.4056 6.90234 49.4
      vertex 23.4056 6.90234 47.4
    endloop
  endfacet
  facet normal 0.896919 -0.442195 0
    outer loop
      vertex 23.536 7.28632 49.4
      vertex 23.7153 7.65 47.4
      vertex 23.7153 7.65 49.4
    endloop
  endfacet
  facet normal 0.896919 -0.442195 0
    outer loop
      vertex 23.7153 7.65 47.4
      vertex 23.536 7.28632 49.4
      vertex 23.536 7.28632 47.4
    endloop
  endfacet
  facet normal -0.751796 -0.659396 0
    outer loop
      vertex 28.8594 7.98716 47.4
      vertex 28.592 8.29203 49.4
      vertex 28.592 8.29203 47.4
    endloop
  endfacet
  facet normal -0.751796 -0.659396 0
    outer loop
      vertex 28.592 8.29203 49.4
      vertex 28.8594 7.98716 47.4
      vertex 28.8594 7.98716 49.4
    endloop
  endfacet
  facet normal -0.555519 -0.831504 0
    outer loop
      vertex 27.95 8.78468 47.4
      vertex 28.2872 8.5594 49.4
      vertex 27.95 8.78468 49.4
    endloop
  endfacet
  facet normal -0.555519 -0.831504 -0
    outer loop
      vertex 28.2872 8.5594 49.4
      vertex 27.95 8.78468 47.4
      vertex 28.2872 8.5594 47.4
    endloop
  endfacet
  facet normal -0.321416 -0.946938 0
    outer loop
      vertex 27.2023 9.09437 47.4
      vertex 27.5863 8.96403 49.4
      vertex 27.2023 9.09437 49.4
    endloop
  endfacet
  facet normal -0.321416 -0.946938 -0
    outer loop
      vertex 27.5863 8.96403 49.4
      vertex 27.2023 9.09437 47.4
      vertex 27.5863 8.96403 47.4
    endloop
  endfacet
  facet normal 0.442275 -0.89688 0
    outer loop
      vertex 24.85 8.78468 47.4
      vertex 25.2137 8.96403 49.4
      vertex 24.85 8.78468 49.4
    endloop
  endfacet
  facet normal 0.442275 -0.89688 0
    outer loop
      vertex 25.2137 8.96403 49.4
      vertex 24.85 8.78468 47.4
      vertex 25.2137 8.96403 47.4
    endloop
  endfacet
  facet normal 0.751796 -0.659396 0
    outer loop
      vertex 23.9406 7.98716 49.4
      vertex 24.208 8.29203 47.4
      vertex 24.208 8.29203 49.4
    endloop
  endfacet
  facet normal 0.751796 -0.659396 0
    outer loop
      vertex 24.208 8.29203 47.4
      vertex 23.9406 7.98716 49.4
      vertex 23.9406 7.98716 47.4
    endloop
  endfacet
  facet normal -0.65944 -0.751757 0
    outer loop
      vertex 28.2872 8.5594 47.4
      vertex 28.592 8.29203 49.4
      vertex 28.2872 8.5594 49.4
    endloop
  endfacet
  facet normal -0.65944 -0.751757 -0
    outer loop
      vertex 28.592 8.29203 49.4
      vertex 28.2872 8.5594 47.4
      vertex 28.592 8.29203 47.4
    endloop
  endfacet
  facet normal 0.0654059 -0.997859 0
    outer loop
      vertex 25.9954 9.17348 47.4
      vertex 26.4 9.2 49.4
      vertex 25.9954 9.17348 49.4
    endloop
  endfacet
  facet normal 0.0654059 -0.997859 0
    outer loop
      vertex 26.4 9.2 49.4
      vertex 25.9954 9.17348 47.4
      vertex 26.4 9.2 47.4
    endloop
  endfacet
  facet normal 0.321416 -0.946938 0
    outer loop
      vertex 25.2137 8.96403 47.4
      vertex 25.5977 9.09437 49.4
      vertex 25.2137 8.96403 49.4
    endloop
  endfacet
  facet normal 0.321416 -0.946938 0
    outer loop
      vertex 25.5977 9.09437 49.4
      vertex 25.2137 8.96403 47.4
      vertex 25.5977 9.09437 47.4
    endloop
  endfacet
  facet normal 0 1 0
    outer loop
      vertex 31.1 16.33 48.9
      vertex 32.5 16.33 50
      vertex 32.5 16.33 48.9
    endloop
  endfacet
  facet normal 0 1 0
    outer loop
      vertex 32.5 16.33 50
      vertex 31.1 16.33 48.9
      vertex 30.1 16.33 50
    endloop
  endfacet
  facet normal 0 1 0
    outer loop
      vertex 30.1 16.33 43.57
      vertex 31.1 16.33 48.9
      vertex 31.1 16.33 43.57
    endloop
  endfacet
  facet normal 0 1 0
    outer loop
      vertex 31.1 16.33 48.9
      vertex 30.1 16.33 43.57
      vertex 30.1 16.33 50
    endloop
  endfacet
  facet normal -0 0 1
    outer loop
      vertex 30.1 25.67 43.57
      vertex 31.1 16.33 43.57
      vertex 31.1 25.67 43.57
    endloop
  endfacet
  facet normal 0 0 1
    outer loop
      vertex 31.1 16.33 43.57
      vertex 30.1 25.67 43.57
      vertex 30.1 16.33 43.57
    endloop
  endfacet
  facet normal 0 -1 0
    outer loop
      vertex 30.1 25.67 50
      vertex 31.1 25.67 48.9
      vertex 32.5 25.67 50
    endloop
  endfacet
  facet normal 0 -1 0
    outer loop
      vertex 30.1 25.67 43.57
      vertex 31.1 25.67 48.9
      vertex 30.1 25.67 50
    endloop
  endfacet
  facet normal 0 -1 -0
    outer loop
      vertex 31.1 25.67 48.9
      vertex 30.1 25.67 43.57
      vertex 31.1 25.67 43.57
    endloop
  endfacet
  facet normal 0 -1 -0
    outer loop
      vertex 32.5 25.67 50
      vertex 31.1 25.67 48.9
      vertex 32.5 25.67 48.9
    endloop
  endfacet
  facet normal 0 1 -0
    outer loop
      vertex 32.5 14.75 41.9
      vertex 31.1 14.75 48.9
      vertex 32.5 14.75 48.9
    endloop
  endfacet
  facet normal 0 1 0
    outer loop
      vertex 31.1 14.75 48.9
      vertex 32.5 14.75 41.9
      vertex 31.1 14.75 41.9
    endloop
  endfacet
  facet normal -0 0 1
    outer loop
      vertex 31.1 27.25 41.9
      vertex 32.5 14.75 41.9
      vertex 32.5 27.25 41.9
    endloop
  endfacet
  facet normal 0 0 1
    outer loop
      vertex 32.5 14.75 41.9
      vertex 31.1 27.25 41.9
      vertex 31.1 14.75 41.9
    endloop
  endfacet
  facet normal 0 -1 0
    outer loop
      vertex 31.1 27.25 41.9
      vertex 32.5 27.25 48.9
      vertex 31.1 27.25 48.9
    endloop
  endfacet
  facet normal 0 -1 -0
    outer loop
      vertex 32.5 27.25 48.9
      vertex 31.1 27.25 41.9
      vertex 32.5 27.25 41.9
    endloop
  endfacet
  facet normal 0 0 -1
    outer loop
      vertex 31.1 14.75 48.9
      vertex 32.5 16.33 48.9
      vertex 32.5 14.75 48.9
    endloop
  endfacet
  facet normal -0 0 -1
    outer loop
      vertex 32.5 16.33 48.9
      vertex 31.1 14.75 48.9
      vertex 31.1 16.33 48.9
    endloop
  endfacet
  facet normal 0 0 -1
    outer loop
      vertex 31.1 25.67 48.9
      vertex 32.5 27.25 48.9
      vertex 32.5 25.67 48.9
    endloop
  endfacet
  facet normal -0 0 -1
    outer loop
      vertex 32.5 27.25 48.9
      vertex 31.1 25.67 48.9
      vertex 31.1 27.25 48.9
    endloop
  endfacet
  facet normal 1 0 0
    outer loop
      vertex 31.1 16.33 48.9
      vertex 31.1 14.75 48.9
      vertex 31.1 16.33 43.57
    endloop
  endfacet
  facet normal 1 0 0
    outer loop
      vertex 31.1 25.67 43.57
      vertex 31.1 27.25 48.9
      vertex 31.1 25.67 48.9
    endloop
  endfacet
  facet normal 1 0 0
    outer loop
      vertex 31.1 27.25 48.9
      vertex 31.1 25.67 43.57
      vertex 31.1 27.25 41.9
    endloop
  endfacet
  facet normal 1 -0 0
    outer loop
      vertex 31.1 16.33 43.57
      vertex 31.1 27.25 41.9
      vertex 31.1 25.67 43.57
    endloop
  endfacet
  facet normal 1 0 0
    outer loop
      vertex 31.1 16.33 43.57
      vertex 31.1 14.75 41.9
      vertex 31.1 27.25 41.9
    endloop
  endfacet
  facet normal 1 0 0
    outer loop
      vertex 31.1 14.75 41.9
      vertex 31.1 16.33 43.57
      vertex 31.1 14.75 48.9
    endloop
  endfacet
  facet normal 0 1 -0
    outer loop
      vertex 32.5 18.8 35.15
      vertex 30.1 18.8 37.05
      vertex 32.5 18.8 37.05
    endloop
  endfacet
  facet normal 0 1 0
    outer loop
      vertex 30.1 18.8 37.05
      vertex 32.5 18.8 35.15
      vertex 30.1 18.8 35.15
    endloop
  endfacet
  facet normal -0 0 1
    outer loop
      vertex 30.1 23.2 35.15
      vertex 32.5 18.8 35.15
      vertex 32.5 23.2 35.15
    endloop
  endfacet
  facet normal 0 0 1
    outer loop
      vertex 32.5 18.8 35.15
      vertex 30.1 23.2 35.15
      vertex 30.1 18.8 35.15
    endloop
  endfacet
  facet normal 0 -1 0
    outer loop
      vertex 30.1 23.2 35.15
      vertex 32.5 23.2 37.05
      vertex 30.1 23.2 37.05
    endloop
  endfacet
  facet normal 0 -1 -0
    outer loop
      vertex 32.5 23.2 37.05
      vertex 30.1 23.2 35.15
      vertex 32.5 23.2 35.15
    endloop
  endfacet
  facet normal 0 0 -1
    outer loop
      vertex 30.1 18.8 37.05
      vertex 32.5 23.2 37.05
      vertex 32.5 18.8 37.05
    endloop
  endfacet
  facet normal -0 0 -1
    outer loop
      vertex 32.5 23.2 37.05
      vertex 30.1 18.8 37.05
      vertex 30.1 23.2 37.05
    endloop
  endfacet
  facet normal 0 1 -0
    outer loop
      vertex 31.89 15 39.9
      vertex 30.1 15 41.4
      vertex 31.89 15 41.4
    endloop
  endfacet
  facet normal 0 1 0
    outer loop
      vertex 30.1 15 41.4
      vertex 31.89 15 39.9
      vertex 30.1 15 39.9
    endloop
  endfacet
  facet normal -0 0 1
    outer loop
      vertex 30.1 27 39.9
      vertex 31.89 15 39.9
      vertex 31.89 27 39.9
    endloop
  endfacet
  facet normal 0 0 1
    outer loop
      vertex 31.89 15 39.9
      vertex 30.1 27 39.9
      vertex 30.1 15 39.9
    endloop
  endfacet
  facet normal 0 -1 0
    outer loop
      vertex 30.1 27 39.9
      vertex 31.89 27 41.4
      vertex 30.1 27 41.4
    endloop
  endfacet
  facet normal 0 -1 -0
    outer loop
      vertex 31.89 27 41.4
      vertex 30.1 27 39.9
      vertex 31.89 27 39.9
    endloop
  endfacet
  facet normal -1 0 0
    outer loop
      vertex 31.89 15 39.9
      vertex 31.89 27 41.4
      vertex 31.89 27 39.9
    endloop
  endfacet
  facet normal -1 -0 0
    outer loop
      vertex 31.89 27 41.4
      vertex 31.89 15 39.9
      vertex 31.89 15 41.4
    endloop
  endfacet
  facet normal 0 0 -1
    outer loop
      vertex 30.1 15 41.4
      vertex 31.89 27 41.4
      vertex 31.89 15 41.4
    endloop
  endfacet
  facet normal -0 0 -1
    outer loop
      vertex 31.89 27 41.4
      vertex 30.1 15 41.4
      vertex 30.1 27 41.4
    endloop
  endfacet
  facet normal 1 -0 0
    outer loop
      vertex -29.05 11 12.5
      vertex -29.05 31 0
      vertex -29.05 31 12.5
    endloop
  endfacet
  facet normal 1 0 0
    outer loop
      vertex -29.05 31 0
      vertex -29.05 11 12.5
      vertex -29.05 11 0
    endloop
  endfacet
  facet normal -1 0 0
    outer loop
      vertex 29.05 11 0
      vertex 29.05 31 12.5
      vertex 29.05 31 0
    endloop
  endfacet
  facet normal -1 -0 0
    outer loop
      vertex 29.05 31 12.5
      vertex 29.05 11 0
      vertex 29.05 11 12.5
    endloop
  endfacet
  facet normal 0 0 -1
    outer loop
      vertex 29.05 11 12.5
      vertex 27.55 12.5 12.5
      vertex 29.05 31 12.5
    endloop
  endfacet
  facet normal 0 0 -1
    outer loop
      vertex 29.05 11 12.5
      vertex -27.55 12.5 12.5
      vertex 27.55 12.5 12.5
    endloop
  endfacet
  facet normal -0 0 -1
    outer loop
      vertex -27.55 12.5 12.5
      vertex -29.05 11 12.5
      vertex -27.55 29.5 12.5
    endloop
  endfacet
  facet normal 0 0 -1
    outer loop
      vertex -29.05 11 12.5
      vertex -27.55 12.5 12.5
      vertex 29.05 11 12.5
    endloop
  endfacet
  facet normal 0 0 -1
    outer loop
      vertex 27.55 29.5 12.5
      vertex 29.05 31 12.5
      vertex 27.55 12.5 12.5
    endloop
  endfacet
  facet normal 0 0 -1
    outer loop
      vertex -27.55 29.5 12.5
      vertex 29.05 31 12.5
      vertex 27.55 29.5 12.5
    endloop
  endfacet
  facet normal 0 0 -1
    outer loop
      vertex -27.55 29.5 12.5
      vertex -29.05 31 12.5
      vertex 29.05 31 12.5
    endloop
  endfacet
  facet normal 0 0 -1
    outer loop
      vertex -29.05 31 12.5
      vertex -27.55 29.5 12.5
      vertex -29.05 11 12.5
    endloop
  endfacet
  facet normal 0 -1 0
    outer loop
      vertex -29.05 31 0
      vertex 29.05 31 12.5
      vertex -29.05 31 12.5
    endloop
  endfacet
  facet normal 0 -1 -0
    outer loop
      vertex 29.05 31 12.5
      vertex -29.05 31 0
      vertex 29.05 31 0
    endloop
  endfacet
  facet normal 0 1 -0
    outer loop
      vertex 29.05 11 0
      vertex -29.05 11 12.5
      vertex 29.05 11 12.5
    endloop
  endfacet
  facet normal 0 1 0
    outer loop
      vertex -29.05 11 12.5
      vertex 29.05 11 0
      vertex -29.05 11 0
    endloop
  endfacet
  facet normal 1 -0 0
    outer loop
      vertex -27.55 12.5 14.5
      vertex -27.55 29.5 12.5
      vertex -27.55 29.5 14.5
    endloop
  endfacet
  facet normal 1 0 0
    outer loop
      vertex -27.55 29.5 12.5
      vertex -27.55 12.5 14.5
      vertex -27.55 12.5 12.5
    endloop
  endfacet
  facet normal -1 0 0
    outer loop
      vertex 27.55 12.5 12.5
      vertex 27.55 29.5 14.5
      vertex 27.55 29.5 12.5
    endloop
  endfacet
  facet normal -1 -0 0
    outer loop
      vertex 27.55 29.5 14.5
      vertex 27.55 12.5 12.5
      vertex 27.55 12.5 14.5
    endloop
  endfacet
  facet normal 0 1 -0
    outer loop
      vertex 27.55 12.5 12.5
      vertex -27.55 12.5 14.5
      vertex 27.55 12.5 14.5
    endloop
  endfacet
  facet normal 0 1 0
    outer loop
      vertex -27.55 12.5 14.5
      vertex 27.55 12.5 12.5
      vertex -27.55 12.5 12.5
    endloop
  endfacet
  facet normal 0 -1 0
    outer loop
      vertex -27.55 29.5 12.5
      vertex 27.55 29.5 14.5
      vertex -27.55 29.5 14.5
    endloop
  endfacet
  facet normal 0 -1 -0
    outer loop
      vertex 27.55 29.5 14.5
      vertex -27.55 29.5 12.5
      vertex 27.55 29.5 12.5
    endloop
  endfacet
  facet normal 1 -0 0
    outer loop
      vertex -25.5 2 39.8
      vertex -25.5 2.4 24.8
      vertex -25.5 2.4 39.8
    endloop
  endfacet
  facet normal 1 0 0
    outer loop
      vertex -25.5 2.4 24.8
      vertex -25.5 2 39.8
      vertex -25.5 2 24.8
    endloop
  endfacet
  facet normal -0 0 1
    outer loop
      vertex -25.5 2.4 24.8
      vertex 25.5 2 24.8
      vertex 25.5 2.4 24.8
    endloop
  endfacet
  facet normal 0 0 1
    outer loop
      vertex 25.5 2 24.8
      vertex -25.5 2.4 24.8
      vertex -25.5 2 24.8
    endloop
  endfacet
  facet normal -1 0 0
    outer loop
      vertex 25.5 2 24.8
      vertex 25.5 2.4 39.8
      vertex 25.5 2.4 24.8
    endloop
  endfacet
  facet normal -1 -0 0
    outer loop
      vertex 25.5 2.4 39.8
      vertex 25.5 2 24.8
      vertex 25.5 2 39.8
    endloop
  endfacet
  facet normal 0 0 -1
    outer loop
      vertex -25.5 2 39.8
      vertex 25.5 2.4 39.8
      vertex 25.5 2 39.8
    endloop
  endfacet
  facet normal -0 0 -1
    outer loop
      vertex 25.5 2.4 39.8
      vertex -25.5 2 39.8
      vertex -25.5 2.4 39.8
    endloop
  endfacet
  facet normal 0 1 -0
    outer loop
      vertex 25.5 2 24.8
      vertex -25.5 2 39.8
      vertex 25.5 2 39.8
    endloop
  endfacet
  facet normal 0 1 0
    outer loop
      vertex -25.5 2 39.8
      vertex 25.5 2 24.8
      vertex -25.5 2 24.8
    endloop
  endfacet
endsolid OpenSCAD_Model
