solid OpenSCAD_Model
  facet normal -1 0 0
    outer loop
      vertex -31 -9 0
      vertex -31 9 8
      vertex -31 9 0
    endloop
  endfacet
  facet normal -1 -0 0
    outer loop
      vertex -31 9 8
      vertex -31 -9 0
      vertex -31 -9 8
    endloop
  endfacet
  facet normal 0 0 -1
    outer loop
      vertex -23.7126 2.33437 0
      vertex -25.7346 -0.580505 0
      vertex -25.7334 -0.483215 0
    endloop
  endfacet
  facet normal 0 0 -1
    outer loop
      vertex -23.7126 2.33437 0
      vertex -25.7384 -0.686386 0
      vertex -25.7346 -0.580505 0
    endloop
  endfacet
  facet normal 0 0 -1
    outer loop
      vertex -23.7126 2.33437 0
      vertex -25.7446 -0.800842 0
      vertex -25.7384 -0.686386 0
    endloop
  endfacet
  facet normal 0 0 -1
    outer loop
      vertex -23.7126 2.33437 0
      vertex -25.7533 -0.923874 0
      vertex -25.7446 -0.800842 0
    endloop
  endfacet
  facet normal 0 0 -1
    outer loop
      vertex -23.7126 2.33437 0
      vertex -25.7645 -1.05548 0
      vertex -25.7533 -0.923874 0
    endloop
  endfacet
  facet normal 0 0 -1
    outer loop
      vertex -23.7126 2.33437 0
      vertex -25.7782 -1.19569 0
      vertex -25.7645 -1.05548 0
    endloop
  endfacet
  facet normal 0 -0 -1
    outer loop
      vertex -25.7782 -1.19569 0
      vertex -23.7126 2.33437 0
      vertex -25.7944 -1.34447 0
    endloop
  endfacet
  facet normal 0 0 -1
    outer loop
      vertex -13 -9 0
      vertex -17.0791 -0.0763702 0
      vertex -13 9 0
    endloop
  endfacet
  facet normal 0 0 -1
    outer loop
      vertex -13 -9 0
      vertex -17.0921 -0.391006 0
      vertex -17.0791 -0.0763702 0
    endloop
  endfacet
  facet normal 0 0 -1
    outer loop
      vertex -13 -9 0
      vertex -17.1313 -0.685852 0
      vertex -17.0921 -0.391006 0
    endloop
  endfacet
  facet normal 0 0 -1
    outer loop
      vertex -13 -9 0
      vertex -17.1965 -0.960892 0
      vertex -17.1313 -0.685852 0
    endloop
  endfacet
  facet normal 0 0 -1
    outer loop
      vertex -13 -9 0
      vertex -17.2878 -1.21616 0
      vertex -17.1965 -0.960892 0
    endloop
  endfacet
  facet normal 0 0 -1
    outer loop
      vertex -13 -9 0
      vertex -17.4052 -1.45164 0
      vertex -17.2878 -1.21616 0
    endloop
  endfacet
  facet normal 0 0 -1
    outer loop
      vertex -13 -9 0
      vertex -17.5487 -1.66733 0
      vertex -17.4052 -1.45164 0
    endloop
  endfacet
  facet normal 0 0 -1
    outer loop
      vertex -13 -9 0
      vertex -17.7182 -1.86322 0
      vertex -17.5487 -1.66733 0
    endloop
  endfacet
  facet normal 0 0 -1
    outer loop
      vertex -13 -9 0
      vertex -17.911 -2.03593 0
      vertex -17.7182 -1.86322 0
    endloop
  endfacet
  facet normal 0 0 -1
    outer loop
      vertex -13 -9 0
      vertex -18.124 -2.18207 0
      vertex -17.911 -2.03593 0
    endloop
  endfacet
  facet normal 0 0 -1
    outer loop
      vertex -13 -9 0
      vertex -18.3573 -2.30165 0
      vertex -18.124 -2.18207 0
    endloop
  endfacet
  facet normal 0 0 -1
    outer loop
      vertex -13 -9 0
      vertex -18.6109 -2.39465 0
      vertex -18.3573 -2.30165 0
    endloop
  endfacet
  facet normal 0 0 -1
    outer loop
      vertex -13 -9 0
      vertex -18.8847 -2.46107 0
      vertex -18.6109 -2.39465 0
    endloop
  endfacet
  facet normal 0 0 -1
    outer loop
      vertex -13 -9 0
      vertex -19.1788 -2.50093 0
      vertex -18.8847 -2.46107 0
    endloop
  endfacet
  facet normal 0 0 -1
    outer loop
      vertex -13 -9 0
      vertex -19.4932 -2.51422 0
      vertex -19.1788 -2.50093 0
    endloop
  endfacet
  facet normal 0 0 -1
    outer loop
      vertex -13 -9 0
      vertex -19.8076 -2.50107 0
      vertex -19.4932 -2.51422 0
    endloop
  endfacet
  facet normal 0 0 -1
    outer loop
      vertex -13 -9 0
      vertex -20.1016 -2.46162 0
      vertex -19.8076 -2.50107 0
    endloop
  endfacet
  facet normal 0 0 -1
    outer loop
      vertex -22.5394 -2.44302 0
      vertex -20.1016 -2.46162 0
      vertex -13 -9 0
    endloop
  endfacet
  facet normal 0 0 -1
    outer loop
      vertex -20.1016 -2.46162 0
      vertex -22.5394 -2.44302 0
      vertex -20.3752 -2.39589 0
    endloop
  endfacet
  facet normal -0 0 -1
    outer loop
      vertex -20.3752 -2.39589 0
      vertex -22.5394 -2.44302 0
      vertex -20.6286 -2.30385 0
    endloop
  endfacet
  facet normal -0 0 -1
    outer loop
      vertex -20.6286 -2.30385 0
      vertex -22.5394 -2.44302 0
      vertex -20.8616 -2.18552 0
    endloop
  endfacet
  facet normal -0 0 -1
    outer loop
      vertex -21.8909 -0.394455 0
      vertex -22.5394 -2.44302 0
      vertex -21.9039 -0.0763702 0
    endloop
  endfacet
  facet normal -0 0 -1
    outer loop
      vertex -21.8519 -0.691925 0
      vertex -22.5394 -2.44302 0
      vertex -21.8909 -0.394455 0
    endloop
  endfacet
  facet normal -0 0 -1
    outer loop
      vertex -21.7869 -0.968781 0
      vertex -22.5394 -2.44302 0
      vertex -21.8519 -0.691925 0
    endloop
  endfacet
  facet normal -0 0 -1
    outer loop
      vertex -21.6958 -1.22501 0
      vertex -22.5394 -2.44302 0
      vertex -21.7869 -0.968781 0
    endloop
  endfacet
  facet normal -0 0 -1
    outer loop
      vertex -21.5787 -1.46062 0
      vertex -22.5394 -2.44302 0
      vertex -21.6958 -1.22501 0
    endloop
  endfacet
  facet normal -0 0 -1
    outer loop
      vertex -21.4356 -1.6756 0
      vertex -22.5394 -2.44302 0
      vertex -21.5787 -1.46062 0
    endloop
  endfacet
  facet normal -0 0 -1
    outer loop
      vertex -21.2665 -1.86996 0
      vertex -22.5394 -2.44302 0
      vertex -21.4356 -1.6756 0
    endloop
  endfacet
  facet normal -0 0 -1
    outer loop
      vertex -21.0742 -2.04089 0
      vertex -22.5394 -2.44302 0
      vertex -21.2665 -1.86996 0
    endloop
  endfacet
  facet normal -0 0 -1
    outer loop
      vertex -20.8616 -2.18552 0
      vertex -22.5394 -2.44302 0
      vertex -21.0742 -2.04089 0
    endloop
  endfacet
  facet normal 0 0 -1
    outer loop
      vertex -31 -9 0
      vertex -22.5394 -2.44302 0
      vertex -13 -9 0
    endloop
  endfacet
  facet normal 0 0 -1
    outer loop
      vertex -23.4277 -2.44302 0
      vertex -25.4791 -2.44302 0
      vertex -23.4277 0.333923 0
    endloop
  endfacet
  facet normal -0 0 -1
    outer loop
      vertex -22.5394 -2.44302 0
      vertex -31 -9 0
      vertex -23.4277 -2.44302 0
    endloop
  endfacet
  facet normal -0 0 -1
    outer loop
      vertex -23.4277 -2.44302 0
      vertex -31 -9 0
      vertex -25.4791 -2.44302 0
    endloop
  endfacet
  facet normal -0 0 -1
    outer loop
      vertex -26.6217 -2.44302 0
      vertex -31 -9 0
      vertex -26.6217 2.33437 0
    endloop
  endfacet
  facet normal -0 0 -1
    outer loop
      vertex -25.4791 -2.44302 0
      vertex -31 -9 0
      vertex -26.6217 -2.44302 0
    endloop
  endfacet
  facet normal 0 0 -1
    outer loop
      vertex -17.0851 0.133072 0
      vertex -13 9 0
      vertex -17.0791 -0.0763702 0
    endloop
  endfacet
  facet normal 0 0 -1
    outer loop
      vertex -17.1032 0.335205 0
      vertex -13 9 0
      vertex -17.0851 0.133072 0
    endloop
  endfacet
  facet normal 0 0 -1
    outer loop
      vertex -17.1333 0.529999 0
      vertex -13 9 0
      vertex -17.1032 0.335205 0
    endloop
  endfacet
  facet normal 0 0 -1
    outer loop
      vertex -17.1754 0.717453 0
      vertex -13 9 0
      vertex -17.1333 0.529999 0
    endloop
  endfacet
  facet normal 0 0 -1
    outer loop
      vertex -17.2296 0.897583 0
      vertex -13 9 0
      vertex -17.1754 0.717453 0
    endloop
  endfacet
  facet normal 0 0 -1
    outer loop
      vertex -17.2958 1.07036 0
      vertex -13 9 0
      vertex -17.2296 0.897583 0
    endloop
  endfacet
  facet normal 0 0 -1
    outer loop
      vertex -17.3741 1.23582 0
      vertex -13 9 0
      vertex -17.2958 1.07036 0
    endloop
  endfacet
  facet normal 0 0 -1
    outer loop
      vertex -17.4636 1.39215 0
      vertex -13 9 0
      vertex -17.3741 1.23582 0
    endloop
  endfacet
  facet normal 0 0 -1
    outer loop
      vertex -17.5634 1.53764 0
      vertex -13 9 0
      vertex -17.4636 1.39215 0
    endloop
  endfacet
  facet normal 0 0 -1
    outer loop
      vertex -17.6736 1.67226 0
      vertex -13 9 0
      vertex -17.5634 1.53764 0
    endloop
  endfacet
  facet normal 0 0 -1
    outer loop
      vertex -17.7942 1.79602 0
      vertex -13 9 0
      vertex -17.6736 1.67226 0
    endloop
  endfacet
  facet normal 0 0 -1
    outer loop
      vertex -17.9252 1.90891 0
      vertex -13 9 0
      vertex -17.7942 1.79602 0
    endloop
  endfacet
  facet normal 0 0 -1
    outer loop
      vertex -18.0666 2.01094 0
      vertex -13 9 0
      vertex -17.9252 1.90891 0
    endloop
  endfacet
  facet normal 0 0 -1
    outer loop
      vertex -18.2184 2.10211 0
      vertex -13 9 0
      vertex -18.0666 2.01094 0
    endloop
  endfacet
  facet normal 0 0 -1
    outer loop
      vertex -18.379 2.18172 0
      vertex -13 9 0
      vertex -18.2184 2.10211 0
    endloop
  endfacet
  facet normal 0 0 -1
    outer loop
      vertex -18.5472 2.24908 0
      vertex -13 9 0
      vertex -18.379 2.18172 0
    endloop
  endfacet
  facet normal 0 0 -1
    outer loop
      vertex -18.7228 2.3042 0
      vertex -13 9 0
      vertex -18.5472 2.24908 0
    endloop
  endfacet
  facet normal 0 0 -1
    outer loop
      vertex -18.9059 2.34706 0
      vertex -13 9 0
      vertex -18.7228 2.3042 0
    endloop
  endfacet
  facet normal 0 0 -1
    outer loop
      vertex -19.0964 2.37767 0
      vertex -13 9 0
      vertex -18.9059 2.34706 0
    endloop
  endfacet
  facet normal 0 0 -1
    outer loop
      vertex -19.2945 2.39604 0
      vertex -13 9 0
      vertex -19.0964 2.37767 0
    endloop
  endfacet
  facet normal 0 0 -1
    outer loop
      vertex -19.5 2.40216 0
      vertex -13 9 0
      vertex -19.2945 2.39604 0
    endloop
  endfacet
  facet normal 0 0 -1
    outer loop
      vertex -19.8117 2.38864 0
      vertex -13 9 0
      vertex -19.5 2.40216 0
    endloop
  endfacet
  facet normal 0 0 -1
    outer loop
      vertex -20.1035 2.34805 0
      vertex -13 9 0
      vertex -19.8117 2.38864 0
    endloop
  endfacet
  facet normal 0 0 -1
    outer loop
      vertex -22.5394 2.33437 0
      vertex -20.1035 2.34805 0
      vertex -20.3755 2.28043 0
    endloop
  endfacet
  facet normal 0 0 -1
    outer loop
      vertex -22.5394 2.33437 0
      vertex -20.3755 2.28043 0
      vertex -20.6276 2.18573 0
    endloop
  endfacet
  facet normal 0 0 -1
    outer loop
      vertex -22.5394 2.33437 0
      vertex -20.6276 2.18573 0
      vertex -20.8599 2.06398 0
    endloop
  endfacet
  facet normal 0 0 -1
    outer loop
      vertex -22.5394 2.33437 0
      vertex -20.8599 2.06398 0
      vertex -21.0723 1.91518 0
    endloop
  endfacet
  facet normal 0 0 -1
    outer loop
      vertex -22.5394 2.33437 0
      vertex -21.9039 -0.0763702 0
      vertex -22.5394 -2.44302 0
    endloop
  endfacet
  facet normal 0 0 -1
    outer loop
      vertex -21.9039 -0.0763702 0
      vertex -22.5394 2.33437 0
      vertex -21.8909 0.242996 0
    endloop
  endfacet
  facet normal 0 0 -1
    outer loop
      vertex -21.8909 0.242996 0
      vertex -22.5394 2.33437 0
      vertex -21.8518 0.542389 0
    endloop
  endfacet
  facet normal 0 0 -1
    outer loop
      vertex -22.5394 2.33437 0
      vertex -21.7866 0.821777 0
      vertex -21.8518 0.542389 0
    endloop
  endfacet
  facet normal 0 0 -1
    outer loop
      vertex -22.5394 2.33437 0
      vertex -21.6953 1.08116 0
      vertex -21.7866 0.821777 0
    endloop
  endfacet
  facet normal 0 0 -1
    outer loop
      vertex -22.5394 2.33437 0
      vertex -21.5779 1.32054 0
      vertex -21.6953 1.08116 0
    endloop
  endfacet
  facet normal 0 0 -1
    outer loop
      vertex -22.5394 2.33437 0
      vertex -21.4344 1.53993 0
      vertex -21.5779 1.32054 0
    endloop
  endfacet
  facet normal 0 0 -1
    outer loop
      vertex -22.5394 2.33437 0
      vertex -21.2648 1.73932 0
      vertex -21.4344 1.53993 0
    endloop
  endfacet
  facet normal 0 0 -1
    outer loop
      vertex -22.5394 2.33437 0
      vertex -21.0723 1.91518 0
      vertex -21.2648 1.73932 0
    endloop
  endfacet
  facet normal -0 0 -1
    outer loop
      vertex -20.1035 2.34805 0
      vertex -22.5394 2.33437 0
      vertex -13 9 0
    endloop
  endfacet
  facet normal 0 0 -1
    outer loop
      vertex -31 9 0
      vertex -22.5394 2.33437 0
      vertex -23.7126 2.33437 0
    endloop
  endfacet
  facet normal 0 0 -1
    outer loop
      vertex -25.7334 2.33437 0
      vertex -23.7126 2.33437 0
      vertex -25.7334 -0.483215 0
    endloop
  endfacet
  facet normal 0 0 -1
    outer loop
      vertex -31 9 0
      vertex -23.7126 2.33437 0
      vertex -25.7334 2.33437 0
    endloop
  endfacet
  facet normal 0 0 -1
    outer loop
      vertex -31 9 0
      vertex -25.7334 2.33437 0
      vertex -26.6217 2.33437 0
    endloop
  endfacet
  facet normal 0 0 -1
    outer loop
      vertex -22.5394 2.33437 0
      vertex -31 9 0
      vertex -13 9 0
    endloop
  endfacet
  facet normal 0 0 -1
    outer loop
      vertex -31 9 0
      vertex -26.6217 2.33437 0
      vertex -31 -9 0
    endloop
  endfacet
  facet normal -0 0 -1
    outer loop
      vertex -23.3829 1.1219 0
      vertex -25.4791 -2.44302 0
      vertex -23.3667 1.26631 0
    endloop
  endfacet
  facet normal -0 0 -1
    outer loop
      vertex -23.3966 0.981216 0
      vertex -25.4791 -2.44302 0
      vertex -23.3829 1.1219 0
    endloop
  endfacet
  facet normal -0 0 -1
    outer loop
      vertex -23.4078 0.844284 0
      vertex -25.4791 -2.44302 0
      vertex -23.3966 0.981216 0
    endloop
  endfacet
  facet normal -0 0 -1
    outer loop
      vertex -23.4165 0.71109 0
      vertex -25.4791 -2.44302 0
      vertex -23.4078 0.844284 0
    endloop
  endfacet
  facet normal -0 0 -1
    outer loop
      vertex -23.4228 0.581619 0
      vertex -25.4791 -2.44302 0
      vertex -23.4165 0.71109 0
    endloop
  endfacet
  facet normal -0 0 -1
    outer loop
      vertex -23.4265 0.455902 0
      vertex -25.4791 -2.44302 0
      vertex -23.4228 0.581619 0
    endloop
  endfacet
  facet normal 0 0 -1
    outer loop
      vertex -25.4791 -2.44302 0
      vertex -23.4265 0.455902 0
      vertex -23.4277 0.333923 0
    endloop
  endfacet
  facet normal 0 0 -1
    outer loop
      vertex -20.8969 -0.0763702 0
      vertex -18.0997 -0.0763702 0
      vertex -18.1071 -0.290421 0
    endloop
  endfacet
  facet normal 0 0 -1
    outer loop
      vertex -18.0997 -0.0763702 0
      vertex -20.8969 -0.0763702 0
      vertex -18.1071 0.147598 0
    endloop
  endfacet
  facet normal 0 0 -1
    outer loop
      vertex -20.8894 -0.29216 0
      vertex -18.1071 -0.290421 0
      vertex -18.1295 -0.490845 0
    endloop
  endfacet
  facet normal 0 -0 -1
    outer loop
      vertex -20.8893 0.141556 0
      vertex -18.1071 0.147598 0
      vertex -20.8969 -0.0763702 0
    endloop
  endfacet
  facet normal 0 0 -1
    outer loop
      vertex -20.867 -0.493896 0
      vertex -18.1295 -0.490845 0
      vertex -18.1669 -0.677628 0
    endloop
  endfacet
  facet normal 0 -0 -1
    outer loop
      vertex -20.8663 0.345871 0
      vertex -18.1071 0.147598 0
      vertex -20.8893 0.141556 0
    endloop
  endfacet
  facet normal 0 0 -1
    outer loop
      vertex -20.8297 -0.681595 0
      vertex -18.1669 -0.677628 0
      vertex -18.2192 -0.850784 0
    endloop
  endfacet
  facet normal 0 0 -1
    outer loop
      vertex -18.1071 0.147598 0
      vertex -20.8663 0.345871 0
      vertex -18.1294 0.356506 0
    endloop
  endfacet
  facet normal 0 0 -1
    outer loop
      vertex -19.3103 -1.71861 0
      vertex -18.2192 -0.850784 0
      vertex -18.2865 -1.01031 0
    endloop
  endfacet
  facet normal 0 -0 -1
    outer loop
      vertex -20.8281 0.536545 0
      vertex -18.1294 0.356506 0
      vertex -20.8663 0.345871 0
    endloop
  endfacet
  facet normal 0 0 -1
    outer loop
      vertex -19.3103 -1.71861 0
      vertex -18.2865 -1.01031 0
      vertex -18.3687 -1.1562 0
    endloop
  endfacet
  facet normal 0 0 -1
    outer loop
      vertex -18.1294 0.356506 0
      vertex -20.8281 0.536545 0
      vertex -18.1666 0.550323 0
    endloop
  endfacet
  facet normal 0 0 -1
    outer loop
      vertex -19.1395 -1.69173 0
      vertex -18.3687 -1.1562 0
      vertex -18.4659 -1.28847 0
    endloop
  endfacet
  facet normal 0 -0 -1
    outer loop
      vertex -20.7746 0.713577 0
      vertex -18.1666 0.550323 0
      vertex -20.8281 0.536545 0
    endloop
  endfacet
  facet normal 0 0 -1
    outer loop
      vertex -19.1395 -1.69173 0
      vertex -18.4659 -1.28847 0
      vertex -18.5765 -1.40497 0
    endloop
  endfacet
  facet normal 0 0 -1
    outer loop
      vertex -18.1666 0.550323 0
      vertex -20.7746 0.713577 0
      vertex -18.2187 0.729065 0
    endloop
  endfacet
  facet normal 0 0 -1
    outer loop
      vertex -19.1395 -1.69173 0
      vertex -18.5765 -1.40497 0
      vertex -18.6992 -1.50354 0
    endloop
  endfacet
  facet normal 0 -0 -1
    outer loop
      vertex -19.5 1.61557 0
      vertex -18.2187 0.729065 0
      vertex -20.7746 0.713577 0
    endloop
  endfacet
  facet normal 0 0 -1
    outer loop
      vertex -19.1395 -1.69173 0
      vertex -18.6992 -1.50354 0
      vertex -18.8339 -1.58418 0
    endloop
  endfacet
  facet normal 0 0 -1
    outer loop
      vertex -19.1395 -1.69173 0
      vertex -18.8339 -1.58418 0
      vertex -18.9807 -1.64691 0
    endloop
  endfacet
  facet normal 0 0 -1
    outer loop
      vertex -18.2856 0.892715 0
      vertex -19.3145 1.60657 0
      vertex -18.3674 1.04129 0
    endloop
  endfacet
  facet normal 0 0 -1
    outer loop
      vertex -18.3687 -1.1562 0
      vertex -19.1395 -1.69173 0
      vertex -19.3103 -1.71861 0
    endloop
  endfacet
  facet normal -0 -0 -1
    outer loop
      vertex -19.1414 1.57959 0
      vertex -18.3674 1.04129 0
      vertex -19.3145 1.60657 0
    endloop
  endfacet
  facet normal 0 0 -1
    outer loop
      vertex -18.2192 -0.850784 0
      vertex -19.3103 -1.71861 0
      vertex -19.4932 -1.72757 0
    endloop
  endfacet
  facet normal 0 0 -1
    outer loop
      vertex -18.3674 1.04129 0
      vertex -19.1414 1.57959 0
      vertex -18.4642 1.17477 0
    endloop
  endfacet
  facet normal -0 0 -1
    outer loop
      vertex -18.2192 -0.850784 0
      vertex -19.4932 -1.72757 0
      vertex -20.8297 -0.681595 0
    endloop
  endfacet
  facet normal 0 0 -1
    outer loop
      vertex -18.4642 1.17477 0
      vertex -19.1414 1.57959 0
      vertex -18.5746 1.29172 0
    endloop
  endfacet
  facet normal 0 0 -1
    outer loop
      vertex -20.8297 -0.681595 0
      vertex -19.4932 -1.72757 0
      vertex -19.6788 -1.71867 0
    endloop
  endfacet
  facet normal 0 0 -1
    outer loop
      vertex -18.6975 1.39067 0
      vertex -19.1414 1.57959 0
      vertex -18.8329 1.47163 0
    endloop
  endfacet
  facet normal 0 0 -1
    outer loop
      vertex -18.8329 1.47163 0
      vertex -19.1414 1.57959 0
      vertex -18.9809 1.53461 0
    endloop
  endfacet
  facet normal 0 0 -1
    outer loop
      vertex -20.7773 -0.85524 0
      vertex -19.6788 -1.71867 0
      vertex -19.8519 -1.692 0
    endloop
  endfacet
  facet normal 0 0 -1
    outer loop
      vertex -18.5746 1.29172 0
      vertex -19.1414 1.57959 0
      vertex -18.6975 1.39067 0
    endloop
  endfacet
  facet normal 0 0 -1
    outer loop
      vertex -20.7101 -1.01483 0
      vertex -19.8519 -1.692 0
      vertex -20.0126 -1.64754 0
    endloop
  endfacet
  facet normal 0 0 -1
    outer loop
      vertex -18.2187 0.729065 0
      vertex -19.3145 1.60657 0
      vertex -18.2856 0.892715 0
    endloop
  endfacet
  facet normal 0 0 -1
    outer loop
      vertex -20.7101 -1.01483 0
      vertex -20.0126 -1.64754 0
      vertex -20.1608 -1.5853 0
    endloop
  endfacet
  facet normal -0 -0 -1
    outer loop
      vertex -19.3145 1.60657 0
      vertex -18.2187 0.729065 0
      vertex -19.5 1.61557 0
    endloop
  endfacet
  facet normal 0 0 -1
    outer loop
      vertex -20.7101 -1.01483 0
      vertex -20.1608 -1.5853 0
      vertex -20.2966 -1.50526 0
    endloop
  endfacet
  facet normal 0 0 -1
    outer loop
      vertex -19.5 1.61557 0
      vertex -20.7746 0.713577 0
      vertex -19.6795 1.60632 0
    endloop
  endfacet
  facet normal 0 0 -1
    outer loop
      vertex -20.7101 -1.01483 0
      vertex -20.2966 -1.50526 0
      vertex -20.4199 -1.40746 0
    endloop
  endfacet
  facet normal 0 -0 -1
    outer loop
      vertex -20.7057 0.876999 0
      vertex -19.6795 1.60632 0
      vertex -20.7746 0.713577 0
    endloop
  endfacet
  facet normal 0 0 -1
    outer loop
      vertex -20.7101 -1.01483 0
      vertex -20.4199 -1.40746 0
      vertex -20.5307 -1.29187 0
    endloop
  endfacet
  facet normal 0 -0 -1
    outer loop
      vertex -20.6216 1.02678 0
      vertex -19.6795 1.60632 0
      vertex -20.7057 0.876999 0
    endloop
  endfacet
  facet normal 0 0 -1
    outer loop
      vertex -20.7101 -1.01483 0
      vertex -20.5307 -1.29187 0
      vertex -20.6279 -1.16037 0
    endloop
  endfacet
  facet normal 0 0 -1
    outer loop
      vertex -19.6795 1.60632 0
      vertex -20.6216 1.02678 0
      vertex -19.8478 1.57861 0
    endloop
  endfacet
  facet normal 0 0 -1
    outer loop
      vertex -19.8519 -1.692 0
      vertex -20.7101 -1.01483 0
      vertex -20.7773 -0.85524 0
    endloop
  endfacet
  facet normal 0 0 -1
    outer loop
      vertex -19.8478 1.57861 0
      vertex -20.6216 1.02678 0
      vertex -20.005 1.53242 0
    endloop
  endfacet
  facet normal 0 0 -1
    outer loop
      vertex -19.6788 -1.71867 0
      vertex -20.7773 -0.85524 0
      vertex -20.8297 -0.681595 0
    endloop
  endfacet
  facet normal 0 0 -1
    outer loop
      vertex -20.4096 1.283 0
      vertex -20.6216 1.02678 0
      vertex -20.5222 1.16292 0
    endloop
  endfacet
  facet normal -0 0 -1
    outer loop
      vertex -18.1669 -0.677628 0
      vertex -20.8297 -0.681595 0
      vertex -20.867 -0.493896 0
    endloop
  endfacet
  facet normal 0 0 -1
    outer loop
      vertex -20.151 1.46776 0
      vertex -20.6216 1.02678 0
      vertex -20.2859 1.38463 0
    endloop
  endfacet
  facet normal -0 0 -1
    outer loop
      vertex -18.1295 -0.490845 0
      vertex -20.867 -0.493896 0
      vertex -20.8894 -0.29216 0
    endloop
  endfacet
  facet normal 0 0 -1
    outer loop
      vertex -20.2859 1.38463 0
      vertex -20.6216 1.02678 0
      vertex -20.4096 1.283 0
    endloop
  endfacet
  facet normal -0 0 -1
    outer loop
      vertex -18.1071 -0.290421 0
      vertex -20.8894 -0.29216 0
      vertex -20.8969 -0.0763702 0
    endloop
  endfacet
  facet normal 0 0 -1
    outer loop
      vertex -20.005 1.53242 0
      vertex -20.6216 1.02678 0
      vertex -20.151 1.46776 0
    endloop
  endfacet
  facet normal 1 -0 0
    outer loop
      vertex -13 -9 8
      vertex -13 9 0
      vertex -13 9 8
    endloop
  endfacet
  facet normal 1 0 0
    outer loop
      vertex -13 9 0
      vertex -13 -9 8
      vertex -13 -9 0
    endloop
  endfacet
  facet normal 0 0 1
    outer loop
      vertex -13 9 8
      vertex -14.2 7.8 8
      vertex -13 -9 8
    endloop
  endfacet
  facet normal 0 0 1
    outer loop
      vertex -13 9 8
      vertex -29.8 7.8 8
      vertex -14.2 7.8 8
    endloop
  endfacet
  facet normal 0 0 1
    outer loop
      vertex -29.8 7.8 8
      vertex -31 9 8
      vertex -29.8 -7.8 8
    endloop
  endfacet
  facet normal -0 0 1
    outer loop
      vertex -31 9 8
      vertex -29.8 7.8 8
      vertex -13 9 8
    endloop
  endfacet
  facet normal -0 0 1
    outer loop
      vertex -14.2 -7.8 8
      vertex -13 -9 8
      vertex -14.2 7.8 8
    endloop
  endfacet
  facet normal -0 0 1
    outer loop
      vertex -29.8 -7.8 8
      vertex -13 -9 8
      vertex -14.2 -7.8 8
    endloop
  endfacet
  facet normal 0 0 1
    outer loop
      vertex -29.8 -7.8 8
      vertex -31 -9 8
      vertex -13 -9 8
    endloop
  endfacet
  facet normal 0 0 1
    outer loop
      vertex -31 -9 8
      vertex -29.8 -7.8 8
      vertex -31 9 8
    endloop
  endfacet
  facet normal 0 1 -0
    outer loop
      vertex -13 9 0
      vertex -31 9 8
      vertex -13 9 8
    endloop
  endfacet
  facet normal 0 1 0
    outer loop
      vertex -31 9 8
      vertex -13 9 0
      vertex -31 9 0
    endloop
  endfacet
  facet normal 0 -1 0
    outer loop
      vertex -31 -9 0
      vertex -13 -9 8
      vertex -31 -9 8
    endloop
  endfacet
  facet normal 0 -1 -0
    outer loop
      vertex -13 -9 8
      vertex -31 -9 0
      vertex -13 -9 0
    endloop
  endfacet
  facet normal 1 -0 0
    outer loop
      vertex -29.8 -7.8 8
      vertex -29.8 7.8 2.4
      vertex -29.8 7.8 8
    endloop
  endfacet
  facet normal 1 0 0
    outer loop
      vertex -29.8 7.8 2.4
      vertex -29.8 -7.8 8
      vertex -29.8 -7.8 2.4
    endloop
  endfacet
  facet normal 0 0 1
    outer loop
      vertex -14.2 7.8 2.4
      vertex -19.25 0 2.4
      vertex -14.2 -7.8 2.4
    endloop
  endfacet
  facet normal 0 0 1
    outer loop
      vertex -14.2 7.8 2.4
      vertex -19.2735 0.358947 2.4
      vertex -19.25 0 2.4
    endloop
  endfacet
  facet normal 0 0 1
    outer loop
      vertex -14.2 7.8 2.4
      vertex -19.3437 0.711752 2.4
      vertex -19.2735 0.358947 2.4
    endloop
  endfacet
  facet normal 0 0 1
    outer loop
      vertex -14.2 7.8 2.4
      vertex -19.4593 1.05238 2.4
      vertex -19.3437 0.711752 2.4
    endloop
  endfacet
  facet normal 0 0 1
    outer loop
      vertex -14.2 7.8 2.4
      vertex -19.6184 1.375 2.4
      vertex -19.4593 1.05238 2.4
    endloop
  endfacet
  facet normal 0 0 1
    outer loop
      vertex -14.2 7.8 2.4
      vertex -19.8183 1.67409 2.4
      vertex -19.6184 1.375 2.4
    endloop
  endfacet
  facet normal 0 0 1
    outer loop
      vertex -14.2 7.8 2.4
      vertex -20.0555 1.94454 2.4
      vertex -19.8183 1.67409 2.4
    endloop
  endfacet
  facet normal 0 0 1
    outer loop
      vertex -14.2 7.8 2.4
      vertex -20.3259 2.18172 2.4
      vertex -20.0555 1.94454 2.4
    endloop
  endfacet
  facet normal 0 0 1
    outer loop
      vertex -14.2 7.8 2.4
      vertex -20.625 2.38157 2.4
      vertex -20.3259 2.18172 2.4
    endloop
  endfacet
  facet normal 0 0 1
    outer loop
      vertex -14.2 7.8 2.4
      vertex -20.9476 2.54067 2.4
      vertex -20.625 2.38157 2.4
    endloop
  endfacet
  facet normal 0 0 1
    outer loop
      vertex -14.2 7.8 2.4
      vertex -21.2882 2.6563 2.4
      vertex -20.9476 2.54067 2.4
    endloop
  endfacet
  facet normal 0 0 1
    outer loop
      vertex -14.2 7.8 2.4
      vertex -21.6411 2.72647 2.4
      vertex -21.2882 2.6563 2.4
    endloop
  endfacet
  facet normal 0 0 1
    outer loop
      vertex -14.2 7.8 2.4
      vertex -22 2.75 2.4
      vertex -21.6411 2.72647 2.4
    endloop
  endfacet
  facet normal -0 0 1
    outer loop
      vertex -29.8 7.8 2.4
      vertex -22 2.75 2.4
      vertex -14.2 7.8 2.4
    endloop
  endfacet
  facet normal 0 0 1
    outer loop
      vertex -22 2.75 2.4
      vertex -29.8 7.8 2.4
      vertex -22.3589 2.72647 2.4
    endloop
  endfacet
  facet normal 0 0 1
    outer loop
      vertex -22.3589 2.72647 2.4
      vertex -29.8 7.8 2.4
      vertex -22.7118 2.6563 2.4
    endloop
  endfacet
  facet normal 0 0 1
    outer loop
      vertex -22.7118 2.6563 2.4
      vertex -29.8 7.8 2.4
      vertex -23.0524 2.54067 2.4
    endloop
  endfacet
  facet normal 0 0 1
    outer loop
      vertex -24.7265 0.358947 2.4
      vertex -29.8 7.8 2.4
      vertex -24.75 0 2.4
    endloop
  endfacet
  facet normal 0 0 1
    outer loop
      vertex -24.6563 0.711752 2.4
      vertex -29.8 7.8 2.4
      vertex -24.7265 0.358947 2.4
    endloop
  endfacet
  facet normal 0 0 1
    outer loop
      vertex -24.5407 1.05238 2.4
      vertex -29.8 7.8 2.4
      vertex -24.6563 0.711752 2.4
    endloop
  endfacet
  facet normal 0 0 1
    outer loop
      vertex -24.3816 1.375 2.4
      vertex -29.8 7.8 2.4
      vertex -24.5407 1.05238 2.4
    endloop
  endfacet
  facet normal 0 0 1
    outer loop
      vertex -24.1817 1.67409 2.4
      vertex -29.8 7.8 2.4
      vertex -24.3816 1.375 2.4
    endloop
  endfacet
  facet normal 0 0 1
    outer loop
      vertex -23.9445 1.94454 2.4
      vertex -29.8 7.8 2.4
      vertex -24.1817 1.67409 2.4
    endloop
  endfacet
  facet normal 0 0 1
    outer loop
      vertex -23.6741 2.18172 2.4
      vertex -29.8 7.8 2.4
      vertex -23.9445 1.94454 2.4
    endloop
  endfacet
  facet normal 0 0 1
    outer loop
      vertex -23.375 2.38157 2.4
      vertex -29.8 7.8 2.4
      vertex -23.6741 2.18172 2.4
    endloop
  endfacet
  facet normal 0 0 1
    outer loop
      vertex -23.0524 2.54067 2.4
      vertex -29.8 7.8 2.4
      vertex -23.375 2.38157 2.4
    endloop
  endfacet
  facet normal -0 0 1
    outer loop
      vertex -19.2735 -0.358947 2.4
      vertex -14.2 -7.8 2.4
      vertex -19.25 0 2.4
    endloop
  endfacet
  facet normal -0 0 1
    outer loop
      vertex -19.3437 -0.711752 2.4
      vertex -14.2 -7.8 2.4
      vertex -19.2735 -0.358947 2.4
    endloop
  endfacet
  facet normal -0 0 1
    outer loop
      vertex -19.4593 -1.05238 2.4
      vertex -14.2 -7.8 2.4
      vertex -19.3437 -0.711752 2.4
    endloop
  endfacet
  facet normal -0 0 1
    outer loop
      vertex -19.6184 -1.375 2.4
      vertex -14.2 -7.8 2.4
      vertex -19.4593 -1.05238 2.4
    endloop
  endfacet
  facet normal -0 0 1
    outer loop
      vertex -19.8183 -1.67409 2.4
      vertex -14.2 -7.8 2.4
      vertex -19.6184 -1.375 2.4
    endloop
  endfacet
  facet normal -0 0 1
    outer loop
      vertex -20.0555 -1.94454 2.4
      vertex -14.2 -7.8 2.4
      vertex -19.8183 -1.67409 2.4
    endloop
  endfacet
  facet normal -0 0 1
    outer loop
      vertex -20.3259 -2.18172 2.4
      vertex -14.2 -7.8 2.4
      vertex -20.0555 -1.94454 2.4
    endloop
  endfacet
  facet normal -0 0 1
    outer loop
      vertex -20.625 -2.38157 2.4
      vertex -14.2 -7.8 2.4
      vertex -20.3259 -2.18172 2.4
    endloop
  endfacet
  facet normal -0 0 1
    outer loop
      vertex -20.9476 -2.54067 2.4
      vertex -14.2 -7.8 2.4
      vertex -20.625 -2.38157 2.4
    endloop
  endfacet
  facet normal -0 0 1
    outer loop
      vertex -21.2882 -2.6563 2.4
      vertex -14.2 -7.8 2.4
      vertex -20.9476 -2.54067 2.4
    endloop
  endfacet
  facet normal -0 0 1
    outer loop
      vertex -21.6411 -2.72647 2.4
      vertex -14.2 -7.8 2.4
      vertex -21.2882 -2.6563 2.4
    endloop
  endfacet
  facet normal -0 0 1
    outer loop
      vertex -22 -2.75 2.4
      vertex -14.2 -7.8 2.4
      vertex -21.6411 -2.72647 2.4
    endloop
  endfacet
  facet normal 0 0 1
    outer loop
      vertex -29.8 -7.8 2.4
      vertex -22 -2.75 2.4
      vertex -22.3589 -2.72647 2.4
    endloop
  endfacet
  facet normal 0 0 1
    outer loop
      vertex -29.8 -7.8 2.4
      vertex -22.3589 -2.72647 2.4
      vertex -22.7118 -2.6563 2.4
    endloop
  endfacet
  facet normal 0 0 1
    outer loop
      vertex -29.8 -7.8 2.4
      vertex -22.7118 -2.6563 2.4
      vertex -23.0524 -2.54067 2.4
    endloop
  endfacet
  facet normal 0 0 1
    outer loop
      vertex -29.8 -7.8 2.4
      vertex -23.0524 -2.54067 2.4
      vertex -23.375 -2.38157 2.4
    endloop
  endfacet
  facet normal 0 0 1
    outer loop
      vertex -29.8 -7.8 2.4
      vertex -24.75 0 2.4
      vertex -29.8 7.8 2.4
    endloop
  endfacet
  facet normal 0 0 1
    outer loop
      vertex -24.75 0 2.4
      vertex -29.8 -7.8 2.4
      vertex -24.7265 -0.358947 2.4
    endloop
  endfacet
  facet normal 0 0 1
    outer loop
      vertex -24.7265 -0.358947 2.4
      vertex -29.8 -7.8 2.4
      vertex -24.6563 -0.711752 2.4
    endloop
  endfacet
  facet normal 0 0 1
    outer loop
      vertex -24.6563 -0.711752 2.4
      vertex -29.8 -7.8 2.4
      vertex -24.5407 -1.05238 2.4
    endloop
  endfacet
  facet normal 0 0 1
    outer loop
      vertex -22 -2.75 2.4
      vertex -29.8 -7.8 2.4
      vertex -14.2 -7.8 2.4
    endloop
  endfacet
  facet normal 0 0 1
    outer loop
      vertex -23.6741 -2.18172 2.4
      vertex -29.8 -7.8 2.4
      vertex -23.375 -2.38157 2.4
    endloop
  endfacet
  facet normal 0 0 1
    outer loop
      vertex -23.9445 -1.94454 2.4
      vertex -29.8 -7.8 2.4
      vertex -23.6741 -2.18172 2.4
    endloop
  endfacet
  facet normal 0 0 1
    outer loop
      vertex -24.1817 -1.67409 2.4
      vertex -29.8 -7.8 2.4
      vertex -23.9445 -1.94454 2.4
    endloop
  endfacet
  facet normal 0 0 1
    outer loop
      vertex -24.3816 -1.375 2.4
      vertex -29.8 -7.8 2.4
      vertex -24.1817 -1.67409 2.4
    endloop
  endfacet
  facet normal 0 0 1
    outer loop
      vertex -24.5407 -1.05238 2.4
      vertex -29.8 -7.8 2.4
      vertex -24.3816 -1.375 2.4
    endloop
  endfacet
  facet normal -1 0 0
    outer loop
      vertex -14.2 -7.8 2.4
      vertex -14.2 7.8 8
      vertex -14.2 7.8 2.4
    endloop
  endfacet
  facet normal -1 -0 0
    outer loop
      vertex -14.2 7.8 8
      vertex -14.2 -7.8 2.4
      vertex -14.2 -7.8 8
    endloop
  endfacet
  facet normal 0 1 -0
    outer loop
      vertex -14.2 -7.8 2.4
      vertex -29.8 -7.8 8
      vertex -14.2 -7.8 8
    endloop
  endfacet
  facet normal 0 1 0
    outer loop
      vertex -29.8 -7.8 8
      vertex -14.2 -7.8 2.4
      vertex -29.8 -7.8 2.4
    endloop
  endfacet
  facet normal 0 -1 0
    outer loop
      vertex -29.8 7.8 2.4
      vertex -14.2 7.8 8
      vertex -29.8 7.8 8
    endloop
  endfacet
  facet normal 0 -1 -0
    outer loop
      vertex -14.2 7.8 8
      vertex -29.8 7.8 2.4
      vertex -14.2 7.8 2.4
    endloop
  endfacet
  facet normal 0.997864 -0.0653294 0
    outer loop
      vertex -19.2735 -0.358947 6.4
      vertex -19.25 0 2.4
      vertex -19.25 0 6.4
    endloop
  endfacet
  facet normal 0.997864 -0.0653294 0
    outer loop
      vertex -19.25 0 2.4
      vertex -19.2735 -0.358947 6.4
      vertex -19.2735 -0.358947 2.4
    endloop
  endfacet
  facet normal -0.997864 -0.0653294 0
    outer loop
      vertex -24.7265 -0.358947 2.4
      vertex -24.75 0 6.4
      vertex -24.75 0 2.4
    endloop
  endfacet
  facet normal -0.997864 -0.0653294 0
    outer loop
      vertex -24.75 0 6.4
      vertex -24.7265 -0.358947 2.4
      vertex -24.7265 -0.358947 6.4
    endloop
  endfacet
  facet normal 0.065421 -0.997858 0
    outer loop
      vertex -22 -2.75 2.4
      vertex -21.6411 -2.72647 6.4
      vertex -22 -2.75 6.4
    endloop
  endfacet
  facet normal 0.065421 -0.997858 0
    outer loop
      vertex -21.6411 -2.72647 6.4
      vertex -22 -2.75 2.4
      vertex -21.6411 -2.72647 2.4
    endloop
  endfacet
  facet normal 0.75181 -0.65938 0
    outer loop
      vertex -20.0555 -1.94454 6.4
      vertex -19.8183 -1.67409 2.4
      vertex -19.8183 -1.67409 6.4
    endloop
  endfacet
  facet normal 0.75181 -0.65938 0
    outer loop
      vertex -19.8183 -1.67409 2.4
      vertex -20.0555 -1.94454 6.4
      vertex -20.0555 -1.94454 2.4
    endloop
  endfacet
  facet normal -0.659417 -0.751777 0
    outer loop
      vertex -23.9445 -1.94454 2.4
      vertex -23.6741 -2.18172 6.4
      vertex -23.9445 -1.94454 6.4
    endloop
  endfacet
  facet normal -0.659417 -0.751777 -0
    outer loop
      vertex -23.6741 -2.18172 6.4
      vertex -23.9445 -1.94454 2.4
      vertex -23.6741 -2.18172 2.4
    endloop
  endfacet
  facet normal -0.321469 -0.94692 0
    outer loop
      vertex -23.0524 -2.54067 2.4
      vertex -22.7118 -2.6563 6.4
      vertex -23.0524 -2.54067 6.4
    endloop
  endfacet
  facet normal -0.321469 -0.94692 -0
    outer loop
      vertex -22.7118 -2.6563 6.4
      vertex -23.0524 -2.54067 2.4
      vertex -22.7118 -2.6563 2.4
    endloop
  endfacet
  facet normal 0.946954 -0.321371 0
    outer loop
      vertex -19.4593 -1.05238 6.4
      vertex -19.3437 -0.711752 2.4
      vertex -19.3437 -0.711752 6.4
    endloop
  endfacet
  facet normal 0.946954 -0.321371 0
    outer loop
      vertex -19.3437 -0.711752 2.4
      vertex -19.4593 -1.05238 6.4
      vertex -19.4593 -1.05238 2.4
    endloop
  endfacet
  facet normal 0.980773 -0.195151 0
    outer loop
      vertex -19.3437 -0.711752 6.4
      vertex -19.2735 -0.358947 2.4
      vertex -19.2735 -0.358947 6.4
    endloop
  endfacet
  facet normal 0.980773 -0.195151 0
    outer loop
      vertex -19.2735 -0.358947 2.4
      vertex -19.3437 -0.711752 6.4
      vertex -19.3437 -0.711752 2.4
    endloop
  endfacet
  facet normal 0.896871 -0.442292 0
    outer loop
      vertex -19.6184 -1.375 6.4
      vertex -19.4593 -1.05238 2.4
      vertex -19.4593 -1.05238 6.4
    endloop
  endfacet
  facet normal 0.896871 -0.442292 0
    outer loop
      vertex -19.4593 -1.05238 2.4
      vertex -19.6184 -1.375 6.4
      vertex -19.6184 -1.375 2.4
    endloop
  endfacet
  facet normal 0.442314 -0.89686 0
    outer loop
      vertex -20.9476 -2.54067 2.4
      vertex -20.625 -2.38157 6.4
      vertex -20.9476 -2.54067 6.4
    endloop
  endfacet
  facet normal 0.442314 -0.89686 0
    outer loop
      vertex -20.625 -2.38157 6.4
      vertex -20.9476 -2.54067 2.4
      vertex -20.625 -2.38157 2.4
    endloop
  endfacet
  facet normal 0.321469 -0.94692 0
    outer loop
      vertex -21.2882 -2.6563 2.4
      vertex -20.9476 -2.54067 6.4
      vertex -21.2882 -2.6563 6.4
    endloop
  endfacet
  facet normal 0.321469 -0.94692 0
    outer loop
      vertex -20.9476 -2.54067 6.4
      vertex -21.2882 -2.6563 2.4
      vertex -20.9476 -2.54067 2.4
    endloop
  endfacet
  facet normal 0.555566 -0.831472 0
    outer loop
      vertex -20.625 -2.38157 2.4
      vertex -20.3259 -2.18172 6.4
      vertex -20.625 -2.38157 6.4
    endloop
  endfacet
  facet normal 0.555566 -0.831472 0
    outer loop
      vertex -20.3259 -2.18172 6.4
      vertex -20.625 -2.38157 2.4
      vertex -20.3259 -2.18172 2.4
    endloop
  endfacet
  facet normal -0.896871 -0.442292 0
    outer loop
      vertex -24.3816 -1.375 2.4
      vertex -24.5407 -1.05238 6.4
      vertex -24.5407 -1.05238 2.4
    endloop
  endfacet
  facet normal -0.896871 -0.442292 0
    outer loop
      vertex -24.5407 -1.05238 6.4
      vertex -24.3816 -1.375 2.4
      vertex -24.3816 -1.375 6.4
    endloop
  endfacet
  facet normal -0.8314 -0.555675 0
    outer loop
      vertex -24.1817 -1.67409 2.4
      vertex -24.3816 -1.375 6.4
      vertex -24.3816 -1.375 2.4
    endloop
  endfacet
  facet normal -0.8314 -0.555675 0
    outer loop
      vertex -24.3816 -1.375 6.4
      vertex -24.1817 -1.67409 2.4
      vertex -24.1817 -1.67409 6.4
    endloop
  endfacet
  facet normal -0.946954 -0.321371 0
    outer loop
      vertex -24.5407 -1.05238 2.4
      vertex -24.6563 -0.711752 6.4
      vertex -24.6563 -0.711752 2.4
    endloop
  endfacet
  facet normal -0.946954 -0.321371 0
    outer loop
      vertex -24.6563 -0.711752 6.4
      vertex -24.5407 -1.05238 2.4
      vertex -24.5407 -1.05238 6.4
    endloop
  endfacet
  facet normal -0.442314 -0.89686 0
    outer loop
      vertex -23.375 -2.38157 2.4
      vertex -23.0524 -2.54067 6.4
      vertex -23.375 -2.38157 6.4
    endloop
  endfacet
  facet normal -0.442314 -0.89686 -0
    outer loop
      vertex -23.0524 -2.54067 6.4
      vertex -23.375 -2.38157 2.4
      vertex -23.0524 -2.54067 2.4
    endloop
  endfacet
  facet normal -0.19502 -0.980799 0
    outer loop
      vertex -22.7118 -2.6563 2.4
      vertex -22.3589 -2.72647 6.4
      vertex -22.7118 -2.6563 6.4
    endloop
  endfacet
  facet normal -0.19502 -0.980799 -0
    outer loop
      vertex -22.3589 -2.72647 6.4
      vertex -22.7118 -2.6563 2.4
      vertex -22.3589 -2.72647 2.4
    endloop
  endfacet
  facet normal 0.659417 0.751777 -0
    outer loop
      vertex -20.0555 1.94454 2.4
      vertex -20.3259 2.18172 6.4
      vertex -20.0555 1.94454 6.4
    endloop
  endfacet
  facet normal 0.659417 0.751777 0
    outer loop
      vertex -20.3259 2.18172 6.4
      vertex -20.0555 1.94454 2.4
      vertex -20.3259 2.18172 2.4
    endloop
  endfacet
  facet normal 0.442314 0.89686 -0
    outer loop
      vertex -20.625 2.38157 2.4
      vertex -20.9476 2.54067 6.4
      vertex -20.625 2.38157 6.4
    endloop
  endfacet
  facet normal 0.442314 0.89686 0
    outer loop
      vertex -20.9476 2.54067 6.4
      vertex -20.625 2.38157 2.4
      vertex -20.9476 2.54067 2.4
    endloop
  endfacet
  facet normal 0.896871 0.442292 0
    outer loop
      vertex -19.4593 1.05238 6.4
      vertex -19.6184 1.375 2.4
      vertex -19.6184 1.375 6.4
    endloop
  endfacet
  facet normal 0.896871 0.442292 0
    outer loop
      vertex -19.6184 1.375 2.4
      vertex -19.4593 1.05238 6.4
      vertex -19.4593 1.05238 2.4
    endloop
  endfacet
  facet normal 0.980773 0.195151 0
    outer loop
      vertex -19.2735 0.358947 6.4
      vertex -19.3437 0.711752 2.4
      vertex -19.3437 0.711752 6.4
    endloop
  endfacet
  facet normal 0.980773 0.195151 0
    outer loop
      vertex -19.3437 0.711752 2.4
      vertex -19.2735 0.358947 6.4
      vertex -19.2735 0.358947 2.4
    endloop
  endfacet
  facet normal -0.442314 0.89686 0
    outer loop
      vertex -23.0524 2.54067 2.4
      vertex -23.375 2.38157 6.4
      vertex -23.0524 2.54067 6.4
    endloop
  endfacet
  facet normal -0.442314 0.89686 0
    outer loop
      vertex -23.375 2.38157 6.4
      vertex -23.0524 2.54067 2.4
      vertex -23.375 2.38157 2.4
    endloop
  endfacet
  facet normal -0.321469 0.94692 0
    outer loop
      vertex -22.7118 2.6563 2.4
      vertex -23.0524 2.54067 6.4
      vertex -22.7118 2.6563 6.4
    endloop
  endfacet
  facet normal -0.321469 0.94692 0
    outer loop
      vertex -23.0524 2.54067 6.4
      vertex -22.7118 2.6563 2.4
      vertex -23.0524 2.54067 2.4
    endloop
  endfacet
  facet normal -0.896871 0.442292 0
    outer loop
      vertex -24.5407 1.05238 2.4
      vertex -24.3816 1.375 6.4
      vertex -24.3816 1.375 2.4
    endloop
  endfacet
  facet normal -0.896871 0.442292 0
    outer loop
      vertex -24.3816 1.375 6.4
      vertex -24.5407 1.05238 2.4
      vertex -24.5407 1.05238 6.4
    endloop
  endfacet
  facet normal -0.8314 0.555675 0
    outer loop
      vertex -24.3816 1.375 2.4
      vertex -24.1817 1.67409 6.4
      vertex -24.1817 1.67409 2.4
    endloop
  endfacet
  facet normal -0.8314 0.555675 0
    outer loop
      vertex -24.1817 1.67409 6.4
      vertex -24.3816 1.375 2.4
      vertex -24.3816 1.375 6.4
    endloop
  endfacet
  facet normal -0 0 1
    outer loop
      vertex -23.9445 -1.94454 6.4
      vertex -22.675 -2.1 6.4
      vertex -22.675 -0.674999 6.4
    endloop
  endfacet
  facet normal 0 0 1
    outer loop
      vertex -22.675 -2.1 6.4
      vertex -23.0524 -2.54067 6.4
      vertex -22.7118 -2.6563 6.4
    endloop
  endfacet
  facet normal 0 0 1
    outer loop
      vertex -22.675 -2.1 6.4
      vertex -23.375 -2.38157 6.4
      vertex -23.0524 -2.54067 6.4
    endloop
  endfacet
  facet normal 0 0 1
    outer loop
      vertex -22.675 -2.1 6.4
      vertex -23.6741 -2.18172 6.4
      vertex -23.375 -2.38157 6.4
    endloop
  endfacet
  facet normal 0 0 1
    outer loop
      vertex -22.675 -2.1 6.4
      vertex -23.9445 -1.94454 6.4
      vertex -23.6741 -2.18172 6.4
    endloop
  endfacet
  facet normal -0 0 1
    outer loop
      vertex -24.1 -0.674999 6.4
      vertex -23.9445 -1.94454 6.4
      vertex -22.675 -0.674999 6.4
    endloop
  endfacet
  facet normal 0 0 1
    outer loop
      vertex -24.1 -0.674999 6.4
      vertex -24.1817 -1.67409 6.4
      vertex -23.9445 -1.94454 6.4
    endloop
  endfacet
  facet normal -0 0 1
    outer loop
      vertex -24.5407 1.05238 6.4
      vertex -24.1 0.674999 6.4
      vertex -24.3816 1.375 6.4
    endloop
  endfacet
  facet normal -0 0 1
    outer loop
      vertex -24.6563 0.711752 6.4
      vertex -24.1 0.674999 6.4
      vertex -24.5407 1.05238 6.4
    endloop
  endfacet
  facet normal 0 0 1
    outer loop
      vertex -24.1 -0.674999 6.4
      vertex -24.3816 -1.375 6.4
      vertex -24.1817 -1.67409 6.4
    endloop
  endfacet
  facet normal 0 0 1
    outer loop
      vertex -24.7265 0.358947 6.4
      vertex -24.1 0.674999 6.4
      vertex -24.6563 0.711752 6.4
    endloop
  endfacet
  facet normal 0 0 1
    outer loop
      vertex -24.1 -0.674999 6.4
      vertex -24.5407 -1.05238 6.4
      vertex -24.3816 -1.375 6.4
    endloop
  endfacet
  facet normal 0 0 1
    outer loop
      vertex -24.75 0 6.4
      vertex -24.1 0.674999 6.4
      vertex -24.7265 0.358947 6.4
    endloop
  endfacet
  facet normal 0 0 1
    outer loop
      vertex -24.1 -0.674999 6.4
      vertex -24.6563 -0.711752 6.4
      vertex -24.5407 -1.05238 6.4
    endloop
  endfacet
  facet normal 0 0 1
    outer loop
      vertex -24.1 0.674999 6.4
      vertex -24.75 0 6.4
      vertex -24.1 -0.674999 6.4
    endloop
  endfacet
  facet normal 0 0 1
    outer loop
      vertex -24.1 -0.674999 6.4
      vertex -24.7265 -0.358947 6.4
      vertex -24.6563 -0.711752 6.4
    endloop
  endfacet
  facet normal 0 0 1
    outer loop
      vertex -24.1 -0.674999 6.4
      vertex -24.75 0 6.4
      vertex -24.7265 -0.358947 6.4
    endloop
  endfacet
  facet normal 0 0 1
    outer loop
      vertex -21.6411 2.72647 6.4
      vertex -21.325 2.1 6.4
      vertex -21.2882 2.6563 6.4
    endloop
  endfacet
  facet normal 0 0 1
    outer loop
      vertex -22 2.75 6.4
      vertex -21.325 2.1 6.4
      vertex -21.6411 2.72647 6.4
    endloop
  endfacet
  facet normal 0 0 1
    outer loop
      vertex -22.675 2.1 6.4
      vertex -22 2.75 6.4
      vertex -22.3589 2.72647 6.4
    endloop
  endfacet
  facet normal 0 0 1
    outer loop
      vertex -22 2.75 6.4
      vertex -22.675 2.1 6.4
      vertex -21.325 2.1 6.4
    endloop
  endfacet
  facet normal -0 0 1
    outer loop
      vertex -22.7118 2.6563 6.4
      vertex -22.675 2.1 6.4
      vertex -22.3589 2.72647 6.4
    endloop
  endfacet
  facet normal -0 0 1
    outer loop
      vertex -23.0524 2.54067 6.4
      vertex -22.675 2.1 6.4
      vertex -22.7118 2.6563 6.4
    endloop
  endfacet
  facet normal -0 0 1
    outer loop
      vertex -23.375 2.38157 6.4
      vertex -22.675 2.1 6.4
      vertex -23.0524 2.54067 6.4
    endloop
  endfacet
  facet normal -0 0 1
    outer loop
      vertex -23.6741 2.18172 6.4
      vertex -22.675 2.1 6.4
      vertex -23.375 2.38157 6.4
    endloop
  endfacet
  facet normal 0 0 1
    outer loop
      vertex -23.9445 1.94454 6.4
      vertex -22.675 2.1 6.4
      vertex -23.6741 2.18172 6.4
    endloop
  endfacet
  facet normal 0 0 1
    outer loop
      vertex -22.675 2.1 6.4
      vertex -23.9445 1.94454 6.4
      vertex -22.675 0.674999 6.4
    endloop
  endfacet
  facet normal 0 0 1
    outer loop
      vertex -23.9445 1.94454 6.4
      vertex -24.1 0.674999 6.4
      vertex -22.675 0.674999 6.4
    endloop
  endfacet
  facet normal -0 0 1
    outer loop
      vertex -24.3816 1.375 6.4
      vertex -24.1 0.674999 6.4
      vertex -24.1817 1.67409 6.4
    endloop
  endfacet
  facet normal -0 0 1
    outer loop
      vertex -24.1817 1.67409 6.4
      vertex -24.1 0.674999 6.4
      vertex -23.9445 1.94454 6.4
    endloop
  endfacet
  facet normal 0 0 1
    outer loop
      vertex -19.9 0.674999 6.4
      vertex -19.25 0 6.4
      vertex -19.2735 0.358947 6.4
    endloop
  endfacet
  facet normal -0 0 1
    outer loop
      vertex -19.9 0.674999 6.4
      vertex -19.2735 0.358947 6.4
      vertex -19.3437 0.711752 6.4
    endloop
  endfacet
  facet normal 0 0 1
    outer loop
      vertex -19.9 -0.674999 6.4
      vertex -19.25 0 6.4
      vertex -19.9 0.674999 6.4
    endloop
  endfacet
  facet normal 0 0 1
    outer loop
      vertex -19.9 0.674999 6.4
      vertex -19.3437 0.711752 6.4
      vertex -19.4593 1.05238 6.4
    endloop
  endfacet
  facet normal 0 0 1
    outer loop
      vertex -19.25 0 6.4
      vertex -19.9 -0.674999 6.4
      vertex -19.2735 -0.358947 6.4
    endloop
  endfacet
  facet normal 0 0 1
    outer loop
      vertex -19.9 0.674999 6.4
      vertex -19.4593 1.05238 6.4
      vertex -19.6184 1.375 6.4
    endloop
  endfacet
  facet normal 0 0 1
    outer loop
      vertex -19.2735 -0.358947 6.4
      vertex -19.9 -0.674999 6.4
      vertex -19.3437 -0.711752 6.4
    endloop
  endfacet
  facet normal 0 0 1
    outer loop
      vertex -19.9 0.674999 6.4
      vertex -19.6184 1.375 6.4
      vertex -19.8183 1.67409 6.4
    endloop
  endfacet
  facet normal 0 0 1
    outer loop
      vertex -19.3437 -0.711752 6.4
      vertex -19.9 -0.674999 6.4
      vertex -19.4593 -1.05238 6.4
    endloop
  endfacet
  facet normal 0 0 1
    outer loop
      vertex -19.4593 -1.05238 6.4
      vertex -19.9 -0.674999 6.4
      vertex -19.6184 -1.375 6.4
    endloop
  endfacet
  facet normal 0 0 1
    outer loop
      vertex -20.0555 1.94454 6.4
      vertex -19.9 0.674999 6.4
      vertex -19.8183 1.67409 6.4
    endloop
  endfacet
  facet normal -0 0 1
    outer loop
      vertex -21.325 2.1 6.4
      vertex -20.0555 1.94454 6.4
      vertex -20.3259 2.18172 6.4
    endloop
  endfacet
  facet normal 0 0 1
    outer loop
      vertex -21.325 2.1 6.4
      vertex -20.3259 2.18172 6.4
      vertex -20.625 2.38157 6.4
    endloop
  endfacet
  facet normal 0 0 1
    outer loop
      vertex -21.325 2.1 6.4
      vertex -20.625 2.38157 6.4
      vertex -20.9476 2.54067 6.4
    endloop
  endfacet
  facet normal 0 0 1
    outer loop
      vertex -21.325 2.1 6.4
      vertex -20.9476 2.54067 6.4
      vertex -21.2882 2.6563 6.4
    endloop
  endfacet
  facet normal 0 0 1
    outer loop
      vertex -20.0555 1.94454 6.4
      vertex -21.325 2.1 6.4
      vertex -21.325 0.674999 6.4
    endloop
  endfacet
  facet normal 0 0 1
    outer loop
      vertex -20.0555 1.94454 6.4
      vertex -21.325 0.674999 6.4
      vertex -19.9 0.674999 6.4
    endloop
  endfacet
  facet normal 0 0 1
    outer loop
      vertex -19.6184 -1.375 6.4
      vertex -19.9 -0.674999 6.4
      vertex -19.8183 -1.67409 6.4
    endloop
  endfacet
  facet normal 0 0 1
    outer loop
      vertex -19.9 -0.674999 6.4
      vertex -20.0555 -1.94454 6.4
      vertex -19.8183 -1.67409 6.4
    endloop
  endfacet
  facet normal -0 0 1
    outer loop
      vertex -21.325 -0.674999 6.4
      vertex -20.0555 -1.94454 6.4
      vertex -19.9 -0.674999 6.4
    endloop
  endfacet
  facet normal 0 0 1
    outer loop
      vertex -21.325 -2.1 6.4
      vertex -20.0555 -1.94454 6.4
      vertex -21.325 -0.674999 6.4
    endloop
  endfacet
  facet normal 0 0 1
    outer loop
      vertex -20.0555 -1.94454 6.4
      vertex -21.325 -2.1 6.4
      vertex -20.3259 -2.18172 6.4
    endloop
  endfacet
  facet normal 0 0 1
    outer loop
      vertex -20.625 -2.38157 6.4
      vertex -21.325 -2.1 6.4
      vertex -20.9476 -2.54067 6.4
    endloop
  endfacet
  facet normal 0 0 1
    outer loop
      vertex -20.3259 -2.18172 6.4
      vertex -21.325 -2.1 6.4
      vertex -20.625 -2.38157 6.4
    endloop
  endfacet
  facet normal 0 0 1
    outer loop
      vertex -20.9476 -2.54067 6.4
      vertex -21.325 -2.1 6.4
      vertex -21.2882 -2.6563 6.4
    endloop
  endfacet
  facet normal 0 0 1
    outer loop
      vertex -21.325 -2.1 6.4
      vertex -21.6411 -2.72647 6.4
      vertex -21.2882 -2.6563 6.4
    endloop
  endfacet
  facet normal 0 0 1
    outer loop
      vertex -21.325 -2.1 6.4
      vertex -22 -2.75 6.4
      vertex -21.6411 -2.72647 6.4
    endloop
  endfacet
  facet normal -0 0 1
    outer loop
      vertex -22.675 -2.1 6.4
      vertex -22 -2.75 6.4
      vertex -21.325 -2.1 6.4
    endloop
  endfacet
  facet normal 0 0 1
    outer loop
      vertex -22 -2.75 6.4
      vertex -22.675 -2.1 6.4
      vertex -22.3589 -2.72647 6.4
    endloop
  endfacet
  facet normal 0 0 1
    outer loop
      vertex -22.3589 -2.72647 6.4
      vertex -22.675 -2.1 6.4
      vertex -22.7118 -2.6563 6.4
    endloop
  endfacet
  facet normal 0.8314 -0.555675 0
    outer loop
      vertex -19.8183 -1.67409 6.4
      vertex -19.6184 -1.375 2.4
      vertex -19.6184 -1.375 6.4
    endloop
  endfacet
  facet normal 0.8314 -0.555675 0
    outer loop
      vertex -19.6184 -1.375 2.4
      vertex -19.8183 -1.67409 6.4
      vertex -19.8183 -1.67409 2.4
    endloop
  endfacet
  facet normal 0.19502 -0.980799 0
    outer loop
      vertex -21.6411 -2.72647 2.4
      vertex -21.2882 -2.6563 6.4
      vertex -21.6411 -2.72647 6.4
    endloop
  endfacet
  facet normal 0.19502 -0.980799 0
    outer loop
      vertex -21.2882 -2.6563 6.4
      vertex -21.6411 -2.72647 2.4
      vertex -21.2882 -2.6563 2.4
    endloop
  endfacet
  facet normal 0.659417 -0.751777 0
    outer loop
      vertex -20.3259 -2.18172 2.4
      vertex -20.0555 -1.94454 6.4
      vertex -20.3259 -2.18172 6.4
    endloop
  endfacet
  facet normal 0.659417 -0.751777 0
    outer loop
      vertex -20.0555 -1.94454 6.4
      vertex -20.3259 -2.18172 2.4
      vertex -20.0555 -1.94454 2.4
    endloop
  endfacet
  facet normal -0.75181 -0.65938 0
    outer loop
      vertex -23.9445 -1.94454 2.4
      vertex -24.1817 -1.67409 6.4
      vertex -24.1817 -1.67409 2.4
    endloop
  endfacet
  facet normal -0.75181 -0.65938 0
    outer loop
      vertex -24.1817 -1.67409 6.4
      vertex -23.9445 -1.94454 2.4
      vertex -23.9445 -1.94454 6.4
    endloop
  endfacet
  facet normal -0.980773 -0.195151 0
    outer loop
      vertex -24.6563 -0.711752 2.4
      vertex -24.7265 -0.358947 6.4
      vertex -24.7265 -0.358947 2.4
    endloop
  endfacet
  facet normal -0.980773 -0.195151 0
    outer loop
      vertex -24.7265 -0.358947 6.4
      vertex -24.6563 -0.711752 2.4
      vertex -24.6563 -0.711752 6.4
    endloop
  endfacet
  facet normal -0.555566 -0.831472 0
    outer loop
      vertex -23.6741 -2.18172 2.4
      vertex -23.375 -2.38157 6.4
      vertex -23.6741 -2.18172 6.4
    endloop
  endfacet
  facet normal -0.555566 -0.831472 -0
    outer loop
      vertex -23.375 -2.38157 6.4
      vertex -23.6741 -2.18172 2.4
      vertex -23.375 -2.38157 2.4
    endloop
  endfacet
  facet normal -0.065421 -0.997858 0
    outer loop
      vertex -22.3589 -2.72647 2.4
      vertex -22 -2.75 6.4
      vertex -22.3589 -2.72647 6.4
    endloop
  endfacet
  facet normal -0.065421 -0.997858 -0
    outer loop
      vertex -22 -2.75 6.4
      vertex -22.3589 -2.72647 2.4
      vertex -22 -2.75 2.4
    endloop
  endfacet
  facet normal 0.065421 0.997858 -0
    outer loop
      vertex -21.6411 2.72647 2.4
      vertex -22 2.75 6.4
      vertex -21.6411 2.72647 6.4
    endloop
  endfacet
  facet normal 0.065421 0.997858 0
    outer loop
      vertex -22 2.75 6.4
      vertex -21.6411 2.72647 2.4
      vertex -22 2.75 2.4
    endloop
  endfacet
  facet normal 0.321469 0.94692 -0
    outer loop
      vertex -20.9476 2.54067 2.4
      vertex -21.2882 2.6563 6.4
      vertex -20.9476 2.54067 6.4
    endloop
  endfacet
  facet normal 0.321469 0.94692 0
    outer loop
      vertex -21.2882 2.6563 6.4
      vertex -20.9476 2.54067 2.4
      vertex -21.2882 2.6563 2.4
    endloop
  endfacet
  facet normal 0.555566 0.831472 -0
    outer loop
      vertex -20.3259 2.18172 2.4
      vertex -20.625 2.38157 6.4
      vertex -20.3259 2.18172 6.4
    endloop
  endfacet
  facet normal 0.555566 0.831472 0
    outer loop
      vertex -20.625 2.38157 6.4
      vertex -20.3259 2.18172 2.4
      vertex -20.625 2.38157 2.4
    endloop
  endfacet
  facet normal 0.75181 0.65938 0
    outer loop
      vertex -19.8183 1.67409 6.4
      vertex -20.0555 1.94454 2.4
      vertex -20.0555 1.94454 6.4
    endloop
  endfacet
  facet normal 0.75181 0.65938 0
    outer loop
      vertex -20.0555 1.94454 2.4
      vertex -19.8183 1.67409 6.4
      vertex -19.8183 1.67409 2.4
    endloop
  endfacet
  facet normal 0.8314 0.555675 0
    outer loop
      vertex -19.6184 1.375 6.4
      vertex -19.8183 1.67409 2.4
      vertex -19.8183 1.67409 6.4
    endloop
  endfacet
  facet normal 0.8314 0.555675 0
    outer loop
      vertex -19.8183 1.67409 2.4
      vertex -19.6184 1.375 6.4
      vertex -19.6184 1.375 2.4
    endloop
  endfacet
  facet normal -0.659417 0.751777 0
    outer loop
      vertex -23.6741 2.18172 2.4
      vertex -23.9445 1.94454 6.4
      vertex -23.6741 2.18172 6.4
    endloop
  endfacet
  facet normal -0.659417 0.751777 0
    outer loop
      vertex -23.9445 1.94454 6.4
      vertex -23.6741 2.18172 2.4
      vertex -23.9445 1.94454 2.4
    endloop
  endfacet
  facet normal -0.555566 0.831472 0
    outer loop
      vertex -23.375 2.38157 2.4
      vertex -23.6741 2.18172 6.4
      vertex -23.375 2.38157 6.4
    endloop
  endfacet
  facet normal -0.555566 0.831472 0
    outer loop
      vertex -23.6741 2.18172 6.4
      vertex -23.375 2.38157 2.4
      vertex -23.6741 2.18172 2.4
    endloop
  endfacet
  facet normal -0.19502 0.980799 0
    outer loop
      vertex -22.3589 2.72647 2.4
      vertex -22.7118 2.6563 6.4
      vertex -22.3589 2.72647 6.4
    endloop
  endfacet
  facet normal -0.19502 0.980799 0
    outer loop
      vertex -22.7118 2.6563 6.4
      vertex -22.3589 2.72647 2.4
      vertex -22.7118 2.6563 2.4
    endloop
  endfacet
  facet normal -0.75181 0.65938 0
    outer loop
      vertex -24.1817 1.67409 2.4
      vertex -23.9445 1.94454 6.4
      vertex -23.9445 1.94454 2.4
    endloop
  endfacet
  facet normal -0.75181 0.65938 0
    outer loop
      vertex -23.9445 1.94454 6.4
      vertex -24.1817 1.67409 2.4
      vertex -24.1817 1.67409 6.4
    endloop
  endfacet
  facet normal -0.946954 0.321371 0
    outer loop
      vertex -24.6563 0.711752 2.4
      vertex -24.5407 1.05238 6.4
      vertex -24.5407 1.05238 2.4
    endloop
  endfacet
  facet normal -0.946954 0.321371 0
    outer loop
      vertex -24.5407 1.05238 6.4
      vertex -24.6563 0.711752 2.4
      vertex -24.6563 0.711752 6.4
    endloop
  endfacet
  facet normal -0.997864 0.0653294 0
    outer loop
      vertex -24.75 0 2.4
      vertex -24.7265 0.358947 6.4
      vertex -24.7265 0.358947 2.4
    endloop
  endfacet
  facet normal -0.997864 0.0653294 0
    outer loop
      vertex -24.7265 0.358947 6.4
      vertex -24.75 0 2.4
      vertex -24.75 0 6.4
    endloop
  endfacet
  facet normal 0.997864 0.0653294 0
    outer loop
      vertex -19.25 0 6.4
      vertex -19.2735 0.358947 2.4
      vertex -19.2735 0.358947 6.4
    endloop
  endfacet
  facet normal 0.997864 0.0653294 0
    outer loop
      vertex -19.2735 0.358947 2.4
      vertex -19.25 0 6.4
      vertex -19.25 0 2.4
    endloop
  endfacet
  facet normal 0.19502 0.980799 -0
    outer loop
      vertex -21.2882 2.6563 2.4
      vertex -21.6411 2.72647 6.4
      vertex -21.2882 2.6563 6.4
    endloop
  endfacet
  facet normal 0.19502 0.980799 0
    outer loop
      vertex -21.6411 2.72647 6.4
      vertex -21.2882 2.6563 2.4
      vertex -21.6411 2.72647 2.4
    endloop
  endfacet
  facet normal 0.946954 0.321371 0
    outer loop
      vertex -19.3437 0.711752 6.4
      vertex -19.4593 1.05238 2.4
      vertex -19.4593 1.05238 6.4
    endloop
  endfacet
  facet normal 0.946954 0.321371 0
    outer loop
      vertex -19.4593 1.05238 2.4
      vertex -19.3437 0.711752 6.4
      vertex -19.3437 0.711752 2.4
    endloop
  endfacet
  facet normal -0.065421 0.997858 0
    outer loop
      vertex -22 2.75 2.4
      vertex -22.3589 2.72647 6.4
      vertex -22 2.75 6.4
    endloop
  endfacet
  facet normal -0.065421 0.997858 0
    outer loop
      vertex -22.3589 2.72647 6.4
      vertex -22 2.75 2.4
      vertex -22.3589 2.72647 2.4
    endloop
  endfacet
  facet normal -0.980773 0.195151 0
    outer loop
      vertex -24.7265 0.358947 2.4
      vertex -24.6563 0.711752 6.4
      vertex -24.6563 0.711752 2.4
    endloop
  endfacet
  facet normal -0.980773 0.195151 0
    outer loop
      vertex -24.6563 0.711752 6.4
      vertex -24.7265 0.358947 2.4
      vertex -24.7265 0.358947 6.4
    endloop
  endfacet
  facet normal 1 -0 0
    outer loop
      vertex -24.1 -0.674999 6.4
      vertex -24.1 0.674999 2.4
      vertex -24.1 0.674999 6.4
    endloop
  endfacet
  facet normal 1 0 0
    outer loop
      vertex -24.1 0.674999 2.4
      vertex -24.1 -0.674999 6.4
      vertex -24.1 -0.674999 2.4
    endloop
  endfacet
  facet normal -0 0 1
    outer loop
      vertex -24.1 0.674999 2.4
      vertex -22.675 -0.674999 2.4
      vertex -22.675 0.674999 2.4
    endloop
  endfacet
  facet normal 0 0 1
    outer loop
      vertex -22.675 -0.674999 2.4
      vertex -24.1 0.674999 2.4
      vertex -24.1 -0.674999 2.4
    endloop
  endfacet
  facet normal 0 0 1
    outer loop
      vertex -22.675 0.674999 2.4
      vertex -21.325 0.674999 2.4
      vertex -21.325 2.1 2.4
    endloop
  endfacet
  facet normal 0 0 1
    outer loop
      vertex -21.325 0.674999 2.4
      vertex -22.675 0.674999 2.4
      vertex -21.325 -0.674999 2.4
    endloop
  endfacet
  facet normal 0 0 1
    outer loop
      vertex -22.675 0.674999 2.4
      vertex -21.325 2.1 2.4
      vertex -22.675 2.1 2.4
    endloop
  endfacet
  facet normal 0 0 1
    outer loop
      vertex -22.675 -0.674999 2.4
      vertex -21.325 -0.674999 2.4
      vertex -22.675 0.674999 2.4
    endloop
  endfacet
  facet normal 0 0 1
    outer loop
      vertex -21.325 -0.674999 2.4
      vertex -22.675 -0.674999 2.4
      vertex -21.325 -2.1 2.4
    endloop
  endfacet
  facet normal 0 0 1
    outer loop
      vertex -21.325 -2.1 2.4
      vertex -22.675 -0.674999 2.4
      vertex -22.675 -2.1 2.4
    endloop
  endfacet
  facet normal -0 0 1
    outer loop
      vertex -21.325 0.674999 2.4
      vertex -19.9 -0.674999 2.4
      vertex -19.9 0.674999 2.4
    endloop
  endfacet
  facet normal 0 0 1
    outer loop
      vertex -19.9 -0.674999 2.4
      vertex -21.325 0.674999 2.4
      vertex -21.325 -0.674999 2.4
    endloop
  endfacet
  facet normal -1 0 0
    outer loop
      vertex -19.9 -0.674999 2.4
      vertex -19.9 0.674999 6.4
      vertex -19.9 0.674999 2.4
    endloop
  endfacet
  facet normal -1 -0 0
    outer loop
      vertex -19.9 0.674999 6.4
      vertex -19.9 -0.674999 2.4
      vertex -19.9 -0.674999 6.4
    endloop
  endfacet
  facet normal 0 -1 0
    outer loop
      vertex -21.325 0.674999 2.4
      vertex -19.9 0.674999 6.4
      vertex -21.325 0.674999 6.4
    endloop
  endfacet
  facet normal 0 -1 -0
    outer loop
      vertex -19.9 0.674999 6.4
      vertex -21.325 0.674999 2.4
      vertex -19.9 0.674999 2.4
    endloop
  endfacet
  facet normal 0 -1 0
    outer loop
      vertex -24.1 0.674999 2.4
      vertex -22.675 0.674999 6.4
      vertex -24.1 0.674999 6.4
    endloop
  endfacet
  facet normal 0 -1 -0
    outer loop
      vertex -22.675 0.674999 6.4
      vertex -24.1 0.674999 2.4
      vertex -22.675 0.674999 2.4
    endloop
  endfacet
  facet normal 0 1 -0
    outer loop
      vertex -19.9 -0.674999 2.4
      vertex -21.325 -0.674999 6.4
      vertex -19.9 -0.674999 6.4
    endloop
  endfacet
  facet normal 0 1 0
    outer loop
      vertex -21.325 -0.674999 6.4
      vertex -19.9 -0.674999 2.4
      vertex -21.325 -0.674999 2.4
    endloop
  endfacet
  facet normal 0 1 -0
    outer loop
      vertex -22.675 -0.674999 2.4
      vertex -24.1 -0.674999 6.4
      vertex -22.675 -0.674999 6.4
    endloop
  endfacet
  facet normal 0 1 0
    outer loop
      vertex -24.1 -0.674999 6.4
      vertex -22.675 -0.674999 2.4
      vertex -24.1 -0.674999 2.4
    endloop
  endfacet
  facet normal 0 1 -0
    outer loop
      vertex -21.325 -2.1 2.4
      vertex -22.675 -2.1 6.4
      vertex -21.325 -2.1 6.4
    endloop
  endfacet
  facet normal 0 1 0
    outer loop
      vertex -22.675 -2.1 6.4
      vertex -21.325 -2.1 2.4
      vertex -22.675 -2.1 2.4
    endloop
  endfacet
  facet normal 0 -1 0
    outer loop
      vertex -22.675 2.1 2.4
      vertex -21.325 2.1 6.4
      vertex -22.675 2.1 6.4
    endloop
  endfacet
  facet normal 0 -1 -0
    outer loop
      vertex -21.325 2.1 6.4
      vertex -22.675 2.1 2.4
      vertex -21.325 2.1 2.4
    endloop
  endfacet
  facet normal -1 0 0
    outer loop
      vertex -21.325 -2.1 2.4
      vertex -21.325 -0.674999 6.4
      vertex -21.325 -0.674999 2.4
    endloop
  endfacet
  facet normal -1 -0 0
    outer loop
      vertex -21.325 -0.674999 6.4
      vertex -21.325 -2.1 2.4
      vertex -21.325 -2.1 6.4
    endloop
  endfacet
  facet normal -1 0 0
    outer loop
      vertex -21.325 0.674999 2.4
      vertex -21.325 2.1 6.4
      vertex -21.325 2.1 2.4
    endloop
  endfacet
  facet normal -1 -0 0
    outer loop
      vertex -21.325 2.1 6.4
      vertex -21.325 0.674999 2.4
      vertex -21.325 0.674999 6.4
    endloop
  endfacet
  facet normal 1 -0 0
    outer loop
      vertex -22.675 -2.1 6.4
      vertex -22.675 -0.674999 2.4
      vertex -22.675 -0.674999 6.4
    endloop
  endfacet
  facet normal 1 0 0
    outer loop
      vertex -22.675 -0.674999 2.4
      vertex -22.675 -2.1 6.4
      vertex -22.675 -2.1 2.4
    endloop
  endfacet
  facet normal 1 -0 0
    outer loop
      vertex -22.675 0.674999 6.4
      vertex -22.675 2.1 2.4
      vertex -22.675 2.1 6.4
    endloop
  endfacet
  facet normal 1 0 0
    outer loop
      vertex -22.675 2.1 2.4
      vertex -22.675 0.674999 6.4
      vertex -22.675 0.674999 2.4
    endloop
  endfacet
  facet normal 0 0 -1
    outer loop
      vertex -18.1071 -0.290421 0.6
      vertex -17.0791 -0.0763702 0.6
      vertex -17.0921 -0.391006 0.6
    endloop
  endfacet
  facet normal 0 0 -1
    outer loop
      vertex -17.0791 -0.0763702 0.6
      vertex -18.0997 -0.0763702 0.6
      vertex -17.0851 0.133072 0.6
    endloop
  endfacet
  facet normal 0 0 -1
    outer loop
      vertex -18.1295 -0.490845 0.6
      vertex -17.0921 -0.391006 0.6
      vertex -17.1313 -0.685852 0.6
    endloop
  endfacet
  facet normal 0 0 -1
    outer loop
      vertex -18.1071 0.147598 0.6
      vertex -17.0851 0.133072 0.6
      vertex -18.0997 -0.0763702 0.6
    endloop
  endfacet
  facet normal 0 0 -1
    outer loop
      vertex -17.0851 0.133072 0.6
      vertex -18.1071 0.147598 0.6
      vertex -17.1032 0.335205 0.6
    endloop
  endfacet
  facet normal 0 0 -1
    outer loop
      vertex -18.1669 -0.677628 0.6
      vertex -17.1313 -0.685852 0.6
      vertex -17.1965 -0.960892 0.6
    endloop
  endfacet
  facet normal 0 0 -1
    outer loop
      vertex -18.1294 0.356506 0.6
      vertex -17.1032 0.335205 0.6
      vertex -18.1071 0.147598 0.6
    endloop
  endfacet
  facet normal 0 0 -1
    outer loop
      vertex -18.2192 -0.850784 0.6
      vertex -17.1965 -0.960892 0.6
      vertex -17.2878 -1.21616 0.6
    endloop
  endfacet
  facet normal 0 0 -1
    outer loop
      vertex -17.1032 0.335205 0.6
      vertex -18.1294 0.356506 0.6
      vertex -17.1333 0.529999 0.6
    endloop
  endfacet
  facet normal -0 0 -1
    outer loop
      vertex -17.1333 0.529999 0.6
      vertex -18.1294 0.356506 0.6
      vertex -17.1754 0.717453 0.6
    endloop
  endfacet
  facet normal 0 0 -1
    outer loop
      vertex -18.2192 -0.850784 0.6
      vertex -17.2878 -1.21616 0.6
      vertex -17.4052 -1.45164 0.6
    endloop
  endfacet
  facet normal 0 0 -1
    outer loop
      vertex -18.1666 0.550323 0.6
      vertex -17.1754 0.717453 0.6
      vertex -18.1294 0.356506 0.6
    endloop
  endfacet
  facet normal 0 0 -1
    outer loop
      vertex -18.2865 -1.01031 0.6
      vertex -17.4052 -1.45164 0.6
      vertex -17.5487 -1.66733 0.6
    endloop
  endfacet
  facet normal -0 0 -1
    outer loop
      vertex -17.1754 0.717453 0.6
      vertex -18.1666 0.550323 0.6
      vertex -17.2296 0.897583 0.6
    endloop
  endfacet
  facet normal 0 0 -1
    outer loop
      vertex -18.2187 0.729065 0.6
      vertex -17.2296 0.897583 0.6
      vertex -18.1666 0.550323 0.6
    endloop
  endfacet
  facet normal 0 0 -1
    outer loop
      vertex -18.3687 -1.1562 0.6
      vertex -17.5487 -1.66733 0.6
      vertex -17.7182 -1.86322 0.6
    endloop
  endfacet
  facet normal -0 0 -1
    outer loop
      vertex -17.2296 0.897583 0.6
      vertex -18.2187 0.729065 0.6
      vertex -17.2958 1.07036 0.6
    endloop
  endfacet
  facet normal 0 0 -1
    outer loop
      vertex -18.4659 -1.28847 0.6
      vertex -17.7182 -1.86322 0.6
      vertex -17.911 -2.03593 0.6
    endloop
  endfacet
  facet normal -0 0 -1
    outer loop
      vertex -17.2958 1.07036 0.6
      vertex -18.2187 0.729065 0.6
      vertex -17.3741 1.23582 0.6
    endloop
  endfacet
  facet normal 0 0 -1
    outer loop
      vertex -18.2856 0.892715 0.6
      vertex -17.3741 1.23582 0.6
      vertex -18.2187 0.729065 0.6
    endloop
  endfacet
  facet normal -0 0 -1
    outer loop
      vertex -17.3741 1.23582 0.6
      vertex -18.2856 0.892715 0.6
      vertex -17.4636 1.39215 0.6
    endloop
  endfacet
  facet normal -0 0 -1
    outer loop
      vertex -17.0791 -0.0763702 0.6
      vertex -18.1071 -0.290421 0.6
      vertex -18.0997 -0.0763702 0.6
    endloop
  endfacet
  facet normal 0 0 -1
    outer loop
      vertex -18.5765 -1.40497 0.6
      vertex -17.911 -2.03593 0.6
      vertex -18.124 -2.18207 0.6
    endloop
  endfacet
  facet normal -0 0 -1
    outer loop
      vertex -17.0921 -0.391006 0.6
      vertex -18.1295 -0.490845 0.6
      vertex -18.1071 -0.290421 0.6
    endloop
  endfacet
  facet normal 0 0 -1
    outer loop
      vertex -17.1313 -0.685852 0.6
      vertex -18.1669 -0.677628 0.6
      vertex -18.1295 -0.490845 0.6
    endloop
  endfacet
  facet normal 0 0 -1
    outer loop
      vertex -17.1965 -0.960892 0.6
      vertex -18.2192 -0.850784 0.6
      vertex -18.1669 -0.677628 0.6
    endloop
  endfacet
  facet normal 0 0 -1
    outer loop
      vertex -17.4052 -1.45164 0.6
      vertex -18.2865 -1.01031 0.6
      vertex -18.2192 -0.850784 0.6
    endloop
  endfacet
  facet normal 0 0 -1
    outer loop
      vertex -18.6992 -1.50354 0.6
      vertex -18.124 -2.18207 0.6
      vertex -18.3573 -2.30165 0.6
    endloop
  endfacet
  facet normal 0 0 -1
    outer loop
      vertex -17.5487 -1.66733 0.6
      vertex -18.3687 -1.1562 0.6
      vertex -18.2865 -1.01031 0.6
    endloop
  endfacet
  facet normal 0 0 -1
    outer loop
      vertex -17.7182 -1.86322 0.6
      vertex -18.4659 -1.28847 0.6
      vertex -18.3687 -1.1562 0.6
    endloop
  endfacet
  facet normal 0 0 -1
    outer loop
      vertex -17.911 -2.03593 0.6
      vertex -18.5765 -1.40497 0.6
      vertex -18.4659 -1.28847 0.6
    endloop
  endfacet
  facet normal 0 0 -1
    outer loop
      vertex -18.8339 -1.58418 0.6
      vertex -18.3573 -2.30165 0.6
      vertex -18.6109 -2.39465 0.6
    endloop
  endfacet
  facet normal 0 0 -1
    outer loop
      vertex -18.124 -2.18207 0.6
      vertex -18.6992 -1.50354 0.6
      vertex -18.5765 -1.40497 0.6
    endloop
  endfacet
  facet normal 0 0 -1
    outer loop
      vertex -18.3573 -2.30165 0.6
      vertex -18.8339 -1.58418 0.6
      vertex -18.6992 -1.50354 0.6
    endloop
  endfacet
  facet normal 0 0 -1
    outer loop
      vertex -18.9807 -1.64691 0.6
      vertex -18.6109 -2.39465 0.6
      vertex -18.8847 -2.46107 0.6
    endloop
  endfacet
  facet normal 0 0 -1
    outer loop
      vertex -18.6109 -2.39465 0.6
      vertex -18.9807 -1.64691 0.6
      vertex -18.8339 -1.58418 0.6
    endloop
  endfacet
  facet normal 0 0 -1
    outer loop
      vertex -18.8847 -2.46107 0.6
      vertex -19.1395 -1.69173 0.6
      vertex -18.9807 -1.64691 0.6
    endloop
  endfacet
  facet normal 0 0 -1
    outer loop
      vertex -19.1788 -2.50093 0.6
      vertex -19.1395 -1.69173 0.6
      vertex -18.8847 -2.46107 0.6
    endloop
  endfacet
  facet normal 0 0 -1
    outer loop
      vertex -19.1788 -2.50093 0.6
      vertex -19.3103 -1.71861 0.6
      vertex -19.1395 -1.69173 0.6
    endloop
  endfacet
  facet normal 0 0 -1
    outer loop
      vertex -19.4932 -2.51422 0.6
      vertex -19.3103 -1.71861 0.6
      vertex -19.1788 -2.50093 0.6
    endloop
  endfacet
  facet normal 0 0 -1
    outer loop
      vertex -19.4932 -2.51422 0.6
      vertex -19.4932 -1.72757 0.6
      vertex -19.3103 -1.71861 0.6
    endloop
  endfacet
  facet normal 0 0 -1
    outer loop
      vertex -19.4932 -2.51422 0.6
      vertex -19.6788 -1.71867 0.6
      vertex -19.4932 -1.72757 0.6
    endloop
  endfacet
  facet normal 0 0 -1
    outer loop
      vertex -19.8076 -2.50107 0.6
      vertex -19.6788 -1.71867 0.6
      vertex -19.4932 -2.51422 0.6
    endloop
  endfacet
  facet normal 0 0 -1
    outer loop
      vertex -19.8076 -2.50107 0.6
      vertex -19.8519 -1.692 0.6
      vertex -19.6788 -1.71867 0.6
    endloop
  endfacet
  facet normal 0 0 -1
    outer loop
      vertex -20.1016 -2.46162 0.6
      vertex -19.8519 -1.692 0.6
      vertex -19.8076 -2.50107 0.6
    endloop
  endfacet
  facet normal -0 0 -1
    outer loop
      vertex -19.8519 -1.692 0.6
      vertex -20.1016 -2.46162 0.6
      vertex -20.0126 -1.64754 0.6
    endloop
  endfacet
  facet normal 0 0 -1
    outer loop
      vertex -20.3752 -2.39589 0.6
      vertex -20.0126 -1.64754 0.6
      vertex -20.1016 -2.46162 0.6
    endloop
  endfacet
  facet normal -0 0 -1
    outer loop
      vertex -20.0126 -1.64754 0.6
      vertex -20.3752 -2.39589 0.6
      vertex -20.1608 -1.5853 0.6
    endloop
  endfacet
  facet normal 0 0 -1
    outer loop
      vertex -20.6286 -2.30385 0.6
      vertex -20.1608 -1.5853 0.6
      vertex -20.3752 -2.39589 0.6
    endloop
  endfacet
  facet normal -0 0 -1
    outer loop
      vertex -20.1608 -1.5853 0.6
      vertex -20.6286 -2.30385 0.6
      vertex -20.2966 -1.50526 0.6
    endloop
  endfacet
  facet normal 0 0 -1
    outer loop
      vertex -20.8616 -2.18552 0.6
      vertex -20.2966 -1.50526 0.6
      vertex -20.6286 -2.30385 0.6
    endloop
  endfacet
  facet normal -0 0 -1
    outer loop
      vertex -20.2966 -1.50526 0.6
      vertex -20.8616 -2.18552 0.6
      vertex -20.4199 -1.40746 0.6
    endloop
  endfacet
  facet normal 0 0 -1
    outer loop
      vertex -21.0742 -2.04089 0.6
      vertex -20.4199 -1.40746 0.6
      vertex -20.8616 -2.18552 0.6
    endloop
  endfacet
  facet normal -0 0 -1
    outer loop
      vertex -20.4199 -1.40746 0.6
      vertex -21.0742 -2.04089 0.6
      vertex -20.5307 -1.29187 0.6
    endloop
  endfacet
  facet normal 0 0 -1
    outer loop
      vertex -21.2665 -1.86996 0.6
      vertex -20.5307 -1.29187 0.6
      vertex -21.0742 -2.04089 0.6
    endloop
  endfacet
  facet normal -0 0 -1
    outer loop
      vertex -20.5307 -1.29187 0.6
      vertex -21.2665 -1.86996 0.6
      vertex -20.6279 -1.16037 0.6
    endloop
  endfacet
  facet normal 0 0 -1
    outer loop
      vertex -21.4356 -1.6756 0.6
      vertex -20.6279 -1.16037 0.6
      vertex -21.2665 -1.86996 0.6
    endloop
  endfacet
  facet normal -0 0 -1
    outer loop
      vertex -20.6279 -1.16037 0.6
      vertex -21.4356 -1.6756 0.6
      vertex -20.7101 -1.01483 0.6
    endloop
  endfacet
  facet normal 0 0 -1
    outer loop
      vertex -21.5787 -1.46062 0.6
      vertex -20.7101 -1.01483 0.6
      vertex -21.4356 -1.6756 0.6
    endloop
  endfacet
  facet normal -0 0 -1
    outer loop
      vertex -20.7101 -1.01483 0.6
      vertex -21.5787 -1.46062 0.6
      vertex -20.7773 -0.85524 0.6
    endloop
  endfacet
  facet normal 0 0 -1
    outer loop
      vertex -21.6958 -1.22501 0.6
      vertex -20.7773 -0.85524 0.6
      vertex -21.5787 -1.46062 0.6
    endloop
  endfacet
  facet normal 0 0 -1
    outer loop
      vertex -21.7869 -0.968781 0.6
      vertex -20.7773 -0.85524 0.6
      vertex -21.6958 -1.22501 0.6
    endloop
  endfacet
  facet normal 0 -0 -1
    outer loop
      vertex -21.8909 0.242996 0.6
      vertex -20.8969 -0.0763702 0.6
      vertex -21.9039 -0.0763702 0.6
    endloop
  endfacet
  facet normal -0 0 -1
    outer loop
      vertex -20.7773 -0.85524 0.6
      vertex -21.7869 -0.968781 0.6
      vertex -20.8297 -0.681595 0.6
    endloop
  endfacet
  facet normal 0 -0 -1
    outer loop
      vertex -21.8518 0.542389 0.6
      vertex -20.8969 -0.0763702 0.6
      vertex -21.8909 0.242996 0.6
    endloop
  endfacet
  facet normal 0 0 -1
    outer loop
      vertex -21.8519 -0.691925 0.6
      vertex -20.8297 -0.681595 0.6
      vertex -21.7869 -0.968781 0.6
    endloop
  endfacet
  facet normal 0 -0 -1
    outer loop
      vertex -21.7866 0.821777 0.6
      vertex -20.8969 -0.0763702 0.6
      vertex -21.8518 0.542389 0.6
    endloop
  endfacet
  facet normal -0 0 -1
    outer loop
      vertex -20.8297 -0.681595 0.6
      vertex -21.8519 -0.691925 0.6
      vertex -20.867 -0.493896 0.6
    endloop
  endfacet
  facet normal 0 -0 -1
    outer loop
      vertex -21.6953 1.08116 0.6
      vertex -20.8969 -0.0763702 0.6
      vertex -21.7866 0.821777 0.6
    endloop
  endfacet
  facet normal 0 0 -1
    outer loop
      vertex -21.8909 -0.394455 0.6
      vertex -20.867 -0.493896 0.6
      vertex -21.8519 -0.691925 0.6
    endloop
  endfacet
  facet normal 0 0 -1
    outer loop
      vertex -20.8969 -0.0763702 0.6
      vertex -21.4344 1.53993 0.6
      vertex -21.2648 1.73932 0.6
    endloop
  endfacet
  facet normal 0 0 -1
    outer loop
      vertex -20.867 -0.493896 0.6
      vertex -21.8909 -0.394455 0.6
      vertex -20.8894 -0.29216 0.6
    endloop
  endfacet
  facet normal 0 0 -1
    outer loop
      vertex -20.8969 -0.0763702 0.6
      vertex -21.6953 1.08116 0.6
      vertex -21.5779 1.32054 0.6
    endloop
  endfacet
  facet normal 0 0 -1
    outer loop
      vertex -21.9039 -0.0763702 0.6
      vertex -20.8894 -0.29216 0.6
      vertex -21.8909 -0.394455 0.6
    endloop
  endfacet
  facet normal 0 0 -1
    outer loop
      vertex -20.8969 -0.0763702 0.6
      vertex -21.5779 1.32054 0.6
      vertex -21.4344 1.53993 0.6
    endloop
  endfacet
  facet normal 0 0 -1
    outer loop
      vertex -20.8894 -0.29216 0.6
      vertex -21.9039 -0.0763702 0.6
      vertex -20.8969 -0.0763702 0.6
    endloop
  endfacet
  facet normal 0 0 -1
    outer loop
      vertex -20.8969 -0.0763702 0.6
      vertex -21.2648 1.73932 0.6
      vertex -21.0723 1.91518 0.6
    endloop
  endfacet
  facet normal -0 0 -1
    outer loop
      vertex -17.4636 1.39215 0.6
      vertex -18.2856 0.892715 0.6
      vertex -17.5634 1.53764 0.6
    endloop
  endfacet
  facet normal 0 0 -1
    outer loop
      vertex -18.3674 1.04129 0.6
      vertex -17.5634 1.53764 0.6
      vertex -18.2856 0.892715 0.6
    endloop
  endfacet
  facet normal -0 0 -1
    outer loop
      vertex -17.5634 1.53764 0.6
      vertex -18.3674 1.04129 0.6
      vertex -17.6736 1.67226 0.6
    endloop
  endfacet
  facet normal 0 0 -1
    outer loop
      vertex -18.4642 1.17477 0.6
      vertex -17.6736 1.67226 0.6
      vertex -18.3674 1.04129 0.6
    endloop
  endfacet
  facet normal -0 0 -1
    outer loop
      vertex -17.6736 1.67226 0.6
      vertex -18.4642 1.17477 0.6
      vertex -17.7942 1.79602 0.6
    endloop
  endfacet
  facet normal -0 0 -1
    outer loop
      vertex -17.7942 1.79602 0.6
      vertex -18.4642 1.17477 0.6
      vertex -17.9252 1.90891 0.6
    endloop
  endfacet
  facet normal 0 0 -1
    outer loop
      vertex -18.5746 1.29172 0.6
      vertex -17.9252 1.90891 0.6
      vertex -18.4642 1.17477 0.6
    endloop
  endfacet
  facet normal -0 0 -1
    outer loop
      vertex -17.9252 1.90891 0.6
      vertex -18.5746 1.29172 0.6
      vertex -18.0666 2.01094 0.6
    endloop
  endfacet
  facet normal 0 0 -1
    outer loop
      vertex -18.6975 1.39067 0.6
      vertex -18.0666 2.01094 0.6
      vertex -18.5746 1.29172 0.6
    endloop
  endfacet
  facet normal -0 0 -1
    outer loop
      vertex -18.0666 2.01094 0.6
      vertex -18.6975 1.39067 0.6
      vertex -18.2184 2.10211 0.6
    endloop
  endfacet
  facet normal -0 0 -1
    outer loop
      vertex -18.2184 2.10211 0.6
      vertex -18.6975 1.39067 0.6
      vertex -18.379 2.18172 0.6
    endloop
  endfacet
  facet normal 0 0 -1
    outer loop
      vertex -18.8329 1.47163 0.6
      vertex -18.379 2.18172 0.6
      vertex -18.6975 1.39067 0.6
    endloop
  endfacet
  facet normal -0 0 -1
    outer loop
      vertex -18.379 2.18172 0.6
      vertex -18.8329 1.47163 0.6
      vertex -18.5472 2.24908 0.6
    endloop
  endfacet
  facet normal 0 0 -1
    outer loop
      vertex -18.9809 1.53461 0.6
      vertex -18.5472 2.24908 0.6
      vertex -18.8329 1.47163 0.6
    endloop
  endfacet
  facet normal -0 0 -1
    outer loop
      vertex -18.5472 2.24908 0.6
      vertex -18.9809 1.53461 0.6
      vertex -18.7228 2.3042 0.6
    endloop
  endfacet
  facet normal -0 0 -1
    outer loop
      vertex -18.7228 2.3042 0.6
      vertex -18.9809 1.53461 0.6
      vertex -18.9059 2.34706 0.6
    endloop
  endfacet
  facet normal 0 0 -1
    outer loop
      vertex -19.1414 1.57959 0.6
      vertex -18.9059 2.34706 0.6
      vertex -18.9809 1.53461 0.6
    endloop
  endfacet
  facet normal -0 0 -1
    outer loop
      vertex -18.9059 2.34706 0.6
      vertex -19.1414 1.57959 0.6
      vertex -19.0964 2.37767 0.6
    endloop
  endfacet
  facet normal 0 0 -1
    outer loop
      vertex -19.3145 1.60657 0.6
      vertex -19.0964 2.37767 0.6
      vertex -19.1414 1.57959 0.6
    endloop
  endfacet
  facet normal -0 0 -1
    outer loop
      vertex -19.0964 2.37767 0.6
      vertex -19.3145 1.60657 0.6
      vertex -19.2945 2.39604 0.6
    endloop
  endfacet
  facet normal 0 0 -1
    outer loop
      vertex -19.5 1.61557 0.6
      vertex -19.2945 2.39604 0.6
      vertex -19.3145 1.60657 0.6
    endloop
  endfacet
  facet normal 0 0 -1
    outer loop
      vertex -19.5 1.61557 0.6
      vertex -19.5 2.40216 0.6
      vertex -19.2945 2.39604 0.6
    endloop
  endfacet
  facet normal 0 0 -1
    outer loop
      vertex -19.6795 1.60632 0.6
      vertex -19.5 2.40216 0.6
      vertex -19.5 1.61557 0.6
    endloop
  endfacet
  facet normal 0 0 -1
    outer loop
      vertex -19.6795 1.60632 0.6
      vertex -19.8117 2.38864 0.6
      vertex -19.5 2.40216 0.6
    endloop
  endfacet
  facet normal 0 0 -1
    outer loop
      vertex -19.8478 1.57861 0.6
      vertex -19.8117 2.38864 0.6
      vertex -19.6795 1.60632 0.6
    endloop
  endfacet
  facet normal 0 0 -1
    outer loop
      vertex -20.1035 2.34805 0.6
      vertex -19.8478 1.57861 0.6
      vertex -20.005 1.53242 0.6
    endloop
  endfacet
  facet normal 0 0 -1
    outer loop
      vertex -19.8478 1.57861 0.6
      vertex -20.1035 2.34805 0.6
      vertex -19.8117 2.38864 0.6
    endloop
  endfacet
  facet normal 0 0 -1
    outer loop
      vertex -20.3755 2.28043 0.6
      vertex -20.005 1.53242 0.6
      vertex -20.151 1.46776 0.6
    endloop
  endfacet
  facet normal 0 0 -1
    outer loop
      vertex -20.6276 2.18573 0.6
      vertex -20.151 1.46776 0.6
      vertex -20.2859 1.38463 0.6
    endloop
  endfacet
  facet normal 0 0 -1
    outer loop
      vertex -20.005 1.53242 0.6
      vertex -20.3755 2.28043 0.6
      vertex -20.1035 2.34805 0.6
    endloop
  endfacet
  facet normal 0 0 -1
    outer loop
      vertex -20.8599 2.06398 0.6
      vertex -20.2859 1.38463 0.6
      vertex -20.4096 1.283 0.6
    endloop
  endfacet
  facet normal 0 0 -1
    outer loop
      vertex -21.0723 1.91518 0.6
      vertex -20.4096 1.283 0.6
      vertex -20.5222 1.16292 0.6
    endloop
  endfacet
  facet normal 0 0 -1
    outer loop
      vertex -21.0723 1.91518 0.6
      vertex -20.5222 1.16292 0.6
      vertex -20.6216 1.02678 0.6
    endloop
  endfacet
  facet normal 0 0 -1
    outer loop
      vertex -20.151 1.46776 0.6
      vertex -20.6276 2.18573 0.6
      vertex -20.3755 2.28043 0.6
    endloop
  endfacet
  facet normal 0 0 -1
    outer loop
      vertex -21.0723 1.91518 0.6
      vertex -20.6216 1.02678 0.6
      vertex -20.7057 0.876999 0.6
    endloop
  endfacet
  facet normal 0 0 -1
    outer loop
      vertex -21.0723 1.91518 0.6
      vertex -20.7057 0.876999 0.6
      vertex -20.7746 0.713577 0.6
    endloop
  endfacet
  facet normal 0 0 -1
    outer loop
      vertex -21.0723 1.91518 0.6
      vertex -20.7746 0.713577 0.6
      vertex -20.8281 0.536545 0.6
    endloop
  endfacet
  facet normal 0 0 -1
    outer loop
      vertex -20.2859 1.38463 0.6
      vertex -20.8599 2.06398 0.6
      vertex -20.6276 2.18573 0.6
    endloop
  endfacet
  facet normal 0 0 -1
    outer loop
      vertex -21.0723 1.91518 0.6
      vertex -20.8281 0.536545 0.6
      vertex -20.8663 0.345871 0.6
    endloop
  endfacet
  facet normal 0 0 -1
    outer loop
      vertex -21.0723 1.91518 0.6
      vertex -20.8663 0.345871 0.6
      vertex -20.8893 0.141556 0.6
    endloop
  endfacet
  facet normal 0 0 -1
    outer loop
      vertex -21.0723 1.91518 0.6
      vertex -20.8893 0.141556 0.6
      vertex -20.8969 -0.0763702 0.6
    endloop
  endfacet
  facet normal 0 0 -1
    outer loop
      vertex -20.4096 1.283 0.6
      vertex -21.0723 1.91518 0.6
      vertex -20.8599 2.06398 0.6
    endloop
  endfacet
  facet normal 0 0 -1
    outer loop
      vertex -23.4277 0.333923 0.6
      vertex -22.5394 2.33437 0.6
      vertex -22.5394 -2.44302 0.6
    endloop
  endfacet
  facet normal 0 0 -1
    outer loop
      vertex -22.5394 2.33437 0.6
      vertex -23.3829 1.1219 0.6
      vertex -23.3667 1.26631 0.6
    endloop
  endfacet
  facet normal 0 0 -1
    outer loop
      vertex -22.5394 2.33437 0.6
      vertex -23.3966 0.981216 0.6
      vertex -23.3829 1.1219 0.6
    endloop
  endfacet
  facet normal 0 0 -1
    outer loop
      vertex -22.5394 2.33437 0.6
      vertex -23.4078 0.844284 0.6
      vertex -23.3966 0.981216 0.6
    endloop
  endfacet
  facet normal 0 0 -1
    outer loop
      vertex -22.5394 2.33437 0.6
      vertex -23.4165 0.71109 0.6
      vertex -23.4078 0.844284 0.6
    endloop
  endfacet
  facet normal 0 0 -1
    outer loop
      vertex -22.5394 2.33437 0.6
      vertex -23.4228 0.581619 0.6
      vertex -23.4165 0.71109 0.6
    endloop
  endfacet
  facet normal 0 0 -1
    outer loop
      vertex -22.5394 2.33437 0.6
      vertex -23.4265 0.455902 0.6
      vertex -23.4228 0.581619 0.6
    endloop
  endfacet
  facet normal 0 0 -1
    outer loop
      vertex -23.4277 0.333923 0.6
      vertex -22.5394 -2.44302 0.6
      vertex -23.4277 -2.44302 0.6
    endloop
  endfacet
  facet normal 0 0 -1
    outer loop
      vertex -22.5394 2.33437 0.6
      vertex -23.4277 0.333923 0.6
      vertex -23.4265 0.455902 0.6
    endloop
  endfacet
  facet normal 0 0 -1
    outer loop
      vertex -23.3667 1.26631 0.6
      vertex -23.7126 2.33437 0.6
      vertex -22.5394 2.33437 0.6
    endloop
  endfacet
  facet normal 0 0 -1
    outer loop
      vertex -25.7944 -1.34447 0.6
      vertex -23.3667 1.26631 0.6
      vertex -25.4791 -2.44302 0.6
    endloop
  endfacet
  facet normal -0 0 -1
    outer loop
      vertex -23.3667 1.26631 0.6
      vertex -25.7944 -1.34447 0.6
      vertex -23.7126 2.33437 0.6
    endloop
  endfacet
  facet normal 0 -0 -1
    outer loop
      vertex -25.7944 -1.34447 0.6
      vertex -25.4791 -2.44302 0.6
      vertex -26.6217 -2.44302 0.6
    endloop
  endfacet
  facet normal 0 0 -1
    outer loop
      vertex -26.6217 -2.44302 0.6
      vertex -25.7334 -0.483215 0.6
      vertex -25.7346 -0.580505 0.6
    endloop
  endfacet
  facet normal 0 0 -1
    outer loop
      vertex -26.6217 -2.44302 0.6
      vertex -25.7346 -0.580505 0.6
      vertex -25.7384 -0.686386 0.6
    endloop
  endfacet
  facet normal 0 0 -1
    outer loop
      vertex -26.6217 -2.44302 0.6
      vertex -25.7384 -0.686386 0.6
      vertex -25.7446 -0.800842 0.6
    endloop
  endfacet
  facet normal 0 0 -1
    outer loop
      vertex -26.6217 -2.44302 0.6
      vertex -25.7446 -0.800842 0.6
      vertex -25.7533 -0.923874 0.6
    endloop
  endfacet
  facet normal 0 0 -1
    outer loop
      vertex -26.6217 -2.44302 0.6
      vertex -25.7533 -0.923874 0.6
      vertex -25.7645 -1.05548 0.6
    endloop
  endfacet
  facet normal 0 0 -1
    outer loop
      vertex -26.6217 -2.44302 0.6
      vertex -25.7645 -1.05548 0.6
      vertex -25.7782 -1.19569 0.6
    endloop
  endfacet
  facet normal 0 0 -1
    outer loop
      vertex -26.6217 -2.44302 0.6
      vertex -25.7782 -1.19569 0.6
      vertex -25.7944 -1.34447 0.6
    endloop
  endfacet
  facet normal -0 0 -1
    outer loop
      vertex -25.7334 -0.483215 0.6
      vertex -26.6217 -2.44302 0.6
      vertex -26.6217 2.33437 0.6
    endloop
  endfacet
  facet normal 0 0 -1
    outer loop
      vertex -25.7334 -0.483215 0.6
      vertex -26.6217 2.33437 0.6
      vertex -25.7334 2.33437 0.6
    endloop
  endfacet
  facet normal -0.0923348 -0.995728 0
    outer loop
      vertex -19.2945 2.39604 0
      vertex -19.0964 2.37767 0.6
      vertex -19.2945 2.39604 0.6
    endloop
  endfacet
  facet normal -0.0923348 -0.995728 -0
    outer loop
      vertex -19.0964 2.37767 0.6
      vertex -19.2945 2.39604 0
      vertex -19.0964 2.37767 0
    endloop
  endfacet
  facet normal -0.158647 -0.987335 0
    outer loop
      vertex -19.0964 2.37767 0
      vertex -18.9059 2.34706 0.6
      vertex -19.0964 2.37767 0.6
    endloop
  endfacet
  facet normal -0.158647 -0.987335 -0
    outer loop
      vertex -18.9059 2.34706 0.6
      vertex -19.0964 2.37767 0
      vertex -18.9059 2.34706 0
    endloop
  endfacet
  facet normal -0.227919 -0.97368 0
    outer loop
      vertex -18.9059 2.34706 0
      vertex -18.7228 2.3042 0.6
      vertex -18.9059 2.34706 0.6
    endloop
  endfacet
  facet normal -0.227919 -0.97368 -0
    outer loop
      vertex -18.7228 2.3042 0.6
      vertex -18.9059 2.34706 0
      vertex -18.7228 2.3042 0
    endloop
  endfacet
  facet normal -0.299487 -0.9541 0
    outer loop
      vertex -18.7228 2.3042 0
      vertex -18.5472 2.24908 0.6
      vertex -18.7228 2.3042 0.6
    endloop
  endfacet
  facet normal -0.299487 -0.9541 -0
    outer loop
      vertex -18.5472 2.24908 0.6
      vertex -18.7228 2.3042 0
      vertex -18.5472 2.24908 0
    endloop
  endfacet
  facet normal -0.371771 -0.928324 0
    outer loop
      vertex -18.5472 2.24908 0
      vertex -18.379 2.18172 0.6
      vertex -18.5472 2.24908 0.6
    endloop
  endfacet
  facet normal -0.371771 -0.928324 -0
    outer loop
      vertex -18.379 2.18172 0.6
      vertex -18.5472 2.24908 0
      vertex -18.379 2.18172 0
    endloop
  endfacet
  facet normal -0.444131 -0.895962 0
    outer loop
      vertex -18.379 2.18172 0
      vertex -18.2184 2.10211 0.6
      vertex -18.379 2.18172 0.6
    endloop
  endfacet
  facet normal -0.444131 -0.895962 -0
    outer loop
      vertex -18.2184 2.10211 0.6
      vertex -18.379 2.18172 0
      vertex -18.2184 2.10211 0
    endloop
  endfacet
  facet normal -0.514869 -0.857269 0
    outer loop
      vertex -18.2184 2.10211 0
      vertex -18.0666 2.01094 0.6
      vertex -18.2184 2.10211 0.6
    endloop
  endfacet
  facet normal -0.514869 -0.857269 -0
    outer loop
      vertex -18.0666 2.01094 0.6
      vertex -18.2184 2.10211 0
      vertex -18.0666 2.01094 0
    endloop
  endfacet
  facet normal -0.585143 -0.81093 0
    outer loop
      vertex -18.0666 2.01094 0
      vertex -17.9252 1.90891 0.6
      vertex -18.0666 2.01094 0.6
    endloop
  endfacet
  facet normal -0.585143 -0.81093 -0
    outer loop
      vertex -17.9252 1.90891 0.6
      vertex -18.0666 2.01094 0
      vertex -17.9252 1.90891 0
    endloop
  endfacet
  facet normal -0.652803 -0.757527 0
    outer loop
      vertex -17.9252 1.90891 0
      vertex -17.7942 1.79602 0.6
      vertex -17.9252 1.90891 0.6
    endloop
  endfacet
  facet normal -0.652803 -0.757527 -0
    outer loop
      vertex -17.7942 1.79602 0.6
      vertex -17.9252 1.90891 0
      vertex -17.7942 1.79602 0
    endloop
  endfacet
  facet normal -0.716191 -0.697904 0
    outer loop
      vertex -17.6736 1.67226 0
      vertex -17.7942 1.79602 0.6
      vertex -17.7942 1.79602 0
    endloop
  endfacet
  facet normal -0.716191 -0.697904 0
    outer loop
      vertex -17.7942 1.79602 0.6
      vertex -17.6736 1.67226 0
      vertex -17.6736 1.67226 0.6
    endloop
  endfacet
  facet normal -0.773798 -0.633432 0
    outer loop
      vertex -17.5634 1.53764 0
      vertex -17.6736 1.67226 0.6
      vertex -17.6736 1.67226 0
    endloop
  endfacet
  facet normal -0.773798 -0.633432 0
    outer loop
      vertex -17.6736 1.67226 0.6
      vertex -17.5634 1.53764 0
      vertex -17.5634 1.53764 0.6
    endloop
  endfacet
  facet normal -0.824635 -0.565665 0
    outer loop
      vertex -17.4636 1.39215 0
      vertex -17.5634 1.53764 0.6
      vertex -17.5634 1.53764 0
    endloop
  endfacet
  facet normal -0.824635 -0.565665 0
    outer loop
      vertex -17.5634 1.53764 0.6
      vertex -17.4636 1.39215 0
      vertex -17.4636 1.39215 0.6
    endloop
  endfacet
  facet normal -0.86784 -0.496844 0
    outer loop
      vertex -17.3741 1.23582 0
      vertex -17.4636 1.39215 0.6
      vertex -17.4636 1.39215 0
    endloop
  endfacet
  facet normal -0.86784 -0.496844 0
    outer loop
      vertex -17.4636 1.39215 0.6
      vertex -17.3741 1.23582 0
      vertex -17.3741 1.23582 0.6
    endloop
  endfacet
  facet normal -0.903898 -0.427748 0
    outer loop
      vertex -17.2958 1.07036 0
      vertex -17.3741 1.23582 0.6
      vertex -17.3741 1.23582 0
    endloop
  endfacet
  facet normal -0.903898 -0.427748 0
    outer loop
      vertex -17.3741 1.23582 0.6
      vertex -17.2958 1.07036 0
      vertex -17.2958 1.07036 0.6
    endloop
  endfacet
  facet normal -0.933802 -0.357789 0
    outer loop
      vertex -17.2296 0.897583 0
      vertex -17.2958 1.07036 0.6
      vertex -17.2958 1.07036 0
    endloop
  endfacet
  facet normal -0.933802 -0.357789 0
    outer loop
      vertex -17.2958 1.07036 0.6
      vertex -17.2296 0.897583 0
      vertex -17.2296 0.897583 0.6
    endloop
  endfacet
  facet normal -0.95759 -0.288133 0
    outer loop
      vertex -17.1754 0.717453 0
      vertex -17.2296 0.897583 0.6
      vertex -17.2296 0.897583 0
    endloop
  endfacet
  facet normal -0.95759 -0.288133 0
    outer loop
      vertex -17.2296 0.897583 0.6
      vertex -17.1754 0.717453 0
      vertex -17.1754 0.717453 0.6
    endloop
  endfacet
  facet normal -0.975696 -0.21913 0
    outer loop
      vertex -17.1333 0.529999 0
      vertex -17.1754 0.717453 0.6
      vertex -17.1754 0.717453 0
    endloop
  endfacet
  facet normal -0.975696 -0.21913 0
    outer loop
      vertex -17.1754 0.717453 0.6
      vertex -17.1333 0.529999 0
      vertex -17.1333 0.529999 0.6
    endloop
  endfacet
  facet normal -0.988271 -0.15271 0
    outer loop
      vertex -17.1032 0.335205 0
      vertex -17.1333 0.529999 0.6
      vertex -17.1333 0.529999 0
    endloop
  endfacet
  facet normal -0.988271 -0.15271 0
    outer loop
      vertex -17.1333 0.529999 0.6
      vertex -17.1032 0.335205 0
      vertex -17.1032 0.335205 0.6
    endloop
  endfacet
  facet normal -0.996015 -0.0891881 0
    outer loop
      vertex -17.0851 0.133072 0
      vertex -17.1032 0.335205 0.6
      vertex -17.1032 0.335205 0
    endloop
  endfacet
  facet normal -0.996015 -0.0891881 0
    outer loop
      vertex -17.1032 0.335205 0.6
      vertex -17.0851 0.133072 0
      vertex -17.0851 0.133072 0.6
    endloop
  endfacet
  facet normal -0.99959 -0.0286358 0
    outer loop
      vertex -17.0791 -0.0763702 0
      vertex -17.0851 0.133072 0.6
      vertex -17.0851 0.133072 0
    endloop
  endfacet
  facet normal -0.99959 -0.0286358 0
    outer loop
      vertex -17.0851 0.133072 0.6
      vertex -17.0791 -0.0763702 0
      vertex -17.0791 -0.0763702 0.6
    endloop
  endfacet
  facet normal -0.999148 0.0412824 0
    outer loop
      vertex -17.0921 -0.391006 0
      vertex -17.0791 -0.0763702 0.6
      vertex -17.0791 -0.0763702 0
    endloop
  endfacet
  facet normal -0.999148 0.0412824 0
    outer loop
      vertex -17.0791 -0.0763702 0.6
      vertex -17.0921 -0.391006 0
      vertex -17.0921 -0.391006 0.6
    endloop
  endfacet
  facet normal -0.991278 0.131791 0
    outer loop
      vertex -17.1313 -0.685852 0
      vertex -17.0921 -0.391006 0.6
      vertex -17.0921 -0.391006 0
    endloop
  endfacet
  facet normal -0.991278 0.131791 0
    outer loop
      vertex -17.0921 -0.391006 0.6
      vertex -17.1313 -0.685852 0
      vertex -17.1313 -0.685852 0.6
    endloop
  endfacet
  facet normal -0.973033 0.230664 0
    outer loop
      vertex -17.1965 -0.960892 0
      vertex -17.1313 -0.685852 0.6
      vertex -17.1313 -0.685852 0
    endloop
  endfacet
  facet normal -0.973033 0.230664 0
    outer loop
      vertex -17.1313 -0.685852 0.6
      vertex -17.1965 -0.960892 0
      vertex -17.1965 -0.960892 0.6
    endloop
  endfacet
  facet normal -0.941587 0.336771 0
    outer loop
      vertex -17.2878 -1.21616 0
      vertex -17.1965 -0.960892 0.6
      vertex -17.1965 -0.960892 0
    endloop
  endfacet
  facet normal -0.941587 0.336771 0
    outer loop
      vertex -17.1965 -0.960892 0.6
      vertex -17.2878 -1.21616 0
      vertex -17.2878 -1.21616 0.6
    endloop
  endfacet
  facet normal -0.894943 0.44618 0
    outer loop
      vertex -17.4052 -1.45164 0
      vertex -17.2878 -1.21616 0.6
      vertex -17.2878 -1.21616 0
    endloop
  endfacet
  facet normal -0.894943 0.44618 0
    outer loop
      vertex -17.2878 -1.21616 0.6
      vertex -17.4052 -1.45164 0
      vertex -17.4052 -1.45164 0.6
    endloop
  endfacet
  facet normal -0.832573 0.553916 0
    outer loop
      vertex -17.5487 -1.66733 0
      vertex -17.4052 -1.45164 0.6
      vertex -17.4052 -1.45164 0
    endloop
  endfacet
  facet normal -0.832573 0.553916 0
    outer loop
      vertex -17.4052 -1.45164 0.6
      vertex -17.5487 -1.66733 0
      vertex -17.5487 -1.66733 0.6
    endloop
  endfacet
  facet normal -0.756207 0.654332 0
    outer loop
      vertex -17.7182 -1.86322 0
      vertex -17.5487 -1.66733 0.6
      vertex -17.5487 -1.66733 0
    endloop
  endfacet
  facet normal -0.756207 0.654332 0
    outer loop
      vertex -17.5487 -1.66733 0.6
      vertex -17.7182 -1.86322 0
      vertex -17.7182 -1.86322 0.6
    endloop
  endfacet
  facet normal -0.667234 0.744848 0
    outer loop
      vertex -17.7182 -1.86322 0
      vertex -17.911 -2.03593 0.6
      vertex -17.7182 -1.86322 0.6
    endloop
  endfacet
  facet normal -0.667234 0.744848 0
    outer loop
      vertex -17.911 -2.03593 0.6
      vertex -17.7182 -1.86322 0
      vertex -17.911 -2.03593 0
    endloop
  endfacet
  facet normal -0.565747 0.824579 0
    outer loop
      vertex -17.911 -2.03593 0
      vertex -18.124 -2.18207 0.6
      vertex -17.911 -2.03593 0.6
    endloop
  endfacet
  facet normal -0.565747 0.824579 0
    outer loop
      vertex -18.124 -2.18207 0.6
      vertex -17.911 -2.03593 0
      vertex -18.124 -2.18207 0
    endloop
  endfacet
  facet normal -0.456132 0.889912 0
    outer loop
      vertex -18.124 -2.18207 0
      vertex -18.3573 -2.30165 0.6
      vertex -18.124 -2.18207 0.6
    endloop
  endfacet
  facet normal -0.456132 0.889912 0
    outer loop
      vertex -18.3573 -2.30165 0.6
      vertex -18.124 -2.18207 0
      vertex -18.3573 -2.30165 0
    endloop
  endfacet
  facet normal -0.344298 0.93886 0
    outer loop
      vertex -18.3573 -2.30165 0
      vertex -18.6109 -2.39465 0.6
      vertex -18.3573 -2.30165 0.6
    endloop
  endfacet
  facet normal -0.344298 0.93886 0
    outer loop
      vertex -18.6109 -2.39465 0.6
      vertex -18.3573 -2.30165 0
      vertex -18.6109 -2.39465 0
    endloop
  endfacet
  facet normal -0.235748 0.971814 0
    outer loop
      vertex -18.6109 -2.39465 0
      vertex -18.8847 -2.46107 0.6
      vertex -18.6109 -2.39465 0.6
    endloop
  endfacet
  facet normal -0.235748 0.971814 0
    outer loop
      vertex -18.8847 -2.46107 0.6
      vertex -18.6109 -2.39465 0
      vertex -18.8847 -2.46107 0
    endloop
  endfacet
  facet normal -0.134304 0.99094 0
    outer loop
      vertex -18.8847 -2.46107 0
      vertex -19.1788 -2.50093 0.6
      vertex -18.8847 -2.46107 0.6
    endloop
  endfacet
  facet normal -0.134304 0.99094 0
    outer loop
      vertex -19.1788 -2.50093 0.6
      vertex -18.8847 -2.46107 0
      vertex -19.1788 -2.50093 0
    endloop
  endfacet
  facet normal -0.0422333 0.999108 0
    outer loop
      vertex -19.1788 -2.50093 0
      vertex -19.4932 -2.51422 0.6
      vertex -19.1788 -2.50093 0.6
    endloop
  endfacet
  facet normal -0.0422333 0.999108 0
    outer loop
      vertex -19.4932 -2.51422 0.6
      vertex -19.1788 -2.50093 0
      vertex -19.4932 -2.51422 0
    endloop
  endfacet
  facet normal 0.0417892 0.999126 -0
    outer loop
      vertex -19.4932 -2.51422 0
      vertex -19.8076 -2.50107 0.6
      vertex -19.4932 -2.51422 0.6
    endloop
  endfacet
  facet normal 0.0417892 0.999126 0
    outer loop
      vertex -19.8076 -2.50107 0.6
      vertex -19.4932 -2.51422 0
      vertex -19.8076 -2.50107 0
    endloop
  endfacet
  facet normal 0.132992 0.991117 -0
    outer loop
      vertex -19.8076 -2.50107 0
      vertex -20.1016 -2.46162 0.6
      vertex -19.8076 -2.50107 0.6
    endloop
  endfacet
  facet normal 0.132992 0.991117 0
    outer loop
      vertex -20.1016 -2.46162 0.6
      vertex -19.8076 -2.50107 0
      vertex -20.1016 -2.46162 0
    endloop
  endfacet
  facet normal 0.233595 0.972334 -0
    outer loop
      vertex -20.1016 -2.46162 0
      vertex -20.3752 -2.39589 0.6
      vertex -20.1016 -2.46162 0.6
    endloop
  endfacet
  facet normal 0.233595 0.972334 0
    outer loop
      vertex -20.3752 -2.39589 0.6
      vertex -20.1016 -2.46162 0
      vertex -20.3752 -2.39589 0
    endloop
  endfacet
  facet normal 0.341398 0.939919 -0
    outer loop
      vertex -20.3752 -2.39589 0
      vertex -20.6286 -2.30385 0.6
      vertex -20.3752 -2.39589 0.6
    endloop
  endfacet
  facet normal 0.341398 0.939919 0
    outer loop
      vertex -20.6286 -2.30385 0.6
      vertex -20.3752 -2.39589 0
      vertex -20.6286 -2.30385 0
    endloop
  endfacet
  facet normal 0.452807 0.891609 -0
    outer loop
      vertex -20.6286 -2.30385 0
      vertex -20.8616 -2.18552 0.6
      vertex -20.6286 -2.30385 0.6
    endloop
  endfacet
  facet normal 0.452807 0.891609 0
    outer loop
      vertex -20.8616 -2.18552 0.6
      vertex -20.6286 -2.30385 0
      vertex -20.8616 -2.18552 0
    endloop
  endfacet
  facet normal 0.562475 0.826814 -0
    outer loop
      vertex -20.8616 -2.18552 0
      vertex -21.0742 -2.04089 0.6
      vertex -20.8616 -2.18552 0.6
    endloop
  endfacet
  facet normal 0.562475 0.826814 0
    outer loop
      vertex -21.0742 -2.04089 0.6
      vertex -20.8616 -2.18552 0
      vertex -21.0742 -2.04089 0
    endloop
  endfacet
  facet normal 0.664357 0.747416 -0
    outer loop
      vertex -21.0742 -2.04089 0
      vertex -21.2665 -1.86996 0.6
      vertex -21.0742 -2.04089 0.6
    endloop
  endfacet
  facet normal 0.664357 0.747416 0
    outer loop
      vertex -21.2665 -1.86996 0.6
      vertex -21.0742 -2.04089 0
      vertex -21.2665 -1.86996 0
    endloop
  endfacet
  facet normal 0.75443 0.656381 0
    outer loop
      vertex -21.2665 -1.86996 0.6
      vertex -21.4356 -1.6756 0
      vertex -21.4356 -1.6756 0.6
    endloop
  endfacet
  facet normal 0.75443 0.656381 0
    outer loop
      vertex -21.4356 -1.6756 0
      vertex -21.2665 -1.86996 0.6
      vertex -21.2665 -1.86996 0
    endloop
  endfacet
  facet normal 0.832443 0.55411 0
    outer loop
      vertex -21.4356 -1.6756 0.6
      vertex -21.5787 -1.46062 0
      vertex -21.5787 -1.46062 0.6
    endloop
  endfacet
  facet normal 0.832443 0.55411 0
    outer loop
      vertex -21.5787 -1.46062 0
      vertex -21.4356 -1.6756 0.6
      vertex -21.4356 -1.6756 0
    endloop
  endfacet
  facet normal 0.895496 0.445069 0
    outer loop
      vertex -21.5787 -1.46062 0.6
      vertex -21.6958 -1.22501 0
      vertex -21.6958 -1.22501 0.6
    endloop
  endfacet
  facet normal 0.895496 0.445069 0
    outer loop
      vertex -21.6958 -1.22501 0
      vertex -21.5787 -1.46062 0.6
      vertex -21.5787 -1.46062 0
    endloop
  endfacet
  facet normal 0.942219 0.334998 0
    outer loop
      vertex -21.6958 -1.22501 0.6
      vertex -21.7869 -0.968781 0
      vertex -21.7869 -0.968781 0.6
    endloop
  endfacet
  facet normal 0.942219 0.334998 0
    outer loop
      vertex -21.7869 -0.968781 0
      vertex -21.6958 -1.22501 0.6
      vertex -21.6958 -1.22501 0
    endloop
  endfacet
  facet normal 0.973529 0.228564 0
    outer loop
      vertex -21.7869 -0.968781 0.6
      vertex -21.8519 -0.691925 0
      vertex -21.8519 -0.691925 0.6
    endloop
  endfacet
  facet normal 0.973529 0.228564 0
    outer loop
      vertex -21.8519 -0.691925 0
      vertex -21.7869 -0.968781 0.6
      vertex -21.7869 -0.968781 0
    endloop
  endfacet
  facet normal 0.991515 0.129993 0
    outer loop
      vertex -21.8519 -0.691925 0.6
      vertex -21.8909 -0.394455 0
      vertex -21.8909 -0.394455 0.6
    endloop
  endfacet
  facet normal 0.991515 0.129993 0
    outer loop
      vertex -21.8909 -0.394455 0
      vertex -21.8519 -0.691925 0.6
      vertex -21.8519 -0.691925 0
    endloop
  endfacet
  facet normal 0.999166 0.0408355 0
    outer loop
      vertex -21.8909 -0.394455 0.6
      vertex -21.9039 -0.0763702 0
      vertex -21.9039 -0.0763702 0.6
    endloop
  endfacet
  facet normal 0.999166 0.0408355 0
    outer loop
      vertex -21.9039 -0.0763702 0
      vertex -21.8909 -0.394455 0.6
      vertex -21.8909 -0.394455 0
    endloop
  endfacet
  facet normal 0.999173 -0.0406719 0
    outer loop
      vertex -21.9039 -0.0763702 0.6
      vertex -21.8909 0.242996 0
      vertex -21.8909 0.242996 0.6
    endloop
  endfacet
  facet normal 0.999173 -0.0406719 0
    outer loop
      vertex -21.8909 0.242996 0
      vertex -21.9039 -0.0763702 0.6
      vertex -21.9039 -0.0763702 0
    endloop
  endfacet
  facet normal 0.99158 -0.129498 0
    outer loop
      vertex -21.8909 0.242996 0.6
      vertex -21.8518 0.542389 0
      vertex -21.8518 0.542389 0.6
    endloop
  endfacet
  facet normal 0.99158 -0.129498 0
    outer loop
      vertex -21.8518 0.542389 0
      vertex -21.8909 0.242996 0.6
      vertex -21.8909 0.242996 0
    endloop
  endfacet
  facet normal 0.973834 -0.227261 0
    outer loop
      vertex -21.8518 0.542389 0.6
      vertex -21.7866 0.821777 0
      vertex -21.7866 0.821777 0.6
    endloop
  endfacet
  facet normal 0.973834 -0.227261 0
    outer loop
      vertex -21.7866 0.821777 0
      vertex -21.8518 0.542389 0.6
      vertex -21.8518 0.542389 0
    endloop
  endfacet
  facet normal 0.943272 -0.332021 0
    outer loop
      vertex -21.7866 0.821777 0.6
      vertex -21.6953 1.08116 0
      vertex -21.6953 1.08116 0.6
    endloop
  endfacet
  facet normal 0.943272 -0.332021 0
    outer loop
      vertex -21.6953 1.08116 0
      vertex -21.7866 0.821777 0.6
      vertex -21.7866 0.821777 0
    endloop
  endfacet
  facet normal 0.897836 -0.440329 0
    outer loop
      vertex -21.6953 1.08116 0.6
      vertex -21.5779 1.32054 0
      vertex -21.5779 1.32054 0.6
    endloop
  endfacet
  facet normal 0.897836 -0.440329 0
    outer loop
      vertex -21.5779 1.32054 0
      vertex -21.6953 1.08116 0.6
      vertex -21.6953 1.08116 0
    endloop
  endfacet
  facet normal 0.836878 -0.54739 0
    outer loop
      vertex -21.5779 1.32054 0.6
      vertex -21.4344 1.53993 0
      vertex -21.4344 1.53993 0.6
    endloop
  endfacet
  facet normal 0.836878 -0.54739 0
    outer loop
      vertex -21.4344 1.53993 0
      vertex -21.5779 1.32054 0.6
      vertex -21.5779 1.32054 0
    endloop
  endfacet
  facet normal 0.761716 -0.647911 0
    outer loop
      vertex -21.4344 1.53993 0.6
      vertex -21.2648 1.73932 0
      vertex -21.2648 1.73932 0.6
    endloop
  endfacet
  facet normal 0.761716 -0.647911 0
    outer loop
      vertex -21.2648 1.73932 0
      vertex -21.4344 1.53993 0.6
      vertex -21.4344 1.53993 0
    endloop
  endfacet
  facet normal 0.674477 -0.738296 0
    outer loop
      vertex -21.2648 1.73932 0
      vertex -21.0723 1.91518 0.6
      vertex -21.2648 1.73932 0.6
    endloop
  endfacet
  facet normal 0.674477 -0.738296 0
    outer loop
      vertex -21.0723 1.91518 0.6
      vertex -21.2648 1.73932 0
      vertex -21.0723 1.91518 0
    endloop
  endfacet
  facet normal 0.573773 -0.819014 0
    outer loop
      vertex -21.0723 1.91518 0
      vertex -20.8599 2.06398 0.6
      vertex -21.0723 1.91518 0.6
    endloop
  endfacet
  facet normal 0.573773 -0.819014 0
    outer loop
      vertex -20.8599 2.06398 0.6
      vertex -21.0723 1.91518 0
      vertex -20.8599 2.06398 0
    endloop
  endfacet
  facet normal 0.464214 -0.885723 0
    outer loop
      vertex -20.8599 2.06398 0
      vertex -20.6276 2.18573 0.6
      vertex -20.8599 2.06398 0.6
    endloop
  endfacet
  facet normal 0.464214 -0.885723 0
    outer loop
      vertex -20.6276 2.18573 0.6
      vertex -20.8599 2.06398 0
      vertex -20.6276 2.18573 0
    endloop
  endfacet
  facet normal 0.351652 -0.936131 0
    outer loop
      vertex -20.6276 2.18573 0
      vertex -20.3755 2.28043 0.6
      vertex -20.6276 2.18573 0.6
    endloop
  endfacet
  facet normal 0.351652 -0.936131 0
    outer loop
      vertex -20.3755 2.28043 0.6
      vertex -20.6276 2.18573 0
      vertex -20.3755 2.28043 0
    endloop
  endfacet
  facet normal 0.241259 -0.970461 0
    outer loop
      vertex -20.3755 2.28043 0
      vertex -20.1035 2.34805 0.6
      vertex -20.3755 2.28043 0.6
    endloop
  endfacet
  facet normal 0.241259 -0.970461 0
    outer loop
      vertex -20.1035 2.34805 0.6
      vertex -20.3755 2.28043 0
      vertex -20.1035 2.34805 0
    endloop
  endfacet
  facet normal 0.137776 -0.990463 0
    outer loop
      vertex -20.1035 2.34805 0
      vertex -19.8117 2.38864 0.6
      vertex -20.1035 2.34805 0.6
    endloop
  endfacet
  facet normal 0.137776 -0.990463 0
    outer loop
      vertex -19.8117 2.38864 0.6
      vertex -20.1035 2.34805 0
      vertex -19.8117 2.38864 0
    endloop
  endfacet
  facet normal 0.0433343 -0.999061 0
    outer loop
      vertex -19.8117 2.38864 0
      vertex -19.5 2.40216 0.6
      vertex -19.8117 2.38864 0.6
    endloop
  endfacet
  facet normal 0.0433343 -0.999061 0
    outer loop
      vertex -19.5 2.40216 0.6
      vertex -19.8117 2.38864 0
      vertex -19.5 2.40216 0
    endloop
  endfacet
  facet normal -0.0297678 -0.999557 0
    outer loop
      vertex -19.5 2.40216 0
      vertex -19.2945 2.39604 0.6
      vertex -19.5 2.40216 0.6
    endloop
  endfacet
  facet normal -0.0297678 -0.999557 -0
    outer loop
      vertex -19.2945 2.39604 0.6
      vertex -19.5 2.40216 0
      vertex -19.2945 2.39604 0
    endloop
  endfacet
  facet normal -0.162459 0.986715 0
    outer loop
      vertex -19.6795 1.60632 0
      vertex -19.8478 1.57861 0.6
      vertex -19.6795 1.60632 0.6
    endloop
  endfacet
  facet normal -0.162459 0.986715 0
    outer loop
      vertex -19.8478 1.57861 0.6
      vertex -19.6795 1.60632 0
      vertex -19.8478 1.57861 0
    endloop
  endfacet
  facet normal -0.281912 0.95944 0
    outer loop
      vertex -19.8478 1.57861 0
      vertex -20.005 1.53242 0.6
      vertex -19.8478 1.57861 0.6
    endloop
  endfacet
  facet normal -0.281912 0.95944 0
    outer loop
      vertex -20.005 1.53242 0.6
      vertex -19.8478 1.57861 0
      vertex -20.005 1.53242 0
    endloop
  endfacet
  facet normal -0.404941 0.914343 0
    outer loop
      vertex -20.005 1.53242 0
      vertex -20.151 1.46776 0.6
      vertex -20.005 1.53242 0.6
    endloop
  endfacet
  facet normal -0.404941 0.914343 0
    outer loop
      vertex -20.151 1.46776 0.6
      vertex -20.005 1.53242 0
      vertex -20.151 1.46776 0
    endloop
  endfacet
  facet normal -0.524622 0.851335 0
    outer loop
      vertex -20.151 1.46776 0
      vertex -20.2859 1.38463 0.6
      vertex -20.151 1.46776 0.6
    endloop
  endfacet
  facet normal -0.524622 0.851335 0
    outer loop
      vertex -20.2859 1.38463 0.6
      vertex -20.151 1.46776 0
      vertex -20.2859 1.38463 0
    endloop
  endfacet
  facet normal -0.634811 0.772667 0
    outer loop
      vertex -20.2859 1.38463 0
      vertex -20.4096 1.283 0.6
      vertex -20.2859 1.38463 0.6
    endloop
  endfacet
  facet normal -0.634811 0.772667 0
    outer loop
      vertex -20.4096 1.283 0.6
      vertex -20.2859 1.38463 0
      vertex -20.4096 1.283 0
    endloop
  endfacet
  facet normal -0.729461 0.684022 0
    outer loop
      vertex -20.5222 1.16292 0
      vertex -20.4096 1.283 0.6
      vertex -20.4096 1.283 0
    endloop
  endfacet
  facet normal -0.729461 0.684022 0
    outer loop
      vertex -20.4096 1.283 0.6
      vertex -20.5222 1.16292 0
      vertex -20.5222 1.16292 0.6
    endloop
  endfacet
  facet normal -0.807637 0.58968 0
    outer loop
      vertex -20.6216 1.02678 0
      vertex -20.5222 1.16292 0.6
      vertex -20.5222 1.16292 0
    endloop
  endfacet
  facet normal -0.807637 0.58968 0
    outer loop
      vertex -20.5222 1.16292 0.6
      vertex -20.6216 1.02678 0
      vertex -20.6216 1.02678 0.6
    endloop
  endfacet
  facet normal -0.871953 0.48959 0
    outer loop
      vertex -20.7057 0.876999 0
      vertex -20.6216 1.02678 0.6
      vertex -20.6216 1.02678 0
    endloop
  endfacet
  facet normal -0.871953 0.48959 0
    outer loop
      vertex -20.6216 1.02678 0.6
      vertex -20.7057 0.876999 0
      vertex -20.7057 0.876999 0.6
    endloop
  endfacet
  facet normal -0.921452 0.388492 0
    outer loop
      vertex -20.7746 0.713577 0
      vertex -20.7057 0.876999 0.6
      vertex -20.7057 0.876999 0
    endloop
  endfacet
  facet normal -0.921452 0.388492 0
    outer loop
      vertex -20.7057 0.876999 0.6
      vertex -20.7746 0.713577 0
      vertex -20.7746 0.713577 0.6
    endloop
  endfacet
  facet normal -0.957243 0.289284 0
    outer loop
      vertex -20.8281 0.536545 0
      vertex -20.7746 0.713577 0.6
      vertex -20.7746 0.713577 0
    endloop
  endfacet
  facet normal -0.957243 0.289284 0
    outer loop
      vertex -20.7746 0.713577 0.6
      vertex -20.8281 0.536545 0
      vertex -20.8281 0.536545 0.6
    endloop
  endfacet
  facet normal -0.980516 0.196439 0
    outer loop
      vertex -20.8663 0.345871 0
      vertex -20.8281 0.536545 0.6
      vertex -20.8281 0.536545 0
    endloop
  endfacet
  facet normal -0.980516 0.196439 0
    outer loop
      vertex -20.8281 0.536545 0.6
      vertex -20.8663 0.345871 0
      vertex -20.8663 0.345871 0.6
    endloop
  endfacet
  facet normal -0.993723 0.111865 0
    outer loop
      vertex -20.8893 0.141556 0
      vertex -20.8663 0.345871 0.6
      vertex -20.8663 0.345871 0
    endloop
  endfacet
  facet normal -0.993723 0.111865 0
    outer loop
      vertex -20.8663 0.345871 0.6
      vertex -20.8893 0.141556 0
      vertex -20.8893 0.141556 0.6
    endloop
  endfacet
  facet normal -0.999392 0.034853 0
    outer loop
      vertex -20.8969 -0.0763702 0
      vertex -20.8893 0.141556 0.6
      vertex -20.8893 0.141556 0
    endloop
  endfacet
  facet normal -0.999392 0.034853 0
    outer loop
      vertex -20.8893 0.141556 0.6
      vertex -20.8969 -0.0763702 0
      vertex -20.8969 -0.0763702 0.6
    endloop
  endfacet
  facet normal -0.999397 -0.0347351 0
    outer loop
      vertex -20.8894 -0.29216 0
      vertex -20.8969 -0.0763702 0.6
      vertex -20.8969 -0.0763702 0
    endloop
  endfacet
  facet normal -0.999397 -0.0347351 0
    outer loop
      vertex -20.8969 -0.0763702 0.6
      vertex -20.8894 -0.29216 0
      vertex -20.8894 -0.29216 0.6
    endloop
  endfacet
  facet normal -0.993892 -0.110358 0
    outer loop
      vertex -20.867 -0.493896 0
      vertex -20.8894 -0.29216 0.6
      vertex -20.8894 -0.29216 0
    endloop
  endfacet
  facet normal -0.993892 -0.110358 0
    outer loop
      vertex -20.8894 -0.29216 0.6
      vertex -20.867 -0.493896 0
      vertex -20.867 -0.493896 0.6
    endloop
  endfacet
  facet normal -0.980821 -0.194911 0
    outer loop
      vertex -20.8297 -0.681595 0
      vertex -20.867 -0.493896 0.6
      vertex -20.867 -0.493896 0
    endloop
  endfacet
  facet normal -0.980821 -0.194911 0
    outer loop
      vertex -20.867 -0.493896 0.6
      vertex -20.8297 -0.681595 0
      vertex -20.8297 -0.681595 0.6
    endloop
  endfacet
  facet normal -0.95736 -0.288898 0
    outer loop
      vertex -20.7773 -0.85524 0
      vertex -20.8297 -0.681595 0.6
      vertex -20.8297 -0.681595 0
    endloop
  endfacet
  facet normal -0.95736 -0.288898 0
    outer loop
      vertex -20.8297 -0.681595 0.6
      vertex -20.7773 -0.85524 0
      vertex -20.7773 -0.85524 0.6
    endloop
  endfacet
  facet normal -0.921627 -0.388078 0
    outer loop
      vertex -20.7101 -1.01483 0
      vertex -20.7773 -0.85524 0.6
      vertex -20.7773 -0.85524 0
    endloop
  endfacet
  facet normal -0.921627 -0.388078 0
    outer loop
      vertex -20.7773 -0.85524 0.6
      vertex -20.7101 -1.01483 0
      vertex -20.7101 -1.01483 0.6
    endloop
  endfacet
  facet normal -0.870721 -0.491777 0
    outer loop
      vertex -20.6279 -1.16037 0
      vertex -20.7101 -1.01483 0.6
      vertex -20.7101 -1.01483 0
    endloop
  endfacet
  facet normal -0.870721 -0.491777 0
    outer loop
      vertex -20.7101 -1.01483 0.6
      vertex -20.6279 -1.16037 0
      vertex -20.6279 -1.16037 0.6
    endloop
  endfacet
  facet normal -0.804163 -0.594408 0
    outer loop
      vertex -20.5307 -1.29187 0
      vertex -20.6279 -1.16037 0.6
      vertex -20.6279 -1.16037 0
    endloop
  endfacet
  facet normal -0.804163 -0.594408 0
    outer loop
      vertex -20.6279 -1.16037 0.6
      vertex -20.5307 -1.29187 0
      vertex -20.5307 -1.29187 0.6
    endloop
  endfacet
  facet normal -0.721906 -0.691991 0
    outer loop
      vertex -20.4199 -1.40746 0
      vertex -20.5307 -1.29187 0.6
      vertex -20.5307 -1.29187 0
    endloop
  endfacet
  facet normal -0.721906 -0.691991 0
    outer loop
      vertex -20.5307 -1.29187 0.6
      vertex -20.4199 -1.40746 0
      vertex -20.4199 -1.40746 0.6
    endloop
  endfacet
  facet normal -0.621435 -0.783466 0
    outer loop
      vertex -20.4199 -1.40746 0
      vertex -20.2966 -1.50526 0.6
      vertex -20.4199 -1.40746 0.6
    endloop
  endfacet
  facet normal -0.621435 -0.783466 -0
    outer loop
      vertex -20.2966 -1.50526 0.6
      vertex -20.4199 -1.40746 0
      vertex -20.2966 -1.50526 0
    endloop
  endfacet
  facet normal -0.507763 -0.861497 0
    outer loop
      vertex -20.2966 -1.50526 0
      vertex -20.1608 -1.5853 0.6
      vertex -20.2966 -1.50526 0.6
    endloop
  endfacet
  facet normal -0.507763 -0.861497 -0
    outer loop
      vertex -20.1608 -1.5853 0.6
      vertex -20.2966 -1.50526 0
      vertex -20.1608 -1.5853 0
    endloop
  endfacet
  facet normal -0.387211 -0.921991 0
    outer loop
      vertex -20.1608 -1.5853 0
      vertex -20.0126 -1.64754 0.6
      vertex -20.1608 -1.5853 0.6
    endloop
  endfacet
  facet normal -0.387211 -0.921991 -0
    outer loop
      vertex -20.0126 -1.64754 0.6
      vertex -20.1608 -1.5853 0
      vertex -20.0126 -1.64754 0
    endloop
  endfacet
  facet normal -0.266648 -0.963794 0
    outer loop
      vertex -20.0126 -1.64754 0
      vertex -19.8519 -1.692 0.6
      vertex -20.0126 -1.64754 0.6
    endloop
  endfacet
  facet normal -0.266648 -0.963794 -0
    outer loop
      vertex -19.8519 -1.692 0.6
      vertex -20.0126 -1.64754 0
      vertex -19.8519 -1.692 0
    endloop
  endfacet
  facet normal -0.152276 -0.988338 0
    outer loop
      vertex -19.8519 -1.692 0
      vertex -19.6788 -1.71867 0.6
      vertex -19.8519 -1.692 0.6
    endloop
  endfacet
  facet normal -0.152276 -0.988338 -0
    outer loop
      vertex -19.6788 -1.71867 0.6
      vertex -19.8519 -1.692 0
      vertex -19.6788 -1.71867 0
    endloop
  endfacet
  facet normal -0.0478975 -0.998852 0
    outer loop
      vertex -19.6788 -1.71867 0
      vertex -19.4932 -1.72757 0.6
      vertex -19.6788 -1.71867 0.6
    endloop
  endfacet
  facet normal -0.0478975 -0.998852 -0
    outer loop
      vertex -19.4932 -1.72757 0.6
      vertex -19.6788 -1.71867 0
      vertex -19.4932 -1.72757 0
    endloop
  endfacet
  facet normal 0.0489298 -0.998802 0
    outer loop
      vertex -19.4932 -1.72757 0
      vertex -19.3103 -1.71861 0.6
      vertex -19.4932 -1.72757 0.6
    endloop
  endfacet
  facet normal 0.0489298 -0.998802 0
    outer loop
      vertex -19.3103 -1.71861 0.6
      vertex -19.4932 -1.72757 0
      vertex -19.3103 -1.71861 0
    endloop
  endfacet
  facet normal 0.155464 -0.987842 0
    outer loop
      vertex -19.3103 -1.71861 0
      vertex -19.1395 -1.69173 0.6
      vertex -19.3103 -1.71861 0.6
    endloop
  endfacet
  facet normal 0.155464 -0.987842 0
    outer loop
      vertex -19.1395 -1.69173 0.6
      vertex -19.3103 -1.71861 0
      vertex -19.1395 -1.69173 0
    endloop
  endfacet
  facet normal 0.27163 -0.962402 0
    outer loop
      vertex -19.1395 -1.69173 0
      vertex -18.9807 -1.64691 0.6
      vertex -19.1395 -1.69173 0.6
    endloop
  endfacet
  facet normal 0.27163 -0.962402 0
    outer loop
      vertex -18.9807 -1.64691 0.6
      vertex -19.1395 -1.69173 0
      vertex -18.9807 -1.64691 0
    endloop
  endfacet
  facet normal 0.392944 -0.919562 0
    outer loop
      vertex -18.9807 -1.64691 0
      vertex -18.8339 -1.58418 0.6
      vertex -18.9807 -1.64691 0.6
    endloop
  endfacet
  facet normal 0.392944 -0.919562 0
    outer loop
      vertex -18.8339 -1.58418 0.6
      vertex -18.9807 -1.64691 0
      vertex -18.8339 -1.58418 0
    endloop
  endfacet
  facet normal 0.513652 -0.857998 0
    outer loop
      vertex -18.8339 -1.58418 0
      vertex -18.6992 -1.50354 0.6
      vertex -18.8339 -1.58418 0.6
    endloop
  endfacet
  facet normal 0.513652 -0.857998 0
    outer loop
      vertex -18.6992 -1.50354 0.6
      vertex -18.8339 -1.58418 0
      vertex -18.6992 -1.50354 0
    endloop
  endfacet
  facet normal 0.626282 -0.779596 0
    outer loop
      vertex -18.6992 -1.50354 0
      vertex -18.5765 -1.40497 0.6
      vertex -18.6992 -1.50354 0.6
    endloop
  endfacet
  facet normal 0.626282 -0.779596 0
    outer loop
      vertex -18.5765 -1.40497 0.6
      vertex -18.6992 -1.50354 0
      vertex -18.5765 -1.40497 0
    endloop
  endfacet
  facet normal 0.725233 -0.688504 0
    outer loop
      vertex -18.5765 -1.40497 0.6
      vertex -18.4659 -1.28847 0
      vertex -18.4659 -1.28847 0.6
    endloop
  endfacet
  facet normal 0.725233 -0.688504 0
    outer loop
      vertex -18.4659 -1.28847 0
      vertex -18.5765 -1.40497 0.6
      vertex -18.5765 -1.40497 0
    endloop
  endfacet
  facet normal 0.805818 -0.592164 0
    outer loop
      vertex -18.4659 -1.28847 0.6
      vertex -18.3687 -1.1562 0
      vertex -18.3687 -1.1562 0.6
    endloop
  endfacet
  facet normal 0.805818 -0.592164 0
    outer loop
      vertex -18.3687 -1.1562 0
      vertex -18.4659 -1.28847 0.6
      vertex -18.4659 -1.28847 0
    endloop
  endfacet
  facet normal 0.871226 -0.490882 0
    outer loop
      vertex -18.3687 -1.1562 0.6
      vertex -18.2865 -1.01031 0
      vertex -18.2865 -1.01031 0.6
    endloop
  endfacet
  facet normal 0.871226 -0.490882 0
    outer loop
      vertex -18.2865 -1.01031 0
      vertex -18.3687 -1.1562 0.6
      vertex -18.3687 -1.1562 0
    endloop
  endfacet
  facet normal 0.921364 -0.3887 0
    outer loop
      vertex -18.2865 -1.01031 0.6
      vertex -18.2192 -0.850784 0
      vertex -18.2192 -0.850784 0.6
    endloop
  endfacet
  facet normal 0.921364 -0.3887 0
    outer loop
      vertex -18.2192 -0.850784 0
      vertex -18.2865 -1.01031 0.6
      vertex -18.2865 -1.01031 0
    endloop
  endfacet
  facet normal 0.957287 -0.289139 0
    outer loop
      vertex -18.2192 -0.850784 0.6
      vertex -18.1669 -0.677628 0
      vertex -18.1669 -0.677628 0.6
    endloop
  endfacet
  facet normal 0.957287 -0.289139 0
    outer loop
      vertex -18.1669 -0.677628 0
      vertex -18.2192 -0.850784 0.6
      vertex -18.2192 -0.850784 0
    endloop
  endfacet
  facet normal 0.980537 -0.196335 0
    outer loop
      vertex -18.1669 -0.677628 0.6
      vertex -18.1295 -0.490845 0
      vertex -18.1295 -0.490845 0.6
    endloop
  endfacet
  facet normal 0.980537 -0.196335 0
    outer loop
      vertex -18.1295 -0.490845 0
      vertex -18.1669 -0.677628 0.6
      vertex -18.1669 -0.677628 0
    endloop
  endfacet
  facet normal 0.993812 -0.111072 0
    outer loop
      vertex -18.1295 -0.490845 0.6
      vertex -18.1071 -0.290421 0
      vertex -18.1071 -0.290421 0.6
    endloop
  endfacet
  facet normal 0.993812 -0.111072 0
    outer loop
      vertex -18.1071 -0.290421 0
      vertex -18.1295 -0.490845 0.6
      vertex -18.1295 -0.490845 0
    endloop
  endfacet
  facet normal 0.999403 -0.0345506 0
    outer loop
      vertex -18.1071 -0.290421 0.6
      vertex -18.0997 -0.0763702 0
      vertex -18.0997 -0.0763702 0.6
    endloop
  endfacet
  facet normal 0.999403 -0.0345506 0
    outer loop
      vertex -18.0997 -0.0763702 0
      vertex -18.1071 -0.290421 0.6
      vertex -18.1071 -0.290421 0
    endloop
  endfacet
  facet normal 0.999455 0.0330224 0
    outer loop
      vertex -18.0997 -0.0763702 0.6
      vertex -18.1071 0.147598 0
      vertex -18.1071 0.147598 0.6
    endloop
  endfacet
  facet normal 0.999455 0.0330224 0
    outer loop
      vertex -18.1071 0.147598 0
      vertex -18.0997 -0.0763702 0.6
      vertex -18.0997 -0.0763702 0
    endloop
  endfacet
  facet normal 0.994351 0.106143 0
    outer loop
      vertex -18.1071 0.147598 0.6
      vertex -18.1294 0.356506 0
      vertex -18.1294 0.356506 0.6
    endloop
  endfacet
  facet normal 0.994351 0.106143 0
    outer loop
      vertex -18.1294 0.356506 0
      vertex -18.1071 0.147598 0.6
      vertex -18.1071 0.147598 0
    endloop
  endfacet
  facet normal 0.982075 0.188493 0
    outer loop
      vertex -18.1294 0.356506 0.6
      vertex -18.1666 0.550323 0
      vertex -18.1666 0.550323 0.6
    endloop
  endfacet
  facet normal 0.982075 0.188493 0
    outer loop
      vertex -18.1666 0.550323 0
      vertex -18.1294 0.356506 0.6
      vertex -18.1294 0.356506 0
    endloop
  endfacet
  facet normal 0.960048 0.279836 0
    outer loop
      vertex -18.1666 0.550323 0.6
      vertex -18.2187 0.729065 0
      vertex -18.2187 0.729065 0.6
    endloop
  endfacet
  facet normal 0.960048 0.279836 0
    outer loop
      vertex -18.2187 0.729065 0
      vertex -18.1666 0.550323 0.6
      vertex -18.1666 0.550323 0
    endloop
  endfacet
  facet normal 0.925642 0.378402 0
    outer loop
      vertex -18.2187 0.729065 0.6
      vertex -18.2856 0.892715 0
      vertex -18.2856 0.892715 0.6
    endloop
  endfacet
  facet normal 0.925642 0.378402 0
    outer loop
      vertex -18.2856 0.892715 0
      vertex -18.2187 0.729065 0.6
      vertex -18.2187 0.729065 0
    endloop
  endfacet
  facet normal 0.876007 0.482298 0
    outer loop
      vertex -18.2856 0.892715 0.6
      vertex -18.3674 1.04129 0
      vertex -18.3674 1.04129 0.6
    endloop
  endfacet
  facet normal 0.876007 0.482298 0
    outer loop
      vertex -18.3674 1.04129 0
      vertex -18.2856 0.892715 0.6
      vertex -18.2856 0.892715 0
    endloop
  endfacet
  facet normal 0.809533 0.587075 0
    outer loop
      vertex -18.3674 1.04129 0.6
      vertex -18.4642 1.17477 0
      vertex -18.4642 1.17477 0.6
    endloop
  endfacet
  facet normal 0.809533 0.587075 0
    outer loop
      vertex -18.4642 1.17477 0
      vertex -18.3674 1.04129 0.6
      vertex -18.3674 1.04129 0
    endloop
  endfacet
  facet normal 0.727177 0.68645 0
    outer loop
      vertex -18.4642 1.17477 0.6
      vertex -18.5746 1.29172 0
      vertex -18.5746 1.29172 0.6
    endloop
  endfacet
  facet normal 0.727177 0.68645 0
    outer loop
      vertex -18.5746 1.29172 0
      vertex -18.4642 1.17477 0.6
      vertex -18.4642 1.17477 0
    endloop
  endfacet
  facet normal 0.627127 0.778917 -0
    outer loop
      vertex -18.5746 1.29172 0
      vertex -18.6975 1.39067 0.6
      vertex -18.5746 1.29172 0.6
    endloop
  endfacet
  facet normal 0.627127 0.778917 0
    outer loop
      vertex -18.6975 1.39067 0.6
      vertex -18.5746 1.29172 0
      vertex -18.6975 1.39067 0
    endloop
  endfacet
  facet normal 0.51319 0.858275 -0
    outer loop
      vertex -18.6975 1.39067 0
      vertex -18.8329 1.47163 0.6
      vertex -18.6975 1.39067 0.6
    endloop
  endfacet
  facet normal 0.51319 0.858275 0
    outer loop
      vertex -18.8329 1.47163 0.6
      vertex -18.6975 1.39067 0
      vertex -18.8329 1.47163 0
    endloop
  endfacet
  facet normal 0.391562 0.920152 -0
    outer loop
      vertex -18.8329 1.47163 0
      vertex -18.9809 1.53461 0.6
      vertex -18.8329 1.47163 0.6
    endloop
  endfacet
  facet normal 0.391562 0.920152 0
    outer loop
      vertex -18.9809 1.53461 0.6
      vertex -18.8329 1.47163 0
      vertex -18.9809 1.53461 0
    endloop
  endfacet
  facet normal 0.269852 0.962902 -0
    outer loop
      vertex -18.9809 1.53461 0
      vertex -19.1414 1.57959 0.6
      vertex -18.9809 1.53461 0.6
    endloop
  endfacet
  facet normal 0.269852 0.962902 0
    outer loop
      vertex -19.1414 1.57959 0.6
      vertex -18.9809 1.53461 0
      vertex -19.1414 1.57959 0
    endloop
  endfacet
  facet normal 0.154004 0.98807 -0
    outer loop
      vertex -19.1414 1.57959 0
      vertex -19.3145 1.60657 0.6
      vertex -19.1414 1.57959 0.6
    endloop
  endfacet
  facet normal 0.154004 0.98807 0
    outer loop
      vertex -19.3145 1.60657 0.6
      vertex -19.1414 1.57959 0
      vertex -19.3145 1.60657 0
    endloop
  endfacet
  facet normal 0.0484605 0.998825 -0
    outer loop
      vertex -19.3145 1.60657 0
      vertex -19.5 1.61557 0.6
      vertex -19.3145 1.60657 0.6
    endloop
  endfacet
  facet normal 0.0484605 0.998825 0
    outer loop
      vertex -19.5 1.61557 0.6
      vertex -19.3145 1.60657 0
      vertex -19.5 1.61557 0
    endloop
  endfacet
  facet normal -0.0514637 0.998675 0
    outer loop
      vertex -19.5 1.61557 0
      vertex -19.6795 1.60632 0.6
      vertex -19.5 1.61557 0.6
    endloop
  endfacet
  facet normal -0.0514637 0.998675 0
    outer loop
      vertex -19.6795 1.60632 0.6
      vertex -19.5 1.61557 0
      vertex -19.6795 1.60632 0
    endloop
  endfacet
  facet normal -0.999924 0.0123333 0
    outer loop
      vertex -25.7346 -0.580505 0
      vertex -25.7334 -0.483215 0.6
      vertex -25.7334 -0.483215 0
    endloop
  endfacet
  facet normal -0.999924 0.0123333 0
    outer loop
      vertex -25.7334 -0.483215 0.6
      vertex -25.7346 -0.580505 0
      vertex -25.7346 -0.580505 0.6
    endloop
  endfacet
  facet normal -0.999357 0.0358663 0
    outer loop
      vertex -25.7384 -0.686386 0
      vertex -25.7346 -0.580505 0.6
      vertex -25.7346 -0.580505 0
    endloop
  endfacet
  facet normal -0.999357 0.0358663 0
    outer loop
      vertex -25.7346 -0.580505 0.6
      vertex -25.7384 -0.686386 0
      vertex -25.7384 -0.686386 0.6
    endloop
  endfacet
  facet normal -0.998536 0.05409 0
    outer loop
      vertex -25.7446 -0.800842 0
      vertex -25.7384 -0.686386 0.6
      vertex -25.7384 -0.686386 0
    endloop
  endfacet
  facet normal -0.998536 0.05409 0
    outer loop
      vertex -25.7384 -0.686386 0.6
      vertex -25.7446 -0.800842 0
      vertex -25.7446 -0.800842 0.6
    endloop
  endfacet
  facet normal -0.997509 0.0705372 0
    outer loop
      vertex -25.7533 -0.923874 0
      vertex -25.7446 -0.800842 0.6
      vertex -25.7446 -0.800842 0
    endloop
  endfacet
  facet normal -0.997509 0.0705372 0
    outer loop
      vertex -25.7446 -0.800842 0.6
      vertex -25.7533 -0.923874 0
      vertex -25.7533 -0.923874 0.6
    endloop
  endfacet
  facet normal -0.996398 0.084796 0
    outer loop
      vertex -25.7645 -1.05548 0
      vertex -25.7533 -0.923874 0.6
      vertex -25.7533 -0.923874 0
    endloop
  endfacet
  facet normal -0.996398 0.084796 0
    outer loop
      vertex -25.7533 -0.923874 0.6
      vertex -25.7645 -1.05548 0
      vertex -25.7645 -1.05548 0.6
    endloop
  endfacet
  facet normal -0.99526 0.0972475 0
    outer loop
      vertex -25.7782 -1.19569 0
      vertex -25.7645 -1.05548 0.6
      vertex -25.7645 -1.05548 0
    endloop
  endfacet
  facet normal -0.99526 0.0972475 0
    outer loop
      vertex -25.7645 -1.05548 0.6
      vertex -25.7782 -1.19569 0
      vertex -25.7782 -1.19569 0.6
    endloop
  endfacet
  facet normal -0.994124 0.108246 0
    outer loop
      vertex -25.7944 -1.34447 0
      vertex -25.7782 -1.19569 0.6
      vertex -25.7782 -1.19569 0
    endloop
  endfacet
  facet normal -0.994124 0.108246 0
    outer loop
      vertex -25.7782 -1.19569 0.6
      vertex -25.7944 -1.34447 0
      vertex -25.7944 -1.34447 0.6
    endloop
  endfacet
  facet normal 0.870314 -0.492497 0
    outer loop
      vertex -25.7944 -1.34447 0.6
      vertex -23.7126 2.33437 0
      vertex -23.7126 2.33437 0.6
    endloop
  endfacet
  facet normal 0.870314 -0.492497 0
    outer loop
      vertex -23.7126 2.33437 0
      vertex -25.7944 -1.34447 0.6
      vertex -25.7944 -1.34447 0
    endloop
  endfacet
  facet normal 0 -1 0
    outer loop
      vertex -23.7126 2.33437 0
      vertex -22.5394 2.33437 0.6
      vertex -23.7126 2.33437 0.6
    endloop
  endfacet
  facet normal 0 -1 -0
    outer loop
      vertex -22.5394 2.33437 0.6
      vertex -23.7126 2.33437 0
      vertex -22.5394 2.33437 0
    endloop
  endfacet
  facet normal -1 0 0
    outer loop
      vertex -22.5394 -2.44302 0
      vertex -22.5394 2.33437 0.6
      vertex -22.5394 2.33437 0
    endloop
  endfacet
  facet normal -1 -0 0
    outer loop
      vertex -22.5394 2.33437 0.6
      vertex -22.5394 -2.44302 0
      vertex -22.5394 -2.44302 0.6
    endloop
  endfacet
  facet normal 0 1 -0
    outer loop
      vertex -22.5394 -2.44302 0
      vertex -23.4277 -2.44302 0.6
      vertex -22.5394 -2.44302 0.6
    endloop
  endfacet
  facet normal 0 1 0
    outer loop
      vertex -23.4277 -2.44302 0.6
      vertex -22.5394 -2.44302 0
      vertex -23.4277 -2.44302 0
    endloop
  endfacet
  facet normal 1 -0 0
    outer loop
      vertex -23.4277 -2.44302 0.6
      vertex -23.4277 0.333923 0
      vertex -23.4277 0.333923 0.6
    endloop
  endfacet
  facet normal 1 0 0
    outer loop
      vertex -23.4277 0.333923 0
      vertex -23.4277 -2.44302 0.6
      vertex -23.4277 -2.44302 0
    endloop
  endfacet
  facet normal 0.999952 -0.00983728 0
    outer loop
      vertex -23.4277 0.333923 0.6
      vertex -23.4265 0.455902 0
      vertex -23.4265 0.455902 0.6
    endloop
  endfacet
  facet normal 0.999952 -0.00983728 0
    outer loop
      vertex -23.4265 0.455902 0
      vertex -23.4277 0.333923 0.6
      vertex -23.4277 0.333923 0
    endloop
  endfacet
  facet normal 0.999567 -0.0294184 0
    outer loop
      vertex -23.4265 0.455902 0.6
      vertex -23.4228 0.581619 0
      vertex -23.4228 0.581619 0.6
    endloop
  endfacet
  facet normal 0.999567 -0.0294184 0
    outer loop
      vertex -23.4228 0.581619 0
      vertex -23.4265 0.455902 0.6
      vertex -23.4265 0.455902 0
    endloop
  endfacet
  facet normal 0.998818 -0.048602 0
    outer loop
      vertex -23.4228 0.581619 0.6
      vertex -23.4165 0.71109 0
      vertex -23.4165 0.71109 0.6
    endloop
  endfacet
  facet normal 0.998818 -0.048602 0
    outer loop
      vertex -23.4165 0.71109 0
      vertex -23.4228 0.581619 0.6
      vertex -23.4228 0.581619 0
    endloop
  endfacet
  facet normal 0.997874 -0.0651794 0
    outer loop
      vertex -23.4165 0.71109 0.6
      vertex -23.4078 0.844284 0
      vertex -23.4078 0.844284 0.6
    endloop
  endfacet
  facet normal 0.997874 -0.0651794 0
    outer loop
      vertex -23.4078 0.844284 0
      vertex -23.4165 0.71109 0.6
      vertex -23.4165 0.71109 0
    endloop
  endfacet
  facet normal 0.996672 -0.0815202 0
    outer loop
      vertex -23.4078 0.844284 0.6
      vertex -23.3966 0.981216 0
      vertex -23.3966 0.981216 0.6
    endloop
  endfacet
  facet normal 0.996672 -0.0815202 0
    outer loop
      vertex -23.3966 0.981216 0
      vertex -23.4078 0.844284 0.6
      vertex -23.4078 0.844284 0
    endloop
  endfacet
  facet normal 0.995292 -0.0969229 0
    outer loop
      vertex -23.3966 0.981216 0.6
      vertex -23.3829 1.1219 0
      vertex -23.3829 1.1219 0.6
    endloop
  endfacet
  facet normal 0.995292 -0.0969229 0
    outer loop
      vertex -23.3829 1.1219 0
      vertex -23.3966 0.981216 0.6
      vertex -23.3966 0.981216 0
    endloop
  endfacet
  facet normal 0.993767 -0.111481 0
    outer loop
      vertex -23.3829 1.1219 0.6
      vertex -23.3667 1.26631 0
      vertex -23.3667 1.26631 0.6
    endloop
  endfacet
  facet normal 0.993767 -0.111481 0
    outer loop
      vertex -23.3667 1.26631 0
      vertex -23.3829 1.1219 0.6
      vertex -23.3829 1.1219 0
    endloop
  endfacet
  facet normal -0.868971 0.494864 0
    outer loop
      vertex -25.4791 -2.44302 0
      vertex -23.3667 1.26631 0.6
      vertex -23.3667 1.26631 0
    endloop
  endfacet
  facet normal -0.868971 0.494864 0
    outer loop
      vertex -23.3667 1.26631 0.6
      vertex -25.4791 -2.44302 0
      vertex -25.4791 -2.44302 0.6
    endloop
  endfacet
  facet normal 0 1 -0
    outer loop
      vertex -25.4791 -2.44302 0
      vertex -26.6217 -2.44302 0.6
      vertex -25.4791 -2.44302 0.6
    endloop
  endfacet
  facet normal 0 1 0
    outer loop
      vertex -26.6217 -2.44302 0.6
      vertex -25.4791 -2.44302 0
      vertex -26.6217 -2.44302 0
    endloop
  endfacet
  facet normal 1 -0 0
    outer loop
      vertex -26.6217 -2.44302 0.6
      vertex -26.6217 2.33437 0
      vertex -26.6217 2.33437 0.6
    endloop
  endfacet
  facet normal 1 0 0
    outer loop
      vertex -26.6217 2.33437 0
      vertex -26.6217 -2.44302 0.6
      vertex -26.6217 -2.44302 0
    endloop
  endfacet
  facet normal 0 -1 0
    outer loop
      vertex -26.6217 2.33437 0
      vertex -25.7334 2.33437 0.6
      vertex -26.6217 2.33437 0.6
    endloop
  endfacet
  facet normal 0 -1 -0
    outer loop
      vertex -25.7334 2.33437 0.6
      vertex -26.6217 2.33437 0
      vertex -25.7334 2.33437 0
    endloop
  endfacet
  facet normal -1 0 0
    outer loop
      vertex -25.7334 -0.483215 0
      vertex -25.7334 2.33437 0.6
      vertex -25.7334 2.33437 0
    endloop
  endfacet
  facet normal -1 -0 0
    outer loop
      vertex -25.7334 2.33437 0.6
      vertex -25.7334 -0.483215 0
      vertex -25.7334 -0.483215 0.6
    endloop
  endfacet
  facet normal -1 0 0
    outer loop
      vertex -9 -9 0
      vertex -9 9 8
      vertex -9 9 0
    endloop
  endfacet
  facet normal -1 -0 0
    outer loop
      vertex -9 9 8
      vertex -9 -9 0
      vertex -9 -9 8
    endloop
  endfacet
  facet normal 0 0 -1
    outer loop
      vertex -3.09396 -1.41695 0
      vertex -2.94728 0.905563 0
      vertex -2.3801 1.35393 0
    endloop
  endfacet
  facet normal 0 0 -1
    outer loop
      vertex -4.43401 0.905563 0
      vertex -3.09396 -1.41695 0
      vertex -4.43401 -1.41695 0
    endloop
  endfacet
  facet normal 0 0 -1
    outer loop
      vertex -3.09396 -1.41695 0
      vertex -4.43401 0.905563 0
      vertex -2.94728 0.905563 0
    endloop
  endfacet
  facet normal 0 0 -1
    outer loop
      vertex 3.93307 0.217239 0
      vertex 3.19992 1.35393 0
      vertex 3.93307 1.35393 0
    endloop
  endfacet
  facet normal 0 0 -1
    outer loop
      vertex 2.19304 -1.41695 0
      vertex 3.93307 0.217239 0
      vertex 2.94586 -1.41695 0
    endloop
  endfacet
  facet normal -0 0 -1
    outer loop
      vertex 3.93307 0.217239 0
      vertex 2.19304 -1.41695 0
      vertex 3.19992 1.35393 0
    endloop
  endfacet
  facet normal 0 0 -1
    outer loop
      vertex 9 -9 0
      vertex 8.02957 0.555496 0
      vertex 9 9 0
    endloop
  endfacet
  facet normal 0 0 -1
    outer loop
      vertex 9 -9 0
      vertex 8.02849 0.506882 0
      vertex 8.02957 0.555496 0
    endloop
  endfacet
  facet normal 0 0 -1
    outer loop
      vertex 9 -9 0
      vertex 8.02524 0.459915 0
      vertex 8.02849 0.506882 0
    endloop
  endfacet
  facet normal 0 0 -1
    outer loop
      vertex 7.95682 -0.764038 0
      vertex 8.02524 0.459915 0
      vertex 9 -9 0
    endloop
  endfacet
  facet normal 0 0 -1
    outer loop
      vertex 8.02524 0.459915 0
      vertex 7.95682 -0.764038 0
      vertex 8.01982 0.414581 0
    endloop
  endfacet
  facet normal 0 0 -1
    outer loop
      vertex 8.01982 0.414581 0
      vertex 7.95682 -0.764038 0
      vertex 8.01224 0.370895 0
    endloop
  endfacet
  facet normal 0 0 -1
    outer loop
      vertex 8.01224 0.370895 0
      vertex 7.95682 -0.764038 0
      vertex 8.00249 0.328857 0
    endloop
  endfacet
  facet normal 0 0 -1
    outer loop
      vertex 8.00249 0.328857 0
      vertex 7.95682 -0.764038 0
      vertex 7.99057 0.288467 0
    endloop
  endfacet
  facet normal 0 0 -1
    outer loop
      vertex 7.99057 0.288467 0
      vertex 7.95682 -0.764038 0
      vertex 7.97649 0.249725 0
    endloop
  endfacet
  facet normal 0 0 -1
    outer loop
      vertex 7.97649 0.249725 0
      vertex 7.95682 -0.764038 0
      vertex 7.96034 0.212555 0
    endloop
  endfacet
  facet normal 0 0 -1
    outer loop
      vertex 9 -9 0
      vertex 7.93172 -0.865952 0
      vertex 7.95682 -0.764038 0
    endloop
  endfacet
  facet normal 0 0 -1
    outer loop
      vertex 9 -9 0
      vertex 7.89911 -0.959259 0
      vertex 7.93172 -0.865952 0
    endloop
  endfacet
  facet normal 0 0 -1
    outer loop
      vertex 9 -9 0
      vertex 7.85898 -1.04398 0
      vertex 7.89911 -0.959259 0
    endloop
  endfacet
  facet normal 0 0 -1
    outer loop
      vertex 9 -9 0
      vertex 7.81137 -1.12012 0
      vertex 7.85898 -1.04398 0
    endloop
  endfacet
  facet normal 0 0 -1
    outer loop
      vertex 9 -9 0
      vertex 7.75624 -1.18765 0
      vertex 7.81137 -1.12012 0
    endloop
  endfacet
  facet normal 0 0 -1
    outer loop
      vertex 9 -9 0
      vertex 7.6936 -1.24661 0
      vertex 7.75624 -1.18765 0
    endloop
  endfacet
  facet normal 0 0 -1
    outer loop
      vertex 9 -9 0
      vertex 7.62346 -1.29697 0
      vertex 7.6936 -1.24661 0
    endloop
  endfacet
  facet normal 0 0 -1
    outer loop
      vertex 9 -9 0
      vertex 7.54434 -1.33975 0
      vertex 7.62346 -1.29697 0
    endloop
  endfacet
  facet normal 0 0 -1
    outer loop
      vertex 9 -9 0
      vertex 7.45474 -1.37596 0
      vertex 7.54434 -1.33975 0
    endloop
  endfacet
  facet normal 0 0 -1
    outer loop
      vertex 9 -9 0
      vertex 7.35468 -1.40558 0
      vertex 7.45474 -1.37596 0
    endloop
  endfacet
  facet normal 0 0 -1
    outer loop
      vertex 9 -9 0
      vertex 7.24413 -1.42862 0
      vertex 7.35468 -1.40558 0
    endloop
  endfacet
  facet normal 0 0 -1
    outer loop
      vertex 9 -9 0
      vertex 7.12311 -1.44508 0
      vertex 7.24413 -1.42862 0
    endloop
  endfacet
  facet normal 0 0 -1
    outer loop
      vertex 9 -9 0
      vertex 6.99161 -1.45496 0
      vertex 7.12311 -1.44508 0
    endloop
  endfacet
  facet normal 0 0 -1
    outer loop
      vertex 9 -9 0
      vertex 6.84962 -1.45824 0
      vertex 6.99161 -1.45496 0
    endloop
  endfacet
  facet normal 0 0 -1
    outer loop
      vertex 9 -9 0
      vertex 6.70091 -1.45416 0
      vertex 6.84962 -1.45824 0
    endloop
  endfacet
  facet normal 0 0 -1
    outer loop
      vertex 9 -9 0
      vertex 6.56268 -1.44196 0
      vertex 6.70091 -1.45416 0
    endloop
  endfacet
  facet normal 0 0 -1
    outer loop
      vertex 5.49846 -1.41695 0
      vertex 6.56268 -1.44196 0
      vertex 9 -9 0
    endloop
  endfacet
  facet normal 0 0 -1
    outer loop
      vertex 6.56268 -1.44196 0
      vertex 5.49846 -1.41695 0
      vertex 6.43492 -1.42159 0
    endloop
  endfacet
  facet normal 0 0 -1
    outer loop
      vertex 6.43492 -1.42159 0
      vertex 5.49846 -1.41695 0
      vertex 6.31763 -1.39307 0
    endloop
  endfacet
  facet normal -0 0 -1
    outer loop
      vertex 6.31763 -1.39307 0
      vertex 5.49846 -1.41695 0
      vertex 6.21082 -1.3564 0
    endloop
  endfacet
  facet normal -0 0 -1
    outer loop
      vertex 6.21082 -1.3564 0
      vertex 5.49846 -1.41695 0
      vertex 6.11447 -1.3116 0
    endloop
  endfacet
  facet normal -0 0 -1
    outer loop
      vertex 6.11447 -1.3116 0
      vertex 5.49846 -1.41695 0
      vertex 6.02861 -1.25864 0
    endloop
  endfacet
  facet normal -0 0 -1
    outer loop
      vertex 6.02861 -1.25864 0
      vertex 5.49846 -1.41695 0
      vertex 5.95374 -1.19801 0
    endloop
  endfacet
  facet normal -0 0 -1
    outer loop
      vertex 5.95374 -1.19801 0
      vertex 5.49846 -1.41695 0
      vertex 5.89038 -1.1302 0
    endloop
  endfacet
  facet normal -0 0 -1
    outer loop
      vertex 5.89038 -1.1302 0
      vertex 5.49846 -1.41695 0
      vertex 5.83856 -1.05522 0
    endloop
  endfacet
  facet normal 0 0 -1
    outer loop
      vertex 5.49846 -1.41695 0
      vertex 5.74641 -0.683426 0
      vertex 5.75217 -0.78714 0
    endloop
  endfacet
  facet normal -0 0 -1
    outer loop
      vertex 5.74641 -0.683426 0
      vertex 5.49846 -1.41695 0
      vertex 4.51125 0.217239 0
    endloop
  endfacet
  facet normal -0 0 -1
    outer loop
      vertex 5.76944 -0.883682 0
      vertex 5.49846 -1.41695 0
      vertex 5.75217 -0.78714 0
    endloop
  endfacet
  facet normal -0 0 -1
    outer loop
      vertex 5.79825 -0.973038 0
      vertex 5.49846 -1.41695 0
      vertex 5.76944 -0.883682 0
    endloop
  endfacet
  facet normal -0 0 -1
    outer loop
      vertex 5.83856 -1.05522 0
      vertex 5.49846 -1.41695 0
      vertex 5.79825 -0.973038 0
    endloop
  endfacet
  facet normal 0 0 -1
    outer loop
      vertex 9 -9 0
      vertex 4.89079 -1.41695 0
      vertex 5.49846 -1.41695 0
    endloop
  endfacet
  facet normal 0 0 -1
    outer loop
      vertex 3.55356 -1.41695 0
      vertex 4.89079 -1.41695 0
      vertex 9 -9 0
    endloop
  endfacet
  facet normal 0 0 -1
    outer loop
      vertex 4.89079 -1.41695 0
      vertex 3.55356 -1.41695 0
      vertex 4.21823 -0.244888 0
    endloop
  endfacet
  facet normal 0 0 -1
    outer loop
      vertex 9 -9 0
      vertex 2.94586 -1.41695 0
      vertex 3.55356 -1.41695 0
    endloop
  endfacet
  facet normal 0 0 -1
    outer loop
      vertex 9 -9 0
      vertex 2.19304 -1.41695 0
      vertex 2.94586 -1.41695 0
    endloop
  endfacet
  facet normal 0 0 -1
    outer loop
      vertex 9 -9 0
      vertex 1.50867 -1.41695 0
      vertex 2.19304 -1.41695 0
    endloop
  endfacet
  facet normal 0 0 -1
    outer loop
      vertex 9 -9 0
      vertex 0.699509 -1.41695 0
      vertex 1.50867 -1.41695 0
    endloop
  endfacet
  facet normal 0 0 -1
    outer loop
      vertex 9 -9 0
      vertex 0.111511 -1.41695 0
      vertex 0.699509 -1.41695 0
    endloop
  endfacet
  facet normal 0 0 -1
    outer loop
      vertex -0.515808 0.0579834 0
      vertex -0.222794 0.124817 0
      vertex 0.111511 -1.41695 0
    endloop
  endfacet
  facet normal 0 0 -1
    outer loop
      vertex -0.327011 0.577133 0
      vertex -0.403107 0.647446 0
      vertex -0.376175 0.805252 0
    endloop
  endfacet
  facet normal 0 -0 -1
    outer loop
      vertex -0.487549 0.186401 0
      vertex -0.222794 0.124817 0
      vertex -0.502838 0.113678 0
    endloop
  endfacet
  facet normal -0 0 -1
    outer loop
      vertex -0.327011 0.577133 0
      vertex -0.427704 0.506668 0
      vertex -0.403107 0.647446 0
    endloop
  endfacet
  facet normal 0 0 -1
    outer loop
      vertex -0.327011 0.577133 0
      vertex -0.449982 0.382889 0
      vertex -0.427704 0.506668 0
    endloop
  endfacet
  facet normal 0 0 -1
    outer loop
      vertex -0.222794 0.124817 0
      vertex -0.449982 0.382889 0
      vertex -0.327011 0.577133 0
    endloop
  endfacet
  facet normal 0 -0 -1
    outer loop
      vertex -0.449982 0.382889 0
      vertex -0.222794 0.124817 0
      vertex -0.46994 0.276138 0
    endloop
  endfacet
  facet normal 0 -0 -1
    outer loop
      vertex -0.46994 0.276138 0
      vertex -0.222794 0.124817 0
      vertex -0.487549 0.186401 0
    endloop
  endfacet
  facet normal 0 0 -1
    outer loop
      vertex -0.222794 0.124817 0
      vertex -0.515808 0.0579834 0
      vertex -0.502838 0.113678 0
    endloop
  endfacet
  facet normal 0 0 -1
    outer loop
      vertex 0.111511 -1.41695 0
      vertex -0.86586 -1.41695 0
      vertex -0.515808 0.0579834 0
    endloop
  endfacet
  facet normal 0 0 -1
    outer loop
      vertex -9 -9 0
      vertex 0.111511 -1.41695 0
      vertex 9 -9 0
    endloop
  endfacet
  facet normal -0 0 -1
    outer loop
      vertex 0.111511 -1.41695 0
      vertex -9 -9 0
      vertex -0.86586 -1.41695 0
    endloop
  endfacet
  facet normal -0 0 -1
    outer loop
      vertex -1.99866 0.727646 0
      vertex -2.1048 0.372635 0
      vertex -2.01433 0.805252 0
    endloop
  endfacet
  facet normal -0 0 -1
    outer loop
      vertex -1.98311 0.651062 0
      vertex -2.1048 0.372635 0
      vertex -1.99866 0.727646 0
    endloop
  endfacet
  facet normal -0 0 -1
    outer loop
      vertex -1.96768 0.57547 0
      vertex -2.1048 0.372635 0
      vertex -1.98311 0.651062 0
    endloop
  endfacet
  facet normal -0 0 -1
    outer loop
      vertex -1.95238 0.50087 0
      vertex -2.1048 0.372635 0
      vertex -1.96768 0.57547 0
    endloop
  endfacet
  facet normal -0 0 -1
    outer loop
      vertex -1.93718 0.427292 0
      vertex -2.1048 0.372635 0
      vertex -1.95238 0.50087 0
    endloop
  endfacet
  facet normal 0 0 -1
    outer loop
      vertex -1.92212 0.354706 0
      vertex -2.1048 0.372635 0
      vertex -1.93718 0.427292 0
    endloop
  endfacet
  facet normal 0 0 -1
    outer loop
      vertex -1.90717 0.283127 0
      vertex -2.1048 0.372635 0
      vertex -1.92212 0.354706 0
    endloop
  endfacet
  facet normal 0 0 -1
    outer loop
      vertex -1.8864 0.187515 0
      vertex -2.1048 0.372635 0
      vertex -1.90717 0.283127 0
    endloop
  endfacet
  facet normal 0 0 -1
    outer loop
      vertex -1.85385 0.0428162 0
      vertex -2.1048 0.372635 0
      vertex -1.8864 0.187515 0
    endloop
  endfacet
  facet normal 0 0 -1
    outer loop
      vertex -1.80957 -0.150955 0
      vertex -2.1048 0.372635 0
      vertex -1.85385 0.0428162 0
    endloop
  endfacet
  facet normal 0 0 -1
    outer loop
      vertex -2.50597 -1.41695 0
      vertex -1.80957 -0.150955 0
      vertex -1.75352 -0.393829 0
    endloop
  endfacet
  facet normal 0 0 -1
    outer loop
      vertex -2.50597 -1.41695 0
      vertex -1.75352 -0.393829 0
      vertex -1.68571 -0.685776 0
    endloop
  endfacet
  facet normal 0 0 -1
    outer loop
      vertex -2.50597 -1.41695 0
      vertex -1.68571 -0.685776 0
      vertex -1.60616 -1.02682 0
    endloop
  endfacet
  facet normal 0 0 -1
    outer loop
      vertex -2.50597 -1.41695 0
      vertex -1.60616 -1.02682 0
      vertex -1.51483 -1.41695 0
    endloop
  endfacet
  facet normal -0 0 -1
    outer loop
      vertex -1.80957 -0.150955 0
      vertex -2.50597 -1.41695 0
      vertex -2.1048 0.372635 0
    endloop
  endfacet
  facet normal -0 0 -1
    outer loop
      vertex -0.86586 -1.41695 0
      vertex -9 -9 0
      vertex -1.51483 -1.41695 0
    endloop
  endfacet
  facet normal -0 0 -1
    outer loop
      vertex -1.51483 -1.41695 0
      vertex -9 -9 0
      vertex -2.50597 -1.41695 0
    endloop
  endfacet
  facet normal -0 0 -1
    outer loop
      vertex -2.50597 -1.41695 0
      vertex -9 -9 0
      vertex -3.09396 -1.41695 0
    endloop
  endfacet
  facet normal -0 0 -1
    outer loop
      vertex -3.09396 -1.41695 0
      vertex -9 -9 0
      vertex -4.43401 -1.41695 0
    endloop
  endfacet
  facet normal 0 0 -1
    outer loop
      vertex -5.01414 -1.41695 0
      vertex -5.32176 1.35393 0
      vertex -5.01414 1.35393 0
    endloop
  endfacet
  facet normal 0 0 -1
    outer loop
      vertex -5.01414 -1.41695 0
      vertex -6.32863 -1.41695 0
      vertex -5.32176 1.35393 0
    endloop
  endfacet
  facet normal -0 0 -1
    outer loop
      vertex -4.43401 -1.41695 0
      vertex -9 -9 0
      vertex -5.01414 -1.41695 0
    endloop
  endfacet
  facet normal -0 0 -1
    outer loop
      vertex -5.01414 -1.41695 0
      vertex -9 -9 0
      vertex -6.32863 -1.41695 0
    endloop
  endfacet
  facet normal -0 0 -1
    outer loop
      vertex -7.013 -1.41695 0
      vertex -9 -9 0
      vertex -8.02383 1.35393 0
    endloop
  endfacet
  facet normal -0 0 -1
    outer loop
      vertex -6.32863 -1.41695 0
      vertex -9 -9 0
      vertex -7.013 -1.41695 0
    endloop
  endfacet
  facet normal 0 0 -1
    outer loop
      vertex 8.02342 0.667892 0
      vertex 9 9 0
      vertex 8.02957 0.555496 0
    endloop
  endfacet
  facet normal 0 0 -1
    outer loop
      vertex 8.00493 0.772461 0
      vertex 9 9 0
      vertex 8.02342 0.667892 0
    endloop
  endfacet
  facet normal 0 0 -1
    outer loop
      vertex 7.97414 0.869202 0
      vertex 9 9 0
      vertex 8.00493 0.772461 0
    endloop
  endfacet
  facet normal 0 0 -1
    outer loop
      vertex 7.931 0.95813 0
      vertex 9 9 0
      vertex 7.97414 0.869202 0
    endloop
  endfacet
  facet normal 0 0 -1
    outer loop
      vertex 7.87555 1.03922 0
      vertex 9 9 0
      vertex 7.931 0.95813 0
    endloop
  endfacet
  facet normal 0 0 -1
    outer loop
      vertex 7.80779 1.11249 0
      vertex 9 9 0
      vertex 7.87555 1.03922 0
    endloop
  endfacet
  facet normal 0 0 -1
    outer loop
      vertex 7.72769 1.17793 0
      vertex 9 9 0
      vertex 7.80779 1.11249 0
    endloop
  endfacet
  facet normal 0 0 -1
    outer loop
      vertex 7.63568 1.23506 0
      vertex 9 9 0
      vertex 7.72769 1.17793 0
    endloop
  endfacet
  facet normal 0 0 -1
    outer loop
      vertex 7.53217 1.2834 0
      vertex 9 9 0
      vertex 7.63568 1.23506 0
    endloop
  endfacet
  facet normal 0 0 -1
    outer loop
      vertex 7.41711 1.32294 0
      vertex 9 9 0
      vertex 7.53217 1.2834 0
    endloop
  endfacet
  facet normal 0 0 -1
    outer loop
      vertex 7.29056 1.3537 0
      vertex 9 9 0
      vertex 7.41711 1.32294 0
    endloop
  endfacet
  facet normal 0 0 -1
    outer loop
      vertex 7.15248 1.37567 0
      vertex 9 9 0
      vertex 7.29056 1.3537 0
    endloop
  endfacet
  facet normal 0 0 -1
    outer loop
      vertex 7.00288 1.38885 0
      vertex 9 9 0
      vertex 7.15248 1.37567 0
    endloop
  endfacet
  facet normal 0 0 -1
    outer loop
      vertex 6.84177 1.39325 0
      vertex 9 9 0
      vertex 7.00288 1.38885 0
    endloop
  endfacet
  facet normal 0 0 -1
    outer loop
      vertex 6.6942 1.3894 0
      vertex 9 9 0
      vertex 6.84177 1.39325 0
    endloop
  endfacet
  facet normal 0 0 -1
    outer loop
      vertex 6.55602 1.37784 0
      vertex 9 9 0
      vertex 6.6942 1.3894 0
    endloop
  endfacet
  facet normal 0 0 -1
    outer loop
      vertex 6.42723 1.35858 0
      vertex 9 9 0
      vertex 6.55602 1.37784 0
    endloop
  endfacet
  facet normal 0 0 -1
    outer loop
      vertex 4.51125 1.35393 0
      vertex 6.42723 1.35858 0
      vertex 6.30783 1.3316 0
    endloop
  endfacet
  facet normal 0 0 -1
    outer loop
      vertex 4.51125 1.35393 0
      vertex 6.30783 1.3316 0
      vertex 6.19783 1.29694 0
    endloop
  endfacet
  facet normal 0 0 -1
    outer loop
      vertex 4.51125 1.35393 0
      vertex 6.19783 1.29694 0
      vertex 6.09721 1.25455 0
    endloop
  endfacet
  facet normal 0 0 -1
    outer loop
      vertex 4.51125 1.35393 0
      vertex 6.09721 1.25455 0
      vertex 6.00598 1.20447 0
    endloop
  endfacet
  facet normal 0 0 -1
    outer loop
      vertex 4.51125 1.35393 0
      vertex 6.00598 1.20447 0
      vertex 5.92387 1.14655 0
    endloop
  endfacet
  facet normal 0 0 -1
    outer loop
      vertex 4.51125 1.35393 0
      vertex 5.92387 1.14655 0
      vertex 5.85059 1.08069 0
    endloop
  endfacet
  facet normal 0 0 -1
    outer loop
      vertex 4.51125 1.35393 0
      vertex 5.85059 1.08069 0
      vertex 5.78613 1.00688 0
    endloop
  endfacet
  facet normal 0 0 -1
    outer loop
      vertex 4.51125 1.35393 0
      vertex 5.78613 1.00688 0
      vertex 5.73051 0.92514 0
    endloop
  endfacet
  facet normal 0 0 -1
    outer loop
      vertex 4.51125 1.35393 0
      vertex 5.73051 0.92514 0
      vertex 5.68372 0.835434 0
    endloop
  endfacet
  facet normal 0 0 -1
    outer loop
      vertex 5.74641 -0.683426 0
      vertex 4.51125 0.217239 0
      vertex 5.61661 0.632202 0
    endloop
  endfacet
  facet normal 0 0 -1
    outer loop
      vertex 4.51125 1.35393 0
      vertex 5.61661 0.632202 0
      vertex 4.51125 0.217239 0
    endloop
  endfacet
  facet normal 0 0 -1
    outer loop
      vertex 5.61661 0.632202 0
      vertex 4.51125 1.35393 0
      vertex 5.64574 0.737793 0
    endloop
  endfacet
  facet normal 0 0 -1
    outer loop
      vertex 5.64574 0.737793 0
      vertex 4.51125 1.35393 0
      vertex 5.68372 0.835434 0
    endloop
  endfacet
  facet normal -0 0 -1
    outer loop
      vertex 6.42723 1.35858 0
      vertex 4.51125 1.35393 0
      vertex 9 9 0
    endloop
  endfacet
  facet normal 0 0 -1
    outer loop
      vertex 3.93307 1.35393 0
      vertex 9 9 0
      vertex 4.51125 1.35393 0
    endloop
  endfacet
  facet normal 0 0 -1
    outer loop
      vertex 3.19992 1.35393 0
      vertex 9 9 0
      vertex 3.93307 1.35393 0
    endloop
  endfacet
  facet normal 0 0 -1
    outer loop
      vertex 2.6257 1.35393 0
      vertex 9 9 0
      vertex 3.19992 1.35393 0
    endloop
  endfacet
  facet normal 0 0 -1
    outer loop
      vertex 1.32382 0.64595 0
      vertex 2.6257 1.35393 0
      vertex 2.37987 0.64595 0
    endloop
  endfacet
  facet normal 0 0 -1
    outer loop
      vertex 1.07799 1.35393 0
      vertex 2.6257 1.35393 0
      vertex 1.32382 0.64595 0
    endloop
  endfacet
  facet normal 0 0 -1
    outer loop
      vertex 2.6257 1.35393 0
      vertex 1.07799 1.35393 0
      vertex 9 9 0
    endloop
  endfacet
  facet normal 0 0 -1
    outer loop
      vertex 0.497849 1.35393 0
      vertex 9 9 0
      vertex 1.07799 1.35393 0
    endloop
  endfacet
  facet normal 0 0 -1
    outer loop
      vertex -0.0163116 1.35393 0
      vertex 9 9 0
      vertex 0.497849 1.35393 0
    endloop
  endfacet
  facet normal 0 0 -1
    outer loop
      vertex -9 9 0
      vertex -0.0163116 1.35393 0
      vertex -0.70459 1.35393 0
    endloop
  endfacet
  facet normal 0 0 -1
    outer loop
      vertex -1.31917 -0.246292 0
      vertex -1.0802 -0.248795 0
      vertex -1.09943 -0.330231 0
    endloop
  endfacet
  facet normal 0 0 -1
    outer loop
      vertex -1.20937 -0.769638 0
      vertex -1.18231 -0.753052 0
      vertex -1.19623 -0.840744 0
    endloop
  endfacet
  facet normal 0 0 -1
    outer loop
      vertex -1.22177 -0.703568 0
      vertex -1.18231 -0.753052 0
      vertex -1.20937 -0.769638 0
    endloop
  endfacet
  facet normal 0 0 -1
    outer loop
      vertex -1.18231 -0.753052 0
      vertex -1.22177 -0.703568 0
      vertex -1.16751 -0.666397 0
    endloop
  endfacet
  facet normal 0 0 -1
    outer loop
      vertex -1.23344 -0.642487 0
      vertex -1.16751 -0.666397 0
      vertex -1.22177 -0.703568 0
    endloop
  endfacet
  facet normal 0 0 -1
    outer loop
      vertex -1.16751 -0.666397 0
      vertex -1.23344 -0.642487 0
      vertex -1.15181 -0.580795 0
    endloop
  endfacet
  facet normal 0 0 -1
    outer loop
      vertex -1.2444 -0.586441 0
      vertex -1.15181 -0.580795 0
      vertex -1.23344 -0.642487 0
    endloop
  endfacet
  facet normal 0 0 -1
    outer loop
      vertex -1.25464 -0.535416 0
      vertex -1.15181 -0.580795 0
      vertex -1.2444 -0.586441 0
    endloop
  endfacet
  facet normal 0 0 -1
    outer loop
      vertex -1.15181 -0.580795 0
      vertex -1.25464 -0.535416 0
      vertex -1.13524 -0.496231 0
    endloop
  endfacet
  facet normal 0 0 -1
    outer loop
      vertex -1.26414 -0.489395 0
      vertex -1.13524 -0.496231 0
      vertex -1.25464 -0.535416 0
    endloop
  endfacet
  facet normal 0 0 -1
    outer loop
      vertex -1.27293 -0.44841 0
      vertex -1.13524 -0.496231 0
      vertex -1.26414 -0.489395 0
    endloop
  endfacet
  facet normal 0 0 -1
    outer loop
      vertex -1.13524 -0.496231 0
      vertex -1.27293 -0.44841 0
      vertex -1.11778 -0.412704 0
    endloop
  endfacet
  facet normal 0 0 -1
    outer loop
      vertex -1.28871 -0.378632 0
      vertex -1.11778 -0.412704 0
      vertex -1.27293 -0.44841 0
    endloop
  endfacet
  facet normal 0 0 -1
    outer loop
      vertex -1.11778 -0.412704 0
      vertex -1.28871 -0.378632 0
      vertex -1.09943 -0.330231 0
    endloop
  endfacet
  facet normal 0 0 -1
    outer loop
      vertex -1.31917 -0.246292 0
      vertex -1.09943 -0.330231 0
      vertex -1.28871 -0.378632 0
    endloop
  endfacet
  facet normal 0 0 -1
    outer loop
      vertex -1.0802 -0.248795 0
      vertex -1.31917 -0.246292 0
      vertex -1.36432 -0.0513763 0
    endloop
  endfacet
  facet normal 0 0 -1
    outer loop
      vertex -1.0802 -0.248795 0
      vertex -1.36432 -0.0513763 0
      vertex -1.42416 0.206085 0
    endloop
  endfacet
  facet normal 0 0 -1
    outer loop
      vertex -1.0802 -0.248795 0
      vertex -1.42416 0.206085 0
      vertex -0.70459 1.35393 0
    endloop
  endfacet
  facet normal 0 0 -1
    outer loop
      vertex -1.49869 0.526123 0
      vertex -0.70459 1.35393 0
      vertex -1.42416 0.206085 0
    endloop
  endfacet
  facet normal 0 0 -1
    outer loop
      vertex -1.58791 0.908737 0
      vertex -0.70459 1.35393 0
      vertex -1.49869 0.526123 0
    endloop
  endfacet
  facet normal 0 0 -1
    outer loop
      vertex -1.69182 1.35393 0
      vertex -0.70459 1.35393 0
      vertex -1.58791 0.908737 0
    endloop
  endfacet
  facet normal 0 0 -1
    outer loop
      vertex -9 9 0
      vertex -0.70459 1.35393 0
      vertex -1.69182 1.35393 0
    endloop
  endfacet
  facet normal 0 0 -1
    outer loop
      vertex -9 9 0
      vertex -1.69182 1.35393 0
      vertex -2.3801 1.35393 0
    endloop
  endfacet
  facet normal 0 0 -1
    outer loop
      vertex -2.94728 1.35393 0
      vertex -2.3801 1.35393 0
      vertex -2.94728 0.905563 0
    endloop
  endfacet
  facet normal 0 0 -1
    outer loop
      vertex -9 9 0
      vertex -2.3801 1.35393 0
      vertex -2.94728 1.35393 0
    endloop
  endfacet
  facet normal 0 0 -1
    outer loop
      vertex -9 9 0
      vertex -2.94728 1.35393 0
      vertex -5.01414 1.35393 0
    endloop
  endfacet
  facet normal 0 0 -1
    outer loop
      vertex -9 9 0
      vertex -5.01414 1.35393 0
      vertex -5.32176 1.35393 0
    endloop
  endfacet
  facet normal 0 0 -1
    outer loop
      vertex -9 9 0
      vertex -5.32176 1.35393 0
      vertex -5.89598 1.35393 0
    endloop
  endfacet
  facet normal 0 0 -1
    outer loop
      vertex -7.19785 0.64595 0
      vertex -5.89598 1.35393 0
      vertex -6.14182 0.64595 0
    endloop
  endfacet
  facet normal 0 0 -1
    outer loop
      vertex -7.44368 1.35393 0
      vertex -5.89598 1.35393 0
      vertex -7.19785 0.64595 0
    endloop
  endfacet
  facet normal 0 0 -1
    outer loop
      vertex -9 9 0
      vertex -5.89598 1.35393 0
      vertex -7.44368 1.35393 0
    endloop
  endfacet
  facet normal 0 0 -1
    outer loop
      vertex -9 9 0
      vertex -7.44368 1.35393 0
      vertex -8.02383 1.35393 0
    endloop
  endfacet
  facet normal 0 0 -1
    outer loop
      vertex -0.0163116 1.35393 0
      vertex -9 9 0
      vertex 9 9 0
    endloop
  endfacet
  facet normal 0 0 -1
    outer loop
      vertex -9 9 0
      vertex -8.02383 1.35393 0
      vertex -9 -9 0
    endloop
  endfacet
  facet normal 0 0 -1
    outer loop
      vertex 7.95682 -0.764038 0
      vertex 7.94228 0.17691 0
      vertex 7.96034 0.212555 0
    endloop
  endfacet
  facet normal 0 0 -1
    outer loop
      vertex 7.95682 -0.764038 0
      vertex 7.9223 0.142792 0
      vertex 7.94228 0.17691 0
    endloop
  endfacet
  facet normal 0 0 -1
    outer loop
      vertex 7.95682 -0.764038 0
      vertex 7.90038 0.110199 0
      vertex 7.9223 0.142792 0
    endloop
  endfacet
  facet normal 0 0 -1
    outer loop
      vertex 7.95682 -0.764038 0
      vertex 7.87654 0.0791321 0
      vertex 7.90038 0.110199 0
    endloop
  endfacet
  facet normal 0 0 -1
    outer loop
      vertex 7.95682 -0.764038 0
      vertex 7.85077 0.0495911 0
      vertex 7.87654 0.0791321 0
    endloop
  endfacet
  facet normal 0 0 -1
    outer loop
      vertex 7.95682 -0.764038 0
      vertex 7.82307 0.0215759 0
      vertex 7.85077 0.0495911 0
    endloop
  endfacet
  facet normal 0 0 -1
    outer loop
      vertex 7.95682 -0.764038 0
      vertex 7.79295 -0.00517273 0
      vertex 7.82307 0.0215759 0
    endloop
  endfacet
  facet normal 0 0 -1
    outer loop
      vertex 7.95682 -0.764038 0
      vertex 7.7599 -0.0309753 0
      vertex 7.79295 -0.00517273 0
    endloop
  endfacet
  facet normal 0 0 -1
    outer loop
      vertex 7.95682 -0.764038 0
      vertex 7.72392 -0.0558167 0
      vertex 7.7599 -0.0309753 0
    endloop
  endfacet
  facet normal 0 0 -1
    outer loop
      vertex 7.95682 -0.764038 0
      vertex 7.68501 -0.0796967 0
      vertex 7.72392 -0.0558167 0
    endloop
  endfacet
  facet normal 0 0 -1
    outer loop
      vertex 7.95682 -0.764038 0
      vertex 7.64317 -0.102615 0
      vertex 7.68501 -0.0796967 0
    endloop
  endfacet
  facet normal 0 0 -1
    outer loop
      vertex 7.95682 -0.764038 0
      vertex 7.5984 -0.124573 0
      vertex 7.64317 -0.102615 0
    endloop
  endfacet
  facet normal 0 0 -1
    outer loop
      vertex 7.95682 -0.764038 0
      vertex 7.5507 -0.145554 0
      vertex 7.5984 -0.124573 0
    endloop
  endfacet
  facet normal 0 0 -1
    outer loop
      vertex 7.39436 -0.687332 0
      vertex 7.5507 -0.145554 0
      vertex 7.95682 -0.764038 0
    endloop
  endfacet
  facet normal 0 0 -1
    outer loop
      vertex 7.5507 -0.145554 0
      vertex 7.39436 -0.687332 0
      vertex 7.4969 -0.166321 0
    endloop
  endfacet
  facet normal 0 0 -1
    outer loop
      vertex 7.4969 -0.166321 0
      vertex 7.39436 -0.687332 0
      vertex 7.43384 -0.187622 0
    endloop
  endfacet
  facet normal 0 0 -1
    outer loop
      vertex 6.97943 -0.301895 0
      vertex 7.39436 -0.687332 0
      vertex 7.38019 -0.736664 0
    endloop
  endfacet
  facet normal 0 0 -1
    outer loop
      vertex 6.97943 -0.301895 0
      vertex 7.38019 -0.736664 0
      vertex 7.36235 -0.782379 0
    endloop
  endfacet
  facet normal 0 0 -1
    outer loop
      vertex 7.39436 -0.687332 0
      vertex 7.3615 -0.209427 0
      vertex 7.43384 -0.187622 0
    endloop
  endfacet
  facet normal 0 0 -1
    outer loop
      vertex 6.97943 -0.301895 0
      vertex 7.36235 -0.782379 0
      vertex 7.34085 -0.824478 0
    endloop
  endfacet
  facet normal 0 0 -1
    outer loop
      vertex 6.97943 -0.301895 0
      vertex 7.34085 -0.824478 0
      vertex 7.31572 -0.862961 0
    endloop
  endfacet
  facet normal 0 0 -1
    outer loop
      vertex 6.97943 -0.301895 0
      vertex 7.31572 -0.862961 0
      vertex 7.28691 -0.897827 0
    endloop
  endfacet
  facet normal 0 0 -1
    outer loop
      vertex 7.39436 -0.687332 0
      vertex 7.27989 -0.231766 0
      vertex 7.3615 -0.209427 0
    endloop
  endfacet
  facet normal 0 0 -1
    outer loop
      vertex 6.97943 -0.301895 0
      vertex 7.28691 -0.897827 0
      vertex 7.25447 -0.929092 0
    endloop
  endfacet
  facet normal 0 0 -1
    outer loop
      vertex 6.97943 -0.301895 0
      vertex 7.25447 -0.929092 0
      vertex 7.21837 -0.956741 0
    endloop
  endfacet
  facet normal 0 0 -1
    outer loop
      vertex 7.39436 -0.687332 0
      vertex 7.18901 -0.254623 0
      vertex 7.27989 -0.231766 0
    endloop
  endfacet
  facet normal 0 0 -1
    outer loop
      vertex 6.97943 -0.301895 0
      vertex 7.21837 -0.956741 0
      vertex 7.17809 -0.980743 0
    endloop
  endfacet
  facet normal 0 0 -1
    outer loop
      vertex 6.88797 -0.322189 0
      vertex 7.17809 -0.980743 0
      vertex 7.13312 -1.00107 0
    endloop
  endfacet
  facet normal 0 0 -1
    outer loop
      vertex 7.39436 -0.687332 0
      vertex 7.08885 -0.278 0
      vertex 7.18901 -0.254623 0
    endloop
  endfacet
  facet normal 0 0 -1
    outer loop
      vertex 6.88797 -0.322189 0
      vertex 7.13312 -1.00107 0
      vertex 7.08347 -1.01768 0
    endloop
  endfacet
  facet normal 0 0 -1
    outer loop
      vertex 6.88797 -0.322189 0
      vertex 7.08347 -1.01768 0
      vertex 7.0291 -1.03061 0
    endloop
  endfacet
  facet normal 0 0 -1
    outer loop
      vertex 7.39436 -0.687332 0
      vertex 6.97943 -0.301895 0
      vertex 7.08885 -0.278 0
    endloop
  endfacet
  facet normal 0 0 -1
    outer loop
      vertex 6.88797 -0.322189 0
      vertex 7.0291 -1.03061 0
      vertex 6.97005 -1.03984 0
    endloop
  endfacet
  facet normal 0 0 -1
    outer loop
      vertex 6.80573 -0.341461 0
      vertex 6.97005 -1.03984 0
      vertex 6.9063 -1.04538 0
    endloop
  endfacet
  facet normal 0 0 -1
    outer loop
      vertex 7.17809 -0.980743 0
      vertex 6.88797 -0.322189 0
      vertex 6.97943 -0.301895 0
    endloop
  endfacet
  facet normal 0 0 -1
    outer loop
      vertex 6.80573 -0.341461 0
      vertex 6.9063 -1.04538 0
      vertex 6.83786 -1.04723 0
    endloop
  endfacet
  facet normal 0 0 -1
    outer loop
      vertex 6.97005 -1.03984 0
      vertex 6.80573 -0.341461 0
      vertex 6.88797 -0.322189 0
    endloop
  endfacet
  facet normal 0 0 -1
    outer loop
      vertex 6.83786 -1.04723 0
      vertex 6.73273 -0.359741 0
      vertex 6.80573 -0.341461 0
    endloop
  endfacet
  facet normal 0 0 -1
    outer loop
      vertex 6.66895 -0.377029 0
      vertex 6.83786 -1.04723 0
      vertex 6.69803 -1.04048 0
    endloop
  endfacet
  facet normal 0 0 -1
    outer loop
      vertex 6.83786 -1.04723 0
      vertex 6.66895 -0.377029 0
      vertex 6.73273 -0.359741 0
    endloop
  endfacet
  facet normal 0 0 -1
    outer loop
      vertex 6.69803 -1.04048 0
      vertex 6.61441 -0.393295 0
      vertex 6.66895 -0.377029 0
    endloop
  endfacet
  facet normal 0 0 -1
    outer loop
      vertex 6.57971 -1.02026 0
      vertex 6.61441 -0.393295 0
      vertex 6.69803 -1.04048 0
    endloop
  endfacet
  facet normal 0 0 -1
    outer loop
      vertex 6.57971 -1.02026 0
      vertex 6.56909 -0.408569 0
      vertex 6.61441 -0.393295 0
    endloop
  endfacet
  facet normal 0 0 -1
    outer loop
      vertex 6.57971 -1.02026 0
      vertex 6.533 -0.422821 0
      vertex 6.56909 -0.408569 0
    endloop
  endfacet
  facet normal 0 0 -1
    outer loop
      vertex 6.57971 -1.02026 0
      vertex 6.50264 -0.437012 0
      vertex 6.533 -0.422821 0
    endloop
  endfacet
  facet normal 0 0 -1
    outer loop
      vertex 6.48291 -0.986542 0
      vertex 6.50264 -0.437012 0
      vertex 6.57971 -1.02026 0
    endloop
  endfacet
  facet normal 0 0 -1
    outer loop
      vertex 6.48291 -0.986542 0
      vertex 6.4745 -0.452057 0
      vertex 6.50264 -0.437012 0
    endloop
  endfacet
  facet normal 0 0 -1
    outer loop
      vertex 6.48291 -0.986542 0
      vertex 6.44855 -0.467926 0
      vertex 6.4745 -0.452057 0
    endloop
  endfacet
  facet normal 0 0 -1
    outer loop
      vertex 6.48291 -0.986542 0
      vertex 6.42482 -0.48465 0
      vertex 6.44855 -0.467926 0
    endloop
  endfacet
  facet normal 0 0 -1
    outer loop
      vertex 6.31081 -0.716858 0
      vertex 6.48291 -0.986542 0
      vertex 6.40761 -0.939346 0
    endloop
  endfacet
  facet normal 0 0 -1
    outer loop
      vertex 6.48291 -0.986542 0
      vertex 6.31081 -0.716858 0
      vertex 6.42482 -0.48465 0
    endloop
  endfacet
  facet normal 0 0 -1
    outer loop
      vertex 6.42482 -0.48465 0
      vertex 6.31081 -0.716858 0
      vertex 6.40327 -0.502197 0
    endloop
  endfacet
  facet normal 0 -0 -1
    outer loop
      vertex 6.31195 -0.686752 0
      vertex 6.40327 -0.502197 0
      vertex 6.31081 -0.716858 0
    endloop
  endfacet
  facet normal 0 0 -1
    outer loop
      vertex 6.32156 -0.804504 0
      vertex 6.40761 -0.939346 0
      vertex 6.35384 -0.878677 0
    endloop
  endfacet
  facet normal 0 0 -1
    outer loop
      vertex 6.40327 -0.502197 0
      vertex 6.31195 -0.686752 0
      vertex 6.38396 -0.520599 0
    endloop
  endfacet
  facet normal 0 -0 -1
    outer loop
      vertex 6.31538 -0.658264 0
      vertex 6.38396 -0.520599 0
      vertex 6.31195 -0.686752 0
    endloop
  endfacet
  facet normal 0 -0 -1
    outer loop
      vertex 6.32109 -0.631363 0
      vertex 6.38396 -0.520599 0
      vertex 6.31538 -0.658264 0
    endloop
  endfacet
  facet normal 0 0 -1
    outer loop
      vertex 6.40761 -0.939346 0
      vertex 6.32156 -0.804504 0
      vertex 6.31081 -0.716858 0
    endloop
  endfacet
  facet normal 0 0 -1
    outer loop
      vertex 6.38396 -0.520599 0
      vertex 6.32109 -0.631363 0
      vertex 6.36684 -0.539841 0
    endloop
  endfacet
  facet normal 0 0 -1
    outer loop
      vertex 6.35197 -0.560318 0
      vertex 6.32109 -0.631363 0
      vertex 6.3291 -0.606079 0
    endloop
  endfacet
  facet normal 0 0 -1
    outer loop
      vertex 6.36684 -0.539841 0
      vertex 6.32109 -0.631363 0
      vertex 6.35197 -0.560318 0
    endloop
  endfacet
  facet normal 0 0 -1
    outer loop
      vertex 6.35197 -0.560318 0
      vertex 6.3291 -0.606079 0
      vertex 6.33939 -0.582397 0
    endloop
  endfacet
  facet normal 0 0 -1
    outer loop
      vertex 7.37424 0.372864 0
      vertex 7.46376 0.556061 0
      vertex 7.45949 0.524887 0
    endloop
  endfacet
  facet normal -0 0 -1
    outer loop
      vertex 7.46376 0.556061 0
      vertex 7.37424 0.372864 0
      vertex 7.46518 0.588943 0
    endloop
  endfacet
  facet normal 0 0 -1
    outer loop
      vertex 7.37424 0.372864 0
      vertex 7.45949 0.524887 0
      vertex 7.45236 0.495392 0
    endloop
  endfacet
  facet normal 0 0 -1
    outer loop
      vertex 7.39536 0.394257 0
      vertex 7.45236 0.495392 0
      vertex 7.44238 0.467575 0
    endloop
  endfacet
  facet normal 0 0 -1
    outer loop
      vertex 7.39536 0.394257 0
      vertex 7.44238 0.467575 0
      vertex 7.42955 0.441452 0
    endloop
  endfacet
  facet normal 0 0 -1
    outer loop
      vertex 7.45236 0.495392 0
      vertex 7.39536 0.394257 0
      vertex 7.37424 0.372864 0
    endloop
  endfacet
  facet normal 0 0 -1
    outer loop
      vertex 7.39536 0.394257 0
      vertex 7.42955 0.441452 0
      vertex 7.41388 0.417007 0
    endloop
  endfacet
  facet normal 0 0 -1
    outer loop
      vertex 7.3508 0.352524 0
      vertex 7.46518 0.588943 0
      vertex 7.37424 0.372864 0
    endloop
  endfacet
  facet normal 0 -0 -1
    outer loop
      vertex 7.35356 0.837936 0
      vertex 7.46518 0.588943 0
      vertex 7.3508 0.352524 0
    endloop
  endfacet
  facet normal 0 0 -1
    outer loop
      vertex 7.45277 0.687027 0
      vertex 7.35356 0.837936 0
      vertex 7.41557 0.77002 0
    endloop
  endfacet
  facet normal 0 0 -1
    outer loop
      vertex 7.46518 0.588943 0
      vertex 7.35356 0.837936 0
      vertex 7.45277 0.687027 0
    endloop
  endfacet
  facet normal 0 0 -1
    outer loop
      vertex 7.32504 0.333206 0
      vertex 7.35356 0.837936 0
      vertex 7.3508 0.352524 0
    endloop
  endfacet
  facet normal 0 0 -1
    outer loop
      vertex 7.26675 0.890747 0
      vertex 7.32504 0.333206 0
      vertex 7.29695 0.314957 0
    endloop
  endfacet
  facet normal 0 0 -1
    outer loop
      vertex 7.32504 0.333206 0
      vertex 7.26675 0.890747 0
      vertex 7.35356 0.837936 0
    endloop
  endfacet
  facet normal 0 0 -1
    outer loop
      vertex 7.26653 0.297729 0
      vertex 7.26675 0.890747 0
      vertex 7.29695 0.314957 0
    endloop
  endfacet
  facet normal 0 0 -1
    outer loop
      vertex 7.15515 0.928482 0
      vertex 7.26653 0.297729 0
      vertex 7.23378 0.281555 0
    endloop
  endfacet
  facet normal 0 0 -1
    outer loop
      vertex 7.15515 0.928482 0
      vertex 7.23378 0.281555 0
      vertex 7.1987 0.266434 0
    endloop
  endfacet
  facet normal 0 0 -1
    outer loop
      vertex 7.15515 0.928482 0
      vertex 7.1987 0.266434 0
      vertex 7.1577 0.251373 0
    endloop
  endfacet
  facet normal 0 0 -1
    outer loop
      vertex 7.26653 0.297729 0
      vertex 7.15515 0.928482 0
      vertex 7.26675 0.890747 0
    endloop
  endfacet
  facet normal 0 0 -1
    outer loop
      vertex 7.01874 0.951111 0
      vertex 7.1577 0.251373 0
      vertex 7.10719 0.235443 0
    endloop
  endfacet
  facet normal 0 0 -1
    outer loop
      vertex 7.01874 0.951111 0
      vertex 7.10719 0.235443 0
      vertex 7.04718 0.218628 0
    endloop
  endfacet
  facet normal 0 0 -1
    outer loop
      vertex 7.1577 0.251373 0
      vertex 7.01874 0.951111 0
      vertex 7.15515 0.928482 0
    endloop
  endfacet
  facet normal 0 0 -1
    outer loop
      vertex 6.97765 0.200928 0
      vertex 7.01874 0.951111 0
      vertex 7.04718 0.218628 0
    endloop
  endfacet
  facet normal 0 0 -1
    outer loop
      vertex 6.85751 0.958664 0
      vertex 6.97765 0.200928 0
      vertex 6.89861 0.182343 0
    endloop
  endfacet
  facet normal 0 0 -1
    outer loop
      vertex 6.97765 0.200928 0
      vertex 6.85751 0.958664 0
      vertex 7.01874 0.951111 0
    endloop
  endfacet
  facet normal 0 0 -1
    outer loop
      vertex 6.7764 0.956635 0
      vertex 6.89861 0.182343 0
      vertex 6.81006 0.162872 0
    endloop
  endfacet
  facet normal 0 0 -1
    outer loop
      vertex 6.89861 0.182343 0
      vertex 6.7764 0.956635 0
      vertex 6.85751 0.958664 0
    endloop
  endfacet
  facet normal 0 0 -1
    outer loop
      vertex 6.62984 0.940414 0
      vertex 6.81006 0.162872 0
      vertex 6.71199 0.142517 0
    endloop
  endfacet
  facet normal 0 0 -1
    outer loop
      vertex 6.81006 0.162872 0
      vertex 6.70052 0.950562 0
      vertex 6.7764 0.956635 0
    endloop
  endfacet
  facet normal 0 0 -1
    outer loop
      vertex 6.81006 0.162872 0
      vertex 6.62984 0.940414 0
      vertex 6.70052 0.950562 0
    endloop
  endfacet
  facet normal 0 0 -1
    outer loop
      vertex 6.27757 0.752014 0
      vertex 6.71199 0.142517 0
      vertex 6.62706 0.122299 0
    endloop
  endfacet
  facet normal 0 0 -1
    outer loop
      vertex 6.71199 0.142517 0
      vertex 6.56438 0.926239 0
      vertex 6.62984 0.940414 0
    endloop
  endfacet
  facet normal 0 0 -1
    outer loop
      vertex 6.17709 0.53978 0
      vertex 6.62706 0.122299 0
      vertex 6.54984 0.103271 0
    endloop
  endfacet
  facet normal 0 0 -1
    outer loop
      vertex 6.71199 0.142517 0
      vertex 6.50412 0.908005 0
      vertex 6.56438 0.926239 0
    endloop
  endfacet
  facet normal 0 0 -1
    outer loop
      vertex 6.17709 0.53978 0
      vertex 6.54984 0.103271 0
      vertex 6.48033 0.0853882 0
    endloop
  endfacet
  facet normal 0 0 -1
    outer loop
      vertex 6.71199 0.142517 0
      vertex 6.4491 0.885712 0
      vertex 6.50412 0.908005 0
    endloop
  endfacet
  facet normal 0 0 -1
    outer loop
      vertex 6.17709 0.53978 0
      vertex 6.48033 0.0853882 0
      vertex 6.41852 0.0686798 0
    endloop
  endfacet
  facet normal 0 0 -1
    outer loop
      vertex 6.71199 0.142517 0
      vertex 6.39929 0.85936 0
      vertex 6.4491 0.885712 0
    endloop
  endfacet
  facet normal 0 0 -1
    outer loop
      vertex 6.17709 0.53978 0
      vertex 6.41852 0.0686798 0
      vertex 6.36441 0.0531311 0
    endloop
  endfacet
  facet normal 0 0 -1
    outer loop
      vertex 6.62706 0.122299 0
      vertex 6.21849 0.655777 0
      vertex 6.24582 0.70636 0
    endloop
  endfacet
  facet normal 0 0 -1
    outer loop
      vertex 6.17709 0.53978 0
      vertex 6.36441 0.0531311 0
      vertex 6.31801 0.0387421 0
    endloop
  endfacet
  facet normal 0 0 -1
    outer loop
      vertex 6.62706 0.122299 0
      vertex 6.19559 0.60025 0
      vertex 6.21849 0.655777 0
    endloop
  endfacet
  facet normal 0 0 -1
    outer loop
      vertex 6.17709 0.53978 0
      vertex 6.31801 0.0387421 0
      vertex 6.27931 0.025528 0
    endloop
  endfacet
  facet normal 0 0 -1
    outer loop
      vertex 6.62706 0.122299 0
      vertex 6.17709 0.53978 0
      vertex 6.19559 0.60025 0
    endloop
  endfacet
  facet normal 0 0 -1
    outer loop
      vertex 6.71199 0.142517 0
      vertex 6.35429 0.828522 0
      vertex 6.39929 0.85936 0
    endloop
  endfacet
  facet normal 0 0 -1
    outer loop
      vertex 6.17709 0.53978 0
      vertex 6.27931 0.025528 0
      vertex 6.24496 0.012558 0
    endloop
  endfacet
  facet normal 0 0 -1
    outer loop
      vertex 6.71199 0.142517 0
      vertex 6.31372 0.79274 0
      vertex 6.35429 0.828522 0
    endloop
  endfacet
  facet normal 0 0 -1
    outer loop
      vertex 6.17709 0.53978 0
      vertex 6.24496 0.012558 0
      vertex 6.21158 -0.00102234 0
    endloop
  endfacet
  facet normal 0 0 -1
    outer loop
      vertex 6.62706 0.122299 0
      vertex 6.24582 0.70636 0
      vertex 6.27757 0.752014 0
    endloop
  endfacet
  facet normal 0 0 -1
    outer loop
      vertex 6.17709 0.53978 0
      vertex 6.21158 -0.00102234 0
      vertex 6.17914 -0.015274 0
    endloop
  endfacet
  facet normal 0 0 -1
    outer loop
      vertex 6.71199 0.142517 0
      vertex 6.27757 0.752014 0
      vertex 6.31372 0.79274 0
    endloop
  endfacet
  facet normal 0 0 -1
    outer loop
      vertex 6.14767 -0.0301666 0
      vertex 6.17709 0.53978 0
      vertex 6.17914 -0.015274 0
    endloop
  endfacet
  facet normal 0 0 -1
    outer loop
      vertex 6.11717 -0.0457001 0
      vertex 6.17709 0.53978 0
      vertex 6.14767 -0.0301666 0
    endloop
  endfacet
  facet normal 0 0 -1
    outer loop
      vertex 6.08763 -0.0618744 0
      vertex 6.17709 0.53978 0
      vertex 6.11717 -0.0457001 0
    endloop
  endfacet
  facet normal 0 0 -1
    outer loop
      vertex 6.05905 -0.0786896 0
      vertex 6.17709 0.53978 0
      vertex 6.08763 -0.0618744 0
    endloop
  endfacet
  facet normal 0 0 -1
    outer loop
      vertex 5.61661 0.632202 0
      vertex 6.05905 -0.0786896 0
      vertex 6.03157 -0.0963287 0
    endloop
  endfacet
  facet normal 0 0 -1
    outer loop
      vertex 5.61661 0.632202 0
      vertex 6.03157 -0.0963287 0
      vertex 6.00528 -0.114975 0
    endloop
  endfacet
  facet normal 0 0 -1
    outer loop
      vertex 5.61661 0.632202 0
      vertex 6.00528 -0.114975 0
      vertex 5.98021 -0.134628 0
    endloop
  endfacet
  facet normal 0 0 -1
    outer loop
      vertex 5.61661 0.632202 0
      vertex 5.98021 -0.134628 0
      vertex 5.95633 -0.155273 0
    endloop
  endfacet
  facet normal 0 0 -1
    outer loop
      vertex 5.61661 0.632202 0
      vertex 5.95633 -0.155273 0
      vertex 5.93365 -0.176926 0
    endloop
  endfacet
  facet normal 0 0 -1
    outer loop
      vertex 5.61661 0.632202 0
      vertex 5.93365 -0.176926 0
      vertex 5.91217 -0.199585 0
    endloop
  endfacet
  facet normal 0 0 -1
    outer loop
      vertex 5.61661 0.632202 0
      vertex 5.91217 -0.199585 0
      vertex 5.89191 -0.223251 0
    endloop
  endfacet
  facet normal 0 0 -1
    outer loop
      vertex 5.61661 0.632202 0
      vertex 5.89191 -0.223251 0
      vertex 5.87286 -0.248016 0
    endloop
  endfacet
  facet normal 0 0 -1
    outer loop
      vertex 5.61661 0.632202 0
      vertex 5.87286 -0.248016 0
      vertex 5.85507 -0.273972 0
    endloop
  endfacet
  facet normal 0 0 -1
    outer loop
      vertex 5.61661 0.632202 0
      vertex 5.85507 -0.273972 0
      vertex 5.83852 -0.301147 0
    endloop
  endfacet
  facet normal 0 0 -1
    outer loop
      vertex 5.61661 0.632202 0
      vertex 5.83852 -0.301147 0
      vertex 5.82321 -0.329529 0
    endloop
  endfacet
  facet normal 0 0 -1
    outer loop
      vertex 5.61661 0.632202 0
      vertex 5.82321 -0.329529 0
      vertex 5.80914 -0.3591 0
    endloop
  endfacet
  facet normal 0 0 -1
    outer loop
      vertex 5.61661 0.632202 0
      vertex 5.80914 -0.3591 0
      vertex 5.79633 -0.389877 0
    endloop
  endfacet
  facet normal 0 0 -1
    outer loop
      vertex 6.05905 -0.0786896 0
      vertex 5.61661 0.632202 0
      vertex 6.17709 0.53978 0
    endloop
  endfacet
  facet normal 0 0 -1
    outer loop
      vertex 5.78474 -0.421875 0
      vertex 5.61661 0.632202 0
      vertex 5.79633 -0.389877 0
    endloop
  endfacet
  facet normal 0 0 -1
    outer loop
      vertex 5.77458 -0.455139 0
      vertex 5.61661 0.632202 0
      vertex 5.78474 -0.421875 0
    endloop
  endfacet
  facet normal 0 0 -1
    outer loop
      vertex 5.76598 -0.489777 0
      vertex 5.61661 0.632202 0
      vertex 5.77458 -0.455139 0
    endloop
  endfacet
  facet normal 0 0 -1
    outer loop
      vertex 5.75893 -0.525772 0
      vertex 5.61661 0.632202 0
      vertex 5.76598 -0.489777 0
    endloop
  endfacet
  facet normal 0 0 -1
    outer loop
      vertex 5.75345 -0.563141 0
      vertex 5.61661 0.632202 0
      vertex 5.75893 -0.525772 0
    endloop
  endfacet
  facet normal 0 0 -1
    outer loop
      vertex 5.74954 -0.601868 0
      vertex 5.61661 0.632202 0
      vertex 5.75345 -0.563141 0
    endloop
  endfacet
  facet normal 0 0 -1
    outer loop
      vertex 5.74719 -0.641968 0
      vertex 5.61661 0.632202 0
      vertex 5.74954 -0.601868 0
    endloop
  endfacet
  facet normal 0 0 -1
    outer loop
      vertex 5.61661 0.632202 0
      vertex 5.74719 -0.641968 0
      vertex 5.74641 -0.683426 0
    endloop
  endfacet
  facet normal 0 0 -1
    outer loop
      vertex 0.699509 -1.41695 0
      vertex 0.497849 1.35393 0
      vertex 1.50867 -1.41695 0
    endloop
  endfacet
  facet normal -0 -0 -1
    outer loop
      vertex 0.497849 1.35393 0
      vertex 0.699509 -1.41695 0
      vertex -0.0163116 1.35393 0
    endloop
  endfacet
  facet normal 0 0 -1
    outer loop
      vertex -6.68262 -0.946945 0
      vertex -6.62952 -0.854492 0
      vertex -6.67084 -0.990219 0
    endloop
  endfacet
  facet normal 0 0 -1
    outer loop
      vertex -6.6884 -0.926315 0
      vertex -6.62952 -0.854492 0
      vertex -6.68262 -0.946945 0
    endloop
  endfacet
  facet normal 0 0 -1
    outer loop
      vertex -6.6945 -0.904877 0
      vertex -6.62952 -0.854492 0
      vertex -6.6884 -0.926315 0
    endloop
  endfacet
  facet normal 0 0 -1
    outer loop
      vertex -6.70093 -0.882629 0
      vertex -6.62952 -0.854492 0
      vertex -6.6945 -0.904877 0
    endloop
  endfacet
  facet normal 0 0 -1
    outer loop
      vertex -6.70767 -0.859604 0
      vertex -6.62952 -0.854492 0
      vertex -6.70093 -0.882629 0
    endloop
  endfacet
  facet normal 0 0 -1
    outer loop
      vertex -6.71474 -0.835754 0
      vertex -6.62952 -0.854492 0
      vertex -6.70767 -0.859604 0
    endloop
  endfacet
  facet normal 0 0 -1
    outer loop
      vertex -6.72212 -0.811111 0
      vertex -6.62952 -0.854492 0
      vertex -6.71474 -0.835754 0
    endloop
  endfacet
  facet normal 0 0 -1
    outer loop
      vertex -6.72983 -0.785675 0
      vertex -6.62952 -0.854492 0
      vertex -6.72212 -0.811111 0
    endloop
  endfacet
  facet normal 0 0 -1
    outer loop
      vertex -6.74347 -0.74321 0
      vertex -6.62952 -0.854492 0
      vertex -6.72983 -0.785675 0
    endloop
  endfacet
  facet normal 0 0 -1
    outer loop
      vertex -6.62952 -0.854492 0
      vertex -6.74347 -0.74321 0
      vertex -6.54498 -0.587051 0
    endloop
  endfacet
  facet normal 0 0 -1
    outer loop
      vertex -6.76866 -0.667526 0
      vertex -6.54498 -0.587051 0
      vertex -6.74347 -0.74321 0
    endloop
  endfacet
  facet normal 0 0 -1
    outer loop
      vertex -6.80544 -0.558609 0
      vertex -6.54498 -0.587051 0
      vertex -6.76866 -0.667526 0
    endloop
  endfacet
  facet normal 0 0 -1
    outer loop
      vertex -6.85376 -0.416443 0
      vertex -6.54498 -0.587051 0
      vertex -6.80544 -0.558609 0
    endloop
  endfacet
  facet normal 0 0 -1
    outer loop
      vertex -6.91364 -0.241058 0
      vertex -6.54498 -0.587051 0
      vertex -6.85376 -0.416443 0
    endloop
  endfacet
  facet normal 0 0 -1
    outer loop
      vertex -6.54498 -0.587051 0
      vertex -6.91364 -0.241058 0
      vertex -6.27162 0.209381 0
    endloop
  endfacet
  facet normal 0 0 -1
    outer loop
      vertex -6.98508 -0.0324402 0
      vertex -6.27162 0.209381 0
      vertex -6.91364 -0.241058 0
    endloop
  endfacet
  facet normal -0 0 -1
    outer loop
      vertex -6.27162 0.209381 0
      vertex -6.98508 -0.0324402 0
      vertex -7.06808 0.209381 0
    endloop
  endfacet
  facet normal 0 0 -1
    outer loop
      vertex 1.83907 -0.946945 0
      vertex 1.89217 -0.854492 0
      vertex 1.85085 -0.990219 0
    endloop
  endfacet
  facet normal 0 0 -1
    outer loop
      vertex 1.83328 -0.926315 0
      vertex 1.89217 -0.854492 0
      vertex 1.83907 -0.946945 0
    endloop
  endfacet
  facet normal 0 0 -1
    outer loop
      vertex 1.82718 -0.904877 0
      vertex 1.89217 -0.854492 0
      vertex 1.83328 -0.926315 0
    endloop
  endfacet
  facet normal 0 0 -1
    outer loop
      vertex 1.82076 -0.882629 0
      vertex 1.89217 -0.854492 0
      vertex 1.82718 -0.904877 0
    endloop
  endfacet
  facet normal 0 0 -1
    outer loop
      vertex 1.81401 -0.859604 0
      vertex 1.89217 -0.854492 0
      vertex 1.82076 -0.882629 0
    endloop
  endfacet
  facet normal 0 0 -1
    outer loop
      vertex 1.80695 -0.835754 0
      vertex 1.89217 -0.854492 0
      vertex 1.81401 -0.859604 0
    endloop
  endfacet
  facet normal 0 0 -1
    outer loop
      vertex 1.79956 -0.811111 0
      vertex 1.89217 -0.854492 0
      vertex 1.80695 -0.835754 0
    endloop
  endfacet
  facet normal 0 0 -1
    outer loop
      vertex 1.79185 -0.785675 0
      vertex 1.89217 -0.854492 0
      vertex 1.79956 -0.811111 0
    endloop
  endfacet
  facet normal 0 0 -1
    outer loop
      vertex 1.77821 -0.74321 0
      vertex 1.89217 -0.854492 0
      vertex 1.79185 -0.785675 0
    endloop
  endfacet
  facet normal 0 0 -1
    outer loop
      vertex 1.89217 -0.854492 0
      vertex 1.77821 -0.74321 0
      vertex 1.9767 -0.587051 0
    endloop
  endfacet
  facet normal 0 0 -1
    outer loop
      vertex 1.75301 -0.667526 0
      vertex 1.9767 -0.587051 0
      vertex 1.77821 -0.74321 0
    endloop
  endfacet
  facet normal 0 0 -1
    outer loop
      vertex 1.71625 -0.558609 0
      vertex 1.9767 -0.587051 0
      vertex 1.75301 -0.667526 0
    endloop
  endfacet
  facet normal 0 0 -1
    outer loop
      vertex 1.66792 -0.416443 0
      vertex 1.9767 -0.587051 0
      vertex 1.71625 -0.558609 0
    endloop
  endfacet
  facet normal 0 0 -1
    outer loop
      vertex 1.60805 -0.241058 0
      vertex 1.9767 -0.587051 0
      vertex 1.66792 -0.416443 0
    endloop
  endfacet
  facet normal 0 0 -1
    outer loop
      vertex 1.9767 -0.587051 0
      vertex 1.60805 -0.241058 0
      vertex 2.25006 0.209381 0
    endloop
  endfacet
  facet normal 0 0 -1
    outer loop
      vertex 1.53661 -0.0324402 0
      vertex 2.25006 0.209381 0
      vertex 1.60805 -0.241058 0
    endloop
  endfacet
  facet normal -0 0 -1
    outer loop
      vertex 2.25006 0.209381 0
      vertex 1.53661 -0.0324402 0
      vertex 1.4536 0.209381 0
    endloop
  endfacet
  facet normal 1 -0 0
    outer loop
      vertex 9 -9 8
      vertex 9 9 0
      vertex 9 9 8
    endloop
  endfacet
  facet normal 1 0 0
    outer loop
      vertex 9 9 0
      vertex 9 -9 8
      vertex 9 -9 0
    endloop
  endfacet
  facet normal 0 0 1
    outer loop
      vertex 9 9 8
      vertex 7.8 7.8 8
      vertex 9 -9 8
    endloop
  endfacet
  facet normal 0 0 1
    outer loop
      vertex 9 9 8
      vertex -7.8 7.8 8
      vertex 7.8 7.8 8
    endloop
  endfacet
  facet normal 0 0 1
    outer loop
      vertex -7.8 7.8 8
      vertex -9 9 8
      vertex -7.8 -7.8 8
    endloop
  endfacet
  facet normal -0 0 1
    outer loop
      vertex -9 9 8
      vertex -7.8 7.8 8
      vertex 9 9 8
    endloop
  endfacet
  facet normal -0 0 1
    outer loop
      vertex 7.8 -7.8 8
      vertex 9 -9 8
      vertex 7.8 7.8 8
    endloop
  endfacet
  facet normal -0 0 1
    outer loop
      vertex -7.8 -7.8 8
      vertex 9 -9 8
      vertex 7.8 -7.8 8
    endloop
  endfacet
  facet normal 0 0 1
    outer loop
      vertex -7.8 -7.8 8
      vertex -9 -9 8
      vertex 9 -9 8
    endloop
  endfacet
  facet normal 0 0 1
    outer loop
      vertex -9 -9 8
      vertex -7.8 -7.8 8
      vertex -9 9 8
    endloop
  endfacet
  facet normal 0 1 -0
    outer loop
      vertex 9 9 0
      vertex -9 9 8
      vertex 9 9 8
    endloop
  endfacet
  facet normal 0 1 0
    outer loop
      vertex -9 9 8
      vertex 9 9 0
      vertex -9 9 0
    endloop
  endfacet
  facet normal 0 -1 0
    outer loop
      vertex -9 -9 0
      vertex 9 -9 8
      vertex -9 -9 8
    endloop
  endfacet
  facet normal 0 -1 -0
    outer loop
      vertex 9 -9 8
      vertex -9 -9 0
      vertex 9 -9 0
    endloop
  endfacet
  facet normal 1 -0 0
    outer loop
      vertex -7.8 -7.8 8
      vertex -7.8 7.8 2.4
      vertex -7.8 7.8 8
    endloop
  endfacet
  facet normal 1 0 0
    outer loop
      vertex -7.8 7.8 2.4
      vertex -7.8 -7.8 8
      vertex -7.8 -7.8 2.4
    endloop
  endfacet
  facet normal 0 0 1
    outer loop
      vertex 7.8 7.8 2.4
      vertex 2.75 0 2.4
      vertex 7.8 -7.8 2.4
    endloop
  endfacet
  facet normal 0 0 1
    outer loop
      vertex 7.8 7.8 2.4
      vertex 2.72647 0.358947 2.4
      vertex 2.75 0 2.4
    endloop
  endfacet
  facet normal 0 0 1
    outer loop
      vertex 7.8 7.8 2.4
      vertex 2.6563 0.711752 2.4
      vertex 2.72647 0.358947 2.4
    endloop
  endfacet
  facet normal 0 0 1
    outer loop
      vertex 7.8 7.8 2.4
      vertex 2.54067 1.05238 2.4
      vertex 2.6563 0.711752 2.4
    endloop
  endfacet
  facet normal 0 0 1
    outer loop
      vertex 7.8 7.8 2.4
      vertex 2.38157 1.375 2.4
      vertex 2.54067 1.05238 2.4
    endloop
  endfacet
  facet normal 0 0 1
    outer loop
      vertex 7.8 7.8 2.4
      vertex 2.18172 1.67409 2.4
      vertex 2.38157 1.375 2.4
    endloop
  endfacet
  facet normal 0 0 1
    outer loop
      vertex 7.8 7.8 2.4
      vertex 1.94454 1.94454 2.4
      vertex 2.18172 1.67409 2.4
    endloop
  endfacet
  facet normal 0 0 1
    outer loop
      vertex 7.8 7.8 2.4
      vertex 1.67409 2.18172 2.4
      vertex 1.94454 1.94454 2.4
    endloop
  endfacet
  facet normal 0 0 1
    outer loop
      vertex 7.8 7.8 2.4
      vertex 1.375 2.38157 2.4
      vertex 1.67409 2.18172 2.4
    endloop
  endfacet
  facet normal 0 0 1
    outer loop
      vertex 7.8 7.8 2.4
      vertex 1.05238 2.54067 2.4
      vertex 1.375 2.38157 2.4
    endloop
  endfacet
  facet normal 0 0 1
    outer loop
      vertex 7.8 7.8 2.4
      vertex 0.711752 2.6563 2.4
      vertex 1.05238 2.54067 2.4
    endloop
  endfacet
  facet normal 0 0 1
    outer loop
      vertex 7.8 7.8 2.4
      vertex 0.358947 2.72647 2.4
      vertex 0.711752 2.6563 2.4
    endloop
  endfacet
  facet normal 0 0 1
    outer loop
      vertex 7.8 7.8 2.4
      vertex 0 2.75 2.4
      vertex 0.358947 2.72647 2.4
    endloop
  endfacet
  facet normal -0 0 1
    outer loop
      vertex -7.8 7.8 2.4
      vertex 0 2.75 2.4
      vertex 7.8 7.8 2.4
    endloop
  endfacet
  facet normal 0 0 1
    outer loop
      vertex 0 2.75 2.4
      vertex -7.8 7.8 2.4
      vertex -0.358947 2.72647 2.4
    endloop
  endfacet
  facet normal 0 0 1
    outer loop
      vertex -0.358947 2.72647 2.4
      vertex -7.8 7.8 2.4
      vertex -0.711752 2.6563 2.4
    endloop
  endfacet
  facet normal 0 0 1
    outer loop
      vertex -0.711752 2.6563 2.4
      vertex -7.8 7.8 2.4
      vertex -1.05238 2.54067 2.4
    endloop
  endfacet
  facet normal 0 0 1
    outer loop
      vertex -2.72647 0.358947 2.4
      vertex -7.8 7.8 2.4
      vertex -2.75 0 2.4
    endloop
  endfacet
  facet normal 0 0 1
    outer loop
      vertex -2.6563 0.711752 2.4
      vertex -7.8 7.8 2.4
      vertex -2.72647 0.358947 2.4
    endloop
  endfacet
  facet normal 0 0 1
    outer loop
      vertex -2.54067 1.05238 2.4
      vertex -7.8 7.8 2.4
      vertex -2.6563 0.711752 2.4
    endloop
  endfacet
  facet normal 0 0 1
    outer loop
      vertex -2.38157 1.375 2.4
      vertex -7.8 7.8 2.4
      vertex -2.54067 1.05238 2.4
    endloop
  endfacet
  facet normal 0 0 1
    outer loop
      vertex -2.18172 1.67409 2.4
      vertex -7.8 7.8 2.4
      vertex -2.38157 1.375 2.4
    endloop
  endfacet
  facet normal 0 0 1
    outer loop
      vertex -1.94454 1.94454 2.4
      vertex -7.8 7.8 2.4
      vertex -2.18172 1.67409 2.4
    endloop
  endfacet
  facet normal 0 0 1
    outer loop
      vertex -1.67409 2.18172 2.4
      vertex -7.8 7.8 2.4
      vertex -1.94454 1.94454 2.4
    endloop
  endfacet
  facet normal 0 0 1
    outer loop
      vertex -1.375 2.38157 2.4
      vertex -7.8 7.8 2.4
      vertex -1.67409 2.18172 2.4
    endloop
  endfacet
  facet normal 0 0 1
    outer loop
      vertex -1.05238 2.54067 2.4
      vertex -7.8 7.8 2.4
      vertex -1.375 2.38157 2.4
    endloop
  endfacet
  facet normal -0 0 1
    outer loop
      vertex 2.72647 -0.358947 2.4
      vertex 7.8 -7.8 2.4
      vertex 2.75 0 2.4
    endloop
  endfacet
  facet normal -0 0 1
    outer loop
      vertex 2.6563 -0.711752 2.4
      vertex 7.8 -7.8 2.4
      vertex 2.72647 -0.358947 2.4
    endloop
  endfacet
  facet normal -0 0 1
    outer loop
      vertex 2.54067 -1.05238 2.4
      vertex 7.8 -7.8 2.4
      vertex 2.6563 -0.711752 2.4
    endloop
  endfacet
  facet normal -0 0 1
    outer loop
      vertex 2.38157 -1.375 2.4
      vertex 7.8 -7.8 2.4
      vertex 2.54067 -1.05238 2.4
    endloop
  endfacet
  facet normal -0 0 1
    outer loop
      vertex 2.18172 -1.67409 2.4
      vertex 7.8 -7.8 2.4
      vertex 2.38157 -1.375 2.4
    endloop
  endfacet
  facet normal -0 0 1
    outer loop
      vertex 1.94454 -1.94454 2.4
      vertex 7.8 -7.8 2.4
      vertex 2.18172 -1.67409 2.4
    endloop
  endfacet
  facet normal -0 0 1
    outer loop
      vertex 1.67409 -2.18172 2.4
      vertex 7.8 -7.8 2.4
      vertex 1.94454 -1.94454 2.4
    endloop
  endfacet
  facet normal -0 0 1
    outer loop
      vertex 1.375 -2.38157 2.4
      vertex 7.8 -7.8 2.4
      vertex 1.67409 -2.18172 2.4
    endloop
  endfacet
  facet normal -0 0 1
    outer loop
      vertex 1.05238 -2.54067 2.4
      vertex 7.8 -7.8 2.4
      vertex 1.375 -2.38157 2.4
    endloop
  endfacet
  facet normal -0 0 1
    outer loop
      vertex 0.711752 -2.6563 2.4
      vertex 7.8 -7.8 2.4
      vertex 1.05238 -2.54067 2.4
    endloop
  endfacet
  facet normal -0 0 1
    outer loop
      vertex 0.358947 -2.72647 2.4
      vertex 7.8 -7.8 2.4
      vertex 0.711752 -2.6563 2.4
    endloop
  endfacet
  facet normal -0 0 1
    outer loop
      vertex 0 -2.75 2.4
      vertex 7.8 -7.8 2.4
      vertex 0.358947 -2.72647 2.4
    endloop
  endfacet
  facet normal 0 0 1
    outer loop
      vertex -7.8 -7.8 2.4
      vertex 0 -2.75 2.4
      vertex -0.358947 -2.72647 2.4
    endloop
  endfacet
  facet normal 0 0 1
    outer loop
      vertex -7.8 -7.8 2.4
      vertex -0.358947 -2.72647 2.4
      vertex -0.711752 -2.6563 2.4
    endloop
  endfacet
  facet normal 0 0 1
    outer loop
      vertex -7.8 -7.8 2.4
      vertex -0.711752 -2.6563 2.4
      vertex -1.05238 -2.54067 2.4
    endloop
  endfacet
  facet normal 0 0 1
    outer loop
      vertex -7.8 -7.8 2.4
      vertex -1.05238 -2.54067 2.4
      vertex -1.375 -2.38157 2.4
    endloop
  endfacet
  facet normal 0 0 1
    outer loop
      vertex -7.8 -7.8 2.4
      vertex -2.75 0 2.4
      vertex -7.8 7.8 2.4
    endloop
  endfacet
  facet normal 0 0 1
    outer loop
      vertex -2.75 0 2.4
      vertex -7.8 -7.8 2.4
      vertex -2.72647 -0.358947 2.4
    endloop
  endfacet
  facet normal 0 0 1
    outer loop
      vertex -2.72647 -0.358947 2.4
      vertex -7.8 -7.8 2.4
      vertex -2.6563 -0.711752 2.4
    endloop
  endfacet
  facet normal 0 0 1
    outer loop
      vertex -2.6563 -0.711752 2.4
      vertex -7.8 -7.8 2.4
      vertex -2.54067 -1.05238 2.4
    endloop
  endfacet
  facet normal 0 0 1
    outer loop
      vertex 0 -2.75 2.4
      vertex -7.8 -7.8 2.4
      vertex 7.8 -7.8 2.4
    endloop
  endfacet
  facet normal 0 0 1
    outer loop
      vertex -1.67409 -2.18172 2.4
      vertex -7.8 -7.8 2.4
      vertex -1.375 -2.38157 2.4
    endloop
  endfacet
  facet normal 0 0 1
    outer loop
      vertex -1.94454 -1.94454 2.4
      vertex -7.8 -7.8 2.4
      vertex -1.67409 -2.18172 2.4
    endloop
  endfacet
  facet normal 0 0 1
    outer loop
      vertex -2.18172 -1.67409 2.4
      vertex -7.8 -7.8 2.4
      vertex -1.94454 -1.94454 2.4
    endloop
  endfacet
  facet normal 0 0 1
    outer loop
      vertex -2.38157 -1.375 2.4
      vertex -7.8 -7.8 2.4
      vertex -2.18172 -1.67409 2.4
    endloop
  endfacet
  facet normal 0 0 1
    outer loop
      vertex -2.54067 -1.05238 2.4
      vertex -7.8 -7.8 2.4
      vertex -2.38157 -1.375 2.4
    endloop
  endfacet
  facet normal -1 0 0
    outer loop
      vertex 7.8 -7.8 2.4
      vertex 7.8 7.8 8
      vertex 7.8 7.8 2.4
    endloop
  endfacet
  facet normal -1 -0 0
    outer loop
      vertex 7.8 7.8 8
      vertex 7.8 -7.8 2.4
      vertex 7.8 -7.8 8
    endloop
  endfacet
  facet normal 0 1 -0
    outer loop
      vertex 7.8 -7.8 2.4
      vertex -7.8 -7.8 8
      vertex 7.8 -7.8 8
    endloop
  endfacet
  facet normal 0 1 0
    outer loop
      vertex -7.8 -7.8 8
      vertex 7.8 -7.8 2.4
      vertex -7.8 -7.8 2.4
    endloop
  endfacet
  facet normal 0 -1 0
    outer loop
      vertex -7.8 7.8 2.4
      vertex 7.8 7.8 8
      vertex -7.8 7.8 8
    endloop
  endfacet
  facet normal 0 -1 -0
    outer loop
      vertex 7.8 7.8 8
      vertex -7.8 7.8 2.4
      vertex 7.8 7.8 2.4
    endloop
  endfacet
  facet normal 0.997858 -0.0654125 0
    outer loop
      vertex 2.72647 -0.358947 6.4
      vertex 2.75 0 2.4
      vertex 2.75 0 6.4
    endloop
  endfacet
  facet normal 0.997858 -0.0654125 0
    outer loop
      vertex 2.75 0 2.4
      vertex 2.72647 -0.358947 6.4
      vertex 2.72647 -0.358947 2.4
    endloop
  endfacet
  facet normal -0.997858 -0.0654125 0
    outer loop
      vertex -2.72647 -0.358947 2.4
      vertex -2.75 0 6.4
      vertex -2.75 0 2.4
    endloop
  endfacet
  facet normal -0.997858 -0.0654125 0
    outer loop
      vertex -2.75 0 6.4
      vertex -2.72647 -0.358947 2.4
      vertex -2.72647 -0.358947 6.4
    endloop
  endfacet
  facet normal 0.0654125 -0.997858 0
    outer loop
      vertex 0 -2.75 2.4
      vertex 0.358947 -2.72647 6.4
      vertex 0 -2.75 6.4
    endloop
  endfacet
  facet normal 0.0654125 -0.997858 0
    outer loop
      vertex 0.358947 -2.72647 6.4
      vertex 0 -2.75 2.4
      vertex 0.358947 -2.72647 2.4
    endloop
  endfacet
  facet normal 0.751837 -0.659349 0
    outer loop
      vertex 1.94454 -1.94454 6.4
      vertex 2.18172 -1.67409 2.4
      vertex 2.18172 -1.67409 6.4
    endloop
  endfacet
  facet normal 0.751837 -0.659349 0
    outer loop
      vertex 2.18172 -1.67409 2.4
      vertex 1.94454 -1.94454 6.4
      vertex 1.94454 -1.94454 2.4
    endloop
  endfacet
  facet normal -0.659349 -0.751837 0
    outer loop
      vertex -1.94454 -1.94454 2.4
      vertex -1.67409 -2.18172 6.4
      vertex -1.94454 -1.94454 6.4
    endloop
  endfacet
  facet normal -0.659349 -0.751837 -0
    outer loop
      vertex -1.67409 -2.18172 6.4
      vertex -1.94454 -1.94454 2.4
      vertex -1.67409 -2.18172 2.4
    endloop
  endfacet
  facet normal -0.321445 -0.946928 0
    outer loop
      vertex -1.05238 -2.54067 2.4
      vertex -0.711752 -2.6563 6.4
      vertex -1.05238 -2.54067 6.4
    endloop
  endfacet
  facet normal -0.321445 -0.946928 -0
    outer loop
      vertex -0.711752 -2.6563 6.4
      vertex -1.05238 -2.54067 2.4
      vertex -0.711752 -2.6563 2.4
    endloop
  endfacet
  facet normal 0.946928 -0.321445 0
    outer loop
      vertex 2.54067 -1.05238 6.4
      vertex 2.6563 -0.711752 2.4
      vertex 2.6563 -0.711752 6.4
    endloop
  endfacet
  facet normal 0.946928 -0.321445 0
    outer loop
      vertex 2.6563 -0.711752 2.4
      vertex 2.54067 -1.05238 6.4
      vertex 2.54067 -1.05238 2.4
    endloop
  endfacet
  facet normal 0.980789 -0.195071 0
    outer loop
      vertex 2.6563 -0.711752 6.4
      vertex 2.72647 -0.358947 2.4
      vertex 2.72647 -0.358947 6.4
    endloop
  endfacet
  facet normal 0.980789 -0.195071 0
    outer loop
      vertex 2.72647 -0.358947 2.4
      vertex 2.6563 -0.711752 6.4
      vertex 2.6563 -0.711752 2.4
    endloop
  endfacet
  facet normal 0.896871 -0.442292 0
    outer loop
      vertex 2.38157 -1.375 6.4
      vertex 2.54067 -1.05238 2.4
      vertex 2.54067 -1.05238 6.4
    endloop
  endfacet
  facet normal 0.896871 -0.442292 0
    outer loop
      vertex 2.54067 -1.05238 2.4
      vertex 2.38157 -1.375 6.4
      vertex 2.38157 -1.375 2.4
    endloop
  endfacet
  facet normal 0.442292 -0.896871 0
    outer loop
      vertex 1.05238 -2.54067 2.4
      vertex 1.375 -2.38157 6.4
      vertex 1.05238 -2.54067 6.4
    endloop
  endfacet
  facet normal 0.442292 -0.896871 0
    outer loop
      vertex 1.375 -2.38157 6.4
      vertex 1.05238 -2.54067 2.4
      vertex 1.375 -2.38157 2.4
    endloop
  endfacet
  facet normal 0.321445 -0.946928 0
    outer loop
      vertex 0.711752 -2.6563 2.4
      vertex 1.05238 -2.54067 6.4
      vertex 0.711752 -2.6563 6.4
    endloop
  endfacet
  facet normal 0.321445 -0.946928 0
    outer loop
      vertex 1.05238 -2.54067 6.4
      vertex 0.711752 -2.6563 2.4
      vertex 1.05238 -2.54067 2.4
    endloop
  endfacet
  facet normal 0.555579 -0.831464 0
    outer loop
      vertex 1.375 -2.38157 2.4
      vertex 1.67409 -2.18172 6.4
      vertex 1.375 -2.38157 6.4
    endloop
  endfacet
  facet normal 0.555579 -0.831464 0
    outer loop
      vertex 1.67409 -2.18172 6.4
      vertex 1.375 -2.38157 2.4
      vertex 1.67409 -2.18172 2.4
    endloop
  endfacet
  facet normal -0.896871 -0.442292 0
    outer loop
      vertex -2.38157 -1.375 2.4
      vertex -2.54067 -1.05238 6.4
      vertex -2.54067 -1.05238 2.4
    endloop
  endfacet
  facet normal -0.896871 -0.442292 0
    outer loop
      vertex -2.54067 -1.05238 6.4
      vertex -2.38157 -1.375 2.4
      vertex -2.38157 -1.375 6.4
    endloop
  endfacet
  facet normal -0.831464 -0.555579 0
    outer loop
      vertex -2.18172 -1.67409 2.4
      vertex -2.38157 -1.375 6.4
      vertex -2.38157 -1.375 2.4
    endloop
  endfacet
  facet normal -0.831464 -0.555579 0
    outer loop
      vertex -2.38157 -1.375 6.4
      vertex -2.18172 -1.67409 2.4
      vertex -2.18172 -1.67409 6.4
    endloop
  endfacet
  facet normal -0.946928 -0.321445 0
    outer loop
      vertex -2.54067 -1.05238 2.4
      vertex -2.6563 -0.711752 6.4
      vertex -2.6563 -0.711752 2.4
    endloop
  endfacet
  facet normal -0.946928 -0.321445 0
    outer loop
      vertex -2.6563 -0.711752 6.4
      vertex -2.54067 -1.05238 2.4
      vertex -2.54067 -1.05238 6.4
    endloop
  endfacet
  facet normal -0.442292 -0.896871 0
    outer loop
      vertex -1.375 -2.38157 2.4
      vertex -1.05238 -2.54067 6.4
      vertex -1.375 -2.38157 6.4
    endloop
  endfacet
  facet normal -0.442292 -0.896871 -0
    outer loop
      vertex -1.05238 -2.54067 6.4
      vertex -1.375 -2.38157 2.4
      vertex -1.05238 -2.54067 2.4
    endloop
  endfacet
  facet normal -0.195071 -0.980789 0
    outer loop
      vertex -0.711752 -2.6563 2.4
      vertex -0.358947 -2.72647 6.4
      vertex -0.711752 -2.6563 6.4
    endloop
  endfacet
  facet normal -0.195071 -0.980789 -0
    outer loop
      vertex -0.358947 -2.72647 6.4
      vertex -0.711752 -2.6563 2.4
      vertex -0.358947 -2.72647 2.4
    endloop
  endfacet
  facet normal 0.659349 0.751837 -0
    outer loop
      vertex 1.94454 1.94454 2.4
      vertex 1.67409 2.18172 6.4
      vertex 1.94454 1.94454 6.4
    endloop
  endfacet
  facet normal 0.659349 0.751837 0
    outer loop
      vertex 1.67409 2.18172 6.4
      vertex 1.94454 1.94454 2.4
      vertex 1.67409 2.18172 2.4
    endloop
  endfacet
  facet normal 0.442292 0.896871 -0
    outer loop
      vertex 1.375 2.38157 2.4
      vertex 1.05238 2.54067 6.4
      vertex 1.375 2.38157 6.4
    endloop
  endfacet
  facet normal 0.442292 0.896871 0
    outer loop
      vertex 1.05238 2.54067 6.4
      vertex 1.375 2.38157 2.4
      vertex 1.05238 2.54067 2.4
    endloop
  endfacet
  facet normal 0.896871 0.442292 0
    outer loop
      vertex 2.54067 1.05238 6.4
      vertex 2.38157 1.375 2.4
      vertex 2.38157 1.375 6.4
    endloop
  endfacet
  facet normal 0.896871 0.442292 0
    outer loop
      vertex 2.38157 1.375 2.4
      vertex 2.54067 1.05238 6.4
      vertex 2.54067 1.05238 2.4
    endloop
  endfacet
  facet normal 0.980789 0.195071 0
    outer loop
      vertex 2.72647 0.358947 6.4
      vertex 2.6563 0.711752 2.4
      vertex 2.6563 0.711752 6.4
    endloop
  endfacet
  facet normal 0.980789 0.195071 0
    outer loop
      vertex 2.6563 0.711752 2.4
      vertex 2.72647 0.358947 6.4
      vertex 2.72647 0.358947 2.4
    endloop
  endfacet
  facet normal -0.442292 0.896871 0
    outer loop
      vertex -1.05238 2.54067 2.4
      vertex -1.375 2.38157 6.4
      vertex -1.05238 2.54067 6.4
    endloop
  endfacet
  facet normal -0.442292 0.896871 0
    outer loop
      vertex -1.375 2.38157 6.4
      vertex -1.05238 2.54067 2.4
      vertex -1.375 2.38157 2.4
    endloop
  endfacet
  facet normal -0.321445 0.946928 0
    outer loop
      vertex -0.711752 2.6563 2.4
      vertex -1.05238 2.54067 6.4
      vertex -0.711752 2.6563 6.4
    endloop
  endfacet
  facet normal -0.321445 0.946928 0
    outer loop
      vertex -1.05238 2.54067 6.4
      vertex -0.711752 2.6563 2.4
      vertex -1.05238 2.54067 2.4
    endloop
  endfacet
  facet normal -0.896871 0.442292 0
    outer loop
      vertex -2.54067 1.05238 2.4
      vertex -2.38157 1.375 6.4
      vertex -2.38157 1.375 2.4
    endloop
  endfacet
  facet normal -0.896871 0.442292 0
    outer loop
      vertex -2.38157 1.375 6.4
      vertex -2.54067 1.05238 2.4
      vertex -2.54067 1.05238 6.4
    endloop
  endfacet
  facet normal -0.831464 0.555579 0
    outer loop
      vertex -2.38157 1.375 2.4
      vertex -2.18172 1.67409 6.4
      vertex -2.18172 1.67409 2.4
    endloop
  endfacet
  facet normal -0.831464 0.555579 0
    outer loop
      vertex -2.18172 1.67409 6.4
      vertex -2.38157 1.375 2.4
      vertex -2.38157 1.375 6.4
    endloop
  endfacet
  facet normal -0 0 1
    outer loop
      vertex -1.94454 -1.94454 6.4
      vertex -0.674999 -2.1 6.4
      vertex -0.674999 -0.674999 6.4
    endloop
  endfacet
  facet normal 0 0 1
    outer loop
      vertex -0.674999 -2.1 6.4
      vertex -1.05238 -2.54067 6.4
      vertex -0.711752 -2.6563 6.4
    endloop
  endfacet
  facet normal 0 0 1
    outer loop
      vertex -0.674999 -2.1 6.4
      vertex -1.375 -2.38157 6.4
      vertex -1.05238 -2.54067 6.4
    endloop
  endfacet
  facet normal 0 0 1
    outer loop
      vertex -0.674999 -2.1 6.4
      vertex -1.67409 -2.18172 6.4
      vertex -1.375 -2.38157 6.4
    endloop
  endfacet
  facet normal 0 0 1
    outer loop
      vertex -0.674999 -2.1 6.4
      vertex -1.94454 -1.94454 6.4
      vertex -1.67409 -2.18172 6.4
    endloop
  endfacet
  facet normal -0 0 1
    outer loop
      vertex -2.1 -0.674999 6.4
      vertex -1.94454 -1.94454 6.4
      vertex -0.674999 -0.674999 6.4
    endloop
  endfacet
  facet normal 0 0 1
    outer loop
      vertex -2.1 -0.674999 6.4
      vertex -2.18172 -1.67409 6.4
      vertex -1.94454 -1.94454 6.4
    endloop
  endfacet
  facet normal -0 0 1
    outer loop
      vertex -2.54067 1.05238 6.4
      vertex -2.1 0.674999 6.4
      vertex -2.38157 1.375 6.4
    endloop
  endfacet
  facet normal -0 0 1
    outer loop
      vertex -2.6563 0.711752 6.4
      vertex -2.1 0.674999 6.4
      vertex -2.54067 1.05238 6.4
    endloop
  endfacet
  facet normal 0 0 1
    outer loop
      vertex -2.1 -0.674999 6.4
      vertex -2.38157 -1.375 6.4
      vertex -2.18172 -1.67409 6.4
    endloop
  endfacet
  facet normal 0 0 1
    outer loop
      vertex -2.72647 0.358947 6.4
      vertex -2.1 0.674999 6.4
      vertex -2.6563 0.711752 6.4
    endloop
  endfacet
  facet normal 0 0 1
    outer loop
      vertex -2.1 -0.674999 6.4
      vertex -2.54067 -1.05238 6.4
      vertex -2.38157 -1.375 6.4
    endloop
  endfacet
  facet normal 0 0 1
    outer loop
      vertex -2.75 0 6.4
      vertex -2.1 0.674999 6.4
      vertex -2.72647 0.358947 6.4
    endloop
  endfacet
  facet normal 0 0 1
    outer loop
      vertex -2.1 -0.674999 6.4
      vertex -2.6563 -0.711752 6.4
      vertex -2.54067 -1.05238 6.4
    endloop
  endfacet
  facet normal 0 0 1
    outer loop
      vertex -2.1 0.674999 6.4
      vertex -2.75 0 6.4
      vertex -2.1 -0.674999 6.4
    endloop
  endfacet
  facet normal 0 0 1
    outer loop
      vertex -2.1 -0.674999 6.4
      vertex -2.72647 -0.358947 6.4
      vertex -2.6563 -0.711752 6.4
    endloop
  endfacet
  facet normal 0 0 1
    outer loop
      vertex -2.1 -0.674999 6.4
      vertex -2.75 0 6.4
      vertex -2.72647 -0.358947 6.4
    endloop
  endfacet
  facet normal 0 0 1
    outer loop
      vertex 0.358947 2.72647 6.4
      vertex 0.674999 2.1 6.4
      vertex 0.711752 2.6563 6.4
    endloop
  endfacet
  facet normal 0 0 1
    outer loop
      vertex 0 2.75 6.4
      vertex 0.674999 2.1 6.4
      vertex 0.358947 2.72647 6.4
    endloop
  endfacet
  facet normal 0 0 1
    outer loop
      vertex -0.674999 2.1 6.4
      vertex 0 2.75 6.4
      vertex -0.358947 2.72647 6.4
    endloop
  endfacet
  facet normal 0 0 1
    outer loop
      vertex 0 2.75 6.4
      vertex -0.674999 2.1 6.4
      vertex 0.674999 2.1 6.4
    endloop
  endfacet
  facet normal -0 0 1
    outer loop
      vertex -0.711752 2.6563 6.4
      vertex -0.674999 2.1 6.4
      vertex -0.358947 2.72647 6.4
    endloop
  endfacet
  facet normal -0 0 1
    outer loop
      vertex -1.05238 2.54067 6.4
      vertex -0.674999 2.1 6.4
      vertex -0.711752 2.6563 6.4
    endloop
  endfacet
  facet normal -0 0 1
    outer loop
      vertex -1.375 2.38157 6.4
      vertex -0.674999 2.1 6.4
      vertex -1.05238 2.54067 6.4
    endloop
  endfacet
  facet normal -0 0 1
    outer loop
      vertex -1.67409 2.18172 6.4
      vertex -0.674999 2.1 6.4
      vertex -1.375 2.38157 6.4
    endloop
  endfacet
  facet normal 0 0 1
    outer loop
      vertex -1.94454 1.94454 6.4
      vertex -0.674999 2.1 6.4
      vertex -1.67409 2.18172 6.4
    endloop
  endfacet
  facet normal 0 0 1
    outer loop
      vertex -0.674999 2.1 6.4
      vertex -1.94454 1.94454 6.4
      vertex -0.674999 0.674999 6.4
    endloop
  endfacet
  facet normal 0 0 1
    outer loop
      vertex -1.94454 1.94454 6.4
      vertex -2.1 0.674999 6.4
      vertex -0.674999 0.674999 6.4
    endloop
  endfacet
  facet normal -0 0 1
    outer loop
      vertex -2.38157 1.375 6.4
      vertex -2.1 0.674999 6.4
      vertex -2.18172 1.67409 6.4
    endloop
  endfacet
  facet normal -0 0 1
    outer loop
      vertex -2.18172 1.67409 6.4
      vertex -2.1 0.674999 6.4
      vertex -1.94454 1.94454 6.4
    endloop
  endfacet
  facet normal 0 0 1
    outer loop
      vertex 2.1 0.674999 6.4
      vertex 2.75 0 6.4
      vertex 2.72647 0.358947 6.4
    endloop
  endfacet
  facet normal -0 0 1
    outer loop
      vertex 2.1 0.674999 6.4
      vertex 2.72647 0.358947 6.4
      vertex 2.6563 0.711752 6.4
    endloop
  endfacet
  facet normal 0 0 1
    outer loop
      vertex 2.1 -0.674999 6.4
      vertex 2.75 0 6.4
      vertex 2.1 0.674999 6.4
    endloop
  endfacet
  facet normal 0 0 1
    outer loop
      vertex 2.1 0.674999 6.4
      vertex 2.6563 0.711752 6.4
      vertex 2.54067 1.05238 6.4
    endloop
  endfacet
  facet normal 0 0 1
    outer loop
      vertex 2.75 0 6.4
      vertex 2.1 -0.674999 6.4
      vertex 2.72647 -0.358947 6.4
    endloop
  endfacet
  facet normal 0 0 1
    outer loop
      vertex 2.1 0.674999 6.4
      vertex 2.54067 1.05238 6.4
      vertex 2.38157 1.375 6.4
    endloop
  endfacet
  facet normal 0 0 1
    outer loop
      vertex 2.72647 -0.358947 6.4
      vertex 2.1 -0.674999 6.4
      vertex 2.6563 -0.711752 6.4
    endloop
  endfacet
  facet normal 0 0 1
    outer loop
      vertex 2.1 0.674999 6.4
      vertex 2.38157 1.375 6.4
      vertex 2.18172 1.67409 6.4
    endloop
  endfacet
  facet normal 0 0 1
    outer loop
      vertex 2.6563 -0.711752 6.4
      vertex 2.1 -0.674999 6.4
      vertex 2.54067 -1.05238 6.4
    endloop
  endfacet
  facet normal 0 0 1
    outer loop
      vertex 2.54067 -1.05238 6.4
      vertex 2.1 -0.674999 6.4
      vertex 2.38157 -1.375 6.4
    endloop
  endfacet
  facet normal 0 0 1
    outer loop
      vertex 1.94454 1.94454 6.4
      vertex 2.1 0.674999 6.4
      vertex 2.18172 1.67409 6.4
    endloop
  endfacet
  facet normal -0 0 1
    outer loop
      vertex 0.674999 2.1 6.4
      vertex 1.94454 1.94454 6.4
      vertex 1.67409 2.18172 6.4
    endloop
  endfacet
  facet normal 0 0 1
    outer loop
      vertex 0.674999 2.1 6.4
      vertex 1.67409 2.18172 6.4
      vertex 1.375 2.38157 6.4
    endloop
  endfacet
  facet normal 0 0 1
    outer loop
      vertex 0.674999 2.1 6.4
      vertex 1.375 2.38157 6.4
      vertex 1.05238 2.54067 6.4
    endloop
  endfacet
  facet normal 0 0 1
    outer loop
      vertex 0.674999 2.1 6.4
      vertex 1.05238 2.54067 6.4
      vertex 0.711752 2.6563 6.4
    endloop
  endfacet
  facet normal 0 0 1
    outer loop
      vertex 1.94454 1.94454 6.4
      vertex 0.674999 2.1 6.4
      vertex 0.674999 0.674999 6.4
    endloop
  endfacet
  facet normal 0 0 1
    outer loop
      vertex 1.94454 1.94454 6.4
      vertex 0.674999 0.674999 6.4
      vertex 2.1 0.674999 6.4
    endloop
  endfacet
  facet normal 0 0 1
    outer loop
      vertex 2.38157 -1.375 6.4
      vertex 2.1 -0.674999 6.4
      vertex 2.18172 -1.67409 6.4
    endloop
  endfacet
  facet normal 0 0 1
    outer loop
      vertex 2.1 -0.674999 6.4
      vertex 1.94454 -1.94454 6.4
      vertex 2.18172 -1.67409 6.4
    endloop
  endfacet
  facet normal -0 0 1
    outer loop
      vertex 0.674999 -0.674999 6.4
      vertex 1.94454 -1.94454 6.4
      vertex 2.1 -0.674999 6.4
    endloop
  endfacet
  facet normal 0 0 1
    outer loop
      vertex 0.674999 -2.1 6.4
      vertex 1.94454 -1.94454 6.4
      vertex 0.674999 -0.674999 6.4
    endloop
  endfacet
  facet normal 0 0 1
    outer loop
      vertex 1.94454 -1.94454 6.4
      vertex 0.674999 -2.1 6.4
      vertex 1.67409 -2.18172 6.4
    endloop
  endfacet
  facet normal 0 0 1
    outer loop
      vertex 1.375 -2.38157 6.4
      vertex 0.674999 -2.1 6.4
      vertex 1.05238 -2.54067 6.4
    endloop
  endfacet
  facet normal 0 0 1
    outer loop
      vertex 1.67409 -2.18172 6.4
      vertex 0.674999 -2.1 6.4
      vertex 1.375 -2.38157 6.4
    endloop
  endfacet
  facet normal 0 0 1
    outer loop
      vertex 1.05238 -2.54067 6.4
      vertex 0.674999 -2.1 6.4
      vertex 0.711752 -2.6563 6.4
    endloop
  endfacet
  facet normal 0 0 1
    outer loop
      vertex 0.674999 -2.1 6.4
      vertex 0.358947 -2.72647 6.4
      vertex 0.711752 -2.6563 6.4
    endloop
  endfacet
  facet normal 0 0 1
    outer loop
      vertex 0.674999 -2.1 6.4
      vertex 0 -2.75 6.4
      vertex 0.358947 -2.72647 6.4
    endloop
  endfacet
  facet normal -0 0 1
    outer loop
      vertex -0.674999 -2.1 6.4
      vertex 0 -2.75 6.4
      vertex 0.674999 -2.1 6.4
    endloop
  endfacet
  facet normal 0 0 1
    outer loop
      vertex 0 -2.75 6.4
      vertex -0.674999 -2.1 6.4
      vertex -0.358947 -2.72647 6.4
    endloop
  endfacet
  facet normal 0 0 1
    outer loop
      vertex -0.358947 -2.72647 6.4
      vertex -0.674999 -2.1 6.4
      vertex -0.711752 -2.6563 6.4
    endloop
  endfacet
  facet normal 0.831464 -0.555579 0
    outer loop
      vertex 2.18172 -1.67409 6.4
      vertex 2.38157 -1.375 2.4
      vertex 2.38157 -1.375 6.4
    endloop
  endfacet
  facet normal 0.831464 -0.555579 0
    outer loop
      vertex 2.38157 -1.375 2.4
      vertex 2.18172 -1.67409 6.4
      vertex 2.18172 -1.67409 2.4
    endloop
  endfacet
  facet normal 0.195071 -0.980789 0
    outer loop
      vertex 0.358947 -2.72647 2.4
      vertex 0.711752 -2.6563 6.4
      vertex 0.358947 -2.72647 6.4
    endloop
  endfacet
  facet normal 0.195071 -0.980789 0
    outer loop
      vertex 0.711752 -2.6563 6.4
      vertex 0.358947 -2.72647 2.4
      vertex 0.711752 -2.6563 2.4
    endloop
  endfacet
  facet normal 0.659349 -0.751837 0
    outer loop
      vertex 1.67409 -2.18172 2.4
      vertex 1.94454 -1.94454 6.4
      vertex 1.67409 -2.18172 6.4
    endloop
  endfacet
  facet normal 0.659349 -0.751837 0
    outer loop
      vertex 1.94454 -1.94454 6.4
      vertex 1.67409 -2.18172 2.4
      vertex 1.94454 -1.94454 2.4
    endloop
  endfacet
  facet normal -0.751837 -0.659349 0
    outer loop
      vertex -1.94454 -1.94454 2.4
      vertex -2.18172 -1.67409 6.4
      vertex -2.18172 -1.67409 2.4
    endloop
  endfacet
  facet normal -0.751837 -0.659349 0
    outer loop
      vertex -2.18172 -1.67409 6.4
      vertex -1.94454 -1.94454 2.4
      vertex -1.94454 -1.94454 6.4
    endloop
  endfacet
  facet normal -0.980789 -0.195071 0
    outer loop
      vertex -2.6563 -0.711752 2.4
      vertex -2.72647 -0.358947 6.4
      vertex -2.72647 -0.358947 2.4
    endloop
  endfacet
  facet normal -0.980789 -0.195071 0
    outer loop
      vertex -2.72647 -0.358947 6.4
      vertex -2.6563 -0.711752 2.4
      vertex -2.6563 -0.711752 6.4
    endloop
  endfacet
  facet normal -0.555579 -0.831464 0
    outer loop
      vertex -1.67409 -2.18172 2.4
      vertex -1.375 -2.38157 6.4
      vertex -1.67409 -2.18172 6.4
    endloop
  endfacet
  facet normal -0.555579 -0.831464 -0
    outer loop
      vertex -1.375 -2.38157 6.4
      vertex -1.67409 -2.18172 2.4
      vertex -1.375 -2.38157 2.4
    endloop
  endfacet
  facet normal -0.0654125 -0.997858 0
    outer loop
      vertex -0.358947 -2.72647 2.4
      vertex 0 -2.75 6.4
      vertex -0.358947 -2.72647 6.4
    endloop
  endfacet
  facet normal -0.0654125 -0.997858 -0
    outer loop
      vertex 0 -2.75 6.4
      vertex -0.358947 -2.72647 2.4
      vertex 0 -2.75 2.4
    endloop
  endfacet
  facet normal 0.0654125 0.997858 -0
    outer loop
      vertex 0.358947 2.72647 2.4
      vertex 0 2.75 6.4
      vertex 0.358947 2.72647 6.4
    endloop
  endfacet
  facet normal 0.0654125 0.997858 0
    outer loop
      vertex 0 2.75 6.4
      vertex 0.358947 2.72647 2.4
      vertex 0 2.75 2.4
    endloop
  endfacet
  facet normal 0.321445 0.946928 -0
    outer loop
      vertex 1.05238 2.54067 2.4
      vertex 0.711752 2.6563 6.4
      vertex 1.05238 2.54067 6.4
    endloop
  endfacet
  facet normal 0.321445 0.946928 0
    outer loop
      vertex 0.711752 2.6563 6.4
      vertex 1.05238 2.54067 2.4
      vertex 0.711752 2.6563 2.4
    endloop
  endfacet
  facet normal 0.555579 0.831464 -0
    outer loop
      vertex 1.67409 2.18172 2.4
      vertex 1.375 2.38157 6.4
      vertex 1.67409 2.18172 6.4
    endloop
  endfacet
  facet normal 0.555579 0.831464 0
    outer loop
      vertex 1.375 2.38157 6.4
      vertex 1.67409 2.18172 2.4
      vertex 1.375 2.38157 2.4
    endloop
  endfacet
  facet normal 0.751837 0.659349 0
    outer loop
      vertex 2.18172 1.67409 6.4
      vertex 1.94454 1.94454 2.4
      vertex 1.94454 1.94454 6.4
    endloop
  endfacet
  facet normal 0.751837 0.659349 0
    outer loop
      vertex 1.94454 1.94454 2.4
      vertex 2.18172 1.67409 6.4
      vertex 2.18172 1.67409 2.4
    endloop
  endfacet
  facet normal 0.831464 0.555579 0
    outer loop
      vertex 2.38157 1.375 6.4
      vertex 2.18172 1.67409 2.4
      vertex 2.18172 1.67409 6.4
    endloop
  endfacet
  facet normal 0.831464 0.555579 0
    outer loop
      vertex 2.18172 1.67409 2.4
      vertex 2.38157 1.375 6.4
      vertex 2.38157 1.375 2.4
    endloop
  endfacet
  facet normal -0.659349 0.751837 0
    outer loop
      vertex -1.67409 2.18172 2.4
      vertex -1.94454 1.94454 6.4
      vertex -1.67409 2.18172 6.4
    endloop
  endfacet
  facet normal -0.659349 0.751837 0
    outer loop
      vertex -1.94454 1.94454 6.4
      vertex -1.67409 2.18172 2.4
      vertex -1.94454 1.94454 2.4
    endloop
  endfacet
  facet normal -0.555579 0.831464 0
    outer loop
      vertex -1.375 2.38157 2.4
      vertex -1.67409 2.18172 6.4
      vertex -1.375 2.38157 6.4
    endloop
  endfacet
  facet normal -0.555579 0.831464 0
    outer loop
      vertex -1.67409 2.18172 6.4
      vertex -1.375 2.38157 2.4
      vertex -1.67409 2.18172 2.4
    endloop
  endfacet
  facet normal -0.195071 0.980789 0
    outer loop
      vertex -0.358947 2.72647 2.4
      vertex -0.711752 2.6563 6.4
      vertex -0.358947 2.72647 6.4
    endloop
  endfacet
  facet normal -0.195071 0.980789 0
    outer loop
      vertex -0.711752 2.6563 6.4
      vertex -0.358947 2.72647 2.4
      vertex -0.711752 2.6563 2.4
    endloop
  endfacet
  facet normal -0.751837 0.659349 0
    outer loop
      vertex -2.18172 1.67409 2.4
      vertex -1.94454 1.94454 6.4
      vertex -1.94454 1.94454 2.4
    endloop
  endfacet
  facet normal -0.751837 0.659349 0
    outer loop
      vertex -1.94454 1.94454 6.4
      vertex -2.18172 1.67409 2.4
      vertex -2.18172 1.67409 6.4
    endloop
  endfacet
  facet normal -0.946928 0.321445 0
    outer loop
      vertex -2.6563 0.711752 2.4
      vertex -2.54067 1.05238 6.4
      vertex -2.54067 1.05238 2.4
    endloop
  endfacet
  facet normal -0.946928 0.321445 0
    outer loop
      vertex -2.54067 1.05238 6.4
      vertex -2.6563 0.711752 2.4
      vertex -2.6563 0.711752 6.4
    endloop
  endfacet
  facet normal -0.997858 0.0654125 0
    outer loop
      vertex -2.75 0 2.4
      vertex -2.72647 0.358947 6.4
      vertex -2.72647 0.358947 2.4
    endloop
  endfacet
  facet normal -0.997858 0.0654125 0
    outer loop
      vertex -2.72647 0.358947 6.4
      vertex -2.75 0 2.4
      vertex -2.75 0 6.4
    endloop
  endfacet
  facet normal 0.997858 0.0654125 0
    outer loop
      vertex 2.75 0 6.4
      vertex 2.72647 0.358947 2.4
      vertex 2.72647 0.358947 6.4
    endloop
  endfacet
  facet normal 0.997858 0.0654125 0
    outer loop
      vertex 2.72647 0.358947 2.4
      vertex 2.75 0 6.4
      vertex 2.75 0 2.4
    endloop
  endfacet
  facet normal 0.195071 0.980789 -0
    outer loop
      vertex 0.711752 2.6563 2.4
      vertex 0.358947 2.72647 6.4
      vertex 0.711752 2.6563 6.4
    endloop
  endfacet
  facet normal 0.195071 0.980789 0
    outer loop
      vertex 0.358947 2.72647 6.4
      vertex 0.711752 2.6563 2.4
      vertex 0.358947 2.72647 2.4
    endloop
  endfacet
  facet normal 0.946928 0.321445 0
    outer loop
      vertex 2.6563 0.711752 6.4
      vertex 2.54067 1.05238 2.4
      vertex 2.54067 1.05238 6.4
    endloop
  endfacet
  facet normal 0.946928 0.321445 0
    outer loop
      vertex 2.54067 1.05238 2.4
      vertex 2.6563 0.711752 6.4
      vertex 2.6563 0.711752 2.4
    endloop
  endfacet
  facet normal -0.0654125 0.997858 0
    outer loop
      vertex 0 2.75 2.4
      vertex -0.358947 2.72647 6.4
      vertex 0 2.75 6.4
    endloop
  endfacet
  facet normal -0.0654125 0.997858 0
    outer loop
      vertex -0.358947 2.72647 6.4
      vertex 0 2.75 2.4
      vertex -0.358947 2.72647 2.4
    endloop
  endfacet
  facet normal -0.980789 0.195071 0
    outer loop
      vertex -2.72647 0.358947 2.4
      vertex -2.6563 0.711752 6.4
      vertex -2.6563 0.711752 2.4
    endloop
  endfacet
  facet normal -0.980789 0.195071 0
    outer loop
      vertex -2.6563 0.711752 6.4
      vertex -2.72647 0.358947 2.4
      vertex -2.72647 0.358947 6.4
    endloop
  endfacet
  facet normal 1 -0 0
    outer loop
      vertex -2.1 -0.674999 6.4
      vertex -2.1 0.674999 2.4
      vertex -2.1 0.674999 6.4
    endloop
  endfacet
  facet normal 1 0 0
    outer loop
      vertex -2.1 0.674999 2.4
      vertex -2.1 -0.674999 6.4
      vertex -2.1 -0.674999 2.4
    endloop
  endfacet
  facet normal -0 0 1
    outer loop
      vertex -2.1 0.674999 2.4
      vertex -0.674999 -0.674999 2.4
      vertex -0.674999 0.674999 2.4
    endloop
  endfacet
  facet normal 0 0 1
    outer loop
      vertex -0.674999 -0.674999 2.4
      vertex -2.1 0.674999 2.4
      vertex -2.1 -0.674999 2.4
    endloop
  endfacet
  facet normal 0 0 1
    outer loop
      vertex -0.674999 0.674999 2.4
      vertex 0.674999 0.674999 2.4
      vertex 0.674999 2.1 2.4
    endloop
  endfacet
  facet normal 0 0 1
    outer loop
      vertex 0.674999 0.674999 2.4
      vertex -0.674999 0.674999 2.4
      vertex 0.674999 -0.674999 2.4
    endloop
  endfacet
  facet normal 0 0 1
    outer loop
      vertex -0.674999 0.674999 2.4
      vertex 0.674999 2.1 2.4
      vertex -0.674999 2.1 2.4
    endloop
  endfacet
  facet normal 0 0 1
    outer loop
      vertex -0.674999 -0.674999 2.4
      vertex 0.674999 -0.674999 2.4
      vertex -0.674999 0.674999 2.4
    endloop
  endfacet
  facet normal 0 0 1
    outer loop
      vertex 0.674999 -0.674999 2.4
      vertex -0.674999 -0.674999 2.4
      vertex 0.674999 -2.1 2.4
    endloop
  endfacet
  facet normal 0 0 1
    outer loop
      vertex 0.674999 -2.1 2.4
      vertex -0.674999 -0.674999 2.4
      vertex -0.674999 -2.1 2.4
    endloop
  endfacet
  facet normal -0 0 1
    outer loop
      vertex 0.674999 0.674999 2.4
      vertex 2.1 -0.674999 2.4
      vertex 2.1 0.674999 2.4
    endloop
  endfacet
  facet normal 0 0 1
    outer loop
      vertex 2.1 -0.674999 2.4
      vertex 0.674999 0.674999 2.4
      vertex 0.674999 -0.674999 2.4
    endloop
  endfacet
  facet normal -1 0 0
    outer loop
      vertex 2.1 -0.674999 2.4
      vertex 2.1 0.674999 6.4
      vertex 2.1 0.674999 2.4
    endloop
  endfacet
  facet normal -1 -0 0
    outer loop
      vertex 2.1 0.674999 6.4
      vertex 2.1 -0.674999 2.4
      vertex 2.1 -0.674999 6.4
    endloop
  endfacet
  facet normal 0 -1 0
    outer loop
      vertex 0.674999 0.674999 2.4
      vertex 2.1 0.674999 6.4
      vertex 0.674999 0.674999 6.4
    endloop
  endfacet
  facet normal 0 -1 -0
    outer loop
      vertex 2.1 0.674999 6.4
      vertex 0.674999 0.674999 2.4
      vertex 2.1 0.674999 2.4
    endloop
  endfacet
  facet normal 0 -1 0
    outer loop
      vertex -2.1 0.674999 2.4
      vertex -0.674999 0.674999 6.4
      vertex -2.1 0.674999 6.4
    endloop
  endfacet
  facet normal 0 -1 -0
    outer loop
      vertex -0.674999 0.674999 6.4
      vertex -2.1 0.674999 2.4
      vertex -0.674999 0.674999 2.4
    endloop
  endfacet
  facet normal 0 1 -0
    outer loop
      vertex 2.1 -0.674999 2.4
      vertex 0.674999 -0.674999 6.4
      vertex 2.1 -0.674999 6.4
    endloop
  endfacet
  facet normal 0 1 0
    outer loop
      vertex 0.674999 -0.674999 6.4
      vertex 2.1 -0.674999 2.4
      vertex 0.674999 -0.674999 2.4
    endloop
  endfacet
  facet normal 0 1 -0
    outer loop
      vertex -0.674999 -0.674999 2.4
      vertex -2.1 -0.674999 6.4
      vertex -0.674999 -0.674999 6.4
    endloop
  endfacet
  facet normal 0 1 0
    outer loop
      vertex -2.1 -0.674999 6.4
      vertex -0.674999 -0.674999 2.4
      vertex -2.1 -0.674999 2.4
    endloop
  endfacet
  facet normal 0 1 -0
    outer loop
      vertex 0.674999 -2.1 2.4
      vertex -0.674999 -2.1 6.4
      vertex 0.674999 -2.1 6.4
    endloop
  endfacet
  facet normal 0 1 0
    outer loop
      vertex -0.674999 -2.1 6.4
      vertex 0.674999 -2.1 2.4
      vertex -0.674999 -2.1 2.4
    endloop
  endfacet
  facet normal 0 -1 0
    outer loop
      vertex -0.674999 2.1 2.4
      vertex 0.674999 2.1 6.4
      vertex -0.674999 2.1 6.4
    endloop
  endfacet
  facet normal 0 -1 -0
    outer loop
      vertex 0.674999 2.1 6.4
      vertex -0.674999 2.1 2.4
      vertex 0.674999 2.1 2.4
    endloop
  endfacet
  facet normal -1 0 0
    outer loop
      vertex 0.674999 -2.1 2.4
      vertex 0.674999 -0.674999 6.4
      vertex 0.674999 -0.674999 2.4
    endloop
  endfacet
  facet normal -1 -0 0
    outer loop
      vertex 0.674999 -0.674999 6.4
      vertex 0.674999 -2.1 2.4
      vertex 0.674999 -2.1 6.4
    endloop
  endfacet
  facet normal -1 0 0
    outer loop
      vertex 0.674999 0.674999 2.4
      vertex 0.674999 2.1 6.4
      vertex 0.674999 2.1 2.4
    endloop
  endfacet
  facet normal -1 -0 0
    outer loop
      vertex 0.674999 2.1 6.4
      vertex 0.674999 0.674999 2.4
      vertex 0.674999 0.674999 6.4
    endloop
  endfacet
  facet normal 1 -0 0
    outer loop
      vertex -0.674999 -2.1 6.4
      vertex -0.674999 -0.674999 2.4
      vertex -0.674999 -0.674999 6.4
    endloop
  endfacet
  facet normal 1 0 0
    outer loop
      vertex -0.674999 -0.674999 2.4
      vertex -0.674999 -2.1 6.4
      vertex -0.674999 -2.1 2.4
    endloop
  endfacet
  facet normal 1 -0 0
    outer loop
      vertex -0.674999 0.674999 6.4
      vertex -0.674999 2.1 2.4
      vertex -0.674999 2.1 6.4
    endloop
  endfacet
  facet normal 1 0 0
    outer loop
      vertex -0.674999 2.1 2.4
      vertex -0.674999 0.674999 6.4
      vertex -0.674999 0.674999 2.4
    endloop
  endfacet
  facet normal -0 0 -1
    outer loop
      vertex 3.19992 1.35393 0.6
      vertex 2.37987 0.64595 0.6
      vertex 2.6257 1.35393 0.6
    endloop
  endfacet
  facet normal 0 0 -1
    outer loop
      vertex 3.19992 1.35393 0.6
      vertex 2.25006 0.209381 0.6
      vertex 2.37987 0.64595 0.6
    endloop
  endfacet
  facet normal 0 0 -1
    outer loop
      vertex 2.19304 -1.41695 0.6
      vertex 2.25006 0.209381 0.6
      vertex 3.19992 1.35393 0.6
    endloop
  endfacet
  facet normal 0 0 -1
    outer loop
      vertex 2.19304 -1.41695 0.6
      vertex 1.9767 -0.587051 0.6
      vertex 2.25006 0.209381 0.6
    endloop
  endfacet
  facet normal 0 0 -1
    outer loop
      vertex 2.19304 -1.41695 0.6
      vertex 1.89217 -0.854492 0.6
      vertex 1.9767 -0.587051 0.6
    endloop
  endfacet
  facet normal 0 0 -1
    outer loop
      vertex 2.19304 -1.41695 0.6
      vertex 1.85085 -0.990219 0.6
      vertex 1.89217 -0.854492 0.6
    endloop
  endfacet
  facet normal 0 0 -1
    outer loop
      vertex 1.50867 -1.41695 0.6
      vertex 1.83907 -0.946945 0.6
      vertex 1.85085 -0.990219 0.6
    endloop
  endfacet
  facet normal -0 0 -1
    outer loop
      vertex 1.83907 -0.946945 0.6
      vertex 1.50867 -1.41695 0.6
      vertex 1.83328 -0.926315 0.6
    endloop
  endfacet
  facet normal -0 0 -1
    outer loop
      vertex 1.83328 -0.926315 0.6
      vertex 1.50867 -1.41695 0.6
      vertex 1.82718 -0.904877 0.6
    endloop
  endfacet
  facet normal -0 0 -1
    outer loop
      vertex 1.82718 -0.904877 0.6
      vertex 1.50867 -1.41695 0.6
      vertex 1.82076 -0.882629 0.6
    endloop
  endfacet
  facet normal -0 0 -1
    outer loop
      vertex 1.82076 -0.882629 0.6
      vertex 1.50867 -1.41695 0.6
      vertex 1.81401 -0.859604 0.6
    endloop
  endfacet
  facet normal -0 0 -1
    outer loop
      vertex 1.81401 -0.859604 0.6
      vertex 1.50867 -1.41695 0.6
      vertex 1.80695 -0.835754 0.6
    endloop
  endfacet
  facet normal -0 0 -1
    outer loop
      vertex 1.80695 -0.835754 0.6
      vertex 1.50867 -1.41695 0.6
      vertex 1.79956 -0.811111 0.6
    endloop
  endfacet
  facet normal -0 0 -1
    outer loop
      vertex 1.79956 -0.811111 0.6
      vertex 1.50867 -1.41695 0.6
      vertex 1.79185 -0.785675 0.6
    endloop
  endfacet
  facet normal -0 0 -1
    outer loop
      vertex 1.79185 -0.785675 0.6
      vertex 1.50867 -1.41695 0.6
      vertex 1.77821 -0.74321 0.6
    endloop
  endfacet
  facet normal -0 0 -1
    outer loop
      vertex 1.77821 -0.74321 0.6
      vertex 1.50867 -1.41695 0.6
      vertex 1.75301 -0.667526 0.6
    endloop
  endfacet
  facet normal -0 0 -1
    outer loop
      vertex 1.75301 -0.667526 0.6
      vertex 1.50867 -1.41695 0.6
      vertex 1.71625 -0.558609 0.6
    endloop
  endfacet
  facet normal -0 0 -1
    outer loop
      vertex 1.71625 -0.558609 0.6
      vertex 1.50867 -1.41695 0.6
      vertex 1.66792 -0.416443 0.6
    endloop
  endfacet
  facet normal -0 0 -1
    outer loop
      vertex 1.66792 -0.416443 0.6
      vertex 1.50867 -1.41695 0.6
      vertex 1.60805 -0.241058 0.6
    endloop
  endfacet
  facet normal 0 0 -1
    outer loop
      vertex 1.50867 -1.41695 0.6
      vertex 1.85085 -0.990219 0.6
      vertex 2.19304 -1.41695 0.6
    endloop
  endfacet
  facet normal -0 0 -1
    outer loop
      vertex 1.60805 -0.241058 0.6
      vertex 1.50867 -1.41695 0.6
      vertex 1.53661 -0.0324402 0.6
    endloop
  endfacet
  facet normal 0 0 -1
    outer loop
      vertex 1.50867 -1.41695 0.6
      vertex 1.4536 0.209381 0.6
      vertex 1.53661 -0.0324402 0.6
    endloop
  endfacet
  facet normal 0 0 -1
    outer loop
      vertex 0.497849 1.35393 0.6
      vertex 1.4536 0.209381 0.6
      vertex 1.50867 -1.41695 0.6
    endloop
  endfacet
  facet normal 0 0 -1
    outer loop
      vertex 1.4536 0.209381 0.6
      vertex 0.497849 1.35393 0.6
      vertex 1.32382 0.64595 0.6
    endloop
  endfacet
  facet normal 0 0 -1
    outer loop
      vertex 1.32382 0.64595 0.6
      vertex 0.497849 1.35393 0.6
      vertex 1.07799 1.35393 0.6
    endloop
  endfacet
  facet normal 0 0 -1
    outer loop
      vertex 1.4536 0.209381 0.6
      vertex 2.37987 0.64595 0.6
      vertex 2.25006 0.209381 0.6
    endloop
  endfacet
  facet normal -0 0 -1
    outer loop
      vertex 2.37987 0.64595 0.6
      vertex 1.4536 0.209381 0.6
      vertex 1.32382 0.64595 0.6
    endloop
  endfacet
  facet normal 0 0 -1
    outer loop
      vertex 7.38019 -0.736664 0.6
      vertex 7.93172 -0.865952 0.6
      vertex 7.89911 -0.959259 0.6
    endloop
  endfacet
  facet normal 0 0 -1
    outer loop
      vertex 7.36235 -0.782379 0.6
      vertex 7.89911 -0.959259 0.6
      vertex 7.85898 -1.04398 0.6
    endloop
  endfacet
  facet normal 0 0 -1
    outer loop
      vertex 7.34085 -0.824478 0.6
      vertex 7.85898 -1.04398 0.6
      vertex 7.81137 -1.12012 0.6
    endloop
  endfacet
  facet normal 0 0 -1
    outer loop
      vertex 7.34085 -0.824478 0.6
      vertex 7.81137 -1.12012 0.6
      vertex 7.75624 -1.18765 0.6
    endloop
  endfacet
  facet normal 0 0 -1
    outer loop
      vertex 7.31572 -0.862961 0.6
      vertex 7.75624 -1.18765 0.6
      vertex 7.6936 -1.24661 0.6
    endloop
  endfacet
  facet normal 0 0 -1
    outer loop
      vertex 7.28691 -0.897827 0.6
      vertex 7.6936 -1.24661 0.6
      vertex 7.62346 -1.29697 0.6
    endloop
  endfacet
  facet normal 0 0 -1
    outer loop
      vertex 7.28691 -0.897827 0.6
      vertex 7.62346 -1.29697 0.6
      vertex 7.54434 -1.33975 0.6
    endloop
  endfacet
  facet normal 0 0 -1
    outer loop
      vertex 7.25447 -0.929092 0.6
      vertex 7.54434 -1.33975 0.6
      vertex 7.45474 -1.37596 0.6
    endloop
  endfacet
  facet normal 0 0 -1
    outer loop
      vertex 7.85898 -1.04398 0.6
      vertex 7.34085 -0.824478 0.6
      vertex 7.36235 -0.782379 0.6
    endloop
  endfacet
  facet normal 0 0 -1
    outer loop
      vertex 7.93172 -0.865952 0.6
      vertex 7.39436 -0.687332 0.6
      vertex 7.95682 -0.764038 0.6
    endloop
  endfacet
  facet normal 0 0 -1
    outer loop
      vertex 7.93172 -0.865952 0.6
      vertex 7.38019 -0.736664 0.6
      vertex 7.39436 -0.687332 0.6
    endloop
  endfacet
  facet normal 0 0 -1
    outer loop
      vertex 7.21837 -0.956741 0.6
      vertex 7.45474 -1.37596 0.6
      vertex 7.35468 -1.40558 0.6
    endloop
  endfacet
  facet normal 0 0 -1
    outer loop
      vertex 7.89911 -0.959259 0.6
      vertex 7.36235 -0.782379 0.6
      vertex 7.38019 -0.736664 0.6
    endloop
  endfacet
  facet normal 0 0 -1
    outer loop
      vertex 7.75624 -1.18765 0.6
      vertex 7.31572 -0.862961 0.6
      vertex 7.34085 -0.824478 0.6
    endloop
  endfacet
  facet normal 0 0 -1
    outer loop
      vertex 7.6936 -1.24661 0.6
      vertex 7.28691 -0.897827 0.6
      vertex 7.31572 -0.862961 0.6
    endloop
  endfacet
  facet normal 0 0 -1
    outer loop
      vertex 7.54434 -1.33975 0.6
      vertex 7.25447 -0.929092 0.6
      vertex 7.28691 -0.897827 0.6
    endloop
  endfacet
  facet normal 0 0 -1
    outer loop
      vertex 7.17809 -0.980743 0.6
      vertex 7.35468 -1.40558 0.6
      vertex 7.24413 -1.42862 0.6
    endloop
  endfacet
  facet normal 0 0 -1
    outer loop
      vertex 7.45474 -1.37596 0.6
      vertex 7.21837 -0.956741 0.6
      vertex 7.25447 -0.929092 0.6
    endloop
  endfacet
  facet normal 0 0 -1
    outer loop
      vertex 7.35468 -1.40558 0.6
      vertex 7.17809 -0.980743 0.6
      vertex 7.21837 -0.956741 0.6
    endloop
  endfacet
  facet normal 0 0 -1
    outer loop
      vertex 7.24413 -1.42862 0.6
      vertex 7.13312 -1.00107 0.6
      vertex 7.17809 -0.980743 0.6
    endloop
  endfacet
  facet normal 0 0 -1
    outer loop
      vertex 7.08347 -1.01768 0.6
      vertex 7.24413 -1.42862 0.6
      vertex 7.12311 -1.44508 0.6
    endloop
  endfacet
  facet normal 0 0 -1
    outer loop
      vertex 7.24413 -1.42862 0.6
      vertex 7.08347 -1.01768 0.6
      vertex 7.13312 -1.00107 0.6
    endloop
  endfacet
  facet normal 0 0 -1
    outer loop
      vertex 7.12311 -1.44508 0.6
      vertex 7.0291 -1.03061 0.6
      vertex 7.08347 -1.01768 0.6
    endloop
  endfacet
  facet normal 0 0 -1
    outer loop
      vertex 6.99161 -1.45496 0.6
      vertex 7.0291 -1.03061 0.6
      vertex 7.12311 -1.44508 0.6
    endloop
  endfacet
  facet normal 0 0 -1
    outer loop
      vertex 6.99161 -1.45496 0.6
      vertex 6.97005 -1.03984 0.6
      vertex 7.0291 -1.03061 0.6
    endloop
  endfacet
  facet normal 0 0 -1
    outer loop
      vertex 6.99161 -1.45496 0.6
      vertex 6.9063 -1.04538 0.6
      vertex 6.97005 -1.03984 0.6
    endloop
  endfacet
  facet normal 0 0 -1
    outer loop
      vertex 6.84962 -1.45824 0.6
      vertex 6.9063 -1.04538 0.6
      vertex 6.99161 -1.45496 0.6
    endloop
  endfacet
  facet normal 0 0 -1
    outer loop
      vertex 6.84962 -1.45824 0.6
      vertex 6.83786 -1.04723 0.6
      vertex 6.9063 -1.04538 0.6
    endloop
  endfacet
  facet normal 0 0 -1
    outer loop
      vertex 6.70091 -1.45416 0.6
      vertex 6.83786 -1.04723 0.6
      vertex 6.84962 -1.45824 0.6
    endloop
  endfacet
  facet normal 0 0 -1
    outer loop
      vertex 6.70091 -1.45416 0.6
      vertex 6.69803 -1.04048 0.6
      vertex 6.83786 -1.04723 0.6
    endloop
  endfacet
  facet normal 0 0 -1
    outer loop
      vertex 6.56268 -1.44196 0.6
      vertex 6.69803 -1.04048 0.6
      vertex 6.70091 -1.45416 0.6
    endloop
  endfacet
  facet normal -0 0 -1
    outer loop
      vertex 6.69803 -1.04048 0.6
      vertex 6.56268 -1.44196 0.6
      vertex 6.57971 -1.02026 0.6
    endloop
  endfacet
  facet normal 0 0 -1
    outer loop
      vertex 6.43492 -1.42159 0.6
      vertex 6.57971 -1.02026 0.6
      vertex 6.56268 -1.44196 0.6
    endloop
  endfacet
  facet normal -0 0 -1
    outer loop
      vertex 6.57971 -1.02026 0.6
      vertex 6.43492 -1.42159 0.6
      vertex 6.48291 -0.986542 0.6
    endloop
  endfacet
  facet normal 0 0 -1
    outer loop
      vertex 6.31763 -1.39307 0.6
      vertex 6.48291 -0.986542 0.6
      vertex 6.43492 -1.42159 0.6
    endloop
  endfacet
  facet normal 0 0 -1
    outer loop
      vertex 6.21082 -1.3564 0.6
      vertex 6.48291 -0.986542 0.6
      vertex 6.31763 -1.39307 0.6
    endloop
  endfacet
  facet normal -0 0 -1
    outer loop
      vertex 6.48291 -0.986542 0.6
      vertex 6.21082 -1.3564 0.6
      vertex 6.40761 -0.939346 0.6
    endloop
  endfacet
  facet normal 0 0 -1
    outer loop
      vertex 6.11447 -1.3116 0.6
      vertex 6.40761 -0.939346 0.6
      vertex 6.21082 -1.3564 0.6
    endloop
  endfacet
  facet normal 0 0 -1
    outer loop
      vertex 6.02861 -1.25864 0.6
      vertex 6.40761 -0.939346 0.6
      vertex 6.11447 -1.3116 0.6
    endloop
  endfacet
  facet normal -0 0 -1
    outer loop
      vertex 6.40761 -0.939346 0.6
      vertex 6.02861 -1.25864 0.6
      vertex 6.35384 -0.878677 0.6
    endloop
  endfacet
  facet normal 0 0 -1
    outer loop
      vertex 6.31081 -0.716858 0.6
      vertex 6.24496 0.012558 0.6
      vertex 6.27931 0.025528 0.6
    endloop
  endfacet
  facet normal 0 0 -1
    outer loop
      vertex 6.31081 -0.716858 0.6
      vertex 6.21158 -0.00102234 0.6
      vertex 6.24496 0.012558 0.6
    endloop
  endfacet
  facet normal 0 0 -1
    outer loop
      vertex 5.95374 -1.19801 0.6
      vertex 6.35384 -0.878677 0.6
      vertex 6.02861 -1.25864 0.6
    endloop
  endfacet
  facet normal 0 0 -1
    outer loop
      vertex 6.31081 -0.716858 0.6
      vertex 6.17914 -0.015274 0.6
      vertex 6.21158 -0.00102234 0.6
    endloop
  endfacet
  facet normal 0 0 -1
    outer loop
      vertex 6.31081 -0.716858 0.6
      vertex 6.14767 -0.0301666 0.6
      vertex 6.17914 -0.015274 0.6
    endloop
  endfacet
  facet normal 0 0 -1
    outer loop
      vertex 6.31081 -0.716858 0.6
      vertex 6.11717 -0.0457001 0.6
      vertex 6.14767 -0.0301666 0.6
    endloop
  endfacet
  facet normal 0 0 -1
    outer loop
      vertex 5.89038 -1.1302 0.6
      vertex 6.35384 -0.878677 0.6
      vertex 5.95374 -1.19801 0.6
    endloop
  endfacet
  facet normal 0 -0 -1
    outer loop
      vertex 5.74954 -0.601868 0.6
      vertex 6.31081 -0.716858 0.6
      vertex 5.74719 -0.641968 0.6
    endloop
  endfacet
  facet normal 0 -0 -1
    outer loop
      vertex 5.75345 -0.563141 0.6
      vertex 6.31081 -0.716858 0.6
      vertex 5.74954 -0.601868 0.6
    endloop
  endfacet
  facet normal 0 0 -1
    outer loop
      vertex 6.31081 -0.716858 0.6
      vertex 6.08763 -0.0618744 0.6
      vertex 6.11717 -0.0457001 0.6
    endloop
  endfacet
  facet normal -0 0 -1
    outer loop
      vertex 6.35384 -0.878677 0.6
      vertex 5.89038 -1.1302 0.6
      vertex 6.32156 -0.804504 0.6
    endloop
  endfacet
  facet normal 0 -0 -1
    outer loop
      vertex 5.75893 -0.525772 0.6
      vertex 6.31081 -0.716858 0.6
      vertex 5.75345 -0.563141 0.6
    endloop
  endfacet
  facet normal 0 0 -1
    outer loop
      vertex 6.31081 -0.716858 0.6
      vertex 6.05905 -0.0786896 0.6
      vertex 6.08763 -0.0618744 0.6
    endloop
  endfacet
  facet normal 0 0 -1
    outer loop
      vertex 6.31081 -0.716858 0.6
      vertex 6.03157 -0.0963287 0.6
      vertex 6.05905 -0.0786896 0.6
    endloop
  endfacet
  facet normal 0 0 -1
    outer loop
      vertex 5.83856 -1.05522 0.6
      vertex 6.32156 -0.804504 0.6
      vertex 5.89038 -1.1302 0.6
    endloop
  endfacet
  facet normal 0 0 -1
    outer loop
      vertex 6.31081 -0.716858 0.6
      vertex 6.00528 -0.114975 0.6
      vertex 6.03157 -0.0963287 0.6
    endloop
  endfacet
  facet normal 0 0 -1
    outer loop
      vertex 6.31081 -0.716858 0.6
      vertex 5.98021 -0.134628 0.6
      vertex 6.00528 -0.114975 0.6
    endloop
  endfacet
  facet normal 0 0 -1
    outer loop
      vertex 6.31081 -0.716858 0.6
      vertex 5.95633 -0.155273 0.6
      vertex 5.98021 -0.134628 0.6
    endloop
  endfacet
  facet normal 0 0 -1
    outer loop
      vertex 5.79825 -0.973038 0.6
      vertex 6.32156 -0.804504 0.6
      vertex 5.83856 -1.05522 0.6
    endloop
  endfacet
  facet normal 0 0 -1
    outer loop
      vertex 6.31081 -0.716858 0.6
      vertex 5.93365 -0.176926 0.6
      vertex 5.95633 -0.155273 0.6
    endloop
  endfacet
  facet normal 0 0 -1
    outer loop
      vertex 6.31081 -0.716858 0.6
      vertex 5.91217 -0.199585 0.6
      vertex 5.93365 -0.176926 0.6
    endloop
  endfacet
  facet normal 0 0 -1
    outer loop
      vertex 5.76944 -0.883682 0.6
      vertex 6.32156 -0.804504 0.6
      vertex 5.79825 -0.973038 0.6
    endloop
  endfacet
  facet normal 0 0 -1
    outer loop
      vertex 6.31081 -0.716858 0.6
      vertex 5.89191 -0.223251 0.6
      vertex 5.91217 -0.199585 0.6
    endloop
  endfacet
  facet normal 0 0 -1
    outer loop
      vertex 6.31081 -0.716858 0.6
      vertex 5.87286 -0.248016 0.6
      vertex 5.89191 -0.223251 0.6
    endloop
  endfacet
  facet normal 0 0 -1
    outer loop
      vertex 6.31081 -0.716858 0.6
      vertex 5.85507 -0.273972 0.6
      vertex 5.87286 -0.248016 0.6
    endloop
  endfacet
  facet normal -0 0 -1
    outer loop
      vertex 6.32156 -0.804504 0.6
      vertex 5.76944 -0.883682 0.6
      vertex 6.31081 -0.716858 0.6
    endloop
  endfacet
  facet normal 0 0 -1
    outer loop
      vertex 6.31081 -0.716858 0.6
      vertex 5.83852 -0.301147 0.6
      vertex 5.85507 -0.273972 0.6
    endloop
  endfacet
  facet normal 0 0 -1
    outer loop
      vertex 6.31081 -0.716858 0.6
      vertex 5.80914 -0.3591 0.6
      vertex 5.82321 -0.329529 0.6
    endloop
  endfacet
  facet normal 0 0 -1
    outer loop
      vertex 6.31081 -0.716858 0.6
      vertex 5.79633 -0.389877 0.6
      vertex 5.80914 -0.3591 0.6
    endloop
  endfacet
  facet normal 0 0 -1
    outer loop
      vertex 6.31081 -0.716858 0.6
      vertex 5.76944 -0.883682 0.6
      vertex 5.75217 -0.78714 0.6
    endloop
  endfacet
  facet normal 0 0 -1
    outer loop
      vertex 6.31081 -0.716858 0.6
      vertex 5.77458 -0.455139 0.6
      vertex 5.78474 -0.421875 0.6
    endloop
  endfacet
  facet normal 0 -0 -1
    outer loop
      vertex 5.77458 -0.455139 0.6
      vertex 6.31081 -0.716858 0.6
      vertex 5.76598 -0.489777 0.6
    endloop
  endfacet
  facet normal 0 -0 -1
    outer loop
      vertex 5.76598 -0.489777 0.6
      vertex 6.31081 -0.716858 0.6
      vertex 5.75893 -0.525772 0.6
    endloop
  endfacet
  facet normal -0 0 -1
    outer loop
      vertex 6.31081 -0.716858 0.6
      vertex 5.75217 -0.78714 0.6
      vertex 5.74641 -0.683426 0.6
    endloop
  endfacet
  facet normal 0 0 -1
    outer loop
      vertex 6.31081 -0.716858 0.6
      vertex 5.78474 -0.421875 0.6
      vertex 5.79633 -0.389877 0.6
    endloop
  endfacet
  facet normal 0 0 -1
    outer loop
      vertex 6.31081 -0.716858 0.6
      vertex 5.82321 -0.329529 0.6
      vertex 5.83852 -0.301147 0.6
    endloop
  endfacet
  facet normal 0 0 -1
    outer loop
      vertex 6.31081 -0.716858 0.6
      vertex 5.74641 -0.683426 0.6
      vertex 5.74719 -0.641968 0.6
    endloop
  endfacet
  facet normal 0 0 -1
    outer loop
      vertex 8.02957 0.555496 0.6
      vertex 7.46376 0.556061 0.6
      vertex 7.46518 0.588943 0.6
    endloop
  endfacet
  facet normal 0 0 -1
    outer loop
      vertex 7.5507 -0.145554 0.6
      vertex 7.45949 0.524887 0.6
      vertex 7.46376 0.556061 0.6
    endloop
  endfacet
  facet normal 0 0 -1
    outer loop
      vertex 7.5507 -0.145554 0.6
      vertex 7.45236 0.495392 0.6
      vertex 7.45949 0.524887 0.6
    endloop
  endfacet
  facet normal 0 0 -1
    outer loop
      vertex 7.5507 -0.145554 0.6
      vertex 7.44238 0.467575 0.6
      vertex 7.45236 0.495392 0.6
    endloop
  endfacet
  facet normal 0 0 -1
    outer loop
      vertex 7.26653 0.297729 0.6
      vertex 7.4969 -0.166321 0.6
      vertex 7.43384 -0.187622 0.6
    endloop
  endfacet
  facet normal 0 0 -1
    outer loop
      vertex 7.5507 -0.145554 0.6
      vertex 7.42955 0.441452 0.6
      vertex 7.44238 0.467575 0.6
    endloop
  endfacet
  facet normal 0 0 -1
    outer loop
      vertex 7.5507 -0.145554 0.6
      vertex 7.41388 0.417007 0.6
      vertex 7.42955 0.441452 0.6
    endloop
  endfacet
  facet normal 0 0 -1
    outer loop
      vertex 7.5507 -0.145554 0.6
      vertex 7.39536 0.394257 0.6
      vertex 7.41388 0.417007 0.6
    endloop
  endfacet
  facet normal 0 0 -1
    outer loop
      vertex 7.5507 -0.145554 0.6
      vertex 7.37424 0.372864 0.6
      vertex 7.39536 0.394257 0.6
    endloop
  endfacet
  facet normal 0 0 -1
    outer loop
      vertex 7.23378 0.281555 0.6
      vertex 7.43384 -0.187622 0.6
      vertex 7.3615 -0.209427 0.6
    endloop
  endfacet
  facet normal 0 0 -1
    outer loop
      vertex 7.5507 -0.145554 0.6
      vertex 7.3508 0.352524 0.6
      vertex 7.37424 0.372864 0.6
    endloop
  endfacet
  facet normal 0 0 -1
    outer loop
      vertex 7.5507 -0.145554 0.6
      vertex 7.32504 0.333206 0.6
      vertex 7.3508 0.352524 0.6
    endloop
  endfacet
  facet normal 0 0 -1
    outer loop
      vertex 7.5507 -0.145554 0.6
      vertex 7.29695 0.314957 0.6
      vertex 7.32504 0.333206 0.6
    endloop
  endfacet
  facet normal 0 0 -1
    outer loop
      vertex 7.1577 0.251373 0.6
      vertex 7.3615 -0.209427 0.6
      vertex 7.27989 -0.231766 0.6
    endloop
  endfacet
  facet normal 0 0 -1
    outer loop
      vertex 7.4969 -0.166321 0.6
      vertex 7.26653 0.297729 0.6
      vertex 7.29695 0.314957 0.6
    endloop
  endfacet
  facet normal 0 0 -1
    outer loop
      vertex 7.43384 -0.187622 0.6
      vertex 7.23378 0.281555 0.6
      vertex 7.26653 0.297729 0.6
    endloop
  endfacet
  facet normal 0 0 -1
    outer loop
      vertex 7.3615 -0.209427 0.6
      vertex 7.1987 0.266434 0.6
      vertex 7.23378 0.281555 0.6
    endloop
  endfacet
  facet normal 0 0 -1
    outer loop
      vertex 7.10719 0.235443 0.6
      vertex 7.27989 -0.231766 0.6
      vertex 7.18901 -0.254623 0.6
    endloop
  endfacet
  facet normal 0 0 -1
    outer loop
      vertex 7.3615 -0.209427 0.6
      vertex 7.1577 0.251373 0.6
      vertex 7.1987 0.266434 0.6
    endloop
  endfacet
  facet normal 0 0 -1
    outer loop
      vertex 7.27989 -0.231766 0.6
      vertex 7.10719 0.235443 0.6
      vertex 7.1577 0.251373 0.6
    endloop
  endfacet
  facet normal 0 0 -1
    outer loop
      vertex 7.04718 0.218628 0.6
      vertex 7.18901 -0.254623 0.6
      vertex 7.08885 -0.278 0.6
    endloop
  endfacet
  facet normal 0 0 -1
    outer loop
      vertex 7.18901 -0.254623 0.6
      vertex 7.04718 0.218628 0.6
      vertex 7.10719 0.235443 0.6
    endloop
  endfacet
  facet normal 0 0 -1
    outer loop
      vertex 6.89861 0.182343 0.6
      vertex 7.08885 -0.278 0.6
      vertex 6.97943 -0.301895 0.6
    endloop
  endfacet
  facet normal 0 0 -1
    outer loop
      vertex 7.08885 -0.278 0.6
      vertex 6.97765 0.200928 0.6
      vertex 7.04718 0.218628 0.6
    endloop
  endfacet
  facet normal 0 0 -1
    outer loop
      vertex 7.08885 -0.278 0.6
      vertex 6.89861 0.182343 0.6
      vertex 6.97765 0.200928 0.6
    endloop
  endfacet
  facet normal 0 0 -1
    outer loop
      vertex 6.81006 0.162872 0.6
      vertex 6.97943 -0.301895 0.6
      vertex 6.88797 -0.322189 0.6
    endloop
  endfacet
  facet normal 0 0 -1
    outer loop
      vertex 6.97943 -0.301895 0.6
      vertex 6.81006 0.162872 0.6
      vertex 6.89861 0.182343 0.6
    endloop
  endfacet
  facet normal 0 0 -1
    outer loop
      vertex 6.71199 0.142517 0.6
      vertex 6.88797 -0.322189 0.6
      vertex 6.80573 -0.341461 0.6
    endloop
  endfacet
  facet normal 0 0 -1
    outer loop
      vertex 6.62706 0.122299 0.6
      vertex 6.80573 -0.341461 0.6
      vertex 6.73273 -0.359741 0.6
    endloop
  endfacet
  facet normal 0 0 -1
    outer loop
      vertex 6.88797 -0.322189 0.6
      vertex 6.71199 0.142517 0.6
      vertex 6.81006 0.162872 0.6
    endloop
  endfacet
  facet normal 0 0 -1
    outer loop
      vertex 6.54984 0.103271 0.6
      vertex 6.73273 -0.359741 0.6
      vertex 6.66895 -0.377029 0.6
    endloop
  endfacet
  facet normal 0 0 -1
    outer loop
      vertex 6.80573 -0.341461 0.6
      vertex 6.62706 0.122299 0.6
      vertex 6.71199 0.142517 0.6
    endloop
  endfacet
  facet normal 0 0 -1
    outer loop
      vertex 6.48033 0.0853882 0.6
      vertex 6.66895 -0.377029 0.6
      vertex 6.61441 -0.393295 0.6
    endloop
  endfacet
  facet normal 0 0 -1
    outer loop
      vertex 6.41852 0.0686798 0.6
      vertex 6.61441 -0.393295 0.6
      vertex 6.56909 -0.408569 0.6
    endloop
  endfacet
  facet normal 0 0 -1
    outer loop
      vertex 6.73273 -0.359741 0.6
      vertex 6.54984 0.103271 0.6
      vertex 6.62706 0.122299 0.6
    endloop
  endfacet
  facet normal 0 0 -1
    outer loop
      vertex 6.41852 0.0686798 0.6
      vertex 6.56909 -0.408569 0.6
      vertex 6.533 -0.422821 0.6
    endloop
  endfacet
  facet normal 0 0 -1
    outer loop
      vertex 6.31801 0.0387421 0.6
      vertex 6.533 -0.422821 0.6
      vertex 6.50264 -0.437012 0.6
    endloop
  endfacet
  facet normal 0 0 -1
    outer loop
      vertex 6.66895 -0.377029 0.6
      vertex 6.48033 0.0853882 0.6
      vertex 6.54984 0.103271 0.6
    endloop
  endfacet
  facet normal 0 0 -1
    outer loop
      vertex 6.27931 0.025528 0.6
      vertex 6.50264 -0.437012 0.6
      vertex 6.4745 -0.452057 0.6
    endloop
  endfacet
  facet normal 0 0 -1
    outer loop
      vertex 6.27931 0.025528 0.6
      vertex 6.4745 -0.452057 0.6
      vertex 6.44855 -0.467926 0.6
    endloop
  endfacet
  facet normal 0 0 -1
    outer loop
      vertex 6.27931 0.025528 0.6
      vertex 6.44855 -0.467926 0.6
      vertex 6.42482 -0.48465 0.6
    endloop
  endfacet
  facet normal 0 0 -1
    outer loop
      vertex 6.61441 -0.393295 0.6
      vertex 6.41852 0.0686798 0.6
      vertex 6.48033 0.0853882 0.6
    endloop
  endfacet
  facet normal 0 0 -1
    outer loop
      vertex 6.27931 0.025528 0.6
      vertex 6.42482 -0.48465 0.6
      vertex 6.40327 -0.502197 0.6
    endloop
  endfacet
  facet normal 0 0 -1
    outer loop
      vertex 6.27931 0.025528 0.6
      vertex 6.40327 -0.502197 0.6
      vertex 6.38396 -0.520599 0.6
    endloop
  endfacet
  facet normal 0 0 -1
    outer loop
      vertex 6.27931 0.025528 0.6
      vertex 6.38396 -0.520599 0.6
      vertex 6.36684 -0.539841 0.6
    endloop
  endfacet
  facet normal 0 0 -1
    outer loop
      vertex 6.533 -0.422821 0.6
      vertex 6.36441 0.0531311 0.6
      vertex 6.41852 0.0686798 0.6
    endloop
  endfacet
  facet normal 0 0 -1
    outer loop
      vertex 6.27931 0.025528 0.6
      vertex 6.36684 -0.539841 0.6
      vertex 6.35197 -0.560318 0.6
    endloop
  endfacet
  facet normal 0 0 -1
    outer loop
      vertex 6.27931 0.025528 0.6
      vertex 6.35197 -0.560318 0.6
      vertex 6.33939 -0.582397 0.6
    endloop
  endfacet
  facet normal 0 0 -1
    outer loop
      vertex 6.27931 0.025528 0.6
      vertex 6.33939 -0.582397 0.6
      vertex 6.3291 -0.606079 0.6
    endloop
  endfacet
  facet normal 0 0 -1
    outer loop
      vertex 6.27931 0.025528 0.6
      vertex 6.3291 -0.606079 0.6
      vertex 6.32109 -0.631363 0.6
    endloop
  endfacet
  facet normal 0 0 -1
    outer loop
      vertex 6.533 -0.422821 0.6
      vertex 6.31801 0.0387421 0.6
      vertex 6.36441 0.0531311 0.6
    endloop
  endfacet
  facet normal 0 0 -1
    outer loop
      vertex 6.27931 0.025528 0.6
      vertex 6.32109 -0.631363 0.6
      vertex 6.31538 -0.658264 0.6
    endloop
  endfacet
  facet normal 0 0 -1
    outer loop
      vertex 6.27931 0.025528 0.6
      vertex 6.31538 -0.658264 0.6
      vertex 6.31195 -0.686752 0.6
    endloop
  endfacet
  facet normal 0 0 -1
    outer loop
      vertex 6.27931 0.025528 0.6
      vertex 6.31195 -0.686752 0.6
      vertex 6.31081 -0.716858 0.6
    endloop
  endfacet
  facet normal 0 0 -1
    outer loop
      vertex 6.50264 -0.437012 0.6
      vertex 6.27931 0.025528 0.6
      vertex 6.31801 0.0387421 0.6
    endloop
  endfacet
  facet normal 0 0 -1
    outer loop
      vertex 7.46376 0.556061 0.6
      vertex 8.02849 0.506882 0.6
      vertex 8.02524 0.459915 0.6
    endloop
  endfacet
  facet normal 0 0 -1
    outer loop
      vertex 7.46376 0.556061 0.6
      vertex 8.02957 0.555496 0.6
      vertex 8.02849 0.506882 0.6
    endloop
  endfacet
  facet normal 0 0 -1
    outer loop
      vertex 7.46376 0.556061 0.6
      vertex 8.02524 0.459915 0.6
      vertex 8.01982 0.414581 0.6
    endloop
  endfacet
  facet normal 0 0 -1
    outer loop
      vertex 7.46376 0.556061 0.6
      vertex 8.01982 0.414581 0.6
      vertex 8.01224 0.370895 0.6
    endloop
  endfacet
  facet normal 0 0 -1
    outer loop
      vertex 8.02957 0.555496 0.6
      vertex 7.46518 0.588943 0.6
      vertex 8.02342 0.667892 0.6
    endloop
  endfacet
  facet normal 0 0 -1
    outer loop
      vertex 7.46376 0.556061 0.6
      vertex 8.01224 0.370895 0.6
      vertex 8.00249 0.328857 0.6
    endloop
  endfacet
  facet normal 0 0 -1
    outer loop
      vertex 7.46376 0.556061 0.6
      vertex 8.00249 0.328857 0.6
      vertex 7.99057 0.288467 0.6
    endloop
  endfacet
  facet normal 0 0 -1
    outer loop
      vertex 7.46376 0.556061 0.6
      vertex 7.99057 0.288467 0.6
      vertex 7.97649 0.249725 0.6
    endloop
  endfacet
  facet normal -0 0 -1
    outer loop
      vertex 8.02342 0.667892 0.6
      vertex 7.46518 0.588943 0.6
      vertex 8.00493 0.772461 0.6
    endloop
  endfacet
  facet normal 0 0 -1
    outer loop
      vertex 7.46376 0.556061 0.6
      vertex 7.97649 0.249725 0.6
      vertex 7.96034 0.212555 0.6
    endloop
  endfacet
  facet normal 0 0 -1
    outer loop
      vertex 7.46376 0.556061 0.6
      vertex 7.96034 0.212555 0.6
      vertex 7.94228 0.17691 0.6
    endloop
  endfacet
  facet normal 0 0 -1
    outer loop
      vertex 7.45277 0.687027 0.6
      vertex 8.00493 0.772461 0.6
      vertex 7.46518 0.588943 0.6
    endloop
  endfacet
  facet normal 0 0 -1
    outer loop
      vertex 7.46376 0.556061 0.6
      vertex 7.94228 0.17691 0.6
      vertex 7.9223 0.142792 0.6
    endloop
  endfacet
  facet normal 0 0 -1
    outer loop
      vertex 7.46376 0.556061 0.6
      vertex 7.9223 0.142792 0.6
      vertex 7.90038 0.110199 0.6
    endloop
  endfacet
  facet normal 0 0 -1
    outer loop
      vertex 7.46376 0.556061 0.6
      vertex 7.90038 0.110199 0.6
      vertex 7.87654 0.0791321 0.6
    endloop
  endfacet
  facet normal -0 0 -1
    outer loop
      vertex 8.00493 0.772461 0.6
      vertex 7.45277 0.687027 0.6
      vertex 7.97414 0.869202 0.6
    endloop
  endfacet
  facet normal 0 0 -1
    outer loop
      vertex 7.46376 0.556061 0.6
      vertex 7.87654 0.0791321 0.6
      vertex 7.85077 0.0495911 0.6
    endloop
  endfacet
  facet normal 0 0 -1
    outer loop
      vertex 7.46376 0.556061 0.6
      vertex 7.85077 0.0495911 0.6
      vertex 7.82307 0.0215759 0.6
    endloop
  endfacet
  facet normal -0 0 -1
    outer loop
      vertex 7.97414 0.869202 0.6
      vertex 7.45277 0.687027 0.6
      vertex 7.931 0.95813 0.6
    endloop
  endfacet
  facet normal 0 0 -1
    outer loop
      vertex 7.46376 0.556061 0.6
      vertex 7.82307 0.0215759 0.6
      vertex 7.79295 -0.00517273 0.6
    endloop
  endfacet
  facet normal 0 0 -1
    outer loop
      vertex 7.46376 0.556061 0.6
      vertex 7.79295 -0.00517273 0.6
      vertex 7.7599 -0.0309753 0.6
    endloop
  endfacet
  facet normal 0 0 -1
    outer loop
      vertex 7.41557 0.77002 0.6
      vertex 7.931 0.95813 0.6
      vertex 7.45277 0.687027 0.6
    endloop
  endfacet
  facet normal 0 0 -1
    outer loop
      vertex 7.46376 0.556061 0.6
      vertex 7.7599 -0.0309753 0.6
      vertex 7.72392 -0.0558167 0.6
    endloop
  endfacet
  facet normal 0 0 -1
    outer loop
      vertex 7.46376 0.556061 0.6
      vertex 7.72392 -0.0558167 0.6
      vertex 7.68501 -0.0796967 0.6
    endloop
  endfacet
  facet normal 0 0 -1
    outer loop
      vertex 7.46376 0.556061 0.6
      vertex 7.68501 -0.0796967 0.6
      vertex 7.64317 -0.102615 0.6
    endloop
  endfacet
  facet normal -0 0 -1
    outer loop
      vertex 7.931 0.95813 0.6
      vertex 7.41557 0.77002 0.6
      vertex 7.87555 1.03922 0.6
    endloop
  endfacet
  facet normal 0 0 -1
    outer loop
      vertex 7.46376 0.556061 0.6
      vertex 7.64317 -0.102615 0.6
      vertex 7.5984 -0.124573 0.6
    endloop
  endfacet
  facet normal 0 0 -1
    outer loop
      vertex 7.46376 0.556061 0.6
      vertex 7.5984 -0.124573 0.6
      vertex 7.5507 -0.145554 0.6
    endloop
  endfacet
  facet normal -0 0 -1
    outer loop
      vertex 7.87555 1.03922 0.6
      vertex 7.41557 0.77002 0.6
      vertex 7.80779 1.11249 0.6
    endloop
  endfacet
  facet normal 0 0 -1
    outer loop
      vertex 7.29695 0.314957 0.6
      vertex 7.5507 -0.145554 0.6
      vertex 7.4969 -0.166321 0.6
    endloop
  endfacet
  facet normal -0 0 -1
    outer loop
      vertex 7.80779 1.11249 0.6
      vertex 7.41557 0.77002 0.6
      vertex 7.72769 1.17793 0.6
    endloop
  endfacet
  facet normal 0 0 -1
    outer loop
      vertex 7.35356 0.837936 0.6
      vertex 7.72769 1.17793 0.6
      vertex 7.41557 0.77002 0.6
    endloop
  endfacet
  facet normal -0 0 -1
    outer loop
      vertex 7.72769 1.17793 0.6
      vertex 7.35356 0.837936 0.6
      vertex 7.63568 1.23506 0.6
    endloop
  endfacet
  facet normal -0 0 -1
    outer loop
      vertex 7.63568 1.23506 0.6
      vertex 7.35356 0.837936 0.6
      vertex 7.53217 1.2834 0.6
    endloop
  endfacet
  facet normal 0 0 -1
    outer loop
      vertex 7.26675 0.890747 0.6
      vertex 7.53217 1.2834 0.6
      vertex 7.35356 0.837936 0.6
    endloop
  endfacet
  facet normal -0 0 -1
    outer loop
      vertex 7.53217 1.2834 0.6
      vertex 7.26675 0.890747 0.6
      vertex 7.41711 1.32294 0.6
    endloop
  endfacet
  facet normal -0 0 -1
    outer loop
      vertex 7.41711 1.32294 0.6
      vertex 7.26675 0.890747 0.6
      vertex 7.29056 1.3537 0.6
    endloop
  endfacet
  facet normal 0 0 -1
    outer loop
      vertex 7.15515 0.928482 0.6
      vertex 7.29056 1.3537 0.6
      vertex 7.26675 0.890747 0.6
    endloop
  endfacet
  facet normal 0 0 -1
    outer loop
      vertex 7.15515 0.928482 0.6
      vertex 7.15248 1.37567 0.6
      vertex 7.29056 1.3537 0.6
    endloop
  endfacet
  facet normal 0 0 -1
    outer loop
      vertex 7.01874 0.951111 0.6
      vertex 7.15248 1.37567 0.6
      vertex 7.15515 0.928482 0.6
    endloop
  endfacet
  facet normal 0 0 -1
    outer loop
      vertex 7.01874 0.951111 0.6
      vertex 7.00288 1.38885 0.6
      vertex 7.15248 1.37567 0.6
    endloop
  endfacet
  facet normal 0 0 -1
    outer loop
      vertex 6.85751 0.958664 0.6
      vertex 7.00288 1.38885 0.6
      vertex 7.01874 0.951111 0.6
    endloop
  endfacet
  facet normal 0 0 -1
    outer loop
      vertex 6.85751 0.958664 0.6
      vertex 6.84177 1.39325 0.6
      vertex 7.00288 1.38885 0.6
    endloop
  endfacet
  facet normal 0 0 -1
    outer loop
      vertex 6.7764 0.956635 0.6
      vertex 6.84177 1.39325 0.6
      vertex 6.85751 0.958664 0.6
    endloop
  endfacet
  facet normal 0 0 -1
    outer loop
      vertex 6.6942 1.3894 0.6
      vertex 6.7764 0.956635 0.6
      vertex 6.70052 0.950562 0.6
    endloop
  endfacet
  facet normal 0 0 -1
    outer loop
      vertex 6.7764 0.956635 0.6
      vertex 6.6942 1.3894 0.6
      vertex 6.84177 1.39325 0.6
    endloop
  endfacet
  facet normal 0 0 -1
    outer loop
      vertex 6.55602 1.37784 0.6
      vertex 6.70052 0.950562 0.6
      vertex 6.62984 0.940414 0.6
    endloop
  endfacet
  facet normal 0 0 -1
    outer loop
      vertex 6.55602 1.37784 0.6
      vertex 6.62984 0.940414 0.6
      vertex 6.56438 0.926239 0.6
    endloop
  endfacet
  facet normal 0 0 -1
    outer loop
      vertex 6.70052 0.950562 0.6
      vertex 6.55602 1.37784 0.6
      vertex 6.6942 1.3894 0.6
    endloop
  endfacet
  facet normal 0 0 -1
    outer loop
      vertex 6.42723 1.35858 0.6
      vertex 6.56438 0.926239 0.6
      vertex 6.50412 0.908005 0.6
    endloop
  endfacet
  facet normal 0 0 -1
    outer loop
      vertex 6.30783 1.3316 0.6
      vertex 6.50412 0.908005 0.6
      vertex 6.4491 0.885712 0.6
    endloop
  endfacet
  facet normal 0 0 -1
    outer loop
      vertex 6.56438 0.926239 0.6
      vertex 6.42723 1.35858 0.6
      vertex 6.55602 1.37784 0.6
    endloop
  endfacet
  facet normal 0 0 -1
    outer loop
      vertex 6.19783 1.29694 0.6
      vertex 6.4491 0.885712 0.6
      vertex 6.39929 0.85936 0.6
    endloop
  endfacet
  facet normal 0 0 -1
    outer loop
      vertex 6.09721 1.25455 0.6
      vertex 6.39929 0.85936 0.6
      vertex 6.35429 0.828522 0.6
    endloop
  endfacet
  facet normal 0 0 -1
    outer loop
      vertex 6.00598 1.20447 0.6
      vertex 6.35429 0.828522 0.6
      vertex 6.31372 0.79274 0.6
    endloop
  endfacet
  facet normal 0 0 -1
    outer loop
      vertex 6.50412 0.908005 0.6
      vertex 6.30783 1.3316 0.6
      vertex 6.42723 1.35858 0.6
    endloop
  endfacet
  facet normal 0 0 -1
    outer loop
      vertex 5.92387 1.14655 0.6
      vertex 6.31372 0.79274 0.6
      vertex 6.27757 0.752014 0.6
    endloop
  endfacet
  facet normal 0 0 -1
    outer loop
      vertex 5.85059 1.08069 0.6
      vertex 6.27757 0.752014 0.6
      vertex 6.24582 0.70636 0.6
    endloop
  endfacet
  facet normal 0 0 -1
    outer loop
      vertex 5.78613 1.00688 0.6
      vertex 6.24582 0.70636 0.6
      vertex 6.21849 0.655777 0.6
    endloop
  endfacet
  facet normal 0 0 -1
    outer loop
      vertex 6.4491 0.885712 0.6
      vertex 6.19783 1.29694 0.6
      vertex 6.30783 1.3316 0.6
    endloop
  endfacet
  facet normal 0 0 -1
    outer loop
      vertex 5.68372 0.835434 0.6
      vertex 6.21849 0.655777 0.6
      vertex 6.19559 0.60025 0.6
    endloop
  endfacet
  facet normal 0 0 -1
    outer loop
      vertex 5.64574 0.737793 0.6
      vertex 6.19559 0.60025 0.6
      vertex 6.17709 0.53978 0.6
    endloop
  endfacet
  facet normal 0 0 -1
    outer loop
      vertex 6.39929 0.85936 0.6
      vertex 6.09721 1.25455 0.6
      vertex 6.19783 1.29694 0.6
    endloop
  endfacet
  facet normal 0 0 -1
    outer loop
      vertex 6.35429 0.828522 0.6
      vertex 6.00598 1.20447 0.6
      vertex 6.09721 1.25455 0.6
    endloop
  endfacet
  facet normal 0 0 -1
    outer loop
      vertex 6.31372 0.79274 0.6
      vertex 5.92387 1.14655 0.6
      vertex 6.00598 1.20447 0.6
    endloop
  endfacet
  facet normal 0 0 -1
    outer loop
      vertex 6.27757 0.752014 0.6
      vertex 5.85059 1.08069 0.6
      vertex 5.92387 1.14655 0.6
    endloop
  endfacet
  facet normal 0 0 -1
    outer loop
      vertex 6.24582 0.70636 0.6
      vertex 5.78613 1.00688 0.6
      vertex 5.85059 1.08069 0.6
    endloop
  endfacet
  facet normal 0 0 -1
    outer loop
      vertex 6.21849 0.655777 0.6
      vertex 5.73051 0.92514 0.6
      vertex 5.78613 1.00688 0.6
    endloop
  endfacet
  facet normal 0 0 -1
    outer loop
      vertex 6.21849 0.655777 0.6
      vertex 5.68372 0.835434 0.6
      vertex 5.73051 0.92514 0.6
    endloop
  endfacet
  facet normal 0 0 -1
    outer loop
      vertex 6.19559 0.60025 0.6
      vertex 5.64574 0.737793 0.6
      vertex 5.68372 0.835434 0.6
    endloop
  endfacet
  facet normal 0 -0 -1
    outer loop
      vertex 5.64574 0.737793 0.6
      vertex 6.17709 0.53978 0.6
      vertex 5.61661 0.632202 0.6
    endloop
  endfacet
  facet normal -0 0 -1
    outer loop
      vertex -5.32176 1.35393 0.6
      vertex -6.14182 0.64595 0.6
      vertex -5.89598 1.35393 0.6
    endloop
  endfacet
  facet normal 0 0 -1
    outer loop
      vertex -5.32176 1.35393 0.6
      vertex -6.27162 0.209381 0.6
      vertex -6.14182 0.64595 0.6
    endloop
  endfacet
  facet normal 0 0 -1
    outer loop
      vertex -6.32863 -1.41695 0.6
      vertex -6.27162 0.209381 0.6
      vertex -5.32176 1.35393 0.6
    endloop
  endfacet
  facet normal 0 0 -1
    outer loop
      vertex -6.32863 -1.41695 0.6
      vertex -6.54498 -0.587051 0.6
      vertex -6.27162 0.209381 0.6
    endloop
  endfacet
  facet normal 0 0 -1
    outer loop
      vertex -6.32863 -1.41695 0.6
      vertex -6.62952 -0.854492 0.6
      vertex -6.54498 -0.587051 0.6
    endloop
  endfacet
  facet normal 0 0 -1
    outer loop
      vertex -6.32863 -1.41695 0.6
      vertex -6.67084 -0.990219 0.6
      vertex -6.62952 -0.854492 0.6
    endloop
  endfacet
  facet normal 0 0 -1
    outer loop
      vertex -7.013 -1.41695 0.6
      vertex -6.68262 -0.946945 0.6
      vertex -6.67084 -0.990219 0.6
    endloop
  endfacet
  facet normal -0 0 -1
    outer loop
      vertex -6.68262 -0.946945 0.6
      vertex -7.013 -1.41695 0.6
      vertex -6.6884 -0.926315 0.6
    endloop
  endfacet
  facet normal -0 0 -1
    outer loop
      vertex -6.6884 -0.926315 0.6
      vertex -7.013 -1.41695 0.6
      vertex -6.6945 -0.904877 0.6
    endloop
  endfacet
  facet normal -0 0 -1
    outer loop
      vertex -6.6945 -0.904877 0.6
      vertex -7.013 -1.41695 0.6
      vertex -6.70093 -0.882629 0.6
    endloop
  endfacet
  facet normal -0 0 -1
    outer loop
      vertex -6.70093 -0.882629 0.6
      vertex -7.013 -1.41695 0.6
      vertex -6.70767 -0.859604 0.6
    endloop
  endfacet
  facet normal -0 0 -1
    outer loop
      vertex -6.70767 -0.859604 0.6
      vertex -7.013 -1.41695 0.6
      vertex -6.71474 -0.835754 0.6
    endloop
  endfacet
  facet normal -0 0 -1
    outer loop
      vertex -6.71474 -0.835754 0.6
      vertex -7.013 -1.41695 0.6
      vertex -6.72212 -0.811111 0.6
    endloop
  endfacet
  facet normal -0 0 -1
    outer loop
      vertex -6.72212 -0.811111 0.6
      vertex -7.013 -1.41695 0.6
      vertex -6.72983 -0.785675 0.6
    endloop
  endfacet
  facet normal -0 0 -1
    outer loop
      vertex -6.72983 -0.785675 0.6
      vertex -7.013 -1.41695 0.6
      vertex -6.74347 -0.74321 0.6
    endloop
  endfacet
  facet normal -0 0 -1
    outer loop
      vertex -6.74347 -0.74321 0.6
      vertex -7.013 -1.41695 0.6
      vertex -6.76866 -0.667526 0.6
    endloop
  endfacet
  facet normal -0 0 -1
    outer loop
      vertex -6.76866 -0.667526 0.6
      vertex -7.013 -1.41695 0.6
      vertex -6.80544 -0.558609 0.6
    endloop
  endfacet
  facet normal -0 0 -1
    outer loop
      vertex -6.80544 -0.558609 0.6
      vertex -7.013 -1.41695 0.6
      vertex -6.85376 -0.416443 0.6
    endloop
  endfacet
  facet normal -0 0 -1
    outer loop
      vertex -6.85376 -0.416443 0.6
      vertex -7.013 -1.41695 0.6
      vertex -6.91364 -0.241058 0.6
    endloop
  endfacet
  facet normal 0 0 -1
    outer loop
      vertex -7.013 -1.41695 0.6
      vertex -6.67084 -0.990219 0.6
      vertex -6.32863 -1.41695 0.6
    endloop
  endfacet
  facet normal -0 0 -1
    outer loop
      vertex -6.91364 -0.241058 0.6
      vertex -7.013 -1.41695 0.6
      vertex -6.98508 -0.0324402 0.6
    endloop
  endfacet
  facet normal 0 0 -1
    outer loop
      vertex -7.013 -1.41695 0.6
      vertex -7.06808 0.209381 0.6
      vertex -6.98508 -0.0324402 0.6
    endloop
  endfacet
  facet normal 0 0 -1
    outer loop
      vertex -8.02383 1.35393 0.6
      vertex -7.06808 0.209381 0.6
      vertex -7.013 -1.41695 0.6
    endloop
  endfacet
  facet normal 0 0 -1
    outer loop
      vertex -7.06808 0.209381 0.6
      vertex -8.02383 1.35393 0.6
      vertex -7.19785 0.64595 0.6
    endloop
  endfacet
  facet normal 0 0 -1
    outer loop
      vertex -7.19785 0.64595 0.6
      vertex -8.02383 1.35393 0.6
      vertex -7.44368 1.35393 0.6
    endloop
  endfacet
  facet normal 0 0 -1
    outer loop
      vertex -7.06808 0.209381 0.6
      vertex -6.14182 0.64595 0.6
      vertex -6.27162 0.209381 0.6
    endloop
  endfacet
  facet normal -0 0 -1
    outer loop
      vertex -6.14182 0.64595 0.6
      vertex -7.06808 0.209381 0.6
      vertex -7.19785 0.64595 0.6
    endloop
  endfacet
  facet normal 0 0 -1
    outer loop
      vertex -0.222794 0.124817 0.6
      vertex 0.699509 -1.41695 0.6
      vertex 0.111511 -1.41695 0.6
    endloop
  endfacet
  facet normal 0 0 -1
    outer loop
      vertex 0.699509 -1.41695 0.6
      vertex -0.222794 0.124817 0.6
      vertex -0.0163116 1.35393 0.6
    endloop
  endfacet
  facet normal 0 0 -1
    outer loop
      vertex -0.327011 0.577133 0.6
      vertex -0.0163116 1.35393 0.6
      vertex -0.222794 0.124817 0.6
    endloop
  endfacet
  facet normal 0 0 -1
    outer loop
      vertex -0.376175 0.805252 0.6
      vertex -0.0163116 1.35393 0.6
      vertex -0.327011 0.577133 0.6
    endloop
  endfacet
  facet normal 0 0 -1
    outer loop
      vertex -0.70459 1.35393 0.6
      vertex -0.403107 0.647446 0.6
      vertex -0.427704 0.506668 0.6
    endloop
  endfacet
  facet normal 0 0 -1
    outer loop
      vertex -1.0802 -0.248795 0.6
      vertex -0.427704 0.506668 0.6
      vertex -0.449982 0.382889 0.6
    endloop
  endfacet
  facet normal 0 0 -1
    outer loop
      vertex -1.0802 -0.248795 0.6
      vertex -0.449982 0.382889 0.6
      vertex -0.46994 0.276138 0.6
    endloop
  endfacet
  facet normal 0 0 -1
    outer loop
      vertex -1.0802 -0.248795 0.6
      vertex -0.46994 0.276138 0.6
      vertex -0.487549 0.186401 0.6
    endloop
  endfacet
  facet normal 0 0 -1
    outer loop
      vertex -1.0802 -0.248795 0.6
      vertex -0.487549 0.186401 0.6
      vertex -0.502838 0.113678 0.6
    endloop
  endfacet
  facet normal 0 0 -1
    outer loop
      vertex -1.0802 -0.248795 0.6
      vertex -0.502838 0.113678 0.6
      vertex -0.515808 0.0579834 0.6
    endloop
  endfacet
  facet normal 0 0 -1
    outer loop
      vertex -0.376175 0.805252 0.6
      vertex -0.70459 1.35393 0.6
      vertex -0.0163116 1.35393 0.6
    endloop
  endfacet
  facet normal -0 0 -1
    outer loop
      vertex -0.427704 0.506668 0.6
      vertex -1.0802 -0.248795 0.6
      vertex -0.70459 1.35393 0.6
    endloop
  endfacet
  facet normal 0 0 -1
    outer loop
      vertex -1.15181 -0.580795 0.6
      vertex -0.515808 0.0579834 0.6
      vertex -0.86586 -1.41695 0.6
    endloop
  endfacet
  facet normal 0 0 -1
    outer loop
      vertex -0.403107 0.647446 0.6
      vertex -0.70459 1.35393 0.6
      vertex -0.376175 0.805252 0.6
    endloop
  endfacet
  facet normal 0 0 -1
    outer loop
      vertex -0.515808 0.0579834 0.6
      vertex -1.09943 -0.330231 0.6
      vertex -1.0802 -0.248795 0.6
    endloop
  endfacet
  facet normal 0 0 -1
    outer loop
      vertex -0.515808 0.0579834 0.6
      vertex -1.11778 -0.412704 0.6
      vertex -1.09943 -0.330231 0.6
    endloop
  endfacet
  facet normal 0 0 -1
    outer loop
      vertex -0.515808 0.0579834 0.6
      vertex -1.13524 -0.496231 0.6
      vertex -1.11778 -0.412704 0.6
    endloop
  endfacet
  facet normal 0 0 -1
    outer loop
      vertex -0.515808 0.0579834 0.6
      vertex -1.15181 -0.580795 0.6
      vertex -1.13524 -0.496231 0.6
    endloop
  endfacet
  facet normal 0 0 -1
    outer loop
      vertex -0.86586 -1.41695 0.6
      vertex -1.16751 -0.666397 0.6
      vertex -1.15181 -0.580795 0.6
    endloop
  endfacet
  facet normal 0 0 -1
    outer loop
      vertex -0.86586 -1.41695 0.6
      vertex -1.18231 -0.753052 0.6
      vertex -1.16751 -0.666397 0.6
    endloop
  endfacet
  facet normal 0 0 -1
    outer loop
      vertex -0.86586 -1.41695 0.6
      vertex -1.19623 -0.840744 0.6
      vertex -1.18231 -0.753052 0.6
    endloop
  endfacet
  facet normal 0 0 -1
    outer loop
      vertex -1.60616 -1.02682 0.6
      vertex -1.20937 -0.769638 0.6
      vertex -1.19623 -0.840744 0.6
    endloop
  endfacet
  facet normal 0 0 -1
    outer loop
      vertex -1.68571 -0.685776 0.6
      vertex -1.20937 -0.769638 0.6
      vertex -1.60616 -1.02682 0.6
    endloop
  endfacet
  facet normal 0 0 -1
    outer loop
      vertex -1.22177 -0.703568 0.6
      vertex -1.68571 -0.685776 0.6
      vertex -1.23344 -0.642487 0.6
    endloop
  endfacet
  facet normal -0 0 -1
    outer loop
      vertex -1.23344 -0.642487 0.6
      vertex -1.68571 -0.685776 0.6
      vertex -1.2444 -0.586441 0.6
    endloop
  endfacet
  facet normal -0 0 -1
    outer loop
      vertex -1.2444 -0.586441 0.6
      vertex -1.68571 -0.685776 0.6
      vertex -1.25464 -0.535416 0.6
    endloop
  endfacet
  facet normal -0 0 -1
    outer loop
      vertex -1.25464 -0.535416 0.6
      vertex -1.68571 -0.685776 0.6
      vertex -1.26414 -0.489395 0.6
    endloop
  endfacet
  facet normal -0 0 -1
    outer loop
      vertex -1.26414 -0.489395 0.6
      vertex -1.68571 -0.685776 0.6
      vertex -1.27293 -0.44841 0.6
    endloop
  endfacet
  facet normal 0 0 -1
    outer loop
      vertex -1.75352 -0.393829 0.6
      vertex -1.27293 -0.44841 0.6
      vertex -1.68571 -0.685776 0.6
    endloop
  endfacet
  facet normal 0 0 -1
    outer loop
      vertex -1.27293 -0.44841 0.6
      vertex -1.75352 -0.393829 0.6
      vertex -1.28871 -0.378632 0.6
    endloop
  endfacet
  facet normal -0 0 -1
    outer loop
      vertex -1.28871 -0.378632 0.6
      vertex -1.75352 -0.393829 0.6
      vertex -1.31917 -0.246292 0.6
    endloop
  endfacet
  facet normal 0 0 -1
    outer loop
      vertex -1.31917 -0.246292 0.6
      vertex -1.80957 -0.150955 0.6
      vertex -1.36432 -0.0513763 0.6
    endloop
  endfacet
  facet normal 0 0 -1
    outer loop
      vertex -1.51483 -1.41695 0.6
      vertex -1.19623 -0.840744 0.6
      vertex -0.86586 -1.41695 0.6
    endloop
  endfacet
  facet normal 0 0 -1
    outer loop
      vertex -1.60616 -1.02682 0.6
      vertex -1.19623 -0.840744 0.6
      vertex -1.51483 -1.41695 0.6
    endloop
  endfacet
  facet normal 0 0 -1
    outer loop
      vertex -1.20937 -0.769638 0.6
      vertex -1.68571 -0.685776 0.6
      vertex -1.22177 -0.703568 0.6
    endloop
  endfacet
  facet normal 0 0 -1
    outer loop
      vertex -1.80957 -0.150955 0.6
      vertex -1.31917 -0.246292 0.6
      vertex -1.75352 -0.393829 0.6
    endloop
  endfacet
  facet normal 0 0 -1
    outer loop
      vertex -1.85385 0.0428162 0.6
      vertex -1.36432 -0.0513763 0.6
      vertex -1.80957 -0.150955 0.6
    endloop
  endfacet
  facet normal 0 0 -1
    outer loop
      vertex -1.36432 -0.0513763 0.6
      vertex -1.85385 0.0428162 0.6
      vertex -1.42416 0.206085 0.6
    endloop
  endfacet
  facet normal 0 0 -1
    outer loop
      vertex -1.8864 0.187515 0.6
      vertex -1.42416 0.206085 0.6
      vertex -1.85385 0.0428162 0.6
    endloop
  endfacet
  facet normal 0 0 -1
    outer loop
      vertex -1.90717 0.283127 0.6
      vertex -1.42416 0.206085 0.6
      vertex -1.8864 0.187515 0.6
    endloop
  endfacet
  facet normal 0 0 -1
    outer loop
      vertex -1.42416 0.206085 0.6
      vertex -1.90717 0.283127 0.6
      vertex -1.49869 0.526123 0.6
    endloop
  endfacet
  facet normal 0 0 -1
    outer loop
      vertex -1.92212 0.354706 0.6
      vertex -1.49869 0.526123 0.6
      vertex -1.90717 0.283127 0.6
    endloop
  endfacet
  facet normal 0 0 -1
    outer loop
      vertex -1.93718 0.427292 0.6
      vertex -1.49869 0.526123 0.6
      vertex -1.92212 0.354706 0.6
    endloop
  endfacet
  facet normal 0 0 -1
    outer loop
      vertex -1.95238 0.50087 0.6
      vertex -1.49869 0.526123 0.6
      vertex -1.93718 0.427292 0.6
    endloop
  endfacet
  facet normal 0 0 -1
    outer loop
      vertex -1.96768 0.57547 0.6
      vertex -1.49869 0.526123 0.6
      vertex -1.95238 0.50087 0.6
    endloop
  endfacet
  facet normal 0 0 -1
    outer loop
      vertex -1.98311 0.651062 0.6
      vertex -1.49869 0.526123 0.6
      vertex -1.96768 0.57547 0.6
    endloop
  endfacet
  facet normal 0 0 -1
    outer loop
      vertex -1.49869 0.526123 0.6
      vertex -1.98311 0.651062 0.6
      vertex -1.58791 0.908737 0.6
    endloop
  endfacet
  facet normal 0 0 -1
    outer loop
      vertex -1.99866 0.727646 0.6
      vertex -1.58791 0.908737 0.6
      vertex -1.98311 0.651062 0.6
    endloop
  endfacet
  facet normal 0 0 -1
    outer loop
      vertex -2.01433 0.805252 0.6
      vertex -1.58791 0.908737 0.6
      vertex -1.99866 0.727646 0.6
    endloop
  endfacet
  facet normal -0 0 -1
    outer loop
      vertex -1.58791 0.908737 0.6
      vertex -2.01433 0.805252 0.6
      vertex -1.69182 1.35393 0.6
    endloop
  endfacet
  facet normal 0 0 -1
    outer loop
      vertex -2.01433 0.805252 0.6
      vertex -2.3801 1.35393 0.6
      vertex -1.69182 1.35393 0.6
    endloop
  endfacet
  facet normal 0 0 -1
    outer loop
      vertex -2.1048 0.372635 0.6
      vertex -2.3801 1.35393 0.6
      vertex -2.01433 0.805252 0.6
    endloop
  endfacet
  facet normal 0 0 -1
    outer loop
      vertex -3.09396 -1.41695 0.6
      vertex -2.1048 0.372635 0.6
      vertex -2.50597 -1.41695 0.6
    endloop
  endfacet
  facet normal -0 0 -1
    outer loop
      vertex -2.1048 0.372635 0.6
      vertex -3.09396 -1.41695 0.6
      vertex -2.3801 1.35393 0.6
    endloop
  endfacet
  facet normal 0 0 -1
    outer loop
      vertex -4.43401 -1.41695 0.6
      vertex -5.01414 -1.41695 0.6
      vertex -4.43401 0.905563 0.6
    endloop
  endfacet
  facet normal 0 0 -1
    outer loop
      vertex -4.43401 0.905563 0.6
      vertex -2.94728 1.35393 0.6
      vertex -2.94728 0.905563 0.6
    endloop
  endfacet
  facet normal 0 0 -1
    outer loop
      vertex -4.43401 0.905563 0.6
      vertex -5.01414 1.35393 0.6
      vertex -2.94728 1.35393 0.6
    endloop
  endfacet
  facet normal 0 0 -1
    outer loop
      vertex -5.01414 1.35393 0.6
      vertex -4.43401 0.905563 0.6
      vertex -5.01414 -1.41695 0.6
    endloop
  endfacet
  facet normal 0 0 -1
    outer loop
      vertex 3.55356 -1.41695 0.6
      vertex 3.93307 0.217239 0.6
      vertex 4.21823 -0.244888 0.6
    endloop
  endfacet
  facet normal 0 0 -1
    outer loop
      vertex 3.93307 0.217239 0.6
      vertex 3.55356 -1.41695 0.6
      vertex 2.94586 -1.41695 0.6
    endloop
  endfacet
  facet normal 0 0 -1
    outer loop
      vertex 4.89079 -1.41695 0.6
      vertex 4.51125 0.217239 0.6
      vertex 5.49846 -1.41695 0.6
    endloop
  endfacet
  facet normal 0 0 -1
    outer loop
      vertex 4.21823 -0.244888 0.6
      vertex 4.51125 0.217239 0.6
      vertex 4.89079 -1.41695 0.6
    endloop
  endfacet
  facet normal 0 0 -1
    outer loop
      vertex 3.93307 0.217239 0.6
      vertex 4.51125 0.217239 0.6
      vertex 4.21823 -0.244888 0.6
    endloop
  endfacet
  facet normal 0 0 -1
    outer loop
      vertex 4.51125 0.217239 0.6
      vertex 3.93307 0.217239 0.6
      vertex 4.51125 1.35393 0.6
    endloop
  endfacet
  facet normal -0 0 -1
    outer loop
      vertex 4.51125 1.35393 0.6
      vertex 3.93307 0.217239 0.6
      vertex 3.93307 1.35393 0.6
    endloop
  endfacet
  facet normal -0.0877617 -0.996142 0
    outer loop
      vertex 7.00288 1.38885 0
      vertex 7.15248 1.37567 0.6
      vertex 7.00288 1.38885 0.6
    endloop
  endfacet
  facet normal -0.0877617 -0.996142 -0
    outer loop
      vertex 7.15248 1.37567 0.6
      vertex 7.00288 1.38885 0
      vertex 7.15248 1.37567 0
    endloop
  endfacet
  facet normal -0.157134 -0.987577 0
    outer loop
      vertex 7.15248 1.37567 0
      vertex 7.29056 1.3537 0.6
      vertex 7.15248 1.37567 0.6
    endloop
  endfacet
  facet normal -0.157134 -0.987577 -0
    outer loop
      vertex 7.29056 1.3537 0.6
      vertex 7.15248 1.37567 0
      vertex 7.29056 1.3537 0
    endloop
  endfacet
  facet normal -0.236189 -0.971707 0
    outer loop
      vertex 7.29056 1.3537 0
      vertex 7.41711 1.32294 0.6
      vertex 7.29056 1.3537 0.6
    endloop
  endfacet
  facet normal -0.236189 -0.971707 -0
    outer loop
      vertex 7.41711 1.32294 0.6
      vertex 7.29056 1.3537 0
      vertex 7.41711 1.32294 0
    endloop
  endfacet
  facet normal -0.324992 -0.945717 0
    outer loop
      vertex 7.41711 1.32294 0
      vertex 7.53217 1.2834 0.6
      vertex 7.41711 1.32294 0.6
    endloop
  endfacet
  facet normal -0.324992 -0.945717 -0
    outer loop
      vertex 7.53217 1.2834 0.6
      vertex 7.41711 1.32294 0
      vertex 7.53217 1.2834 0
    endloop
  endfacet
  facet normal -0.423139 -0.906065 0
    outer loop
      vertex 7.53217 1.2834 0
      vertex 7.63568 1.23506 0.6
      vertex 7.53217 1.2834 0.6
    endloop
  endfacet
  facet normal -0.423139 -0.906065 -0
    outer loop
      vertex 7.63568 1.23506 0.6
      vertex 7.53217 1.2834 0
      vertex 7.63568 1.23506 0
    endloop
  endfacet
  facet normal -0.527498 -0.849556 0
    outer loop
      vertex 7.63568 1.23506 0
      vertex 7.72769 1.17793 0.6
      vertex 7.63568 1.23506 0.6
    endloop
  endfacet
  facet normal -0.527498 -0.849556 -0
    outer loop
      vertex 7.72769 1.17793 0.6
      vertex 7.63568 1.23506 0
      vertex 7.72769 1.17793 0
    endloop
  endfacet
  facet normal -0.63268 -0.774414 0
    outer loop
      vertex 7.72769 1.17793 0
      vertex 7.80779 1.11249 0.6
      vertex 7.72769 1.17793 0.6
    endloop
  endfacet
  facet normal -0.63268 -0.774414 -0
    outer loop
      vertex 7.80779 1.11249 0.6
      vertex 7.72769 1.17793 0
      vertex 7.80779 1.11249 0
    endloop
  endfacet
  facet normal -0.734173 -0.678962 0
    outer loop
      vertex 7.87555 1.03922 0
      vertex 7.80779 1.11249 0.6
      vertex 7.80779 1.11249 0
    endloop
  endfacet
  facet normal -0.734173 -0.678962 0
    outer loop
      vertex 7.80779 1.11249 0.6
      vertex 7.87555 1.03922 0
      vertex 7.87555 1.03922 0.6
    endloop
  endfacet
  facet normal -0.825462 -0.564458 0
    outer loop
      vertex 7.931 0.95813 0
      vertex 7.87555 1.03922 0.6
      vertex 7.87555 1.03922 0
    endloop
  endfacet
  facet normal -0.825462 -0.564458 0
    outer loop
      vertex 7.87555 1.03922 0.6
      vertex 7.931 0.95813 0
      vertex 7.931 0.95813 0.6
    endloop
  endfacet
  facet normal -0.899721 -0.436465 0
    outer loop
      vertex 7.97414 0.869202 0
      vertex 7.931 0.95813 0.6
      vertex 7.931 0.95813 0
    endloop
  endfacet
  facet normal -0.899721 -0.436465 0
    outer loop
      vertex 7.931 0.95813 0.6
      vertex 7.97414 0.869202 0
      vertex 7.97414 0.869202 0.6
    endloop
  endfacet
  facet normal -0.952901 -0.303282 0
    outer loop
      vertex 8.00493 0.772461 0
      vertex 7.97414 0.869202 0.6
      vertex 7.97414 0.869202 0
    endloop
  endfacet
  facet normal -0.952901 -0.303282 0
    outer loop
      vertex 7.97414 0.869202 0.6
      vertex 8.00493 0.772461 0
      vertex 8.00493 0.772461 0.6
    endloop
  endfacet
  facet normal -0.984724 -0.17412 0
    outer loop
      vertex 8.02342 0.667892 0
      vertex 8.00493 0.772461 0.6
      vertex 8.00493 0.772461 0
    endloop
  endfacet
  facet normal -0.984724 -0.17412 0
    outer loop
      vertex 8.00493 0.772461 0.6
      vertex 8.02342 0.667892 0
      vertex 8.02342 0.667892 0.6
    endloop
  endfacet
  facet normal -0.998506 -0.0546355 0
    outer loop
      vertex 8.02957 0.555496 0
      vertex 8.02342 0.667892 0.6
      vertex 8.02342 0.667892 0
    endloop
  endfacet
  facet normal -0.998506 -0.0546355 0
    outer loop
      vertex 8.02342 0.667892 0.6
      vertex 8.02957 0.555496 0
      vertex 8.02957 0.555496 0.6
    endloop
  endfacet
  facet normal -0.999753 0.0222103 0
    outer loop
      vertex 8.02849 0.506882 0
      vertex 8.02957 0.555496 0.6
      vertex 8.02957 0.555496 0
    endloop
  endfacet
  facet normal -0.999753 0.0222103 0
    outer loop
      vertex 8.02957 0.555496 0.6
      vertex 8.02849 0.506882 0
      vertex 8.02849 0.506882 0.6
    endloop
  endfacet
  facet normal -0.997614 0.0690324 0
    outer loop
      vertex 8.02524 0.459915 0
      vertex 8.02849 0.506882 0.6
      vertex 8.02849 0.506882 0
    endloop
  endfacet
  facet normal -0.997614 0.0690324 0
    outer loop
      vertex 8.02849 0.506882 0.6
      vertex 8.02524 0.459915 0
      vertex 8.02524 0.459915 0.6
    endloop
  endfacet
  facet normal -0.992929 0.118712 0
    outer loop
      vertex 8.01982 0.414581 0
      vertex 8.02524 0.459915 0.6
      vertex 8.02524 0.459915 0
    endloop
  endfacet
  facet normal -0.992929 0.118712 0
    outer loop
      vertex 8.02524 0.459915 0.6
      vertex 8.01982 0.414581 0
      vertex 8.01982 0.414581 0.6
    endloop
  endfacet
  facet normal -0.985279 0.170957 0
    outer loop
      vertex 8.01224 0.370895 0
      vertex 8.01982 0.414581 0.6
      vertex 8.01982 0.414581 0
    endloop
  endfacet
  facet normal -0.985279 0.170957 0
    outer loop
      vertex 8.01982 0.414581 0.6
      vertex 8.01224 0.370895 0
      vertex 8.01224 0.370895 0.6
    endloop
  endfacet
  facet normal -0.974142 0.225936 0
    outer loop
      vertex 8.00249 0.328857 0
      vertex 8.01224 0.370895 0.6
      vertex 8.01224 0.370895 0
    endloop
  endfacet
  facet normal -0.974142 0.225936 0
    outer loop
      vertex 8.01224 0.370895 0.6
      vertex 8.00249 0.328857 0
      vertex 8.00249 0.328857 0.6
    endloop
  endfacet
  facet normal -0.959104 0.283053 0
    outer loop
      vertex 7.99057 0.288467 0
      vertex 8.00249 0.328857 0.6
      vertex 8.00249 0.328857 0
    endloop
  endfacet
  facet normal -0.959104 0.283053 0
    outer loop
      vertex 8.00249 0.328857 0.6
      vertex 7.99057 0.288467 0
      vertex 7.99057 0.288467 0.6
    endloop
  endfacet
  facet normal -0.939856 0.341572 0
    outer loop
      vertex 7.97649 0.249725 0
      vertex 7.99057 0.288467 0.6
      vertex 7.99057 0.288467 0
    endloop
  endfacet
  facet normal -0.939856 0.341572 0
    outer loop
      vertex 7.99057 0.288467 0.6
      vertex 7.97649 0.249725 0
      vertex 7.97649 0.249725 0.6
    endloop
  endfacet
  facet normal -0.917168 0.398501 0
    outer loop
      vertex 7.96034 0.212555 0
      vertex 7.97649 0.249725 0.6
      vertex 7.97649 0.249725 0
    endloop
  endfacet
  facet normal -0.917168 0.398501 0
    outer loop
      vertex 7.97649 0.249725 0.6
      vertex 7.96034 0.212555 0
      vertex 7.96034 0.212555 0.6
    endloop
  endfacet
  facet normal -0.892037 0.451962 0
    outer loop
      vertex 7.94228 0.17691 0
      vertex 7.96034 0.212555 0.6
      vertex 7.96034 0.212555 0
    endloop
  endfacet
  facet normal -0.892037 0.451962 0
    outer loop
      vertex 7.96034 0.212555 0.6
      vertex 7.94228 0.17691 0
      vertex 7.94228 0.17691 0.6
    endloop
  endfacet
  facet normal -0.862921 0.505339 0
    outer loop
      vertex 7.9223 0.142792 0
      vertex 7.94228 0.17691 0.6
      vertex 7.94228 0.17691 0
    endloop
  endfacet
  facet normal -0.862921 0.505339 0
    outer loop
      vertex 7.94228 0.17691 0.6
      vertex 7.9223 0.142792 0
      vertex 7.9223 0.142792 0.6
    endloop
  endfacet
  facet normal -0.829795 0.558068 0
    outer loop
      vertex 7.90038 0.110199 0
      vertex 7.9223 0.142792 0.6
      vertex 7.9223 0.142792 0
    endloop
  endfacet
  facet normal -0.829795 0.558068 0
    outer loop
      vertex 7.9223 0.142792 0.6
      vertex 7.90038 0.110199 0
      vertex 7.90038 0.110199 0.6
    endloop
  endfacet
  facet normal -0.793334 0.608786 0
    outer loop
      vertex 7.87654 0.0791321 0
      vertex 7.90038 0.110199 0.6
      vertex 7.90038 0.110199 0
    endloop
  endfacet
  facet normal -0.793334 0.608786 0
    outer loop
      vertex 7.90038 0.110199 0.6
      vertex 7.87654 0.0791321 0
      vertex 7.87654 0.0791321 0.6
    endloop
  endfacet
  facet normal -0.753567 0.657372 0
    outer loop
      vertex 7.85077 0.0495911 0
      vertex 7.87654 0.0791321 0.6
      vertex 7.87654 0.0791321 0
    endloop
  endfacet
  facet normal -0.753567 0.657372 0
    outer loop
      vertex 7.87654 0.0791321 0.6
      vertex 7.85077 0.0495911 0
      vertex 7.85077 0.0495911 0.6
    endloop
  endfacet
  facet normal -0.711096 0.703095 0
    outer loop
      vertex 7.82307 0.0215759 0
      vertex 7.85077 0.0495911 0.6
      vertex 7.85077 0.0495911 0
    endloop
  endfacet
  facet normal -0.711096 0.703095 0
    outer loop
      vertex 7.85077 0.0495911 0.6
      vertex 7.82307 0.0215759 0
      vertex 7.82307 0.0215759 0.6
    endloop
  endfacet
  facet normal -0.664021 0.747714 0
    outer loop
      vertex 7.82307 0.0215759 0
      vertex 7.79295 -0.00517273 0.6
      vertex 7.82307 0.0215759 0.6
    endloop
  endfacet
  facet normal -0.664021 0.747714 0
    outer loop
      vertex 7.79295 -0.00517273 0.6
      vertex 7.82307 0.0215759 0
      vertex 7.79295 -0.00517273 0
    endloop
  endfacet
  facet normal -0.615381 0.78823 0
    outer loop
      vertex 7.79295 -0.00517273 0
      vertex 7.7599 -0.0309753 0.6
      vertex 7.79295 -0.00517273 0.6
    endloop
  endfacet
  facet normal -0.615381 0.78823 0
    outer loop
      vertex 7.7599 -0.0309753 0.6
      vertex 7.79295 -0.00517273 0
      vertex 7.7599 -0.0309753 0
    endloop
  endfacet
  facet normal -0.568161 0.822918 0
    outer loop
      vertex 7.7599 -0.0309753 0
      vertex 7.72392 -0.0558167 0.6
      vertex 7.7599 -0.0309753 0.6
    endloop
  endfacet
  facet normal -0.568161 0.822918 0
    outer loop
      vertex 7.72392 -0.0558167 0.6
      vertex 7.7599 -0.0309753 0
      vertex 7.72392 -0.0558167 0
    endloop
  endfacet
  facet normal -0.52307 0.852289 0
    outer loop
      vertex 7.72392 -0.0558167 0
      vertex 7.68501 -0.0796967 0.6
      vertex 7.72392 -0.0558167 0.6
    endloop
  endfacet
  facet normal -0.52307 0.852289 0
    outer loop
      vertex 7.68501 -0.0796967 0.6
      vertex 7.72392 -0.0558167 0
      vertex 7.68501 -0.0796967 0
    endloop
  endfacet
  facet normal -0.48041 0.877044 0
    outer loop
      vertex 7.68501 -0.0796967 0
      vertex 7.64317 -0.102615 0.6
      vertex 7.68501 -0.0796967 0.6
    endloop
  endfacet
  facet normal -0.48041 0.877044 0
    outer loop
      vertex 7.64317 -0.102615 0.6
      vertex 7.68501 -0.0796967 0
      vertex 7.64317 -0.102615 0
    endloop
  endfacet
  facet normal -0.44035 0.897826 0
    outer loop
      vertex 7.64317 -0.102615 0
      vertex 7.5984 -0.124573 0.6
      vertex 7.64317 -0.102615 0.6
    endloop
  endfacet
  facet normal -0.44035 0.897826 0
    outer loop
      vertex 7.5984 -0.124573 0.6
      vertex 7.64317 -0.102615 0
      vertex 7.5984 -0.124573 0
    endloop
  endfacet
  facet normal -0.402626 0.915365 0
    outer loop
      vertex 7.5984 -0.124573 0
      vertex 7.5507 -0.145554 0.6
      vertex 7.5984 -0.124573 0.6
    endloop
  endfacet
  facet normal -0.402626 0.915365 0
    outer loop
      vertex 7.5507 -0.145554 0.6
      vertex 7.5984 -0.124573 0
      vertex 7.5507 -0.145554 0
    endloop
  endfacet
  facet normal -0.360107 0.932911 0
    outer loop
      vertex 7.5507 -0.145554 0
      vertex 7.4969 -0.166321 0.6
      vertex 7.5507 -0.145554 0.6
    endloop
  endfacet
  facet normal -0.360107 0.932911 0
    outer loop
      vertex 7.4969 -0.166321 0.6
      vertex 7.5507 -0.145554 0
      vertex 7.4969 -0.166321 0
    endloop
  endfacet
  facet normal -0.320025 0.947409 0
    outer loop
      vertex 7.4969 -0.166321 0
      vertex 7.43384 -0.187622 0.6
      vertex 7.4969 -0.166321 0.6
    endloop
  endfacet
  facet normal -0.320025 0.947409 0
    outer loop
      vertex 7.43384 -0.187622 0.6
      vertex 7.4969 -0.166321 0
      vertex 7.43384 -0.187622 0
    endloop
  endfacet
  facet normal -0.288598 0.95745 0
    outer loop
      vertex 7.43384 -0.187622 0
      vertex 7.3615 -0.209427 0.6
      vertex 7.43384 -0.187622 0.6
    endloop
  endfacet
  facet normal -0.288598 0.95745 0
    outer loop
      vertex 7.3615 -0.209427 0.6
      vertex 7.43384 -0.187622 0
      vertex 7.3615 -0.209427 0
    endloop
  endfacet
  facet normal -0.264016 0.964518 0
    outer loop
      vertex 7.3615 -0.209427 0
      vertex 7.27989 -0.231766 0.6
      vertex 7.3615 -0.209427 0.6
    endloop
  endfacet
  facet normal -0.264016 0.964518 0
    outer loop
      vertex 7.27989 -0.231766 0.6
      vertex 7.3615 -0.209427 0
      vertex 7.27989 -0.231766 0
    endloop
  endfacet
  facet normal -0.243911 0.969798 0
    outer loop
      vertex 7.27989 -0.231766 0
      vertex 7.18901 -0.254623 0.6
      vertex 7.27989 -0.231766 0.6
    endloop
  endfacet
  facet normal -0.243911 0.969798 0
    outer loop
      vertex 7.18901 -0.254623 0.6
      vertex 7.27989 -0.231766 0
      vertex 7.18901 -0.254623 0
    endloop
  endfacet
  facet normal -0.227288 0.973828 0
    outer loop
      vertex 7.18901 -0.254623 0
      vertex 7.08885 -0.278 0.6
      vertex 7.18901 -0.254623 0.6
    endloop
  endfacet
  facet normal -0.227288 0.973828 0
    outer loop
      vertex 7.08885 -0.278 0.6
      vertex 7.18901 -0.254623 0
      vertex 7.08885 -0.278 0
    endloop
  endfacet
  facet normal -0.213351 0.976976 0
    outer loop
      vertex 7.08885 -0.278 0
      vertex 6.97943 -0.301895 0.6
      vertex 7.08885 -0.278 0.6
    endloop
  endfacet
  facet normal -0.213351 0.976976 0
    outer loop
      vertex 6.97943 -0.301895 0.6
      vertex 7.08885 -0.278 0
      vertex 6.97943 -0.301895 0
    endloop
  endfacet
  facet normal -0.216621 0.976256 0
    outer loop
      vertex 6.97943 -0.301895 0
      vertex 6.88797 -0.322189 0.6
      vertex 6.97943 -0.301895 0.6
    endloop
  endfacet
  facet normal -0.216621 0.976256 0
    outer loop
      vertex 6.88797 -0.322189 0.6
      vertex 6.97943 -0.301895 0
      vertex 6.88797 -0.322189 0
    endloop
  endfacet
  facet normal -0.228158 0.973624 0
    outer loop
      vertex 6.88797 -0.322189 0
      vertex 6.80573 -0.341461 0.6
      vertex 6.88797 -0.322189 0.6
    endloop
  endfacet
  facet normal -0.228158 0.973624 0
    outer loop
      vertex 6.80573 -0.341461 0.6
      vertex 6.88797 -0.322189 0
      vertex 6.80573 -0.341461 0
    endloop
  endfacet
  facet normal -0.242911 0.970049 0
    outer loop
      vertex 6.80573 -0.341461 0
      vertex 6.73273 -0.359741 0.6
      vertex 6.80573 -0.341461 0.6
    endloop
  endfacet
  facet normal -0.242911 0.970049 0
    outer loop
      vertex 6.73273 -0.359741 0.6
      vertex 6.80573 -0.341461 0
      vertex 6.73273 -0.359741 0
    endloop
  endfacet
  facet normal -0.261616 0.965172 0
    outer loop
      vertex 6.73273 -0.359741 0
      vertex 6.66895 -0.377029 0.6
      vertex 6.73273 -0.359741 0.6
    endloop
  endfacet
  facet normal -0.261616 0.965172 0
    outer loop
      vertex 6.66895 -0.377029 0.6
      vertex 6.73273 -0.359741 0
      vertex 6.66895 -0.377029 0
    endloop
  endfacet
  facet normal -0.2858 0.958289 0
    outer loop
      vertex 6.66895 -0.377029 0
      vertex 6.61441 -0.393295 0.6
      vertex 6.66895 -0.377029 0.6
    endloop
  endfacet
  facet normal -0.2858 0.958289 0
    outer loop
      vertex 6.61441 -0.393295 0.6
      vertex 6.66895 -0.377029 0
      vertex 6.61441 -0.393295 0
    endloop
  endfacet
  facet normal -0.319375 0.947628 0
    outer loop
      vertex 6.61441 -0.393295 0
      vertex 6.56909 -0.408569 0.6
      vertex 6.61441 -0.393295 0.6
    endloop
  endfacet
  facet normal -0.319375 0.947628 0
    outer loop
      vertex 6.56909 -0.408569 0.6
      vertex 6.61441 -0.393295 0
      vertex 6.56909 -0.408569 0
    endloop
  endfacet
  facet normal -0.367299 0.930103 0
    outer loop
      vertex 6.56909 -0.408569 0
      vertex 6.533 -0.422821 0.6
      vertex 6.56909 -0.408569 0.6
    endloop
  endfacet
  facet normal -0.367299 0.930103 0
    outer loop
      vertex 6.533 -0.422821 0.6
      vertex 6.56909 -0.408569 0
      vertex 6.533 -0.422821 0
    endloop
  endfacet
  facet normal -0.423449 0.90592 0
    outer loop
      vertex 6.533 -0.422821 0
      vertex 6.50264 -0.437012 0.6
      vertex 6.533 -0.422821 0.6
    endloop
  endfacet
  facet normal -0.423449 0.90592 0
    outer loop
      vertex 6.50264 -0.437012 0.6
      vertex 6.533 -0.422821 0
      vertex 6.50264 -0.437012 0
    endloop
  endfacet
  facet normal -0.471491 0.881871 0
    outer loop
      vertex 6.50264 -0.437012 0
      vertex 6.4745 -0.452057 0.6
      vertex 6.50264 -0.437012 0.6
    endloop
  endfacet
  facet normal -0.471491 0.881871 0
    outer loop
      vertex 6.4745 -0.452057 0.6
      vertex 6.50264 -0.437012 0
      vertex 6.4745 -0.452057 0
    endloop
  endfacet
  facet normal -0.521705 0.853126 0
    outer loop
      vertex 6.4745 -0.452057 0
      vertex 6.44855 -0.467926 0.6
      vertex 6.4745 -0.452057 0.6
    endloop
  endfacet
  facet normal -0.521705 0.853126 0
    outer loop
      vertex 6.44855 -0.467926 0.6
      vertex 6.4745 -0.452057 0
      vertex 6.44855 -0.467926 0
    endloop
  endfacet
  facet normal -0.576072 0.817399 0
    outer loop
      vertex 6.44855 -0.467926 0
      vertex 6.42482 -0.48465 0.6
      vertex 6.44855 -0.467926 0.6
    endloop
  endfacet
  facet normal -0.576072 0.817399 0
    outer loop
      vertex 6.42482 -0.48465 0.6
      vertex 6.44855 -0.467926 0
      vertex 6.42482 -0.48465 0
    endloop
  endfacet
  facet normal -0.631408 0.775451 0
    outer loop
      vertex 6.42482 -0.48465 0
      vertex 6.40327 -0.502197 0.6
      vertex 6.42482 -0.48465 0.6
    endloop
  endfacet
  facet normal -0.631408 0.775451 0
    outer loop
      vertex 6.40327 -0.502197 0.6
      vertex 6.42482 -0.48465 0
      vertex 6.40327 -0.502197 0
    endloop
  endfacet
  facet normal -0.689882 0.723922 0
    outer loop
      vertex 6.40327 -0.502197 0
      vertex 6.38396 -0.520599 0.6
      vertex 6.40327 -0.502197 0.6
    endloop
  endfacet
  facet normal -0.689882 0.723922 0
    outer loop
      vertex 6.38396 -0.520599 0.6
      vertex 6.40327 -0.502197 0
      vertex 6.38396 -0.520599 0
    endloop
  endfacet
  facet normal -0.747101 0.664711 0
    outer loop
      vertex 6.36684 -0.539841 0
      vertex 6.38396 -0.520599 0.6
      vertex 6.38396 -0.520599 0
    endloop
  endfacet
  facet normal -0.747101 0.664711 0
    outer loop
      vertex 6.38396 -0.520599 0.6
      vertex 6.36684 -0.539841 0
      vertex 6.36684 -0.539841 0.6
    endloop
  endfacet
  facet normal -0.809156 0.587594 0
    outer loop
      vertex 6.35197 -0.560318 0
      vertex 6.36684 -0.539841 0.6
      vertex 6.36684 -0.539841 0
    endloop
  endfacet
  facet normal -0.809156 0.587594 0
    outer loop
      vertex 6.36684 -0.539841 0.6
      vertex 6.35197 -0.560318 0
      vertex 6.35197 -0.560318 0.6
    endloop
  endfacet
  facet normal -0.868862 0.495054 0
    outer loop
      vertex 6.33939 -0.582397 0
      vertex 6.35197 -0.560318 0.6
      vertex 6.35197 -0.560318 0
    endloop
  endfacet
  facet normal -0.868862 0.495054 0
    outer loop
      vertex 6.35197 -0.560318 0.6
      vertex 6.33939 -0.582397 0
      vertex 6.33939 -0.582397 0.6
    endloop
  endfacet
  facet normal -0.917162 0.398514 0
    outer loop
      vertex 6.3291 -0.606079 0
      vertex 6.33939 -0.582397 0.6
      vertex 6.33939 -0.582397 0
    endloop
  endfacet
  facet normal -0.917162 0.398514 0
    outer loop
      vertex 6.33939 -0.582397 0.6
      vertex 6.3291 -0.606079 0
      vertex 6.3291 -0.606079 0.6
    endloop
  endfacet
  facet normal -0.953305 0.302008 0
    outer loop
      vertex 6.32109 -0.631363 0
      vertex 6.3291 -0.606079 0.6
      vertex 6.3291 -0.606079 0
    endloop
  endfacet
  facet normal -0.953305 0.302008 0
    outer loop
      vertex 6.3291 -0.606079 0.6
      vertex 6.32109 -0.631363 0
      vertex 6.32109 -0.631363 0.6
    endloop
  endfacet
  facet normal -0.978207 0.207634 0
    outer loop
      vertex 6.31538 -0.658264 0
      vertex 6.32109 -0.631363 0.6
      vertex 6.32109 -0.631363 0
    endloop
  endfacet
  facet normal -0.978207 0.207634 0
    outer loop
      vertex 6.32109 -0.631363 0.6
      vertex 6.31538 -0.658264 0
      vertex 6.31538 -0.658264 0.6
    endloop
  endfacet
  facet normal -0.99283 0.119538 0
    outer loop
      vertex 6.31195 -0.686752 0
      vertex 6.31538 -0.658264 0.6
      vertex 6.31538 -0.658264 0
    endloop
  endfacet
  facet normal -0.99283 0.119538 0
    outer loop
      vertex 6.31538 -0.658264 0.6
      vertex 6.31195 -0.686752 0
      vertex 6.31195 -0.686752 0.6
    endloop
  endfacet
  facet normal -0.999284 0.0378391 0
    outer loop
      vertex 6.31081 -0.716858 0
      vertex 6.31195 -0.686752 0.6
      vertex 6.31195 -0.686752 0
    endloop
  endfacet
  facet normal -0.999284 0.0378391 0
    outer loop
      vertex 6.31195 -0.686752 0.6
      vertex 6.31081 -0.716858 0
      vertex 6.31081 -0.716858 0.6
    endloop
  endfacet
  facet normal -0.992562 -0.12174 0
    outer loop
      vertex 6.32156 -0.804504 0
      vertex 6.31081 -0.716858 0.6
      vertex 6.31081 -0.716858 0
    endloop
  endfacet
  facet normal -0.992562 -0.12174 0
    outer loop
      vertex 6.31081 -0.716858 0.6
      vertex 6.32156 -0.804504 0
      vertex 6.32156 -0.804504 0.6
    endloop
  endfacet
  facet normal -0.91693 -0.399047 0
    outer loop
      vertex 6.35384 -0.878677 0
      vertex 6.32156 -0.804504 0.6
      vertex 6.32156 -0.804504 0
    endloop
  endfacet
  facet normal -0.91693 -0.399047 0
    outer loop
      vertex 6.32156 -0.804504 0.6
      vertex 6.35384 -0.878677 0
      vertex 6.35384 -0.878677 0.6
    endloop
  endfacet
  facet normal -0.748376 -0.663274 0
    outer loop
      vertex 6.40761 -0.939346 0
      vertex 6.35384 -0.878677 0.6
      vertex 6.35384 -0.878677 0
    endloop
  endfacet
  facet normal -0.748376 -0.663274 0
    outer loop
      vertex 6.35384 -0.878677 0.6
      vertex 6.40761 -0.939346 0
      vertex 6.40761 -0.939346 0.6
    endloop
  endfacet
  facet normal -0.531079 -0.847322 0
    outer loop
      vertex 6.40761 -0.939346 0
      vertex 6.48291 -0.986542 0.6
      vertex 6.40761 -0.939346 0.6
    endloop
  endfacet
  facet normal -0.531079 -0.847322 -0
    outer loop
      vertex 6.48291 -0.986542 0.6
      vertex 6.40761 -0.939346 0
      vertex 6.48291 -0.986542 0
    endloop
  endfacet
  facet normal -0.328942 -0.94435 0
    outer loop
      vertex 6.48291 -0.986542 0
      vertex 6.57971 -1.02026 0.6
      vertex 6.48291 -0.986542 0.6
    endloop
  endfacet
  facet normal -0.328942 -0.94435 -0
    outer loop
      vertex 6.57971 -1.02026 0.6
      vertex 6.48291 -0.986542 0
      vertex 6.57971 -1.02026 0
    endloop
  endfacet
  facet normal -0.16845 -0.98571 0
    outer loop
      vertex 6.57971 -1.02026 0
      vertex 6.69803 -1.04048 0.6
      vertex 6.57971 -1.02026 0.6
    endloop
  endfacet
  facet normal -0.16845 -0.98571 -0
    outer loop
      vertex 6.69803 -1.04048 0.6
      vertex 6.57971 -1.02026 0
      vertex 6.69803 -1.04048 0
    endloop
  endfacet
  facet normal -0.0482168 -0.998837 0
    outer loop
      vertex 6.69803 -1.04048 0
      vertex 6.83786 -1.04723 0.6
      vertex 6.69803 -1.04048 0.6
    endloop
  endfacet
  facet normal -0.0482168 -0.998837 -0
    outer loop
      vertex 6.83786 -1.04723 0.6
      vertex 6.69803 -1.04048 0
      vertex 6.83786 -1.04723 0
    endloop
  endfacet
  facet normal 0.0270211 -0.999635 0
    outer loop
      vertex 6.83786 -1.04723 0
      vertex 6.9063 -1.04538 0.6
      vertex 6.83786 -1.04723 0.6
    endloop
  endfacet
  facet normal 0.0270211 -0.999635 0
    outer loop
      vertex 6.9063 -1.04538 0.6
      vertex 6.83786 -1.04723 0
      vertex 6.9063 -1.04538 0
    endloop
  endfacet
  facet normal 0.0865757 -0.996245 0
    outer loop
      vertex 6.9063 -1.04538 0
      vertex 6.97005 -1.03984 0.6
      vertex 6.9063 -1.04538 0.6
    endloop
  endfacet
  facet normal 0.0865757 -0.996245 0
    outer loop
      vertex 6.97005 -1.03984 0.6
      vertex 6.9063 -1.04538 0
      vertex 6.97005 -1.03984 0
    endloop
  endfacet
  facet normal 0.154433 -0.988003 0
    outer loop
      vertex 6.97005 -1.03984 0
      vertex 7.0291 -1.03061 0.6
      vertex 6.97005 -1.03984 0.6
    endloop
  endfacet
  facet normal 0.154433 -0.988003 0
    outer loop
      vertex 7.0291 -1.03061 0.6
      vertex 6.97005 -1.03984 0
      vertex 7.0291 -1.03061 0
    endloop
  endfacet
  facet normal 0.231362 -0.972868 0
    outer loop
      vertex 7.0291 -1.03061 0
      vertex 7.08347 -1.01768 0.6
      vertex 7.0291 -1.03061 0.6
    endloop
  endfacet
  facet normal 0.231362 -0.972868 0
    outer loop
      vertex 7.08347 -1.01768 0.6
      vertex 7.0291 -1.03061 0
      vertex 7.08347 -1.01768 0
    endloop
  endfacet
  facet normal 0.317259 -0.948339 0
    outer loop
      vertex 7.08347 -1.01768 0
      vertex 7.13312 -1.00107 0.6
      vertex 7.08347 -1.01768 0.6
    endloop
  endfacet
  facet normal 0.317259 -0.948339 0
    outer loop
      vertex 7.13312 -1.00107 0.6
      vertex 7.08347 -1.01768 0
      vertex 7.13312 -1.00107 0
    endloop
  endfacet
  facet normal 0.411889 -0.911234 0
    outer loop
      vertex 7.13312 -1.00107 0
      vertex 7.17809 -0.980743 0.6
      vertex 7.13312 -1.00107 0.6
    endloop
  endfacet
  facet normal 0.411889 -0.911234 0
    outer loop
      vertex 7.17809 -0.980743 0.6
      vertex 7.13312 -1.00107 0
      vertex 7.17809 -0.980743 0
    endloop
  endfacet
  facet normal 0.51189 -0.859051 0
    outer loop
      vertex 7.17809 -0.980743 0
      vertex 7.21837 -0.956741 0.6
      vertex 7.17809 -0.980743 0.6
    endloop
  endfacet
  facet normal 0.51189 -0.859051 0
    outer loop
      vertex 7.21837 -0.956741 0.6
      vertex 7.17809 -0.980743 0
      vertex 7.21837 -0.956741 0
    endloop
  endfacet
  facet normal 0.608048 -0.7939 0
    outer loop
      vertex 7.21837 -0.956741 0
      vertex 7.25447 -0.929092 0.6
      vertex 7.21837 -0.956741 0.6
    endloop
  endfacet
  facet normal 0.608048 -0.7939 0
    outer loop
      vertex 7.25447 -0.929092 0.6
      vertex 7.21837 -0.956741 0
      vertex 7.25447 -0.929092 0
    endloop
  endfacet
  facet normal 0.693947 -0.720026 0
    outer loop
      vertex 7.25447 -0.929092 0
      vertex 7.28691 -0.897827 0.6
      vertex 7.25447 -0.929092 0.6
    endloop
  endfacet
  facet normal 0.693947 -0.720026 0
    outer loop
      vertex 7.28691 -0.897827 0.6
      vertex 7.25447 -0.929092 0
      vertex 7.28691 -0.897827 0
    endloop
  endfacet
  facet normal 0.770879 -0.636982 0
    outer loop
      vertex 7.28691 -0.897827 0.6
      vertex 7.31572 -0.862961 0
      vertex 7.31572 -0.862961 0.6
    endloop
  endfacet
  facet normal 0.770879 -0.636982 0
    outer loop
      vertex 7.31572 -0.862961 0
      vertex 7.28691 -0.897827 0.6
      vertex 7.28691 -0.897827 0
    endloop
  endfacet
  facet normal 0.837288 -0.546762 0
    outer loop
      vertex 7.31572 -0.862961 0.6
      vertex 7.34085 -0.824478 0
      vertex 7.34085 -0.824478 0.6
    endloop
  endfacet
  facet normal 0.837288 -0.546762 0
    outer loop
      vertex 7.34085 -0.824478 0
      vertex 7.31572 -0.862961 0.6
      vertex 7.31572 -0.862961 0
    endloop
  endfacet
  facet normal 0.890583 -0.454821 0
    outer loop
      vertex 7.34085 -0.824478 0.6
      vertex 7.36235 -0.782379 0
      vertex 7.36235 -0.782379 0.6
    endloop
  endfacet
  facet normal 0.890583 -0.454821 0
    outer loop
      vertex 7.36235 -0.782379 0
      vertex 7.34085 -0.824478 0.6
      vertex 7.34085 -0.824478 0
    endloop
  endfacet
  facet normal 0.931578 -0.363542 0
    outer loop
      vertex 7.36235 -0.782379 0.6
      vertex 7.38019 -0.736664 0
      vertex 7.38019 -0.736664 0.6
    endloop
  endfacet
  facet normal 0.931578 -0.363542 0
    outer loop
      vertex 7.38019 -0.736664 0
      vertex 7.36235 -0.782379 0.6
      vertex 7.36235 -0.782379 0
    endloop
  endfacet
  facet normal 0.961136 -0.276074 0
    outer loop
      vertex 7.38019 -0.736664 0.6
      vertex 7.39436 -0.687332 0
      vertex 7.39436 -0.687332 0.6
    endloop
  endfacet
  facet normal 0.961136 -0.276074 0
    outer loop
      vertex 7.39436 -0.687332 0
      vertex 7.38019 -0.736664 0.6
      vertex 7.38019 -0.736664 0
    endloop
  endfacet
  facet normal -0.135125 -0.990829 0
    outer loop
      vertex 7.39436 -0.687332 0
      vertex 7.95682 -0.764038 0.6
      vertex 7.39436 -0.687332 0.6
    endloop
  endfacet
  facet normal -0.135125 -0.990829 -0
    outer loop
      vertex 7.95682 -0.764038 0.6
      vertex 7.39436 -0.687332 0
      vertex 7.95682 -0.764038 0
    endloop
  endfacet
  facet normal -0.970985 0.23914 0
    outer loop
      vertex 7.93172 -0.865952 0
      vertex 7.95682 -0.764038 0.6
      vertex 7.95682 -0.764038 0
    endloop
  endfacet
  facet normal -0.970985 0.23914 0
    outer loop
      vertex 7.95682 -0.764038 0.6
      vertex 7.93172 -0.865952 0
      vertex 7.93172 -0.865952 0.6
    endloop
  endfacet
  facet normal -0.944008 0.329923 0
    outer loop
      vertex 7.89911 -0.959259 0
      vertex 7.93172 -0.865952 0.6
      vertex 7.93172 -0.865952 0
    endloop
  endfacet
  facet normal -0.944008 0.329923 0
    outer loop
      vertex 7.93172 -0.865952 0.6
      vertex 7.89911 -0.959259 0
      vertex 7.89911 -0.959259 0.6
    endloop
  endfacet
  facet normal -0.903742 0.428078 0
    outer loop
      vertex 7.85898 -1.04398 0
      vertex 7.89911 -0.959259 0.6
      vertex 7.89911 -0.959259 0
    endloop
  endfacet
  facet normal -0.903742 0.428078 0
    outer loop
      vertex 7.89911 -0.959259 0.6
      vertex 7.85898 -1.04398 0
      vertex 7.85898 -1.04398 0.6
    endloop
  endfacet
  facet normal -0.847886 0.530179 0
    outer loop
      vertex 7.81137 -1.12012 0
      vertex 7.85898 -1.04398 0.6
      vertex 7.85898 -1.04398 0
    endloop
  endfacet
  facet normal -0.847886 0.530179 0
    outer loop
      vertex 7.85898 -1.04398 0.6
      vertex 7.81137 -1.12012 0
      vertex 7.81137 -1.12012 0.6
    endloop
  endfacet
  facet normal -0.774642 0.6324 0
    outer loop
      vertex 7.75624 -1.18765 0
      vertex 7.81137 -1.12012 0.6
      vertex 7.81137 -1.12012 0
    endloop
  endfacet
  facet normal -0.774642 0.6324 0
    outer loop
      vertex 7.81137 -1.12012 0.6
      vertex 7.75624 -1.18765 0
      vertex 7.75624 -1.18765 0.6
    endloop
  endfacet
  facet normal -0.685394 0.728173 0
    outer loop
      vertex 7.75624 -1.18765 0
      vertex 7.6936 -1.24661 0.6
      vertex 7.75624 -1.18765 0.6
    endloop
  endfacet
  facet normal -0.685394 0.728173 0
    outer loop
      vertex 7.6936 -1.24661 0.6
      vertex 7.75624 -1.18765 0
      vertex 7.6936 -1.24661 0
    endloop
  endfacet
  facet normal -0.58323 0.812307 0
    outer loop
      vertex 7.6936 -1.24661 0
      vertex 7.62346 -1.29697 0.6
      vertex 7.6936 -1.24661 0.6
    endloop
  endfacet
  facet normal -0.58323 0.812307 0
    outer loop
      vertex 7.62346 -1.29697 0.6
      vertex 7.6936 -1.24661 0
      vertex 7.62346 -1.29697 0
    endloop
  endfacet
  facet normal -0.475624 0.879649 0
    outer loop
      vertex 7.62346 -1.29697 0
      vertex 7.54434 -1.33975 0.6
      vertex 7.62346 -1.29697 0.6
    endloop
  endfacet
  facet normal -0.475624 0.879649 0
    outer loop
      vertex 7.54434 -1.33975 0.6
      vertex 7.62346 -1.29697 0
      vertex 7.54434 -1.33975 0
    endloop
  endfacet
  facet normal -0.374689 0.927151 0
    outer loop
      vertex 7.54434 -1.33975 0
      vertex 7.45474 -1.37596 0.6
      vertex 7.54434 -1.33975 0.6
    endloop
  endfacet
  facet normal -0.374689 0.927151 0
    outer loop
      vertex 7.45474 -1.37596 0.6
      vertex 7.54434 -1.33975 0
      vertex 7.45474 -1.37596 0
    endloop
  endfacet
  facet normal -0.283847 0.95887 0
    outer loop
      vertex 7.45474 -1.37596 0
      vertex 7.35468 -1.40558 0.6
      vertex 7.45474 -1.37596 0.6
    endloop
  endfacet
  facet normal -0.283847 0.95887 0
    outer loop
      vertex 7.35468 -1.40558 0.6
      vertex 7.45474 -1.37596 0
      vertex 7.35468 -1.40558 0
    endloop
  endfacet
  facet normal -0.204029 0.978965 0
    outer loop
      vertex 7.35468 -1.40558 0
      vertex 7.24413 -1.42862 0.6
      vertex 7.35468 -1.40558 0.6
    endloop
  endfacet
  facet normal -0.204029 0.978965 0
    outer loop
      vertex 7.24413 -1.42862 0.6
      vertex 7.35468 -1.40558 0
      vertex 7.24413 -1.42862 0
    endloop
  endfacet
  facet normal -0.13477 0.990877 0
    outer loop
      vertex 7.24413 -1.42862 0
      vertex 7.12311 -1.44508 0.6
      vertex 7.24413 -1.42862 0.6
    endloop
  endfacet
  facet normal -0.13477 0.990877 0
    outer loop
      vertex 7.12311 -1.44508 0.6
      vertex 7.24413 -1.42862 0
      vertex 7.12311 -1.44508 0
    endloop
  endfacet
  facet normal -0.0749219 0.997189 0
    outer loop
      vertex 7.12311 -1.44508 0
      vertex 6.99161 -1.45496 0.6
      vertex 7.12311 -1.44508 0.6
    endloop
  endfacet
  facet normal -0.0749219 0.997189 0
    outer loop
      vertex 6.99161 -1.45496 0.6
      vertex 7.12311 -1.44508 0
      vertex 6.99161 -1.45496 0
    endloop
  endfacet
  facet normal -0.0230941 0.999733 0
    outer loop
      vertex 6.99161 -1.45496 0
      vertex 6.84962 -1.45824 0.6
      vertex 6.99161 -1.45496 0.6
    endloop
  endfacet
  facet normal -0.0230941 0.999733 0
    outer loop
      vertex 6.84962 -1.45824 0.6
      vertex 6.99161 -1.45496 0
      vertex 6.84962 -1.45824 0
    endloop
  endfacet
  facet normal 0.0274256 0.999624 -0
    outer loop
      vertex 6.84962 -1.45824 0
      vertex 6.70091 -1.45416 0.6
      vertex 6.84962 -1.45824 0.6
    endloop
  endfacet
  facet normal 0.0274256 0.999624 0
    outer loop
      vertex 6.70091 -1.45416 0.6
      vertex 6.84962 -1.45824 0
      vertex 6.70091 -1.45416 0
    endloop
  endfacet
  facet normal 0.0879169 0.996128 -0
    outer loop
      vertex 6.70091 -1.45416 0
      vertex 6.56268 -1.44196 0.6
      vertex 6.70091 -1.45416 0.6
    endloop
  endfacet
  facet normal 0.0879169 0.996128 0
    outer loop
      vertex 6.56268 -1.44196 0.6
      vertex 6.70091 -1.45416 0
      vertex 6.56268 -1.44196 0
    endloop
  endfacet
  facet normal 0.157451 0.987527 -0
    outer loop
      vertex 6.56268 -1.44196 0
      vertex 6.43492 -1.42159 0.6
      vertex 6.56268 -1.44196 0.6
    endloop
  endfacet
  facet normal 0.157451 0.987527 0
    outer loop
      vertex 6.43492 -1.42159 0.6
      vertex 6.56268 -1.44196 0
      vertex 6.43492 -1.42159 0
    endloop
  endfacet
  facet normal 0.236273 0.971687 -0
    outer loop
      vertex 6.43492 -1.42159 0
      vertex 6.31763 -1.39307 0.6
      vertex 6.43492 -1.42159 0.6
    endloop
  endfacet
  facet normal 0.236273 0.971687 0
    outer loop
      vertex 6.31763 -1.39307 0.6
      vertex 6.43492 -1.42159 0
      vertex 6.31763 -1.39307 0
    endloop
  endfacet
  facet normal 0.324716 0.945812 -0
    outer loop
      vertex 6.31763 -1.39307 0
      vertex 6.21082 -1.3564 0.6
      vertex 6.31763 -1.39307 0.6
    endloop
  endfacet
  facet normal 0.324716 0.945812 0
    outer loop
      vertex 6.21082 -1.3564 0.6
      vertex 6.31763 -1.39307 0
      vertex 6.21082 -1.3564 0
    endloop
  endfacet
  facet normal 0.421623 0.906771 -0
    outer loop
      vertex 6.21082 -1.3564 0
      vertex 6.11447 -1.3116 0.6
      vertex 6.21082 -1.3564 0.6
    endloop
  endfacet
  facet normal 0.421623 0.906771 0
    outer loop
      vertex 6.11447 -1.3116 0.6
      vertex 6.21082 -1.3564 0
      vertex 6.11447 -1.3116 0
    endloop
  endfacet
  facet normal 0.524982 0.851113 -0
    outer loop
      vertex 6.11447 -1.3116 0
      vertex 6.02861 -1.25864 0.6
      vertex 6.11447 -1.3116 0.6
    endloop
  endfacet
  facet normal 0.524982 0.851113 0
    outer loop
      vertex 6.02861 -1.25864 0.6
      vertex 6.11447 -1.3116 0
      vertex 6.02861 -1.25864 0
    endloop
  endfacet
  facet normal 0.62933 0.777139 -0
    outer loop
      vertex 6.02861 -1.25864 0
      vertex 5.95374 -1.19801 0.6
      vertex 6.02861 -1.25864 0.6
    endloop
  endfacet
  facet normal 0.62933 0.777139 0
    outer loop
      vertex 5.95374 -1.19801 0.6
      vertex 6.02861 -1.25864 0
      vertex 5.95374 -1.19801 0
    endloop
  endfacet
  facet normal 0.730675 0.682725 0
    outer loop
      vertex 5.95374 -1.19801 0.6
      vertex 5.89038 -1.1302 0
      vertex 5.89038 -1.1302 0.6
    endloop
  endfacet
  facet normal 0.730675 0.682725 0
    outer loop
      vertex 5.89038 -1.1302 0
      vertex 5.95374 -1.19801 0.6
      vertex 5.95374 -1.19801 0
    endloop
  endfacet
  facet normal 0.82265 0.568548 0
    outer loop
      vertex 5.89038 -1.1302 0.6
      vertex 5.83856 -1.05522 0
      vertex 5.83856 -1.05522 0.6
    endloop
  endfacet
  facet normal 0.82265 0.568548 0
    outer loop
      vertex 5.83856 -1.05522 0
      vertex 5.89038 -1.1302 0.6
      vertex 5.89038 -1.1302 0
    endloop
  endfacet
  facet normal 0.897814 0.440375 0
    outer loop
      vertex 5.83856 -1.05522 0.6
      vertex 5.79825 -0.973038 0
      vertex 5.79825 -0.973038 0.6
    endloop
  endfacet
  facet normal 0.897814 0.440375 0
    outer loop
      vertex 5.79825 -0.973038 0
      vertex 5.83856 -1.05522 0.6
      vertex 5.83856 -1.05522 0
    endloop
  endfacet
  facet normal 0.951754 0.306863 0
    outer loop
      vertex 5.79825 -0.973038 0.6
      vertex 5.76944 -0.883682 0
      vertex 5.76944 -0.883682 0.6
    endloop
  endfacet
  facet normal 0.951754 0.306863 0
    outer loop
      vertex 5.76944 -0.883682 0
      vertex 5.79825 -0.973038 0.6
      vertex 5.79825 -0.973038 0
    endloop
  endfacet
  facet normal 0.984374 0.176091 0
    outer loop
      vertex 5.76944 -0.883682 0.6
      vertex 5.75217 -0.78714 0
      vertex 5.75217 -0.78714 0.6
    endloop
  endfacet
  facet normal 0.984374 0.176091 0
    outer loop
      vertex 5.75217 -0.78714 0
      vertex 5.76944 -0.883682 0.6
      vertex 5.76944 -0.883682 0
    endloop
  endfacet
  facet normal 0.998461 0.0554519 0
    outer loop
      vertex 5.75217 -0.78714 0.6
      vertex 5.74641 -0.683426 0
      vertex 5.74641 -0.683426 0.6
    endloop
  endfacet
  facet normal 0.998461 0.0554519 0
    outer loop
      vertex 5.74641 -0.683426 0
      vertex 5.75217 -0.78714 0.6
      vertex 5.75217 -0.78714 0
    endloop
  endfacet
  facet normal 0.999823 -0.0188109 0
    outer loop
      vertex 5.74641 -0.683426 0.6
      vertex 5.74719 -0.641968 0
      vertex 5.74719 -0.641968 0.6
    endloop
  endfacet
  facet normal 0.999823 -0.0188109 0
    outer loop
      vertex 5.74719 -0.641968 0
      vertex 5.74641 -0.683426 0.6
      vertex 5.74641 -0.683426 0
    endloop
  endfacet
  facet normal 0.998287 -0.0585031 0
    outer loop
      vertex 5.74719 -0.641968 0.6
      vertex 5.74954 -0.601868 0
      vertex 5.74954 -0.601868 0.6
    endloop
  endfacet
  facet normal 0.998287 -0.0585031 0
    outer loop
      vertex 5.74954 -0.601868 0
      vertex 5.74719 -0.641968 0.6
      vertex 5.74719 -0.641968 0
    endloop
  endfacet
  facet normal 0.994942 -0.100452 0
    outer loop
      vertex 5.74954 -0.601868 0.6
      vertex 5.75345 -0.563141 0
      vertex 5.75345 -0.563141 0.6
    endloop
  endfacet
  facet normal 0.994942 -0.100452 0
    outer loop
      vertex 5.75345 -0.563141 0
      vertex 5.74954 -0.601868 0.6
      vertex 5.74954 -0.601868 0
    endloop
  endfacet
  facet normal 0.989418 -0.145094 0
    outer loop
      vertex 5.75345 -0.563141 0.6
      vertex 5.75893 -0.525772 0
      vertex 5.75893 -0.525772 0.6
    endloop
  endfacet
  facet normal 0.989418 -0.145094 0
    outer loop
      vertex 5.75893 -0.525772 0
      vertex 5.75345 -0.563141 0.6
      vertex 5.75345 -0.563141 0
    endloop
  endfacet
  facet normal 0.981354 -0.192209 0
    outer loop
      vertex 5.75893 -0.525772 0.6
      vertex 5.76598 -0.489777 0
      vertex 5.76598 -0.489777 0.6
    endloop
  endfacet
  facet normal 0.981354 -0.192209 0
    outer loop
      vertex 5.76598 -0.489777 0
      vertex 5.75893 -0.525772 0.6
      vertex 5.75893 -0.525772 0
    endloop
  endfacet
  facet normal 0.970534 -0.240966 0
    outer loop
      vertex 5.76598 -0.489777 0.6
      vertex 5.77458 -0.455139 0
      vertex 5.77458 -0.455139 0.6
    endloop
  endfacet
  facet normal 0.970534 -0.240966 0
    outer loop
      vertex 5.77458 -0.455139 0
      vertex 5.76598 -0.489777 0.6
      vertex 5.76598 -0.489777 0
    endloop
  endfacet
  facet normal 0.956384 -0.292113 0
    outer loop
      vertex 5.77458 -0.455139 0.6
      vertex 5.78474 -0.421875 0
      vertex 5.78474 -0.421875 0.6
    endloop
  endfacet
  facet normal 0.956384 -0.292113 0
    outer loop
      vertex 5.78474 -0.421875 0
      vertex 5.77458 -0.455139 0.6
      vertex 5.77458 -0.455139 0
    endloop
  endfacet
  facet normal 0.940223 -0.340558 0
    outer loop
      vertex 5.78474 -0.421875 0.6
      vertex 5.79633 -0.389877 0
      vertex 5.79633 -0.389877 0.6
    endloop
  endfacet
  facet normal 0.940223 -0.340558 0
    outer loop
      vertex 5.79633 -0.389877 0
      vertex 5.78474 -0.421875 0.6
      vertex 5.78474 -0.421875 0
    endloop
  endfacet
  facet normal 0.923223 -0.384264 0
    outer loop
      vertex 5.79633 -0.389877 0.6
      vertex 5.80914 -0.3591 0
      vertex 5.80914 -0.3591 0.6
    endloop
  endfacet
  facet normal 0.923223 -0.384264 0
    outer loop
      vertex 5.80914 -0.3591 0
      vertex 5.79633 -0.389877 0.6
      vertex 5.79633 -0.389877 0
    endloop
  endfacet
  facet normal 0.902996 -0.429649 0
    outer loop
      vertex 5.80914 -0.3591 0.6
      vertex 5.82321 -0.329529 0
      vertex 5.82321 -0.329529 0.6
    endloop
  endfacet
  facet normal 0.902996 -0.429649 0
    outer loop
      vertex 5.82321 -0.329529 0
      vertex 5.80914 -0.3591 0.6
      vertex 5.80914 -0.3591 0
    endloop
  endfacet
  facet normal 0.880116 -0.474758 0
    outer loop
      vertex 5.82321 -0.329529 0.6
      vertex 5.83852 -0.301147 0
      vertex 5.83852 -0.301147 0.6
    endloop
  endfacet
  facet normal 0.880116 -0.474758 0
    outer loop
      vertex 5.83852 -0.301147 0
      vertex 5.82321 -0.329529 0.6
      vertex 5.82321 -0.329529 0
    endloop
  endfacet
  facet normal 0.854077 -0.520146 0
    outer loop
      vertex 5.83852 -0.301147 0.6
      vertex 5.85507 -0.273972 0
      vertex 5.85507 -0.273972 0.6
    endloop
  endfacet
  facet normal 0.854077 -0.520146 0
    outer loop
      vertex 5.85507 -0.273972 0
      vertex 5.83852 -0.301147 0.6
      vertex 5.83852 -0.301147 0
    endloop
  endfacet
  facet normal 0.824853 -0.565347 0
    outer loop
      vertex 5.85507 -0.273972 0.6
      vertex 5.87286 -0.248016 0
      vertex 5.87286 -0.248016 0.6
    endloop
  endfacet
  facet normal 0.824853 -0.565347 0
    outer loop
      vertex 5.87286 -0.248016 0
      vertex 5.85507 -0.273972 0.6
      vertex 5.85507 -0.273972 0
    endloop
  endfacet
  facet normal 0.792624 -0.609711 0
    outer loop
      vertex 5.87286 -0.248016 0.6
      vertex 5.89191 -0.223251 0
      vertex 5.89191 -0.223251 0.6
    endloop
  endfacet
  facet normal 0.792624 -0.609711 0
    outer loop
      vertex 5.89191 -0.223251 0
      vertex 5.87286 -0.248016 0.6
      vertex 5.87286 -0.248016 0
    endloop
  endfacet
  facet normal 0.759655 -0.650326 0
    outer loop
      vertex 5.89191 -0.223251 0.6
      vertex 5.91217 -0.199585 0
      vertex 5.91217 -0.199585 0.6
    endloop
  endfacet
  facet normal 0.759655 -0.650326 0
    outer loop
      vertex 5.91217 -0.199585 0
      vertex 5.89191 -0.223251 0.6
      vertex 5.89191 -0.223251 0
    endloop
  endfacet
  facet normal 0.725736 -0.687974 0
    outer loop
      vertex 5.91217 -0.199585 0.6
      vertex 5.93365 -0.176926 0
      vertex 5.93365 -0.176926 0.6
    endloop
  endfacet
  facet normal 0.725736 -0.687974 0
    outer loop
      vertex 5.93365 -0.176926 0
      vertex 5.91217 -0.199585 0.6
      vertex 5.91217 -0.199585 0
    endloop
  endfacet
  facet normal 0.690541 -0.723293 0
    outer loop
      vertex 5.93365 -0.176926 0
      vertex 5.95633 -0.155273 0.6
      vertex 5.93365 -0.176926 0.6
    endloop
  endfacet
  facet normal 0.690541 -0.723293 0
    outer loop
      vertex 5.95633 -0.155273 0.6
      vertex 5.93365 -0.176926 0
      vertex 5.95633 -0.155273 0
    endloop
  endfacet
  facet normal 0.654007 -0.756488 0
    outer loop
      vertex 5.95633 -0.155273 0
      vertex 5.98021 -0.134628 0.6
      vertex 5.95633 -0.155273 0.6
    endloop
  endfacet
  facet normal 0.654007 -0.756488 0
    outer loop
      vertex 5.98021 -0.134628 0.6
      vertex 5.95633 -0.155273 0
      vertex 5.98021 -0.134628 0
    endloop
  endfacet
  facet normal 0.616951 -0.787002 0
    outer loop
      vertex 5.98021 -0.134628 0
      vertex 6.00528 -0.114975 0.6
      vertex 5.98021 -0.134628 0.6
    endloop
  endfacet
  facet normal 0.616951 -0.787002 0
    outer loop
      vertex 6.00528 -0.114975 0.6
      vertex 5.98021 -0.134628 0
      vertex 6.00528 -0.114975 0
    endloop
  endfacet
  facet normal 0.578518 -0.81567 0
    outer loop
      vertex 6.00528 -0.114975 0
      vertex 6.03157 -0.0963287 0.6
      vertex 6.00528 -0.114975 0.6
    endloop
  endfacet
  facet normal 0.578518 -0.81567 0
    outer loop
      vertex 6.03157 -0.0963287 0.6
      vertex 6.00528 -0.114975 0
      vertex 6.03157 -0.0963287 0
    endloop
  endfacet
  facet normal 0.540181 -0.841549 0
    outer loop
      vertex 6.03157 -0.0963287 0
      vertex 6.05905 -0.0786896 0.6
      vertex 6.03157 -0.0963287 0.6
    endloop
  endfacet
  facet normal 0.540181 -0.841549 0
    outer loop
      vertex 6.05905 -0.0786896 0.6
      vertex 6.03157 -0.0963287 0
      vertex 6.05905 -0.0786896 0
    endloop
  endfacet
  facet normal 0.507097 -0.861889 0
    outer loop
      vertex 6.05905 -0.0786896 0
      vertex 6.08763 -0.0618744 0.6
      vertex 6.05905 -0.0786896 0.6
    endloop
  endfacet
  facet normal 0.507097 -0.861889 0
    outer loop
      vertex 6.08763 -0.0618744 0.6
      vertex 6.05905 -0.0786896 0
      vertex 6.08763 -0.0618744 0
    endloop
  endfacet
  facet normal 0.480261 -0.877126 0
    outer loop
      vertex 6.08763 -0.0618744 0
      vertex 6.11717 -0.0457001 0.6
      vertex 6.08763 -0.0618744 0.6
    endloop
  endfacet
  facet normal 0.480261 -0.877126 0
    outer loop
      vertex 6.11717 -0.0457001 0.6
      vertex 6.08763 -0.0618744 0
      vertex 6.11717 -0.0457001 0
    endloop
  endfacet
  facet normal 0.453828 -0.89109 0
    outer loop
      vertex 6.11717 -0.0457001 0
      vertex 6.14767 -0.0301666 0.6
      vertex 6.11717 -0.0457001 0.6
    endloop
  endfacet
  facet normal 0.453828 -0.89109 0
    outer loop
      vertex 6.14767 -0.0301666 0.6
      vertex 6.11717 -0.0457001 0
      vertex 6.14767 -0.0301666 0
    endloop
  endfacet
  facet normal 0.427752 -0.903896 0
    outer loop
      vertex 6.14767 -0.0301666 0
      vertex 6.17914 -0.015274 0.6
      vertex 6.14767 -0.0301666 0.6
    endloop
  endfacet
  facet normal 0.427752 -0.903896 0
    outer loop
      vertex 6.17914 -0.015274 0.6
      vertex 6.14767 -0.0301666 0
      vertex 6.17914 -0.015274 0
    endloop
  endfacet
  facet normal 0.40222 -0.915543 0
    outer loop
      vertex 6.17914 -0.015274 0
      vertex 6.21158 -0.00102234 0.6
      vertex 6.17914 -0.015274 0.6
    endloop
  endfacet
  facet normal 0.40222 -0.915543 0
    outer loop
      vertex 6.21158 -0.00102234 0.6
      vertex 6.17914 -0.015274 0
      vertex 6.21158 -0.00102234 0
    endloop
  endfacet
  facet normal 0.376847 -0.926276 0
    outer loop
      vertex 6.21158 -0.00102234 0
      vertex 6.24496 0.012558 0.6
      vertex 6.21158 -0.00102234 0.6
    endloop
  endfacet
  facet normal 0.376847 -0.926276 0
    outer loop
      vertex 6.24496 0.012558 0.6
      vertex 6.21158 -0.00102234 0
      vertex 6.24496 0.012558 0
    endloop
  endfacet
  facet normal 0.353242 -0.935532 0
    outer loop
      vertex 6.24496 0.012558 0
      vertex 6.27931 0.025528 0.6
      vertex 6.24496 0.012558 0.6
    endloop
  endfacet
  facet normal 0.353242 -0.935532 0
    outer loop
      vertex 6.27931 0.025528 0.6
      vertex 6.24496 0.012558 0
      vertex 6.27931 0.025528 0
    endloop
  endfacet
  facet normal 0.323132 -0.946354 0
    outer loop
      vertex 6.27931 0.025528 0
      vertex 6.31801 0.0387421 0.6
      vertex 6.27931 0.025528 0.6
    endloop
  endfacet
  facet normal 0.323132 -0.946354 0
    outer loop
      vertex 6.31801 0.0387421 0.6
      vertex 6.27931 0.025528 0
      vertex 6.31801 0.0387421 0
    endloop
  endfacet
  facet normal 0.296193 -0.955128 0
    outer loop
      vertex 6.31801 0.0387421 0
      vertex 6.36441 0.0531311 0.6
      vertex 6.31801 0.0387421 0.6
    endloop
  endfacet
  facet normal 0.296193 -0.955128 0
    outer loop
      vertex 6.36441 0.0531311 0.6
      vertex 6.31801 0.0387421 0
      vertex 6.36441 0.0531311 0
    endloop
  endfacet
  facet normal 0.276177 -0.961107 0
    outer loop
      vertex 6.36441 0.0531311 0
      vertex 6.41852 0.0686798 0.6
      vertex 6.36441 0.0531311 0.6
    endloop
  endfacet
  facet normal 0.276177 -0.961107 0
    outer loop
      vertex 6.41852 0.0686798 0.6
      vertex 6.36441 0.0531311 0
      vertex 6.41852 0.0686798 0
    endloop
  endfacet
  facet normal 0.260953 -0.965352 0
    outer loop
      vertex 6.41852 0.0686798 0
      vertex 6.48033 0.0853882 0.6
      vertex 6.41852 0.0686798 0.6
    endloop
  endfacet
  facet normal 0.260953 -0.965352 0
    outer loop
      vertex 6.48033 0.0853882 0.6
      vertex 6.41852 0.0686798 0
      vertex 6.48033 0.0853882 0
    endloop
  endfacet
  facet normal 0.249156 -0.968463 0
    outer loop
      vertex 6.48033 0.0853882 0
      vertex 6.54984 0.103271 0.6
      vertex 6.48033 0.0853882 0.6
    endloop
  endfacet
  facet normal 0.249156 -0.968463 0
    outer loop
      vertex 6.54984 0.103271 0.6
      vertex 6.48033 0.0853882 0
      vertex 6.54984 0.103271 0
    endloop
  endfacet
  facet normal 0.239256 -0.970956 0
    outer loop
      vertex 6.54984 0.103271 0
      vertex 6.62706 0.122299 0.6
      vertex 6.54984 0.103271 0.6
    endloop
  endfacet
  facet normal 0.239256 -0.970956 0
    outer loop
      vertex 6.62706 0.122299 0.6
      vertex 6.54984 0.103271 0
      vertex 6.62706 0.122299 0
    endloop
  endfacet
  facet normal 0.231583 -0.972815 0
    outer loop
      vertex 6.62706 0.122299 0
      vertex 6.71199 0.142517 0.6
      vertex 6.62706 0.122299 0.6
    endloop
  endfacet
  facet normal 0.231583 -0.972815 0
    outer loop
      vertex 6.71199 0.142517 0.6
      vertex 6.62706 0.122299 0
      vertex 6.71199 0.142517 0
    endloop
  endfacet
  facet normal 0.203225 -0.979132 0
    outer loop
      vertex 6.71199 0.142517 0
      vertex 6.81006 0.162872 0.6
      vertex 6.71199 0.142517 0.6
    endloop
  endfacet
  facet normal 0.203225 -0.979132 0
    outer loop
      vertex 6.81006 0.162872 0.6
      vertex 6.71199 0.142517 0
      vertex 6.81006 0.162872 0
    endloop
  endfacet
  facet normal 0.214757 -0.976668 0
    outer loop
      vertex 6.81006 0.162872 0
      vertex 6.89861 0.182343 0.6
      vertex 6.81006 0.162872 0.6
    endloop
  endfacet
  facet normal 0.214757 -0.976668 0
    outer loop
      vertex 6.89861 0.182343 0.6
      vertex 6.81006 0.162872 0
      vertex 6.89861 0.182343 0
    endloop
  endfacet
  facet normal 0.228892 -0.973452 0
    outer loop
      vertex 6.89861 0.182343 0
      vertex 6.97765 0.200928 0.6
      vertex 6.89861 0.182343 0.6
    endloop
  endfacet
  facet normal 0.228892 -0.973452 0
    outer loop
      vertex 6.97765 0.200928 0.6
      vertex 6.89861 0.182343 0
      vertex 6.97765 0.200928 0
    endloop
  endfacet
  facet normal 0.246698 -0.969092 0
    outer loop
      vertex 6.97765 0.200928 0
      vertex 7.04718 0.218628 0.6
      vertex 6.97765 0.200928 0.6
    endloop
  endfacet
  facet normal 0.246698 -0.969092 0
    outer loop
      vertex 7.04718 0.218628 0.6
      vertex 6.97765 0.200928 0
      vertex 7.04718 0.218628 0
    endloop
  endfacet
  facet normal 0.269811 -0.962913 0
    outer loop
      vertex 7.04718 0.218628 0
      vertex 7.10719 0.235443 0.6
      vertex 7.04718 0.218628 0.6
    endloop
  endfacet
  facet normal 0.269811 -0.962913 0
    outer loop
      vertex 7.10719 0.235443 0.6
      vertex 7.04718 0.218628 0
      vertex 7.10719 0.235443 0
    endloop
  endfacet
  facet normal 0.300779 -0.953694 0
    outer loop
      vertex 7.10719 0.235443 0
      vertex 7.1577 0.251373 0.6
      vertex 7.10719 0.235443 0.6
    endloop
  endfacet
  facet normal 0.300779 -0.953694 0
    outer loop
      vertex 7.1577 0.251373 0.6
      vertex 7.10719 0.235443 0
      vertex 7.1577 0.251373 0
    endloop
  endfacet
  facet normal 0.344813 -0.938671 0
    outer loop
      vertex 7.1577 0.251373 0
      vertex 7.1987 0.266434 0.6
      vertex 7.1577 0.251373 0.6
    endloop
  endfacet
  facet normal 0.344813 -0.938671 0
    outer loop
      vertex 7.1987 0.266434 0.6
      vertex 7.1577 0.251373 0
      vertex 7.1987 0.266434 0
    endloop
  endfacet
  facet normal 0.395836 -0.918321 0
    outer loop
      vertex 7.1987 0.266434 0
      vertex 7.23378 0.281555 0.6
      vertex 7.1987 0.266434 0.6
    endloop
  endfacet
  facet normal 0.395836 -0.918321 0
    outer loop
      vertex 7.23378 0.281555 0.6
      vertex 7.1987 0.266434 0
      vertex 7.23378 0.281555 0
    endloop
  endfacet
  facet normal 0.442806 -0.896618 0
    outer loop
      vertex 7.23378 0.281555 0
      vertex 7.26653 0.297729 0.6
      vertex 7.23378 0.281555 0.6
    endloop
  endfacet
  facet normal 0.442806 -0.896618 0
    outer loop
      vertex 7.26653 0.297729 0.6
      vertex 7.23378 0.281555 0
      vertex 7.26653 0.297729 0
    endloop
  endfacet
  facet normal 0.492796 -0.870145 0
    outer loop
      vertex 7.26653 0.297729 0
      vertex 7.29695 0.314957 0.6
      vertex 7.26653 0.297729 0.6
    endloop
  endfacet
  facet normal 0.492796 -0.870145 0
    outer loop
      vertex 7.29695 0.314957 0.6
      vertex 7.26653 0.297729 0
      vertex 7.29695 0.314957 0
    endloop
  endfacet
  facet normal 0.544789 -0.838573 0
    outer loop
      vertex 7.29695 0.314957 0
      vertex 7.32504 0.333206 0.6
      vertex 7.29695 0.314957 0.6
    endloop
  endfacet
  facet normal 0.544789 -0.838573 0
    outer loop
      vertex 7.32504 0.333206 0.6
      vertex 7.29695 0.314957 0
      vertex 7.32504 0.333206 0
    endloop
  endfacet
  facet normal 0.59996 -0.80003 0
    outer loop
      vertex 7.32504 0.333206 0
      vertex 7.3508 0.352524 0.6
      vertex 7.32504 0.333206 0.6
    endloop
  endfacet
  facet normal 0.59996 -0.80003 0
    outer loop
      vertex 7.3508 0.352524 0.6
      vertex 7.32504 0.333206 0
      vertex 7.3508 0.352524 0
    endloop
  endfacet
  facet normal 0.655397 -0.755285 0
    outer loop
      vertex 7.3508 0.352524 0
      vertex 7.37424 0.372864 0.6
      vertex 7.3508 0.352524 0.6
    endloop
  endfacet
  facet normal 0.655397 -0.755285 0
    outer loop
      vertex 7.37424 0.372864 0.6
      vertex 7.3508 0.352524 0
      vertex 7.37424 0.372864 0
    endloop
  endfacet
  facet normal 0.711633 -0.702552 0
    outer loop
      vertex 7.37424 0.372864 0.6
      vertex 7.39536 0.394257 0
      vertex 7.39536 0.394257 0.6
    endloop
  endfacet
  facet normal 0.711633 -0.702552 0
    outer loop
      vertex 7.39536 0.394257 0
      vertex 7.37424 0.372864 0.6
      vertex 7.37424 0.372864 0
    endloop
  endfacet
  facet normal 0.775519 -0.631324 0
    outer loop
      vertex 7.39536 0.394257 0.6
      vertex 7.41388 0.417007 0
      vertex 7.41388 0.417007 0.6
    endloop
  endfacet
  facet normal 0.775519 -0.631324 0
    outer loop
      vertex 7.41388 0.417007 0
      vertex 7.39536 0.394257 0.6
      vertex 7.39536 0.394257 0
    endloop
  endfacet
  facet normal 0.841877 -0.539669 0
    outer loop
      vertex 7.41388 0.417007 0.6
      vertex 7.42955 0.441452 0
      vertex 7.42955 0.441452 0.6
    endloop
  endfacet
  facet normal 0.841877 -0.539669 0
    outer loop
      vertex 7.42955 0.441452 0
      vertex 7.41388 0.417007 0.6
      vertex 7.41388 0.417007 0
    endloop
  endfacet
  facet normal 0.897586 -0.440839 0
    outer loop
      vertex 7.42955 0.441452 0.6
      vertex 7.44238 0.467575 0
      vertex 7.44238 0.467575 0.6
    endloop
  endfacet
  facet normal 0.897586 -0.440839 0
    outer loop
      vertex 7.44238 0.467575 0
      vertex 7.42955 0.441452 0.6
      vertex 7.42955 0.441452 0
    endloop
  endfacet
  facet normal 0.941255 -0.337697 0
    outer loop
      vertex 7.44238 0.467575 0.6
      vertex 7.45236 0.495392 0
      vertex 7.45236 0.495392 0.6
    endloop
  endfacet
  facet normal 0.941255 -0.337697 0
    outer loop
      vertex 7.45236 0.495392 0
      vertex 7.44238 0.467575 0.6
      vertex 7.44238 0.467575 0
    endloop
  endfacet
  facet normal 0.972003 -0.234968 0
    outer loop
      vertex 7.45236 0.495392 0.6
      vertex 7.45949 0.524887 0
      vertex 7.45949 0.524887 0.6
    endloop
  endfacet
  facet normal 0.972003 -0.234968 0
    outer loop
      vertex 7.45949 0.524887 0
      vertex 7.45236 0.495392 0.6
      vertex 7.45236 0.495392 0
    endloop
  endfacet
  facet normal 0.990749 -0.135706 0
    outer loop
      vertex 7.45949 0.524887 0.6
      vertex 7.46376 0.556061 0
      vertex 7.46376 0.556061 0.6
    endloop
  endfacet
  facet normal 0.990749 -0.135706 0
    outer loop
      vertex 7.46376 0.556061 0
      vertex 7.45949 0.524887 0.6
      vertex 7.45949 0.524887 0
    endloop
  endfacet
  facet normal 0.999069 -0.0431445 0
    outer loop
      vertex 7.46376 0.556061 0.6
      vertex 7.46518 0.588943 0
      vertex 7.46518 0.588943 0.6
    endloop
  endfacet
  facet normal 0.999069 -0.0431445 0
    outer loop
      vertex 7.46518 0.588943 0
      vertex 7.46376 0.556061 0.6
      vertex 7.46376 0.556061 0
    endloop
  endfacet
  facet normal 0.992091 0.125523 0
    outer loop
      vertex 7.46518 0.588943 0.6
      vertex 7.45277 0.687027 0
      vertex 7.45277 0.687027 0.6
    endloop
  endfacet
  facet normal 0.992091 0.125523 0
    outer loop
      vertex 7.45277 0.687027 0
      vertex 7.46518 0.588943 0.6
      vertex 7.46518 0.588943 0
    endloop
  endfacet
  facet normal 0.912525 0.409021 0
    outer loop
      vertex 7.45277 0.687027 0.6
      vertex 7.41557 0.77002 0
      vertex 7.41557 0.77002 0.6
    endloop
  endfacet
  facet normal 0.912525 0.409021 0
    outer loop
      vertex 7.41557 0.77002 0
      vertex 7.45277 0.687027 0.6
      vertex 7.45277 0.687027 0
    endloop
  endfacet
  facet normal 0.738487 0.674268 0
    outer loop
      vertex 7.41557 0.77002 0.6
      vertex 7.35356 0.837936 0
      vertex 7.35356 0.837936 0.6
    endloop
  endfacet
  facet normal 0.738487 0.674268 0
    outer loop
      vertex 7.35356 0.837936 0
      vertex 7.41557 0.77002 0.6
      vertex 7.41557 0.77002 0
    endloop
  endfacet
  facet normal 0.519732 0.854329 -0
    outer loop
      vertex 7.35356 0.837936 0
      vertex 7.26675 0.890747 0.6
      vertex 7.35356 0.837936 0.6
    endloop
  endfacet
  facet normal 0.519732 0.854329 0
    outer loop
      vertex 7.26675 0.890747 0.6
      vertex 7.35356 0.837936 0
      vertex 7.26675 0.890747 0
    endloop
  endfacet
  facet normal 0.320312 0.947312 -0
    outer loop
      vertex 7.26675 0.890747 0
      vertex 7.15515 0.928482 0.6
      vertex 7.26675 0.890747 0.6
    endloop
  endfacet
  facet normal 0.320312 0.947312 0
    outer loop
      vertex 7.15515 0.928482 0.6
      vertex 7.26675 0.890747 0
      vertex 7.15515 0.928482 0
    endloop
  endfacet
  facet normal 0.163653 0.986518 -0
    outer loop
      vertex 7.15515 0.928482 0
      vertex 7.01874 0.951111 0.6
      vertex 7.15515 0.928482 0.6
    endloop
  endfacet
  facet normal 0.163653 0.986518 0
    outer loop
      vertex 7.01874 0.951111 0.6
      vertex 7.15515 0.928482 0
      vertex 7.01874 0.951111 0
    endloop
  endfacet
  facet normal 0.0467948 0.998905 -0
    outer loop
      vertex 7.01874 0.951111 0
      vertex 6.85751 0.958664 0.6
      vertex 7.01874 0.951111 0.6
    endloop
  endfacet
  facet normal 0.0467948 0.998905 0
    outer loop
      vertex 6.85751 0.958664 0.6
      vertex 7.01874 0.951111 0
      vertex 6.85751 0.958664 0
    endloop
  endfacet
  facet normal -0.0250076 0.999687 0
    outer loop
      vertex 6.85751 0.958664 0
      vertex 6.7764 0.956635 0.6
      vertex 6.85751 0.958664 0.6
    endloop
  endfacet
  facet normal -0.0250076 0.999687 0
    outer loop
      vertex 6.7764 0.956635 0.6
      vertex 6.85751 0.958664 0
      vertex 6.7764 0.956635 0
    endloop
  endfacet
  facet normal -0.0797792 0.996813 0
    outer loop
      vertex 6.7764 0.956635 0
      vertex 6.70052 0.950562 0.6
      vertex 6.7764 0.956635 0.6
    endloop
  endfacet
  facet normal -0.0797792 0.996813 0
    outer loop
      vertex 6.70052 0.950562 0.6
      vertex 6.7764 0.956635 0
      vertex 6.70052 0.950562 0
    endloop
  endfacet
  facet normal -0.142119 0.98985 0
    outer loop
      vertex 6.70052 0.950562 0
      vertex 6.62984 0.940414 0.6
      vertex 6.70052 0.950562 0.6
    endloop
  endfacet
  facet normal -0.142119 0.98985 0
    outer loop
      vertex 6.62984 0.940414 0.6
      vertex 6.70052 0.950562 0
      vertex 6.62984 0.940414 0
    endloop
  endfacet
  facet normal -0.211639 0.977348 0
    outer loop
      vertex 6.62984 0.940414 0
      vertex 6.56438 0.926239 0.6
      vertex 6.62984 0.940414 0.6
    endloop
  endfacet
  facet normal -0.211639 0.977348 0
    outer loop
      vertex 6.56438 0.926239 0.6
      vertex 6.62984 0.940414 0
      vertex 6.56438 0.926239 0
    endloop
  endfacet
  facet normal -0.28962 0.957142 0
    outer loop
      vertex 6.56438 0.926239 0
      vertex 6.50412 0.908005 0.6
      vertex 6.56438 0.926239 0.6
    endloop
  endfacet
  facet normal -0.28962 0.957142 0
    outer loop
      vertex 6.50412 0.908005 0.6
      vertex 6.56438 0.926239 0
      vertex 6.50412 0.908005 0
    endloop
  endfacet
  facet normal -0.375526 0.926812 0
    outer loop
      vertex 6.50412 0.908005 0
      vertex 6.4491 0.885712 0.6
      vertex 6.50412 0.908005 0.6
    endloop
  endfacet
  facet normal -0.375526 0.926812 0
    outer loop
      vertex 6.4491 0.885712 0.6
      vertex 6.50412 0.908005 0
      vertex 6.4491 0.885712 0
    endloop
  endfacet
  facet normal -0.467638 0.88392 0
    outer loop
      vertex 6.4491 0.885712 0
      vertex 6.39929 0.85936 0.6
      vertex 6.4491 0.885712 0.6
    endloop
  endfacet
  facet normal -0.467638 0.88392 0
    outer loop
      vertex 6.39929 0.85936 0.6
      vertex 6.4491 0.885712 0
      vertex 6.39929 0.85936 0
    endloop
  endfacet
  facet normal -0.56529 0.824892 0
    outer loop
      vertex 6.39929 0.85936 0
      vertex 6.35429 0.828522 0.6
      vertex 6.39929 0.85936 0.6
    endloop
  endfacet
  facet normal -0.56529 0.824892 0
    outer loop
      vertex 6.35429 0.828522 0.6
      vertex 6.39929 0.85936 0
      vertex 6.35429 0.828522 0
    endloop
  endfacet
  facet normal -0.661465 0.749976 0
    outer loop
      vertex 6.35429 0.828522 0
      vertex 6.31372 0.79274 0.6
      vertex 6.35429 0.828522 0.6
    endloop
  endfacet
  facet normal -0.661465 0.749976 0
    outer loop
      vertex 6.31372 0.79274 0.6
      vertex 6.35429 0.828522 0
      vertex 6.31372 0.79274 0
    endloop
  endfacet
  facet normal -0.747873 0.663842 0
    outer loop
      vertex 6.27757 0.752014 0
      vertex 6.31372 0.79274 0.6
      vertex 6.31372 0.79274 0
    endloop
  endfacet
  facet normal -0.747873 0.663842 0
    outer loop
      vertex 6.31372 0.79274 0.6
      vertex 6.27757 0.752014 0
      vertex 6.27757 0.752014 0.6
    endloop
  endfacet
  facet normal -0.820984 0.570952 0
    outer loop
      vertex 6.24582 0.70636 0
      vertex 6.27757 0.752014 0.6
      vertex 6.27757 0.752014 0
    endloop
  endfacet
  facet normal -0.820984 0.570952 0
    outer loop
      vertex 6.27757 0.752014 0.6
      vertex 6.24582 0.70636 0
      vertex 6.24582 0.70636 0.6
    endloop
  endfacet
  facet normal -0.879795 0.475353 0
    outer loop
      vertex 6.21849 0.655777 0
      vertex 6.24582 0.70636 0.6
      vertex 6.24582 0.70636 0
    endloop
  endfacet
  facet normal -0.879795 0.475353 0
    outer loop
      vertex 6.24582 0.70636 0.6
      vertex 6.21849 0.655777 0
      vertex 6.21849 0.655777 0.6
    endloop
  endfacet
  facet normal -0.924467 0.381261 0
    outer loop
      vertex 6.19559 0.60025 0
      vertex 6.21849 0.655777 0.6
      vertex 6.21849 0.655777 0
    endloop
  endfacet
  facet normal -0.924467 0.381261 0
    outer loop
      vertex 6.21849 0.655777 0.6
      vertex 6.19559 0.60025 0
      vertex 6.19559 0.60025 0.6
    endloop
  endfacet
  facet normal -0.95625 0.292552 0
    outer loop
      vertex 6.17709 0.53978 0
      vertex 6.19559 0.60025 0.6
      vertex 6.19559 0.60025 0
    endloop
  endfacet
  facet normal -0.95625 0.292552 0
    outer loop
      vertex 6.19559 0.60025 0.6
      vertex 6.17709 0.53978 0
      vertex 6.17709 0.53978 0.6
    endloop
  endfacet
  facet normal 0.162701 0.986675 -0
    outer loop
      vertex 6.17709 0.53978 0
      vertex 5.61661 0.632202 0.6
      vertex 6.17709 0.53978 0.6
    endloop
  endfacet
  facet normal 0.162701 0.986675 0
    outer loop
      vertex 5.61661 0.632202 0.6
      vertex 6.17709 0.53978 0
      vertex 5.61661 0.632202 0
    endloop
  endfacet
  facet normal 0.963989 -0.265941 0
    outer loop
      vertex 5.61661 0.632202 0.6
      vertex 5.64574 0.737793 0
      vertex 5.64574 0.737793 0.6
    endloop
  endfacet
  facet normal 0.963989 -0.265941 0
    outer loop
      vertex 5.64574 0.737793 0
      vertex 5.61661 0.632202 0.6
      vertex 5.61661 0.632202 0
    endloop
  endfacet
  facet normal 0.931977 -0.362517 0
    outer loop
      vertex 5.64574 0.737793 0.6
      vertex 5.68372 0.835434 0
      vertex 5.68372 0.835434 0.6
    endloop
  endfacet
  facet normal 0.931977 -0.362517 0
    outer loop
      vertex 5.68372 0.835434 0
      vertex 5.64574 0.737793 0.6
      vertex 5.64574 0.737793 0
    endloop
  endfacet
  facet normal 0.886638 -0.462464 0
    outer loop
      vertex 5.68372 0.835434 0.6
      vertex 5.73051 0.92514 0
      vertex 5.73051 0.92514 0.6
    endloop
  endfacet
  facet normal 0.886638 -0.462464 0
    outer loop
      vertex 5.73051 0.92514 0
      vertex 5.68372 0.835434 0.6
      vertex 5.68372 0.835434 0
    endloop
  endfacet
  facet normal 0.826753 -0.562565 0
    outer loop
      vertex 5.73051 0.92514 0.6
      vertex 5.78613 1.00688 0
      vertex 5.78613 1.00688 0.6
    endloop
  endfacet
  facet normal 0.826753 -0.562565 0
    outer loop
      vertex 5.78613 1.00688 0
      vertex 5.73051 0.92514 0.6
      vertex 5.73051 0.92514 0
    endloop
  endfacet
  facet normal 0.753202 -0.657789 0
    outer loop
      vertex 5.78613 1.00688 0.6
      vertex 5.85059 1.08069 0
      vertex 5.85059 1.08069 0.6
    endloop
  endfacet
  facet normal 0.753202 -0.657789 0
    outer loop
      vertex 5.85059 1.08069 0
      vertex 5.78613 1.00688 0.6
      vertex 5.78613 1.00688 0
    endloop
  endfacet
  facet normal 0.668449 -0.743758 0
    outer loop
      vertex 5.85059 1.08069 0
      vertex 5.92387 1.14655 0.6
      vertex 5.85059 1.08069 0.6
    endloop
  endfacet
  facet normal 0.668449 -0.743758 0
    outer loop
      vertex 5.92387 1.14655 0.6
      vertex 5.85059 1.08069 0
      vertex 5.92387 1.14655 0
    endloop
  endfacet
  facet normal 0.576417 -0.817155 0
    outer loop
      vertex 5.92387 1.14655 0
      vertex 6.00598 1.20447 0.6
      vertex 5.92387 1.14655 0.6
    endloop
  endfacet
  facet normal 0.576417 -0.817155 0
    outer loop
      vertex 6.00598 1.20447 0.6
      vertex 5.92387 1.14655 0
      vertex 6.00598 1.20447 0
    endloop
  endfacet
  facet normal 0.481207 -0.876607 0
    outer loop
      vertex 6.00598 1.20447 0
      vertex 6.09721 1.25455 0.6
      vertex 6.00598 1.20447 0.6
    endloop
  endfacet
  facet normal 0.481207 -0.876607 0
    outer loop
      vertex 6.09721 1.25455 0.6
      vertex 6.00598 1.20447 0
      vertex 6.09721 1.25455 0
    endloop
  endfacet
  facet normal 0.388241 -0.921558 0
    outer loop
      vertex 6.09721 1.25455 0
      vertex 6.19783 1.29694 0.6
      vertex 6.09721 1.25455 0.6
    endloop
  endfacet
  facet normal 0.388241 -0.921558 0
    outer loop
      vertex 6.19783 1.29694 0.6
      vertex 6.09721 1.25455 0
      vertex 6.19783 1.29694 0
    endloop
  endfacet
  facet normal 0.300525 -0.953774 0
    outer loop
      vertex 6.19783 1.29694 0
      vertex 6.30783 1.3316 0.6
      vertex 6.19783 1.29694 0.6
    endloop
  endfacet
  facet normal 0.300525 -0.953774 0
    outer loop
      vertex 6.30783 1.3316 0.6
      vertex 6.19783 1.29694 0
      vertex 6.30783 1.3316 0
    endloop
  endfacet
  facet normal 0.220406 -0.975408 0
    outer loop
      vertex 6.30783 1.3316 0
      vertex 6.42723 1.35858 0.6
      vertex 6.30783 1.3316 0.6
    endloop
  endfacet
  facet normal 0.220406 -0.975408 0
    outer loop
      vertex 6.42723 1.35858 0.6
      vertex 6.30783 1.3316 0
      vertex 6.42723 1.35858 0
    endloop
  endfacet
  facet normal 0.147901 -0.989002 0
    outer loop
      vertex 6.42723 1.35858 0
      vertex 6.55602 1.37784 0.6
      vertex 6.42723 1.35858 0.6
    endloop
  endfacet
  facet normal 0.147901 -0.989002 0
    outer loop
      vertex 6.55602 1.37784 0.6
      vertex 6.42723 1.35858 0
      vertex 6.55602 1.37784 0
    endloop
  endfacet
  facet normal 0.0833678 -0.996519 0
    outer loop
      vertex 6.55602 1.37784 0
      vertex 6.6942 1.3894 0.6
      vertex 6.55602 1.37784 0.6
    endloop
  endfacet
  facet normal 0.0833678 -0.996519 0
    outer loop
      vertex 6.6942 1.3894 0.6
      vertex 6.55602 1.37784 0
      vertex 6.6942 1.3894 0
    endloop
  endfacet
  facet normal 0.0260804 -0.99966 0
    outer loop
      vertex 6.6942 1.3894 0
      vertex 6.84177 1.39325 0.6
      vertex 6.6942 1.3894 0.6
    endloop
  endfacet
  facet normal 0.0260804 -0.99966 0
    outer loop
      vertex 6.84177 1.39325 0.6
      vertex 6.6942 1.3894 0
      vertex 6.84177 1.39325 0
    endloop
  endfacet
  facet normal -0.0273004 -0.999627 0
    outer loop
      vertex 6.84177 1.39325 0
      vertex 7.00288 1.38885 0.6
      vertex 6.84177 1.39325 0.6
    endloop
  endfacet
  facet normal -0.0273004 -0.999627 -0
    outer loop
      vertex 7.00288 1.38885 0.6
      vertex 6.84177 1.39325 0
      vertex 7.00288 1.38885 0
    endloop
  endfacet
  facet normal 0 -1 0
    outer loop
      vertex -7.19785 0.64595 0
      vertex -6.14182 0.64595 0.6
      vertex -7.19785 0.64595 0.6
    endloop
  endfacet
  facet normal 0 -1 -0
    outer loop
      vertex -6.14182 0.64595 0.6
      vertex -7.19785 0.64595 0
      vertex -6.14182 0.64595 0
    endloop
  endfacet
  facet normal 0.944668 -0.328028 0
    outer loop
      vertex -6.14182 0.64595 0.6
      vertex -5.89598 1.35393 0
      vertex -5.89598 1.35393 0.6
    endloop
  endfacet
  facet normal 0.944668 -0.328028 0
    outer loop
      vertex -5.89598 1.35393 0
      vertex -6.14182 0.64595 0.6
      vertex -6.14182 0.64595 0
    endloop
  endfacet
  facet normal 0 -1 0
    outer loop
      vertex -5.89598 1.35393 0
      vertex -5.32176 1.35393 0.6
      vertex -5.89598 1.35393 0.6
    endloop
  endfacet
  facet normal 0 -1 -0
    outer loop
      vertex -5.32176 1.35393 0.6
      vertex -5.89598 1.35393 0
      vertex -5.32176 1.35393 0
    endloop
  endfacet
  facet normal -0.939872 0.341527 0
    outer loop
      vertex -6.32863 -1.41695 0
      vertex -5.32176 1.35393 0.6
      vertex -5.32176 1.35393 0
    endloop
  endfacet
  facet normal -0.939872 0.341527 0
    outer loop
      vertex -5.32176 1.35393 0.6
      vertex -6.32863 -1.41695 0
      vertex -6.32863 -1.41695 0.6
    endloop
  endfacet
  facet normal 0 1 -0
    outer loop
      vertex -6.32863 -1.41695 0
      vertex -7.013 -1.41695 0.6
      vertex -6.32863 -1.41695 0.6
    endloop
  endfacet
  facet normal 0 1 0
    outer loop
      vertex -7.013 -1.41695 0.6
      vertex -6.32863 -1.41695 0
      vertex -7.013 -1.41695 0
    endloop
  endfacet
  facet normal 0.93944 0.342712 0
    outer loop
      vertex -7.013 -1.41695 0.6
      vertex -8.02383 1.35393 0
      vertex -8.02383 1.35393 0.6
    endloop
  endfacet
  facet normal 0.93944 0.342712 0
    outer loop
      vertex -8.02383 1.35393 0
      vertex -7.013 -1.41695 0.6
      vertex -7.013 -1.41695 0
    endloop
  endfacet
  facet normal 0 -1 0
    outer loop
      vertex -8.02383 1.35393 0
      vertex -7.44368 1.35393 0.6
      vertex -8.02383 1.35393 0.6
    endloop
  endfacet
  facet normal 0 -1 -0
    outer loop
      vertex -7.44368 1.35393 0.6
      vertex -8.02383 1.35393 0
      vertex -7.44368 1.35393 0
    endloop
  endfacet
  facet normal -0.944672 -0.328016 0
    outer loop
      vertex -7.19785 0.64595 0
      vertex -7.44368 1.35393 0.6
      vertex -7.44368 1.35393 0
    endloop
  endfacet
  facet normal -0.944672 -0.328016 0
    outer loop
      vertex -7.44368 1.35393 0.6
      vertex -7.19785 0.64595 0
      vertex -7.19785 0.64595 0.6
    endloop
  endfacet
  facet normal -0.945838 -0.324639 0
    outer loop
      vertex -6.98508 -0.0324402 0
      vertex -7.06808 0.209381 0.6
      vertex -7.06808 0.209381 0
    endloop
  endfacet
  facet normal -0.945838 -0.324639 0
    outer loop
      vertex -7.06808 0.209381 0.6
      vertex -6.98508 -0.0324402 0
      vertex -6.98508 -0.0324402 0.6
    endloop
  endfacet
  facet normal -0.946066 -0.323975 0
    outer loop
      vertex -6.91364 -0.241058 0
      vertex -6.98508 -0.0324402 0.6
      vertex -6.98508 -0.0324402 0
    endloop
  endfacet
  facet normal -0.946066 -0.323975 0
    outer loop
      vertex -6.98508 -0.0324402 0.6
      vertex -6.91364 -0.241058 0
      vertex -6.91364 -0.241058 0.6
    endloop
  endfacet
  facet normal -0.946362 -0.323107 0
    outer loop
      vertex -6.85376 -0.416443 0
      vertex -6.91364 -0.241058 0.6
      vertex -6.91364 -0.241058 0
    endloop
  endfacet
  facet normal -0.946362 -0.323107 0
    outer loop
      vertex -6.91364 -0.241058 0.6
      vertex -6.85376 -0.416443 0
      vertex -6.85376 -0.416443 0.6
    endloop
  endfacet
  facet normal -0.946806 -0.321805 0
    outer loop
      vertex -6.80544 -0.558609 0
      vertex -6.85376 -0.416443 0.6
      vertex -6.85376 -0.416443 0
    endloop
  endfacet
  facet normal -0.946806 -0.321805 0
    outer loop
      vertex -6.85376 -0.416443 0.6
      vertex -6.80544 -0.558609 0
      vertex -6.80544 -0.558609 0.6
    endloop
  endfacet
  facet normal -0.947438 -0.319939 0
    outer loop
      vertex -6.76866 -0.667526 0
      vertex -6.80544 -0.558609 0.6
      vertex -6.80544 -0.558609 0
    endloop
  endfacet
  facet normal -0.947438 -0.319939 0
    outer loop
      vertex -6.80544 -0.558609 0.6
      vertex -6.76866 -0.667526 0
      vertex -6.76866 -0.667526 0.6
    endloop
  endfacet
  facet normal -0.948826 -0.315799 0
    outer loop
      vertex -6.74347 -0.74321 0
      vertex -6.76866 -0.667526 0.6
      vertex -6.76866 -0.667526 0
    endloop
  endfacet
  facet normal -0.948826 -0.315799 0
    outer loop
      vertex -6.76866 -0.667526 0.6
      vertex -6.74347 -0.74321 0
      vertex -6.74347 -0.74321 0.6
    endloop
  endfacet
  facet normal -0.95209 -0.305817 0
    outer loop
      vertex -6.72983 -0.785675 0
      vertex -6.74347 -0.74321 0.6
      vertex -6.74347 -0.74321 0
    endloop
  endfacet
  facet normal -0.95209 -0.305817 0
    outer loop
      vertex -6.74347 -0.74321 0.6
      vertex -6.72983 -0.785675 0
      vertex -6.72983 -0.785675 0.6
    endloop
  endfacet
  facet normal -0.957002 -0.29008 0
    outer loop
      vertex -6.72212 -0.811111 0
      vertex -6.72983 -0.785675 0.6
      vertex -6.72983 -0.785675 0
    endloop
  endfacet
  facet normal -0.957002 -0.29008 0
    outer loop
      vertex -6.72983 -0.785675 0.6
      vertex -6.72212 -0.811111 0
      vertex -6.72212 -0.811111 0.6
    endloop
  endfacet
  facet normal -0.957964 -0.286888 0
    outer loop
      vertex -6.71474 -0.835754 0
      vertex -6.72212 -0.811111 0.6
      vertex -6.72212 -0.811111 0
    endloop
  endfacet
  facet normal -0.957964 -0.286888 0
    outer loop
      vertex -6.72212 -0.811111 0.6
      vertex -6.71474 -0.835754 0
      vertex -6.71474 -0.835754 0.6
    endloop
  endfacet
  facet normal -0.958762 -0.284212 0
    outer loop
      vertex -6.70767 -0.859604 0
      vertex -6.71474 -0.835754 0.6
      vertex -6.71474 -0.835754 0
    endloop
  endfacet
  facet normal -0.958762 -0.284212 0
    outer loop
      vertex -6.71474 -0.835754 0.6
      vertex -6.70767 -0.859604 0
      vertex -6.70767 -0.859604 0.6
    endloop
  endfacet
  facet normal -0.959726 -0.280936 0
    outer loop
      vertex -6.70093 -0.882629 0
      vertex -6.70767 -0.859604 0.6
      vertex -6.70767 -0.859604 0
    endloop
  endfacet
  facet normal -0.959726 -0.280936 0
    outer loop
      vertex -6.70767 -0.859604 0.6
      vertex -6.70093 -0.882629 0
      vertex -6.70093 -0.882629 0.6
    endloop
  endfacet
  facet normal -0.960682 -0.277651 0
    outer loop
      vertex -6.6945 -0.904877 0
      vertex -6.70093 -0.882629 0.6
      vertex -6.70093 -0.882629 0
    endloop
  endfacet
  facet normal -0.960682 -0.277651 0
    outer loop
      vertex -6.70093 -0.882629 0.6
      vertex -6.6945 -0.904877 0
      vertex -6.6945 -0.904877 0.6
    endloop
  endfacet
  facet normal -0.961821 -0.273678 0
    outer loop
      vertex -6.6884 -0.926315 0
      vertex -6.6945 -0.904877 0.6
      vertex -6.6945 -0.904877 0
    endloop
  endfacet
  facet normal -0.961821 -0.273678 0
    outer loop
      vertex -6.6945 -0.904877 0.6
      vertex -6.6884 -0.926315 0
      vertex -6.6884 -0.926315 0.6
    endloop
  endfacet
  facet normal -0.96292 -0.269786 0
    outer loop
      vertex -6.68262 -0.946945 0
      vertex -6.6884 -0.926315 0.6
      vertex -6.6884 -0.926315 0
    endloop
  endfacet
  facet normal -0.96292 -0.269786 0
    outer loop
      vertex -6.6884 -0.926315 0.6
      vertex -6.68262 -0.946945 0
      vertex -6.68262 -0.946945 0.6
    endloop
  endfacet
  facet normal -0.964888 -0.262661 0
    outer loop
      vertex -6.67084 -0.990219 0
      vertex -6.68262 -0.946945 0.6
      vertex -6.68262 -0.946945 0
    endloop
  endfacet
  facet normal -0.964888 -0.262661 0
    outer loop
      vertex -6.68262 -0.946945 0.6
      vertex -6.67084 -0.990219 0
      vertex -6.67084 -0.990219 0.6
    endloop
  endfacet
  facet normal 0.956651 -0.291238 0
    outer loop
      vertex -6.67084 -0.990219 0.6
      vertex -6.62952 -0.854492 0
      vertex -6.62952 -0.854492 0.6
    endloop
  endfacet
  facet normal 0.956651 -0.291238 0
    outer loop
      vertex -6.62952 -0.854492 0
      vertex -6.67084 -0.990219 0.6
      vertex -6.67084 -0.990219 0
    endloop
  endfacet
  facet normal 0.953496 -0.301407 0
    outer loop
      vertex -6.62952 -0.854492 0.6
      vertex -6.54498 -0.587051 0
      vertex -6.54498 -0.587051 0.6
    endloop
  endfacet
  facet normal 0.953496 -0.301407 0
    outer loop
      vertex -6.54498 -0.587051 0
      vertex -6.62952 -0.854492 0.6
      vertex -6.62952 -0.854492 0
    endloop
  endfacet
  facet normal 0.945837 -0.324641 0
    outer loop
      vertex -6.54498 -0.587051 0.6
      vertex -6.27162 0.209381 0
      vertex -6.27162 0.209381 0.6
    endloop
  endfacet
  facet normal 0.945837 -0.324641 0
    outer loop
      vertex -6.27162 0.209381 0
      vertex -6.54498 -0.587051 0.6
      vertex -6.54498 -0.587051 0
    endloop
  endfacet
  facet normal 0 1 -0
    outer loop
      vertex -6.27162 0.209381 0
      vertex -7.06808 0.209381 0.6
      vertex -6.27162 0.209381 0.6
    endloop
  endfacet
  facet normal 0 1 0
    outer loop
      vertex -7.06808 0.209381 0.6
      vertex -6.27162 0.209381 0
      vertex -7.06808 0.209381 0
    endloop
  endfacet
  facet normal 0 1 -0
    outer loop
      vertex -2.94728 0.905563 0
      vertex -4.43401 0.905563 0.6
      vertex -2.94728 0.905563 0.6
    endloop
  endfacet
  facet normal 0 1 0
    outer loop
      vertex -4.43401 0.905563 0.6
      vertex -2.94728 0.905563 0
      vertex -4.43401 0.905563 0
    endloop
  endfacet
  facet normal -1 0 0
    outer loop
      vertex -4.43401 -1.41695 0
      vertex -4.43401 0.905563 0.6
      vertex -4.43401 0.905563 0
    endloop
  endfacet
  facet normal -1 -0 0
    outer loop
      vertex -4.43401 0.905563 0.6
      vertex -4.43401 -1.41695 0
      vertex -4.43401 -1.41695 0.6
    endloop
  endfacet
  facet normal 0 1 -0
    outer loop
      vertex -4.43401 -1.41695 0
      vertex -5.01414 -1.41695 0.6
      vertex -4.43401 -1.41695 0.6
    endloop
  endfacet
  facet normal 0 1 0
    outer loop
      vertex -5.01414 -1.41695 0.6
      vertex -4.43401 -1.41695 0
      vertex -5.01414 -1.41695 0
    endloop
  endfacet
  facet normal 1 -0 0
    outer loop
      vertex -5.01414 -1.41695 0.6
      vertex -5.01414 1.35393 0
      vertex -5.01414 1.35393 0.6
    endloop
  endfacet
  facet normal 1 0 0
    outer loop
      vertex -5.01414 1.35393 0
      vertex -5.01414 -1.41695 0.6
      vertex -5.01414 -1.41695 0
    endloop
  endfacet
  facet normal 0 -1 0
    outer loop
      vertex -5.01414 1.35393 0
      vertex -2.94728 1.35393 0.6
      vertex -5.01414 1.35393 0.6
    endloop
  endfacet
  facet normal 0 -1 -0
    outer loop
      vertex -2.94728 1.35393 0.6
      vertex -5.01414 1.35393 0
      vertex -2.94728 1.35393 0
    endloop
  endfacet
  facet normal -1 0 0
    outer loop
      vertex -2.94728 0.905563 0
      vertex -2.94728 1.35393 0.6
      vertex -2.94728 1.35393 0
    endloop
  endfacet
  facet normal -1 -0 0
    outer loop
      vertex -2.94728 1.35393 0.6
      vertex -2.94728 0.905563 0
      vertex -2.94728 0.905563 0.6
    endloop
  endfacet
  facet normal -0.973873 -0.227093 0
    outer loop
      vertex -1.49869 0.526123 0
      vertex -1.58791 0.908737 0.6
      vertex -1.58791 0.908737 0
    endloop
  endfacet
  facet normal -0.973873 -0.227093 0
    outer loop
      vertex -1.58791 0.908737 0.6
      vertex -1.49869 0.526123 0
      vertex -1.49869 0.526123 0.6
    endloop
  endfacet
  facet normal -0.973939 -0.22681 0
    outer loop
      vertex -1.42416 0.206085 0
      vertex -1.49869 0.526123 0.6
      vertex -1.49869 0.526123 0
    endloop
  endfacet
  facet normal -0.973939 -0.22681 0
    outer loop
      vertex -1.49869 0.526123 0.6
      vertex -1.42416 0.206085 0
      vertex -1.42416 0.206085 0.6
    endloop
  endfacet
  facet normal -0.974037 -0.226389 0
    outer loop
      vertex -1.36432 -0.0513763 0
      vertex -1.42416 0.206085 0.6
      vertex -1.42416 0.206085 0
    endloop
  endfacet
  facet normal -0.974037 -0.226389 0
    outer loop
      vertex -1.42416 0.206085 0.6
      vertex -1.36432 -0.0513763 0
      vertex -1.36432 -0.0513763 0.6
    endloop
  endfacet
  facet normal -0.974205 -0.225664 0
    outer loop
      vertex -1.31917 -0.246292 0
      vertex -1.36432 -0.0513763 0.6
      vertex -1.36432 -0.0513763 0
    endloop
  endfacet
  facet normal -0.974205 -0.225664 0
    outer loop
      vertex -1.36432 -0.0513763 0.6
      vertex -1.31917 -0.246292 0
      vertex -1.31917 -0.246292 0.6
    endloop
  endfacet
  facet normal -0.97452 -0.2243 0
    outer loop
      vertex -1.28871 -0.378632 0
      vertex -1.31917 -0.246292 0.6
      vertex -1.31917 -0.246292 0
    endloop
  endfacet
  facet normal -0.97452 -0.2243 0
    outer loop
      vertex -1.31917 -0.246292 0.6
      vertex -1.28871 -0.378632 0
      vertex -1.28871 -0.378632 0.6
    endloop
  endfacet
  facet normal -0.97537 -0.220576 0
    outer loop
      vertex -1.27293 -0.44841 0
      vertex -1.28871 -0.378632 0.6
      vertex -1.28871 -0.378632 0
    endloop
  endfacet
  facet normal -0.97537 -0.220576 0
    outer loop
      vertex -1.28871 -0.378632 0.6
      vertex -1.27293 -0.44841 0
      vertex -1.27293 -0.44841 0.6
    endloop
  endfacet
  facet normal -0.977766 -0.2097 0
    outer loop
      vertex -1.26414 -0.489395 0
      vertex -1.27293 -0.44841 0.6
      vertex -1.27293 -0.44841 0
    endloop
  endfacet
  facet normal -0.977766 -0.2097 0
    outer loop
      vertex -1.27293 -0.44841 0.6
      vertex -1.26414 -0.489395 0
      vertex -1.26414 -0.489395 0.6
    endloop
  endfacet
  facet normal -0.979351 -0.202165 0
    outer loop
      vertex -1.25464 -0.535416 0
      vertex -1.26414 -0.489395 0.6
      vertex -1.26414 -0.489395 0
    endloop
  endfacet
  facet normal -0.979351 -0.202165 0
    outer loop
      vertex -1.26414 -0.489395 0.6
      vertex -1.25464 -0.535416 0
      vertex -1.25464 -0.535416 0.6
    endloop
  endfacet
  facet normal -0.980451 -0.196763 0
    outer loop
      vertex -1.2444 -0.586441 0
      vertex -1.25464 -0.535416 0.6
      vertex -1.25464 -0.535416 0
    endloop
  endfacet
  facet normal -0.980451 -0.196763 0
    outer loop
      vertex -1.25464 -0.535416 0.6
      vertex -1.2444 -0.586441 0
      vertex -1.2444 -0.586441 0.6
    endloop
  endfacet
  facet normal -0.981411 -0.191918 0
    outer loop
      vertex -1.23344 -0.642487 0
      vertex -1.2444 -0.586441 0.6
      vertex -1.2444 -0.586441 0
    endloop
  endfacet
  facet normal -0.981411 -0.191918 0
    outer loop
      vertex -1.2444 -0.586441 0.6
      vertex -1.23344 -0.642487 0
      vertex -1.23344 -0.642487 0.6
    endloop
  endfacet
  facet normal -0.982233 -0.187663 0
    outer loop
      vertex -1.22177 -0.703568 0
      vertex -1.23344 -0.642487 0.6
      vertex -1.23344 -0.642487 0
    endloop
  endfacet
  facet normal -0.982233 -0.187663 0
    outer loop
      vertex -1.23344 -0.642487 0.6
      vertex -1.22177 -0.703568 0
      vertex -1.22177 -0.703568 0.6
    endloop
  endfacet
  facet normal -0.98284 -0.184459 0
    outer loop
      vertex -1.20937 -0.769638 0
      vertex -1.22177 -0.703568 0.6
      vertex -1.22177 -0.703568 0
    endloop
  endfacet
  facet normal -0.98284 -0.184459 0
    outer loop
      vertex -1.22177 -0.703568 0.6
      vertex -1.20937 -0.769638 0
      vertex -1.20937 -0.769638 0.6
    endloop
  endfacet
  facet normal -0.983351 -0.181718 0
    outer loop
      vertex -1.19623 -0.840744 0
      vertex -1.20937 -0.769638 0.6
      vertex -1.20937 -0.769638 0
    endloop
  endfacet
  facet normal -0.983351 -0.181718 0
    outer loop
      vertex -1.20937 -0.769638 0.6
      vertex -1.19623 -0.840744 0
      vertex -1.19623 -0.840744 0.6
    endloop
  endfacet
  facet normal 0.987634 -0.156775 0
    outer loop
      vertex -1.19623 -0.840744 0.6
      vertex -1.18231 -0.753052 0
      vertex -1.18231 -0.753052 0.6
    endloop
  endfacet
  facet normal 0.987634 -0.156775 0
    outer loop
      vertex -1.18231 -0.753052 0
      vertex -1.19623 -0.840744 0.6
      vertex -1.19623 -0.840744 0
    endloop
  endfacet
  facet normal 0.985727 -0.168354 0
    outer loop
      vertex -1.18231 -0.753052 0.6
      vertex -1.16751 -0.666397 0
      vertex -1.16751 -0.666397 0.6
    endloop
  endfacet
  facet normal 0.985727 -0.168354 0
    outer loop
      vertex -1.16751 -0.666397 0
      vertex -1.18231 -0.753052 0.6
      vertex -1.18231 -0.753052 0
    endloop
  endfacet
  facet normal 0.983594 -0.180398 0
    outer loop
      vertex -1.16751 -0.666397 0.6
      vertex -1.15181 -0.580795 0
      vertex -1.15181 -0.580795 0.6
    endloop
  endfacet
  facet normal 0.983594 -0.180398 0
    outer loop
      vertex -1.15181 -0.580795 0
      vertex -1.16751 -0.666397 0.6
      vertex -1.16751 -0.666397 0
    endloop
  endfacet
  facet normal 0.981338 -0.19229 0
    outer loop
      vertex -1.15181 -0.580795 0.6
      vertex -1.13524 -0.496231 0
      vertex -1.13524 -0.496231 0.6
    endloop
  endfacet
  facet normal 0.981338 -0.19229 0
    outer loop
      vertex -1.13524 -0.496231 0
      vertex -1.15181 -0.580795 0.6
      vertex -1.15181 -0.580795 0
    endloop
  endfacet
  facet normal 0.978843 -0.204612 0
    outer loop
      vertex -1.13524 -0.496231 0.6
      vertex -1.11778 -0.412704 0
      vertex -1.11778 -0.412704 0.6
    endloop
  endfacet
  facet normal 0.978843 -0.204612 0
    outer loop
      vertex -1.11778 -0.412704 0
      vertex -1.13524 -0.496231 0.6
      vertex -1.13524 -0.496231 0
    endloop
  endfacet
  facet normal 0.97613 -0.217186 0
    outer loop
      vertex -1.11778 -0.412704 0.6
      vertex -1.09943 -0.330231 0
      vertex -1.09943 -0.330231 0.6
    endloop
  endfacet
  facet normal 0.97613 -0.217186 0
    outer loop
      vertex -1.09943 -0.330231 0
      vertex -1.11778 -0.412704 0.6
      vertex -1.11778 -0.412704 0
    endloop
  endfacet
  facet normal 0.973234 -0.229816 0
    outer loop
      vertex -1.09943 -0.330231 0.6
      vertex -1.0802 -0.248795 0
      vertex -1.0802 -0.248795 0.6
    endloop
  endfacet
  facet normal 0.973234 -0.229816 0
    outer loop
      vertex -1.0802 -0.248795 0
      vertex -1.09943 -0.330231 0.6
      vertex -1.09943 -0.330231 0
    endloop
  endfacet
  facet normal 0.97362 -0.228175 0
    outer loop
      vertex -1.0802 -0.248795 0.6
      vertex -0.70459 1.35393 0
      vertex -0.70459 1.35393 0.6
    endloop
  endfacet
  facet normal 0.97362 -0.228175 0
    outer loop
      vertex -0.70459 1.35393 0
      vertex -1.0802 -0.248795 0.6
      vertex -1.0802 -0.248795 0
    endloop
  endfacet
  facet normal 0 -1 0
    outer loop
      vertex -0.70459 1.35393 0
      vertex -0.0163116 1.35393 0.6
      vertex -0.70459 1.35393 0.6
    endloop
  endfacet
  facet normal 0 -1 -0
    outer loop
      vertex -0.0163116 1.35393 0.6
      vertex -0.70459 1.35393 0
      vertex -0.0163116 1.35393 0
    endloop
  endfacet
  facet normal -0.968213 -0.250125 0
    outer loop
      vertex 0.699509 -1.41695 0
      vertex -0.0163116 1.35393 0.6
      vertex -0.0163116 1.35393 0
    endloop
  endfacet
  facet normal -0.968213 -0.250125 0
    outer loop
      vertex -0.0163116 1.35393 0.6
      vertex 0.699509 -1.41695 0
      vertex 0.699509 -1.41695 0.6
    endloop
  endfacet
  facet normal 0 1 -0
    outer loop
      vertex 0.699509 -1.41695 0
      vertex 0.111511 -1.41695 0.6
      vertex 0.699509 -1.41695 0.6
    endloop
  endfacet
  facet normal 0 1 0
    outer loop
      vertex 0.111511 -1.41695 0.6
      vertex 0.699509 -1.41695 0
      vertex 0.111511 -1.41695 0
    endloop
  endfacet
  facet normal 0.97729 0.211908 0
    outer loop
      vertex 0.111511 -1.41695 0.6
      vertex -0.222794 0.124817 0
      vertex -0.222794 0.124817 0.6
    endloop
  endfacet
  facet normal 0.97729 0.211908 0
    outer loop
      vertex -0.222794 0.124817 0
      vertex 0.111511 -1.41695 0.6
      vertex 0.111511 -1.41695 0
    endloop
  endfacet
  facet normal 0.974468 0.224525 0
    outer loop
      vertex -0.222794 0.124817 0.6
      vertex -0.327011 0.577133 0
      vertex -0.327011 0.577133 0.6
    endloop
  endfacet
  facet normal 0.974468 0.224525 0
    outer loop
      vertex -0.327011 0.577133 0
      vertex -0.222794 0.124817 0.6
      vertex -0.222794 0.124817 0
    endloop
  endfacet
  facet normal 0.977555 0.210682 0
    outer loop
      vertex -0.327011 0.577133 0.6
      vertex -0.376175 0.805252 0
      vertex -0.376175 0.805252 0.6
    endloop
  endfacet
  facet normal 0.977555 0.210682 0
    outer loop
      vertex -0.376175 0.805252 0
      vertex -0.327011 0.577133 0.6
      vertex -0.327011 0.577133 0
    endloop
  endfacet
  facet normal -0.985747 0.168233 0
    outer loop
      vertex -0.403107 0.647446 0
      vertex -0.376175 0.805252 0.6
      vertex -0.376175 0.805252 0
    endloop
  endfacet
  facet normal -0.985747 0.168233 0
    outer loop
      vertex -0.376175 0.805252 0.6
      vertex -0.403107 0.647446 0
      vertex -0.403107 0.647446 0.6
    endloop
  endfacet
  facet normal -0.985077 0.172115 0
    outer loop
      vertex -0.427704 0.506668 0
      vertex -0.403107 0.647446 0.6
      vertex -0.403107 0.647446 0
    endloop
  endfacet
  facet normal -0.985077 0.172115 0
    outer loop
      vertex -0.403107 0.647446 0.6
      vertex -0.427704 0.506668 0
      vertex -0.427704 0.506668 0.6
    endloop
  endfacet
  facet normal -0.984186 0.177136 0
    outer loop
      vertex -0.449982 0.382889 0
      vertex -0.427704 0.506668 0.6
      vertex -0.427704 0.506668 0
    endloop
  endfacet
  facet normal -0.984186 0.177136 0
    outer loop
      vertex -0.427704 0.506668 0.6
      vertex -0.449982 0.382889 0
      vertex -0.449982 0.382889 0.6
    endloop
  endfacet
  facet normal -0.982968 0.183774 0
    outer loop
      vertex -0.46994 0.276138 0
      vertex -0.449982 0.382889 0.6
      vertex -0.449982 0.382889 0
    endloop
  endfacet
  facet normal -0.982968 0.183774 0
    outer loop
      vertex -0.449982 0.382889 0.6
      vertex -0.46994 0.276138 0
      vertex -0.46994 0.276138 0.6
    endloop
  endfacet
  facet normal -0.981286 0.192557 0
    outer loop
      vertex -0.487549 0.186401 0
      vertex -0.46994 0.276138 0.6
      vertex -0.46994 0.276138 0
    endloop
  endfacet
  facet normal -0.981286 0.192557 0
    outer loop
      vertex -0.46994 0.276138 0.6
      vertex -0.487549 0.186401 0
      vertex -0.487549 0.186401 0.6
    endloop
  endfacet
  facet normal -0.978607 0.205739 0
    outer loop
      vertex -0.502838 0.113678 0
      vertex -0.487549 0.186401 0.6
      vertex -0.487549 0.186401 0
    endloop
  endfacet
  facet normal -0.978607 0.205739 0
    outer loop
      vertex -0.487549 0.186401 0.6
      vertex -0.502838 0.113678 0
      vertex -0.502838 0.113678 0.6
    endloop
  endfacet
  facet normal -0.973939 0.226808 0
    outer loop
      vertex -0.515808 0.0579834 0
      vertex -0.502838 0.113678 0.6
      vertex -0.502838 0.113678 0
    endloop
  endfacet
  facet normal -0.973939 0.226808 0
    outer loop
      vertex -0.502838 0.113678 0.6
      vertex -0.515808 0.0579834 0
      vertex -0.515808 0.0579834 0.6
    endloop
  endfacet
  facet normal -0.972973 0.23092 0
    outer loop
      vertex -0.86586 -1.41695 0
      vertex -0.515808 0.0579834 0.6
      vertex -0.515808 0.0579834 0
    endloop
  endfacet
  facet normal -0.972973 0.23092 0
    outer loop
      vertex -0.515808 0.0579834 0.6
      vertex -0.86586 -1.41695 0
      vertex -0.86586 -1.41695 0.6
    endloop
  endfacet
  facet normal 0 1 -0
    outer loop
      vertex -0.86586 -1.41695 0
      vertex -1.51483 -1.41695 0.6
      vertex -0.86586 -1.41695 0.6
    endloop
  endfacet
  facet normal 0 1 0
    outer loop
      vertex -1.51483 -1.41695 0.6
      vertex -0.86586 -1.41695 0
      vertex -1.51483 -1.41695 0
    endloop
  endfacet
  facet normal 0.973675 0.227939 0
    outer loop
      vertex -1.51483 -1.41695 0.6
      vertex -1.60616 -1.02682 0
      vertex -1.60616 -1.02682 0.6
    endloop
  endfacet
  facet normal 0.973675 0.227939 0
    outer loop
      vertex -1.60616 -1.02682 0
      vertex -1.51483 -1.41695 0.6
      vertex -1.51483 -1.41695 0
    endloop
  endfacet
  facet normal 0.973858 0.227157 0
    outer loop
      vertex -1.60616 -1.02682 0.6
      vertex -1.68571 -0.685776 0
      vertex -1.68571 -0.685776 0.6
    endloop
  endfacet
  facet normal 0.973858 0.227157 0
    outer loop
      vertex -1.68571 -0.685776 0
      vertex -1.60616 -1.02682 0.6
      vertex -1.60616 -1.02682 0
    endloop
  endfacet
  facet normal 0.97407 0.226246 0
    outer loop
      vertex -1.68571 -0.685776 0.6
      vertex -1.75352 -0.393829 0
      vertex -1.75352 -0.393829 0.6
    endloop
  endfacet
  facet normal 0.97407 0.226246 0
    outer loop
      vertex -1.75352 -0.393829 0
      vertex -1.68571 -0.685776 0.6
      vertex -1.68571 -0.685776 0
    endloop
  endfacet
  facet normal 0.974389 0.224868 0
    outer loop
      vertex -1.75352 -0.393829 0.6
      vertex -1.80957 -0.150955 0
      vertex -1.80957 -0.150955 0.6
    endloop
  endfacet
  facet normal 0.974389 0.224868 0
    outer loop
      vertex -1.80957 -0.150955 0
      vertex -1.75352 -0.393829 0.6
      vertex -1.75352 -0.393829 0
    endloop
  endfacet
  facet normal 0.97487 0.222774 0
    outer loop
      vertex -1.80957 -0.150955 0.6
      vertex -1.85385 0.0428162 0
      vertex -1.85385 0.0428162 0.6
    endloop
  endfacet
  facet normal 0.97487 0.222774 0
    outer loop
      vertex -1.85385 0.0428162 0
      vertex -1.80957 -0.150955 0.6
      vertex -1.80957 -0.150955 0
    endloop
  endfacet
  facet normal 0.97562 0.219466 0
    outer loop
      vertex -1.85385 0.0428162 0.6
      vertex -1.8864 0.187515 0
      vertex -1.8864 0.187515 0.6
    endloop
  endfacet
  facet normal 0.97562 0.219466 0
    outer loop
      vertex -1.8864 0.187515 0
      vertex -1.85385 0.0428162 0.6
      vertex -1.85385 0.0428162 0
    endloop
  endfacet
  facet normal 0.977209 0.212281 0
    outer loop
      vertex -1.8864 0.187515 0.6
      vertex -1.90717 0.283127 0
      vertex -1.90717 0.283127 0.6
    endloop
  endfacet
  facet normal 0.977209 0.212281 0
    outer loop
      vertex -1.90717 0.283127 0
      vertex -1.8864 0.187515 0.6
      vertex -1.8864 0.187515 0
    endloop
  endfacet
  facet normal 0.978877 0.204448 0
    outer loop
      vertex -1.90717 0.283127 0.6
      vertex -1.92212 0.354706 0
      vertex -1.92212 0.354706 0.6
    endloop
  endfacet
  facet normal 0.978877 0.204448 0
    outer loop
      vertex -1.92212 0.354706 0
      vertex -1.90717 0.283127 0.6
      vertex -1.90717 0.283127 0
    endloop
  endfacet
  facet normal 0.979147 0.203152 0
    outer loop
      vertex -1.92212 0.354706 0.6
      vertex -1.93718 0.427292 0
      vertex -1.93718 0.427292 0.6
    endloop
  endfacet
  facet normal 0.979147 0.203152 0
    outer loop
      vertex -1.93718 0.427292 0
      vertex -1.92212 0.354706 0.6
      vertex -1.92212 0.354706 0
    endloop
  endfacet
  facet normal 0.979321 0.202312 0
    outer loop
      vertex -1.93718 0.427292 0.6
      vertex -1.95238 0.50087 0
      vertex -1.95238 0.50087 0.6
    endloop
  endfacet
  facet normal 0.979321 0.202312 0
    outer loop
      vertex -1.95238 0.50087 0
      vertex -1.93718 0.427292 0.6
      vertex -1.93718 0.427292 0
    endloop
  endfacet
  facet normal 0.979609 0.200912 0
    outer loop
      vertex -1.95238 0.50087 0.6
      vertex -1.96768 0.57547 0
      vertex -1.96768 0.57547 0.6
    endloop
  endfacet
  facet normal 0.979609 0.200912 0
    outer loop
      vertex -1.96768 0.57547 0
      vertex -1.95238 0.50087 0.6
      vertex -1.95238 0.50087 0
    endloop
  endfacet
  facet normal 0.979796 0.199998 0
    outer loop
      vertex -1.96768 0.57547 0.6
      vertex -1.98311 0.651062 0
      vertex -1.98311 0.651062 0.6
    endloop
  endfacet
  facet normal 0.979796 0.199998 0
    outer loop
      vertex -1.98311 0.651062 0
      vertex -1.96768 0.57547 0.6
      vertex -1.96768 0.57547 0
    endloop
  endfacet
  facet normal 0.980003 0.198985 0
    outer loop
      vertex -1.98311 0.651062 0.6
      vertex -1.99866 0.727646 0
      vertex -1.99866 0.727646 0.6
    endloop
  endfacet
  facet normal 0.980003 0.198985 0
    outer loop
      vertex -1.99866 0.727646 0
      vertex -1.98311 0.651062 0.6
      vertex -1.98311 0.651062 0
    endloop
  endfacet
  facet normal 0.980218 0.197923 0
    outer loop
      vertex -1.99866 0.727646 0.6
      vertex -2.01433 0.805252 0
      vertex -2.01433 0.805252 0.6
    endloop
  endfacet
  facet normal 0.980218 0.197923 0
    outer loop
      vertex -2.01433 0.805252 0
      vertex -1.99866 0.727646 0.6
      vertex -1.99866 0.727646 0
    endloop
  endfacet
  facet normal -0.978826 0.204695 0
    outer loop
      vertex -2.1048 0.372635 0
      vertex -2.01433 0.805252 0.6
      vertex -2.01433 0.805252 0
    endloop
  endfacet
  facet normal -0.978826 0.204695 0
    outer loop
      vertex -2.01433 0.805252 0.6
      vertex -2.1048 0.372635 0
      vertex -2.1048 0.372635 0.6
    endloop
  endfacet
  facet normal -0.975783 0.218741 0
    outer loop
      vertex -2.50597 -1.41695 0
      vertex -2.1048 0.372635 0.6
      vertex -2.1048 0.372635 0
    endloop
  endfacet
  facet normal -0.975783 0.218741 0
    outer loop
      vertex -2.1048 0.372635 0.6
      vertex -2.50597 -1.41695 0
      vertex -2.50597 -1.41695 0.6
    endloop
  endfacet
  facet normal 0 1 -0
    outer loop
      vertex -2.50597 -1.41695 0
      vertex -3.09396 -1.41695 0.6
      vertex -2.50597 -1.41695 0.6
    endloop
  endfacet
  facet normal 0 1 0
    outer loop
      vertex -3.09396 -1.41695 0.6
      vertex -2.50597 -1.41695 0
      vertex -3.09396 -1.41695 0
    endloop
  endfacet
  facet normal 0.968379 -0.249483 0
    outer loop
      vertex -3.09396 -1.41695 0.6
      vertex -2.3801 1.35393 0
      vertex -2.3801 1.35393 0.6
    endloop
  endfacet
  facet normal 0.968379 -0.249483 0
    outer loop
      vertex -2.3801 1.35393 0
      vertex -3.09396 -1.41695 0.6
      vertex -3.09396 -1.41695 0
    endloop
  endfacet
  facet normal 0 -1 0
    outer loop
      vertex -2.3801 1.35393 0
      vertex -1.69182 1.35393 0.6
      vertex -2.3801 1.35393 0.6
    endloop
  endfacet
  facet normal 0 -1 -0
    outer loop
      vertex -1.69182 1.35393 0.6
      vertex -2.3801 1.35393 0
      vertex -1.69182 1.35393 0
    endloop
  endfacet
  facet normal -0.973826 -0.227295 0
    outer loop
      vertex -1.58791 0.908737 0
      vertex -1.69182 1.35393 0.6
      vertex -1.69182 1.35393 0
    endloop
  endfacet
  facet normal -0.973826 -0.227295 0
    outer loop
      vertex -1.69182 1.35393 0.6
      vertex -1.58791 0.908737 0
      vertex -1.58791 0.908737 0.6
    endloop
  endfacet
  facet normal 0 -1 0
    outer loop
      vertex 1.32382 0.64595 0
      vertex 2.37987 0.64595 0.6
      vertex 1.32382 0.64595 0.6
    endloop
  endfacet
  facet normal 0 -1 -0
    outer loop
      vertex 2.37987 0.64595 0.6
      vertex 1.32382 0.64595 0
      vertex 2.37987 0.64595 0
    endloop
  endfacet
  facet normal 0.944672 -0.328016 0
    outer loop
      vertex 2.37987 0.64595 0.6
      vertex 2.6257 1.35393 0
      vertex 2.6257 1.35393 0.6
    endloop
  endfacet
  facet normal 0.944672 -0.328016 0
    outer loop
      vertex 2.6257 1.35393 0
      vertex 2.37987 0.64595 0.6
      vertex 2.37987 0.64595 0
    endloop
  endfacet
  facet normal 0 -1 0
    outer loop
      vertex 2.6257 1.35393 0
      vertex 3.19992 1.35393 0.6
      vertex 2.6257 1.35393 0.6
    endloop
  endfacet
  facet normal 0 -1 -0
    outer loop
      vertex 3.19992 1.35393 0.6
      vertex 2.6257 1.35393 0
      vertex 3.19992 1.35393 0
    endloop
  endfacet
  facet normal -0.939871 0.34153 0
    outer loop
      vertex 2.19304 -1.41695 0
      vertex 3.19992 1.35393 0.6
      vertex 3.19992 1.35393 0
    endloop
  endfacet
  facet normal -0.939871 0.34153 0
    outer loop
      vertex 3.19992 1.35393 0.6
      vertex 2.19304 -1.41695 0
      vertex 2.19304 -1.41695 0.6
    endloop
  endfacet
  facet normal 0 1 -0
    outer loop
      vertex 2.19304 -1.41695 0
      vertex 1.50867 -1.41695 0.6
      vertex 2.19304 -1.41695 0.6
    endloop
  endfacet
  facet normal 0 1 0
    outer loop
      vertex 1.50867 -1.41695 0.6
      vertex 2.19304 -1.41695 0
      vertex 1.50867 -1.41695 0
    endloop
  endfacet
  facet normal 0.939441 0.34271 0
    outer loop
      vertex 1.50867 -1.41695 0.6
      vertex 0.497849 1.35393 0
      vertex 0.497849 1.35393 0.6
    endloop
  endfacet
  facet normal 0.939441 0.34271 0
    outer loop
      vertex 0.497849 1.35393 0
      vertex 1.50867 -1.41695 0.6
      vertex 1.50867 -1.41695 0
    endloop
  endfacet
  facet normal 0 -1 0
    outer loop
      vertex 0.497849 1.35393 0
      vertex 1.07799 1.35393 0.6
      vertex 0.497849 1.35393 0.6
    endloop
  endfacet
  facet normal 0 -1 -0
    outer loop
      vertex 1.07799 1.35393 0.6
      vertex 0.497849 1.35393 0
      vertex 1.07799 1.35393 0
    endloop
  endfacet
  facet normal -0.944672 -0.328016 0
    outer loop
      vertex 1.32382 0.64595 0
      vertex 1.07799 1.35393 0.6
      vertex 1.07799 1.35393 0
    endloop
  endfacet
  facet normal -0.944672 -0.328016 0
    outer loop
      vertex 1.07799 1.35393 0.6
      vertex 1.32382 0.64595 0
      vertex 1.32382 0.64595 0.6
    endloop
  endfacet
  facet normal -0.945826 -0.324674 0
    outer loop
      vertex 1.53661 -0.0324402 0
      vertex 1.4536 0.209381 0.6
      vertex 1.4536 0.209381 0
    endloop
  endfacet
  facet normal -0.945826 -0.324674 0
    outer loop
      vertex 1.4536 0.209381 0.6
      vertex 1.53661 -0.0324402 0
      vertex 1.53661 -0.0324402 0.6
    endloop
  endfacet
  facet normal -0.946066 -0.323975 0
    outer loop
      vertex 1.60805 -0.241058 0
      vertex 1.53661 -0.0324402 0.6
      vertex 1.53661 -0.0324402 0
    endloop
  endfacet
  facet normal -0.946066 -0.323975 0
    outer loop
      vertex 1.53661 -0.0324402 0.6
      vertex 1.60805 -0.241058 0
      vertex 1.60805 -0.241058 0.6
    endloop
  endfacet
  facet normal -0.946379 -0.323059 0
    outer loop
      vertex 1.66792 -0.416443 0
      vertex 1.60805 -0.241058 0.6
      vertex 1.60805 -0.241058 0
    endloop
  endfacet
  facet normal -0.946379 -0.323059 0
    outer loop
      vertex 1.60805 -0.241058 0.6
      vertex 1.66792 -0.416443 0
      vertex 1.66792 -0.416443 0.6
    endloop
  endfacet
  facet normal -0.946786 -0.321864 0
    outer loop
      vertex 1.71625 -0.558609 0
      vertex 1.66792 -0.416443 0.6
      vertex 1.66792 -0.416443 0
    endloop
  endfacet
  facet normal -0.946786 -0.321864 0
    outer loop
      vertex 1.66792 -0.416443 0.6
      vertex 1.71625 -0.558609 0
      vertex 1.71625 -0.558609 0.6
    endloop
  endfacet
  facet normal -0.947491 -0.319783 0
    outer loop
      vertex 1.75301 -0.667526 0
      vertex 1.71625 -0.558609 0.6
      vertex 1.71625 -0.558609 0
    endloop
  endfacet
  facet normal -0.947491 -0.319783 0
    outer loop
      vertex 1.71625 -0.558609 0.6
      vertex 1.75301 -0.667526 0
      vertex 1.75301 -0.667526 0.6
    endloop
  endfacet
  facet normal -0.948789 -0.315912 0
    outer loop
      vertex 1.77821 -0.74321 0
      vertex 1.75301 -0.667526 0.6
      vertex 1.75301 -0.667526 0
    endloop
  endfacet
  facet normal -0.948789 -0.315912 0
    outer loop
      vertex 1.75301 -0.667526 0.6
      vertex 1.77821 -0.74321 0
      vertex 1.77821 -0.74321 0.6
    endloop
  endfacet
  facet normal -0.95209 -0.305817 0
    outer loop
      vertex 1.79185 -0.785675 0
      vertex 1.77821 -0.74321 0.6
      vertex 1.77821 -0.74321 0
    endloop
  endfacet
  facet normal -0.95209 -0.305817 0
    outer loop
      vertex 1.77821 -0.74321 0.6
      vertex 1.79185 -0.785675 0
      vertex 1.79185 -0.785675 0.6
    endloop
  endfacet
  facet normal -0.957002 -0.29008 0
    outer loop
      vertex 1.79956 -0.811111 0
      vertex 1.79185 -0.785675 0.6
      vertex 1.79185 -0.785675 0
    endloop
  endfacet
  facet normal -0.957002 -0.29008 0
    outer loop
      vertex 1.79185 -0.785675 0.6
      vertex 1.79956 -0.811111 0
      vertex 1.79956 -0.811111 0.6
    endloop
  endfacet
  facet normal -0.957857 -0.287244 0
    outer loop
      vertex 1.80695 -0.835754 0
      vertex 1.79956 -0.811111 0.6
      vertex 1.79956 -0.811111 0
    endloop
  endfacet
  facet normal -0.957857 -0.287244 0
    outer loop
      vertex 1.79956 -0.811111 0.6
      vertex 1.80695 -0.835754 0
      vertex 1.80695 -0.835754 0.6
    endloop
  endfacet
  facet normal -0.958871 -0.283842 0
    outer loop
      vertex 1.81401 -0.859604 0
      vertex 1.80695 -0.835754 0.6
      vertex 1.80695 -0.835754 0
    endloop
  endfacet
  facet normal -0.958871 -0.283842 0
    outer loop
      vertex 1.80695 -0.835754 0.6
      vertex 1.81401 -0.859604 0
      vertex 1.81401 -0.859604 0.6
    endloop
  endfacet
  facet normal -0.959614 -0.28132 0
    outer loop
      vertex 1.82076 -0.882629 0
      vertex 1.81401 -0.859604 0.6
      vertex 1.81401 -0.859604 0
    endloop
  endfacet
  facet normal -0.959614 -0.28132 0
    outer loop
      vertex 1.81401 -0.859604 0.6
      vertex 1.82076 -0.882629 0
      vertex 1.82076 -0.882629 0.6
    endloop
  endfacet
  facet normal -0.960797 -0.277253 0
    outer loop
      vertex 1.82718 -0.904877 0
      vertex 1.82076 -0.882629 0.6
      vertex 1.82076 -0.882629 0
    endloop
  endfacet
  facet normal -0.960797 -0.277253 0
    outer loop
      vertex 1.82076 -0.882629 0.6
      vertex 1.82718 -0.904877 0
      vertex 1.82718 -0.904877 0.6
    endloop
  endfacet
  facet normal -0.961821 -0.273678 0
    outer loop
      vertex 1.83328 -0.926315 0
      vertex 1.82718 -0.904877 0.6
      vertex 1.82718 -0.904877 0
    endloop
  endfacet
  facet normal -0.961821 -0.273678 0
    outer loop
      vertex 1.82718 -0.904877 0.6
      vertex 1.83328 -0.926315 0
      vertex 1.83328 -0.926315 0.6
    endloop
  endfacet
  facet normal -0.962799 -0.270218 0
    outer loop
      vertex 1.83907 -0.946945 0
      vertex 1.83328 -0.926315 0.6
      vertex 1.83328 -0.926315 0
    endloop
  endfacet
  facet normal -0.962799 -0.270218 0
    outer loop
      vertex 1.83328 -0.926315 0.6
      vertex 1.83907 -0.946945 0
      vertex 1.83907 -0.946945 0.6
    endloop
  endfacet
  facet normal -0.964888 -0.262661 0
    outer loop
      vertex 1.85085 -0.990219 0
      vertex 1.83907 -0.946945 0.6
      vertex 1.83907 -0.946945 0
    endloop
  endfacet
  facet normal -0.964888 -0.262661 0
    outer loop
      vertex 1.83907 -0.946945 0.6
      vertex 1.85085 -0.990219 0
      vertex 1.85085 -0.990219 0.6
    endloop
  endfacet
  facet normal 0.956651 -0.291238 0
    outer loop
      vertex 1.85085 -0.990219 0.6
      vertex 1.89217 -0.854492 0
      vertex 1.89217 -0.854492 0.6
    endloop
  endfacet
  facet normal 0.956651 -0.291238 0
    outer loop
      vertex 1.89217 -0.854492 0
      vertex 1.85085 -0.990219 0.6
      vertex 1.85085 -0.990219 0
    endloop
  endfacet
  facet normal 0.953506 -0.301374 0
    outer loop
      vertex 1.89217 -0.854492 0.6
      vertex 1.9767 -0.587051 0
      vertex 1.9767 -0.587051 0.6
    endloop
  endfacet
  facet normal 0.953506 -0.301374 0
    outer loop
      vertex 1.9767 -0.587051 0
      vertex 1.89217 -0.854492 0.6
      vertex 1.89217 -0.854492 0
    endloop
  endfacet
  facet normal 0.945837 -0.324641 0
    outer loop
      vertex 1.9767 -0.587051 0.6
      vertex 2.25006 0.209381 0
      vertex 2.25006 0.209381 0.6
    endloop
  endfacet
  facet normal 0.945837 -0.324641 0
    outer loop
      vertex 2.25006 0.209381 0
      vertex 1.9767 -0.587051 0.6
      vertex 1.9767 -0.587051 0
    endloop
  endfacet
  facet normal 0 1 -0
    outer loop
      vertex 2.25006 0.209381 0
      vertex 1.4536 0.209381 0.6
      vertex 2.25006 0.209381 0.6
    endloop
  endfacet
  facet normal 0 1 0
    outer loop
      vertex 1.4536 0.209381 0.6
      vertex 2.25006 0.209381 0
      vertex 1.4536 0.209381 0
    endloop
  endfacet
  facet normal -0.855942 -0.517072 0
    outer loop
      vertex 5.49846 -1.41695 0
      vertex 4.51125 0.217239 0.6
      vertex 4.51125 0.217239 0
    endloop
  endfacet
  facet normal -0.855942 -0.517072 0
    outer loop
      vertex 4.51125 0.217239 0.6
      vertex 5.49846 -1.41695 0
      vertex 5.49846 -1.41695 0.6
    endloop
  endfacet
  facet normal 0 1 -0
    outer loop
      vertex 5.49846 -1.41695 0
      vertex 4.89079 -1.41695 0.6
      vertex 5.49846 -1.41695 0.6
    endloop
  endfacet
  facet normal 0 1 0
    outer loop
      vertex 4.89079 -1.41695 0.6
      vertex 5.49846 -1.41695 0
      vertex 4.89079 -1.41695 0
    endloop
  endfacet
  facet normal 0.867346 0.497706 0
    outer loop
      vertex 4.89079 -1.41695 0.6
      vertex 4.21823 -0.244888 0
      vertex 4.21823 -0.244888 0.6
    endloop
  endfacet
  facet normal 0.867346 0.497706 0
    outer loop
      vertex 4.21823 -0.244888 0
      vertex 4.89079 -1.41695 0.6
      vertex 4.89079 -1.41695 0
    endloop
  endfacet
  facet normal -0.869862 0.493294 0
    outer loop
      vertex 3.55356 -1.41695 0
      vertex 4.21823 -0.244888 0.6
      vertex 4.21823 -0.244888 0
    endloop
  endfacet
  facet normal -0.869862 0.493294 0
    outer loop
      vertex 4.21823 -0.244888 0.6
      vertex 3.55356 -1.41695 0
      vertex 3.55356 -1.41695 0.6
    endloop
  endfacet
  facet normal 0 1 -0
    outer loop
      vertex 3.55356 -1.41695 0
      vertex 2.94586 -1.41695 0.6
      vertex 3.55356 -1.41695 0.6
    endloop
  endfacet
  facet normal 0 1 0
    outer loop
      vertex 2.94586 -1.41695 0.6
      vertex 3.55356 -1.41695 0
      vertex 2.94586 -1.41695 0
    endloop
  endfacet
  facet normal 0.855942 -0.517072 0
    outer loop
      vertex 2.94586 -1.41695 0.6
      vertex 3.93307 0.217239 0
      vertex 3.93307 0.217239 0.6
    endloop
  endfacet
  facet normal 0.855942 -0.517072 0
    outer loop
      vertex 3.93307 0.217239 0
      vertex 2.94586 -1.41695 0.6
      vertex 2.94586 -1.41695 0
    endloop
  endfacet
  facet normal 1 -0 0
    outer loop
      vertex 3.93307 0.217239 0.6
      vertex 3.93307 1.35393 0
      vertex 3.93307 1.35393 0.6
    endloop
  endfacet
  facet normal 1 0 0
    outer loop
      vertex 3.93307 1.35393 0
      vertex 3.93307 0.217239 0.6
      vertex 3.93307 0.217239 0
    endloop
  endfacet
  facet normal 0 -1 0
    outer loop
      vertex 3.93307 1.35393 0
      vertex 4.51125 1.35393 0.6
      vertex 3.93307 1.35393 0.6
    endloop
  endfacet
  facet normal 0 -1 -0
    outer loop
      vertex 4.51125 1.35393 0.6
      vertex 3.93307 1.35393 0
      vertex 4.51125 1.35393 0
    endloop
  endfacet
  facet normal -1 0 0
    outer loop
      vertex 4.51125 0.217239 0
      vertex 4.51125 1.35393 0.6
      vertex 4.51125 1.35393 0
    endloop
  endfacet
  facet normal -1 -0 0
    outer loop
      vertex 4.51125 1.35393 0.6
      vertex 4.51125 0.217239 0
      vertex 4.51125 0.217239 0.6
    endloop
  endfacet
  facet normal -1 0 0
    outer loop
      vertex 13 -9 0
      vertex 13 9 8
      vertex 13 9 0
    endloop
  endfacet
  facet normal -1 -0 0
    outer loop
      vertex 13 9 8
      vertex 13 -9 0
      vertex 13 -9 8
    endloop
  endfacet
  facet normal -0 0 -1
    outer loop
      vertex 17.0358 0.374573 0
      vertex 15.3336 -2.44302 0
      vertex 17.0358 2.33437 0
    endloop
  endfacet
  facet normal 0 0 -1
    outer loop
      vertex 21.2031 -1.66997 0
      vertex 23.7528 -0.469666 0
      vertex 23.9597 -1.66997 0
    endloop
  endfacet
  facet normal -0 0 -1
    outer loop
      vertex 23.7528 -0.469666 0
      vertex 21.2031 -1.66997 0
      vertex 21.2031 -0.469666 0
    endloop
  endfacet
  facet normal 0 0 -1
    outer loop
      vertex 28.6201 0.873947 0
      vertex 31 9 0
      vertex 31 -9 0
    endloop
  endfacet
  facet normal 0 0 -1
    outer loop
      vertex 31 9 0
      vertex 28.6201 0.873947 0
      vertex 28.622 0.957764 0
    endloop
  endfacet
  facet normal 0 0 -1
    outer loop
      vertex 31 -9 0
      vertex 28.6145 0.792953 0
      vertex 28.6201 0.873947 0
    endloop
  endfacet
  facet normal 0 0 -1
    outer loop
      vertex 31 -9 0
      vertex 28.6052 0.714798 0
      vertex 28.6145 0.792953 0
    endloop
  endfacet
  facet normal 0 0 -1
    outer loop
      vertex 28.4966 -1.31732 0
      vertex 28.6052 0.714798 0
      vertex 31 -9 0
    endloop
  endfacet
  facet normal 0 0 -1
    outer loop
      vertex 28.6052 0.714798 0
      vertex 28.4966 -1.31732 0
      vertex 28.5921 0.639496 0
    endloop
  endfacet
  facet normal 0 0 -1
    outer loop
      vertex 28.5921 0.639496 0
      vertex 28.4966 -1.31732 0
      vertex 28.5753 0.567017 0
    endloop
  endfacet
  facet normal 0 0 -1
    outer loop
      vertex 28.5753 0.567017 0
      vertex 28.4966 -1.31732 0
      vertex 28.5547 0.497375 0
    endloop
  endfacet
  facet normal 0 0 -1
    outer loop
      vertex 28.5547 0.497375 0
      vertex 28.4966 -1.31732 0
      vertex 28.5305 0.430573 0
    endloop
  endfacet
  facet normal 0 0 -1
    outer loop
      vertex 28.5305 0.430573 0
      vertex 28.4966 -1.31732 0
      vertex 28.5026 0.366486 0
    endloop
  endfacet
  facet normal 0 0 -1
    outer loop
      vertex 31 -9 0
      vertex 28.4533 -1.49301 0
      vertex 28.4966 -1.31732 0
    endloop
  endfacet
  facet normal 0 0 -1
    outer loop
      vertex 31 -9 0
      vertex 28.397 -1.6539 0
      vertex 28.4533 -1.49301 0
    endloop
  endfacet
  facet normal 0 0 -1
    outer loop
      vertex 31 -9 0
      vertex 28.3279 -1.79997 0
      vertex 28.397 -1.6539 0
    endloop
  endfacet
  facet normal 0 0 -1
    outer loop
      vertex 31 -9 0
      vertex 28.2458 -1.93123 0
      vertex 28.3279 -1.79997 0
    endloop
  endfacet
  facet normal 0 0 -1
    outer loop
      vertex 31 -9 0
      vertex 28.1507 -2.04768 0
      vertex 28.2458 -1.93123 0
    endloop
  endfacet
  facet normal 0 0 -1
    outer loop
      vertex 31 -9 0
      vertex 28.0427 -2.14934 0
      vertex 28.1507 -2.04768 0
    endloop
  endfacet
  facet normal 0 0 -1
    outer loop
      vertex 31 -9 0
      vertex 27.9218 -2.23616 0
      vertex 28.0427 -2.14934 0
    endloop
  endfacet
  facet normal 0 0 -1
    outer loop
      vertex 31 -9 0
      vertex 27.7854 -2.30994 0
      vertex 27.9218 -2.23616 0
    endloop
  endfacet
  facet normal 0 0 -1
    outer loop
      vertex 31 -9 0
      vertex 27.6309 -2.37236 0
      vertex 27.7854 -2.30994 0
    endloop
  endfacet
  facet normal 0 0 -1
    outer loop
      vertex 31 -9 0
      vertex 27.4584 -2.42343 0
      vertex 27.6309 -2.37236 0
    endloop
  endfacet
  facet normal 0 0 -1
    outer loop
      vertex 31 -9 0
      vertex 27.2678 -2.46315 0
      vertex 27.4584 -2.42343 0
    endloop
  endfacet
  facet normal 0 0 -1
    outer loop
      vertex 31 -9 0
      vertex 27.0591 -2.49152 0
      vertex 27.2678 -2.46315 0
    endloop
  endfacet
  facet normal 0 0 -1
    outer loop
      vertex 31 -9 0
      vertex 26.8324 -2.50854 0
      vertex 27.0591 -2.49152 0
    endloop
  endfacet
  facet normal 0 0 -1
    outer loop
      vertex 31 -9 0
      vertex 26.5876 -2.51422 0
      vertex 26.8324 -2.50854 0
    endloop
  endfacet
  facet normal 0 0 -1
    outer loop
      vertex 31 -9 0
      vertex 26.3312 -2.50719 0
      vertex 26.5876 -2.51422 0
    endloop
  endfacet
  facet normal 0 0 -1
    outer loop
      vertex 31 -9 0
      vertex 26.0929 -2.48613 0
      vertex 26.3312 -2.50719 0
    endloop
  endfacet
  facet normal 0 0 -1
    outer loop
      vertex 31 -9 0
      vertex 25.8726 -2.451 0
      vertex 26.0929 -2.48613 0
    endloop
  endfacet
  facet normal 0 0 -1
    outer loop
      vertex 23.9597 -2.44302 0
      vertex 25.8726 -2.451 0
      vertex 31 -9 0
    endloop
  endfacet
  facet normal 0 0 -1
    outer loop
      vertex 25.8726 -2.451 0
      vertex 23.9597 -2.44302 0
      vertex 25.6704 -2.40184 0
    endloop
  endfacet
  facet normal -0 0 -1
    outer loop
      vertex 25.6704 -2.40184 0
      vertex 23.9597 -2.44302 0
      vertex 25.4862 -2.33862 0
    endloop
  endfacet
  facet normal -0 0 -1
    outer loop
      vertex 25.4862 -2.33862 0
      vertex 23.9597 -2.44302 0
      vertex 25.3201 -2.26137 0
    endloop
  endfacet
  facet normal -0 0 -1
    outer loop
      vertex 25.3201 -2.26137 0
      vertex 23.9597 -2.44302 0
      vertex 25.1721 -2.17007 0
    endloop
  endfacet
  facet normal -0 0 -1
    outer loop
      vertex 25.1721 -2.17007 0
      vertex 23.9597 -2.44302 0
      vertex 25.043 -2.06555 0
    endloop
  endfacet
  facet normal 0 0 -1
    outer loop
      vertex 23.9597 -1.66997 0
      vertex 24.6855 -1.17831 0
      vertex 24.6954 -1.35715 0
    endloop
  endfacet
  facet normal 0 0 -1
    outer loop
      vertex 23.7528 0.30336 0
      vertex 24.6855 -1.17831 0
      vertex 23.7528 -0.469666 0
    endloop
  endfacet
  facet normal 0 0 -1
    outer loop
      vertex 23.9597 -1.66997 0
      vertex 24.6954 -1.35715 0
      vertex 24.7252 -1.52361 0
    endloop
  endfacet
  facet normal 0 0 -1
    outer loop
      vertex 24.7749 -1.67767 0
      vertex 23.9597 -1.66997 0
      vertex 24.7252 -1.52361 0
    endloop
  endfacet
  facet normal 0 0 -1
    outer loop
      vertex 24.8444 -1.81935 0
      vertex 23.9597 -1.66997 0
      vertex 24.7749 -1.67767 0
    endloop
  endfacet
  facet normal 0 0 -1
    outer loop
      vertex 23.9597 -1.66997 0
      vertex 24.8444 -1.81935 0
      vertex 23.9597 -2.44302 0
    endloop
  endfacet
  facet normal -0 0 -1
    outer loop
      vertex 24.9337 -1.94864 0
      vertex 23.9597 -2.44302 0
      vertex 24.8444 -1.81935 0
    endloop
  endfacet
  facet normal -0 0 -1
    outer loop
      vertex 25.043 -2.06555 0
      vertex 23.9597 -2.44302 0
      vertex 24.9337 -1.94864 0
    endloop
  endfacet
  facet normal 0 0 -1
    outer loop
      vertex 31 -9 0
      vertex 20.2028 -2.44302 0
      vertex 23.9597 -2.44302 0
    endloop
  endfacet
  facet normal 0 0 -1
    outer loop
      vertex 18.0326 0.374573 0
      vertex 20.2028 -2.44302 0
      vertex 19.7347 -2.44302 0
    endloop
  endfacet
  facet normal 0 0 -1
    outer loop
      vertex 13 -9 0
      vertex 20.2028 -2.44302 0
      vertex 31 -9 0
    endloop
  endfacet
  facet normal -0 0 -1
    outer loop
      vertex 20.2028 -2.44302 0
      vertex 13 -9 0
      vertex 19.7347 -2.44302 0
    endloop
  endfacet
  facet normal 0 0 -1
    outer loop
      vertex 18.687 -2.44302 0
      vertex 16.3814 -2.44302 0
      vertex 17.5274 -0.422211 0
    endloop
  endfacet
  facet normal -0 0 -1
    outer loop
      vertex 19.7347 -2.44302 0
      vertex 13 -9 0
      vertex 18.687 -2.44302 0
    endloop
  endfacet
  facet normal -0 0 -1
    outer loop
      vertex 18.687 -2.44302 0
      vertex 13 -9 0
      vertex 16.3814 -2.44302 0
    endloop
  endfacet
  facet normal -0 0 -1
    outer loop
      vertex 16.3814 -2.44302 0
      vertex 13 -9 0
      vertex 15.3336 -2.44302 0
    endloop
  endfacet
  facet normal 0 0 -1
    outer loop
      vertex 28.6114 1.15155 0
      vertex 31 9 0
      vertex 28.622 0.957764 0
    endloop
  endfacet
  facet normal 0 0 -1
    outer loop
      vertex 28.5795 1.33185 0
      vertex 31 9 0
      vertex 28.6114 1.15155 0
    endloop
  endfacet
  facet normal 0 0 -1
    outer loop
      vertex 28.5264 1.49864 0
      vertex 31 9 0
      vertex 28.5795 1.33185 0
    endloop
  endfacet
  facet normal 0 0 -1
    outer loop
      vertex 28.4521 1.65195 0
      vertex 31 9 0
      vertex 28.5264 1.49864 0
    endloop
  endfacet
  facet normal 0 0 -1
    outer loop
      vertex 28.3564 1.79176 0
      vertex 31 9 0
      vertex 28.4521 1.65195 0
    endloop
  endfacet
  facet normal 0 0 -1
    outer loop
      vertex 28.2396 1.91809 0
      vertex 31 9 0
      vertex 28.3564 1.79176 0
    endloop
  endfacet
  facet normal 0 0 -1
    outer loop
      vertex 28.1015 2.03091 0
      vertex 31 9 0
      vertex 28.2396 1.91809 0
    endloop
  endfacet
  facet normal 0 0 -1
    outer loop
      vertex 27.9429 2.12941 0
      vertex 31 9 0
      vertex 28.1015 2.03091 0
    endloop
  endfacet
  facet normal 0 0 -1
    outer loop
      vertex 27.7644 2.21275 0
      vertex 31 9 0
      vertex 27.9429 2.12941 0
    endloop
  endfacet
  facet normal 0 0 -1
    outer loop
      vertex 27.566 2.28094 0
      vertex 31 9 0
      vertex 27.7644 2.21275 0
    endloop
  endfacet
  facet normal 0 0 -1
    outer loop
      vertex 27.3478 2.33398 0
      vertex 31 9 0
      vertex 27.566 2.28094 0
    endloop
  endfacet
  facet normal 0 0 -1
    outer loop
      vertex 27.1098 2.37186 0
      vertex 31 9 0
      vertex 27.3478 2.33398 0
    endloop
  endfacet
  facet normal 0 0 -1
    outer loop
      vertex 26.8519 2.39459 0
      vertex 31 9 0
      vertex 27.1098 2.37186 0
    endloop
  endfacet
  facet normal 0 0 -1
    outer loop
      vertex 26.5741 2.40216 0
      vertex 31 9 0
      vertex 26.8519 2.39459 0
    endloop
  endfacet
  facet normal 0 0 -1
    outer loop
      vertex 26.3196 2.39552 0
      vertex 31 9 0
      vertex 26.5741 2.40216 0
    endloop
  endfacet
  facet normal 0 0 -1
    outer loop
      vertex 26.0814 2.3756 0
      vertex 31 9 0
      vertex 26.3196 2.39552 0
    endloop
  endfacet
  facet normal 0 0 -1
    outer loop
      vertex 25.8593 2.34238 0
      vertex 31 9 0
      vertex 26.0814 2.3756 0
    endloop
  endfacet
  facet normal 0 0 -1
    outer loop
      vertex 24.0987 2.33437 0
      vertex 25.8593 2.34238 0
      vertex 25.6535 2.29588 0
    endloop
  endfacet
  facet normal 0 0 -1
    outer loop
      vertex 24.0987 2.33437 0
      vertex 25.6535 2.29588 0
      vertex 25.4638 2.2361 0
    endloop
  endfacet
  facet normal 0 0 -1
    outer loop
      vertex 24.0987 2.33437 0
      vertex 25.4638 2.2361 0
      vertex 25.2903 2.16302 0
    endloop
  endfacet
  facet normal 0 0 -1
    outer loop
      vertex 24.0987 2.33437 0
      vertex 25.2903 2.16302 0
      vertex 25.1331 2.07666 0
    endloop
  endfacet
  facet normal 0 0 -1
    outer loop
      vertex 24.0987 2.33437 0
      vertex 25.1331 2.07666 0
      vertex 24.9915 1.97682 0
    endloop
  endfacet
  facet normal 0 0 -1
    outer loop
      vertex 24.0987 2.33437 0
      vertex 24.9915 1.97682 0
      vertex 24.8651 1.86327 0
    endloop
  endfacet
  facet normal 0 0 -1
    outer loop
      vertex 24.0987 2.33437 0
      vertex 24.8651 1.86327 0
      vertex 24.754 1.73602 0
    endloop
  endfacet
  facet normal 0 0 -1
    outer loop
      vertex 24.0987 1.56131 0
      vertex 24.5119 1.27206 0
      vertex 24.4617 1.09001 0
    endloop
  endfacet
  facet normal 0 0 -1
    outer loop
      vertex 24.0987 1.56131 0
      vertex 24.5774 1.44041 0
      vertex 24.5119 1.27206 0
    endloop
  endfacet
  facet normal 0 0 -1
    outer loop
      vertex 24.0987 1.56131 0
      vertex 24.6581 1.59506 0
      vertex 24.5774 1.44041 0
    endloop
  endfacet
  facet normal 0 0 -1
    outer loop
      vertex 24.0987 1.56131 0
      vertex 24.754 1.73602 0
      vertex 24.6581 1.59506 0
    endloop
  endfacet
  facet normal 0 0 -1
    outer loop
      vertex 24.0987 2.33437 0
      vertex 24.754 1.73602 0
      vertex 24.0987 1.56131 0
    endloop
  endfacet
  facet normal -0 0 -1
    outer loop
      vertex 25.8593 2.34238 0
      vertex 24.0987 2.33437 0
      vertex 31 9 0
    endloop
  endfacet
  facet normal 0 0 -1
    outer loop
      vertex 20.2028 2.33437 0
      vertex 31 9 0
      vertex 24.0987 2.33437 0
    endloop
  endfacet
  facet normal 0 0 -1
    outer loop
      vertex 20.2028 -2.44302 0
      vertex 18.0326 0.374573 0
      vertex 20.2028 2.33437 0
    endloop
  endfacet
  facet normal 0 0 -1
    outer loop
      vertex 18.0326 2.33437 0
      vertex 20.2028 2.33437 0
      vertex 18.0326 0.374573 0
    endloop
  endfacet
  facet normal 0 0 -1
    outer loop
      vertex 13 9 0
      vertex 20.2028 2.33437 0
      vertex 18.0326 2.33437 0
    endloop
  endfacet
  facet normal 0 0 -1
    outer loop
      vertex 13 9 0
      vertex 18.0326 2.33437 0
      vertex 17.0358 2.33437 0
    endloop
  endfacet
  facet normal 0 0 -1
    outer loop
      vertex 20.2028 2.33437 0
      vertex 13 9 0
      vertex 31 9 0
    endloop
  endfacet
  facet normal 0 0 -1
    outer loop
      vertex 15.3336 -2.44302 0
      vertex 13 9 0
      vertex 17.0358 2.33437 0
    endloop
  endfacet
  facet normal 0 0 -1
    outer loop
      vertex 13 9 0
      vertex 15.3336 -2.44302 0
      vertex 13 -9 0
    endloop
  endfacet
  facet normal 0 0 -1
    outer loop
      vertex 28.4966 -1.31732 0
      vertex 28.4715 0.305023 0
      vertex 28.5026 0.366486 0
    endloop
  endfacet
  facet normal 0 0 -1
    outer loop
      vertex 28.4966 -1.31732 0
      vertex 28.437 0.246201 0
      vertex 28.4715 0.305023 0
    endloop
  endfacet
  facet normal 0 0 -1
    outer loop
      vertex 28.4966 -1.31732 0
      vertex 28.3993 0.190018 0
      vertex 28.437 0.246201 0
    endloop
  endfacet
  facet normal 0 0 -1
    outer loop
      vertex 28.4966 -1.31732 0
      vertex 28.3581 0.136444 0
      vertex 28.3993 0.190018 0
    endloop
  endfacet
  facet normal 0 0 -1
    outer loop
      vertex 28.4966 -1.31732 0
      vertex 28.3137 0.0855255 0
      vertex 28.3581 0.136444 0
    endloop
  endfacet
  facet normal 0 0 -1
    outer loop
      vertex 28.4966 -1.31732 0
      vertex 28.266 0.0372162 0
      vertex 28.3137 0.0855255 0
    endloop
  endfacet
  facet normal 0 0 -1
    outer loop
      vertex 28.4966 -1.31732 0
      vertex 28.214 -0.00892639 0
      vertex 28.266 0.0372162 0
    endloop
  endfacet
  facet normal 0 0 -1
    outer loop
      vertex 28.4966 -1.31732 0
      vertex 28.1571 -0.053421 0
      vertex 28.214 -0.00892639 0
    endloop
  endfacet
  facet normal 0 0 -1
    outer loop
      vertex 28.4966 -1.31732 0
      vertex 28.095 -0.0962524 0
      vertex 28.1571 -0.053421 0
    endloop
  endfacet
  facet normal 0 0 -1
    outer loop
      vertex 28.4966 -1.31732 0
      vertex 28.0279 -0.137421 0
      vertex 28.095 -0.0962524 0
    endloop
  endfacet
  facet normal 0 0 -1
    outer loop
      vertex 28.4966 -1.31732 0
      vertex 27.9558 -0.176926 0
      vertex 28.0279 -0.137421 0
    endloop
  endfacet
  facet normal 0 0 -1
    outer loop
      vertex 28.4966 -1.31732 0
      vertex 27.8786 -0.214783 0
      vertex 27.9558 -0.176926 0
    endloop
  endfacet
  facet normal 0 0 -1
    outer loop
      vertex 28.4966 -1.31732 0
      vertex 27.7964 -0.250961 0
      vertex 27.8786 -0.214783 0
    endloop
  endfacet
  facet normal 0 0 -1
    outer loop
      vertex 27.5268 -1.18507 0
      vertex 27.7964 -0.250961 0
      vertex 28.4966 -1.31732 0
    endloop
  endfacet
  facet normal 0 0 -1
    outer loop
      vertex 27.7964 -0.250961 0
      vertex 27.5268 -1.18507 0
      vertex 27.7036 -0.286774 0
    endloop
  endfacet
  facet normal 0 0 -1
    outer loop
      vertex 27.7036 -0.286774 0
      vertex 27.5268 -1.18507 0
      vertex 27.5949 -0.323486 0
    endloop
  endfacet
  facet normal 0 0 -1
    outer loop
      vertex 26.8114 -0.520523 0
      vertex 27.5268 -1.18507 0
      vertex 27.5024 -1.27011 0
    endloop
  endfacet
  facet normal 0 0 -1
    outer loop
      vertex 26.8114 -0.520523 0
      vertex 27.5024 -1.27011 0
      vertex 27.4716 -1.34892 0
    endloop
  endfacet
  facet normal 0 0 -1
    outer loop
      vertex 27.5268 -1.18507 0
      vertex 27.4702 -0.361084 0
      vertex 27.5949 -0.323486 0
    endloop
  endfacet
  facet normal 0 0 -1
    outer loop
      vertex 26.8114 -0.520523 0
      vertex 27.4716 -1.34892 0
      vertex 27.4346 -1.42151 0
    endloop
  endfacet
  facet normal 0 0 -1
    outer loop
      vertex 26.8114 -0.520523 0
      vertex 27.4346 -1.42151 0
      vertex 27.3912 -1.48787 0
    endloop
  endfacet
  facet normal 0 0 -1
    outer loop
      vertex 26.8114 -0.520523 0
      vertex 27.3912 -1.48787 0
      vertex 27.3416 -1.54799 0
    endloop
  endfacet
  facet normal 0 0 -1
    outer loop
      vertex 27.5268 -1.18507 0
      vertex 27.3295 -0.399597 0
      vertex 27.4702 -0.361084 0
    endloop
  endfacet
  facet normal 0 0 -1
    outer loop
      vertex 26.8114 -0.520523 0
      vertex 27.3416 -1.54799 0
      vertex 27.2856 -1.6019 0
    endloop
  endfacet
  facet normal 0 0 -1
    outer loop
      vertex 26.8114 -0.520523 0
      vertex 27.2856 -1.6019 0
      vertex 27.2234 -1.64957 0
    endloop
  endfacet
  facet normal 0 0 -1
    outer loop
      vertex 27.5268 -1.18507 0
      vertex 27.1728 -0.439011 0
      vertex 27.3295 -0.399597 0
    endloop
  endfacet
  facet normal 0 0 -1
    outer loop
      vertex 26.8114 -0.520523 0
      vertex 27.2234 -1.64957 0
      vertex 27.1539 -1.69095 0
    endloop
  endfacet
  facet normal 0 0 -1
    outer loop
      vertex 26.6537 -0.555496 0
      vertex 27.1539 -1.69095 0
      vertex 27.0764 -1.72598 0
    endloop
  endfacet
  facet normal 0 0 -1
    outer loop
      vertex 27.5268 -1.18507 0
      vertex 27.0001 -0.479309 0
      vertex 27.1728 -0.439011 0
    endloop
  endfacet
  facet normal 0 0 -1
    outer loop
      vertex 26.6537 -0.555496 0
      vertex 27.0764 -1.72598 0
      vertex 26.9908 -1.75462 0
    endloop
  endfacet
  facet normal 0 0 -1
    outer loop
      vertex 26.6537 -0.555496 0
      vertex 26.9908 -1.75462 0
      vertex 26.897 -1.77692 0
    endloop
  endfacet
  facet normal 0 0 -1
    outer loop
      vertex 27.5268 -1.18507 0
      vertex 26.8114 -0.520523 0
      vertex 27.0001 -0.479309 0
    endloop
  endfacet
  facet normal 0 0 -1
    outer loop
      vertex 26.6537 -0.555496 0
      vertex 26.897 -1.77692 0
      vertex 26.7952 -1.79283 0
    endloop
  endfacet
  facet normal 0 0 -1
    outer loop
      vertex 26.5119 -0.588745 0
      vertex 26.7952 -1.79283 0
      vertex 26.6853 -1.80238 0
    endloop
  endfacet
  facet normal 0 0 -1
    outer loop
      vertex 27.1539 -1.69095 0
      vertex 26.6537 -0.555496 0
      vertex 26.8114 -0.520523 0
    endloop
  endfacet
  facet normal 0 0 -1
    outer loop
      vertex 26.5119 -0.588745 0
      vertex 26.6853 -1.80238 0
      vertex 26.5673 -1.80557 0
    endloop
  endfacet
  facet normal 0 0 -1
    outer loop
      vertex 26.7952 -1.79283 0
      vertex 26.5119 -0.588745 0
      vertex 26.6537 -0.555496 0
    endloop
  endfacet
  facet normal 0 0 -1
    outer loop
      vertex 26.5673 -1.80557 0
      vertex 26.3861 -0.620255 0
      vertex 26.5119 -0.588745 0
    endloop
  endfacet
  facet normal 0 0 -1
    outer loop
      vertex 26.2761 -0.65004 0
      vertex 26.5673 -1.80557 0
      vertex 26.3262 -1.79395 0
    endloop
  endfacet
  facet normal 0 0 -1
    outer loop
      vertex 26.5673 -1.80557 0
      vertex 26.2761 -0.65004 0
      vertex 26.3861 -0.620255 0
    endloop
  endfacet
  facet normal 0 0 -1
    outer loop
      vertex 26.3262 -1.79395 0
      vertex 26.1821 -0.678101 0
      vertex 26.2761 -0.65004 0
    endloop
  endfacet
  facet normal 0 0 -1
    outer loop
      vertex 26.1222 -1.75906 0
      vertex 26.1821 -0.678101 0
      vertex 26.3262 -1.79395 0
    endloop
  endfacet
  facet normal 0 0 -1
    outer loop
      vertex 26.1222 -1.75906 0
      vertex 26.1039 -0.704422 0
      vertex 26.1821 -0.678101 0
    endloop
  endfacet
  facet normal 0 0 -1
    outer loop
      vertex 26.1222 -1.75906 0
      vertex 26.0417 -0.729019 0
      vertex 26.1039 -0.704422 0
    endloop
  endfacet
  facet normal 0 0 -1
    outer loop
      vertex 26.1222 -1.75906 0
      vertex 25.9894 -0.753479 0
      vertex 26.0417 -0.729019 0
    endloop
  endfacet
  facet normal 0 0 -1
    outer loop
      vertex 25.9553 -1.70094 0
      vertex 25.9894 -0.753479 0
      vertex 26.1222 -1.75906 0
    endloop
  endfacet
  facet normal 0 0 -1
    outer loop
      vertex 25.9553 -1.70094 0
      vertex 25.9408 -0.779404 0
      vertex 25.9894 -0.753479 0
    endloop
  endfacet
  facet normal 0 0 -1
    outer loop
      vertex 25.9553 -1.70094 0
      vertex 25.8961 -0.806778 0
      vertex 25.9408 -0.779404 0
    endloop
  endfacet
  facet normal 0 0 -1
    outer loop
      vertex 25.9553 -1.70094 0
      vertex 25.8552 -0.835602 0
      vertex 25.8961 -0.806778 0
    endloop
  endfacet
  facet normal 0 0 -1
    outer loop
      vertex 25.6586 -1.23596 0
      vertex 25.9553 -1.70094 0
      vertex 25.8255 -1.61958 0
    endloop
  endfacet
  facet normal 0 0 -1
    outer loop
      vertex 25.9553 -1.70094 0
      vertex 25.6586 -1.23596 0
      vertex 25.8552 -0.835602 0
    endloop
  endfacet
  facet normal 0 0 -1
    outer loop
      vertex 25.8552 -0.835602 0
      vertex 25.6586 -1.23596 0
      vertex 25.8181 -0.865875 0
    endloop
  endfacet
  facet normal 0 -0 -1
    outer loop
      vertex 25.6606 -1.18407 0
      vertex 25.8181 -0.865875 0
      vertex 25.6586 -1.23596 0
    endloop
  endfacet
  facet normal 0 0 -1
    outer loop
      vertex 25.6772 -1.38708 0
      vertex 25.8255 -1.61958 0
      vertex 25.7328 -1.51495 0
    endloop
  endfacet
  facet normal 0 0 -1
    outer loop
      vertex 25.8181 -0.865875 0
      vertex 25.6606 -1.18407 0
      vertex 25.7847 -0.897598 0
    endloop
  endfacet
  facet normal 0 -0 -1
    outer loop
      vertex 25.6665 -1.13493 0
      vertex 25.7847 -0.897598 0
      vertex 25.6606 -1.18407 0
    endloop
  endfacet
  facet normal 0 -0 -1
    outer loop
      vertex 25.6764 -1.08856 0
      vertex 25.7847 -0.897598 0
      vertex 25.6665 -1.13493 0
    endloop
  endfacet
  facet normal 0 0 -1
    outer loop
      vertex 25.8255 -1.61958 0
      vertex 25.6772 -1.38708 0
      vertex 25.6586 -1.23596 0
    endloop
  endfacet
  facet normal 0 0 -1
    outer loop
      vertex 25.7847 -0.897598 0
      vertex 25.6764 -1.08856 0
      vertex 25.7552 -0.930771 0
    endloop
  endfacet
  facet normal 0 0 -1
    outer loop
      vertex 25.7079 -1.00414 0
      vertex 25.6764 -1.08856 0
      vertex 25.6902 -1.04497 0
    endloop
  endfacet
  facet normal 0 0 -1
    outer loop
      vertex 25.7296 -0.966064 0
      vertex 25.6764 -1.08856 0
      vertex 25.7079 -1.00414 0
    endloop
  endfacet
  facet normal 0 0 -1
    outer loop
      vertex 25.7552 -0.930771 0
      vertex 25.6764 -1.08856 0
      vertex 25.7296 -0.966064 0
    endloop
  endfacet
  facet normal 0 0 -1
    outer loop
      vertex 27.4921 0.642883 0
      vertex 27.6465 0.95874 0
      vertex 27.6391 0.904984 0
    endloop
  endfacet
  facet normal -0 0 -1
    outer loop
      vertex 27.6465 0.95874 0
      vertex 27.4921 0.642883 0
      vertex 27.6489 1.01541 0
    endloop
  endfacet
  facet normal 0 0 -1
    outer loop
      vertex 27.4921 0.642883 0
      vertex 27.6391 0.904984 0
      vertex 27.6268 0.854126 0
    endloop
  endfacet
  facet normal 0 0 -1
    outer loop
      vertex 27.5285 0.679764 0
      vertex 27.6268 0.854126 0
      vertex 27.6096 0.806168 0
    endloop
  endfacet
  facet normal 0 0 -1
    outer loop
      vertex 27.5285 0.679764 0
      vertex 27.6096 0.806168 0
      vertex 27.5875 0.761124 0
    endloop
  endfacet
  facet normal 0 0 -1
    outer loop
      vertex 27.6268 0.854126 0
      vertex 27.5285 0.679764 0
      vertex 27.4921 0.642883 0
    endloop
  endfacet
  facet normal 0 0 -1
    outer loop
      vertex 27.5285 0.679764 0
      vertex 27.5875 0.761124 0
      vertex 27.5605 0.718994 0
    endloop
  endfacet
  facet normal 0 0 -1
    outer loop
      vertex 27.4517 0.607803 0
      vertex 27.6489 1.01541 0
      vertex 27.4921 0.642883 0
    endloop
  endfacet
  facet normal 0 -0 -1
    outer loop
      vertex 27.4565 1.44472 0
      vertex 27.6489 1.01541 0
      vertex 27.4517 0.607803 0
    endloop
  endfacet
  facet normal 0 0 -1
    outer loop
      vertex 27.6275 1.18454 0
      vertex 27.4565 1.44472 0
      vertex 27.5634 1.32764 0
    endloop
  endfacet
  facet normal 0 0 -1
    outer loop
      vertex 27.6489 1.01541 0
      vertex 27.4565 1.44472 0
      vertex 27.6275 1.18454 0
    endloop
  endfacet
  facet normal 0 0 -1
    outer loop
      vertex 27.4073 0.574509 0
      vertex 27.4565 1.44472 0
      vertex 27.4517 0.607803 0
    endloop
  endfacet
  facet normal 0 0 -1
    outer loop
      vertex 27.3068 1.53578 0
      vertex 27.4073 0.574509 0
      vertex 27.3589 0.54303 0
    endloop
  endfacet
  facet normal 0 0 -1
    outer loop
      vertex 27.4073 0.574509 0
      vertex 27.3068 1.53578 0
      vertex 27.4565 1.44472 0
    endloop
  endfacet
  facet normal 0 0 -1
    outer loop
      vertex 27.3064 0.513336 0
      vertex 27.3068 1.53578 0
      vertex 27.3589 0.54303 0
    endloop
  endfacet
  facet normal 0 0 -1
    outer loop
      vertex 27.1144 1.60083 0
      vertex 27.3064 0.513336 0
      vertex 27.2499 0.485458 0
    endloop
  endfacet
  facet normal 0 0 -1
    outer loop
      vertex 27.1144 1.60083 0
      vertex 27.2499 0.485458 0
      vertex 27.1895 0.459366 0
    endloop
  endfacet
  facet normal 0 0 -1
    outer loop
      vertex 27.1144 1.60083 0
      vertex 27.1895 0.459366 0
      vertex 27.1188 0.433426 0
    endloop
  endfacet
  facet normal 0 0 -1
    outer loop
      vertex 27.3064 0.513336 0
      vertex 27.1144 1.60083 0
      vertex 27.3068 1.53578 0
    endloop
  endfacet
  facet normal 0 0 -1
    outer loop
      vertex 26.8792 1.63986 0
      vertex 27.1188 0.433426 0
      vertex 27.0317 0.405945 0
    endloop
  endfacet
  facet normal 0 0 -1
    outer loop
      vertex 26.8792 1.63986 0
      vertex 27.0317 0.405945 0
      vertex 26.9282 0.376953 0
    endloop
  endfacet
  facet normal 0 0 -1
    outer loop
      vertex 27.1188 0.433426 0
      vertex 26.8792 1.63986 0
      vertex 27.1144 1.60083 0
    endloop
  endfacet
  facet normal 0 0 -1
    outer loop
      vertex 26.8083 0.346436 0
      vertex 26.8792 1.63986 0
      vertex 26.9282 0.376953 0
    endloop
  endfacet
  facet normal 0 0 -1
    outer loop
      vertex 26.6012 1.65286 0
      vertex 26.8083 0.346436 0
      vertex 26.6721 0.314377 0
    endloop
  endfacet
  facet normal 0 0 -1
    outer loop
      vertex 26.8083 0.346436 0
      vertex 26.6012 1.65286 0
      vertex 26.8792 1.63986 0
    endloop
  endfacet
  facet normal 0 0 -1
    outer loop
      vertex 26.4614 1.64937 0
      vertex 26.6721 0.314377 0
      vertex 26.5194 0.280807 0
    endloop
  endfacet
  facet normal 0 0 -1
    outer loop
      vertex 26.6721 0.314377 0
      vertex 26.4614 1.64937 0
      vertex 26.6012 1.65286 0
    endloop
  endfacet
  facet normal 0 0 -1
    outer loop
      vertex 26.2086 1.62143 0
      vertex 26.5194 0.280807 0
      vertex 26.3503 0.245712 0
    endloop
  endfacet
  facet normal 0 0 -1
    outer loop
      vertex 26.5194 0.280807 0
      vertex 26.3305 1.63889 0
      vertex 26.4614 1.64937 0
    endloop
  endfacet
  facet normal 0 0 -1
    outer loop
      vertex 26.5194 0.280807 0
      vertex 26.2086 1.62143 0
      vertex 26.3305 1.63889 0
    endloop
  endfacet
  facet normal 0 0 -1
    outer loop
      vertex 25.6013 1.29659 0
      vertex 26.3503 0.245712 0
      vertex 26.2039 0.210876 0
    endloop
  endfacet
  facet normal 0 0 -1
    outer loop
      vertex 26.3503 0.245712 0
      vertex 26.0958 1.59697 0
      vertex 26.2086 1.62143 0
    endloop
  endfacet
  facet normal 0 0 -1
    outer loop
      vertex 25.4281 0.930664 0
      vertex 26.2039 0.210876 0
      vertex 26.0707 0.178055 0
    endloop
  endfacet
  facet normal 0 0 -1
    outer loop
      vertex 26.3503 0.245712 0
      vertex 25.9919 1.56552 0
      vertex 26.0958 1.59697 0
    endloop
  endfacet
  facet normal 0 0 -1
    outer loop
      vertex 25.4281 0.930664 0
      vertex 26.0707 0.178055 0
      vertex 25.9509 0.147232 0
    endloop
  endfacet
  facet normal 0 0 -1
    outer loop
      vertex 26.3503 0.245712 0
      vertex 25.897 1.52708 0
      vertex 25.9919 1.56552 0
    endloop
  endfacet
  facet normal 0 0 -1
    outer loop
      vertex 25.4281 0.930664 0
      vertex 25.9509 0.147232 0
      vertex 25.8443 0.118408 0
    endloop
  endfacet
  facet normal 0 0 -1
    outer loop
      vertex 26.3503 0.245712 0
      vertex 25.8112 1.48167 0
      vertex 25.897 1.52708 0
    endloop
  endfacet
  facet normal 0 0 -1
    outer loop
      vertex 25.4281 0.930664 0
      vertex 25.8443 0.118408 0
      vertex 25.751 0.0915985 0
    endloop
  endfacet
  facet normal 0 0 -1
    outer loop
      vertex 26.2039 0.210876 0
      vertex 25.4995 1.13065 0
      vertex 25.5466 1.21786 0
    endloop
  endfacet
  facet normal 0 0 -1
    outer loop
      vertex 25.4281 0.930664 0
      vertex 25.751 0.0915985 0
      vertex 25.671 0.066803 0
    endloop
  endfacet
  facet normal 0 0 -1
    outer loop
      vertex 26.2039 0.210876 0
      vertex 25.46 1.03491 0
      vertex 25.4995 1.13065 0
    endloop
  endfacet
  facet normal 0 0 -1
    outer loop
      vertex 25.4281 0.930664 0
      vertex 25.671 0.066803 0
      vertex 25.6043 0.0440216 0
    endloop
  endfacet
  facet normal 0 0 -1
    outer loop
      vertex 26.2039 0.210876 0
      vertex 25.4281 0.930664 0
      vertex 25.46 1.03491 0
    endloop
  endfacet
  facet normal 0 0 -1
    outer loop
      vertex 26.3503 0.245712 0
      vertex 25.7336 1.42848 0
      vertex 25.8112 1.48167 0
    endloop
  endfacet
  facet normal 0 0 -1
    outer loop
      vertex 25.4281 0.930664 0
      vertex 25.6043 0.0440216 0
      vertex 25.5451 0.0216675 0
    endloop
  endfacet
  facet normal 0 0 -1
    outer loop
      vertex 26.3503 0.245712 0
      vertex 25.6637 1.36679 0
      vertex 25.7336 1.42848 0
    endloop
  endfacet
  facet normal 0 0 -1
    outer loop
      vertex 25.4281 0.930664 0
      vertex 25.5451 0.0216675 0
      vertex 25.4875 -0.00178528 0
    endloop
  endfacet
  facet normal 0 0 -1
    outer loop
      vertex 26.2039 0.210876 0
      vertex 25.5466 1.21786 0
      vertex 25.6013 1.29659 0
    endloop
  endfacet
  facet normal 0 0 -1
    outer loop
      vertex 25.4281 0.930664 0
      vertex 25.4875 -0.00178528 0
      vertex 25.4316 -0.0263519 0
    endloop
  endfacet
  facet normal 0 0 -1
    outer loop
      vertex 26.3503 0.245712 0
      vertex 25.6013 1.29659 0
      vertex 25.6637 1.36679 0
    endloop
  endfacet
  facet normal 0 0 -1
    outer loop
      vertex 25.3773 -0.0520172 0
      vertex 25.4281 0.930664 0
      vertex 25.4316 -0.0263519 0
    endloop
  endfacet
  facet normal 0 0 -1
    outer loop
      vertex 25.3248 -0.0787964 0
      vertex 25.4281 0.930664 0
      vertex 25.3773 -0.0520172 0
    endloop
  endfacet
  facet normal 0 0 -1
    outer loop
      vertex 25.2738 -0.106674 0
      vertex 25.4281 0.930664 0
      vertex 25.3248 -0.0787964 0
    endloop
  endfacet
  facet normal 0 0 -1
    outer loop
      vertex 25.2246 -0.135666 0
      vertex 25.4281 0.930664 0
      vertex 25.2738 -0.106674 0
    endloop
  endfacet
  facet normal 0 0 -1
    outer loop
      vertex 24.4617 1.09001 0
      vertex 25.2246 -0.135666 0
      vertex 25.1772 -0.166092 0
    endloop
  endfacet
  facet normal 0 0 -1
    outer loop
      vertex 24.4617 1.09001 0
      vertex 25.1772 -0.166092 0
      vertex 25.1319 -0.198242 0
    endloop
  endfacet
  facet normal 0 0 -1
    outer loop
      vertex 24.4617 1.09001 0
      vertex 25.1319 -0.198242 0
      vertex 25.0886 -0.232117 0
    endloop
  endfacet
  facet normal 0 0 -1
    outer loop
      vertex 24.4617 1.09001 0
      vertex 25.0886 -0.232117 0
      vertex 25.0474 -0.267731 0
    endloop
  endfacet
  facet normal 0 0 -1
    outer loop
      vertex 24.4617 1.09001 0
      vertex 25.0474 -0.267731 0
      vertex 25.0083 -0.305054 0
    endloop
  endfacet
  facet normal 0 0 -1
    outer loop
      vertex 24.4617 1.09001 0
      vertex 25.0083 -0.305054 0
      vertex 24.9713 -0.344131 0
    endloop
  endfacet
  facet normal 0 0 -1
    outer loop
      vertex 24.4617 1.09001 0
      vertex 24.9713 -0.344131 0
      vertex 24.9364 -0.384918 0
    endloop
  endfacet
  facet normal 0 0 -1
    outer loop
      vertex 24.4617 1.09001 0
      vertex 24.9364 -0.384918 0
      vertex 24.9035 -0.427612 0
    endloop
  endfacet
  facet normal 0 0 -1
    outer loop
      vertex 24.4617 1.09001 0
      vertex 24.9035 -0.427612 0
      vertex 24.8728 -0.472382 0
    endloop
  endfacet
  facet normal 0 0 -1
    outer loop
      vertex 24.4617 1.09001 0
      vertex 24.8728 -0.472382 0
      vertex 24.8443 -0.519226 0
    endloop
  endfacet
  facet normal 0 0 -1
    outer loop
      vertex 24.4617 1.09001 0
      vertex 24.8443 -0.519226 0
      vertex 24.8179 -0.568146 0
    endloop
  endfacet
  facet normal 0 0 -1
    outer loop
      vertex 24.4617 1.09001 0
      vertex 24.8179 -0.568146 0
      vertex 24.7937 -0.619141 0
    endloop
  endfacet
  facet normal 0 0 -1
    outer loop
      vertex 24.4617 1.09001 0
      vertex 24.7937 -0.619141 0
      vertex 24.7716 -0.672226 0
    endloop
  endfacet
  facet normal 0 0 -1
    outer loop
      vertex 25.2246 -0.135666 0
      vertex 24.4617 1.09001 0
      vertex 25.4281 0.930664 0
    endloop
  endfacet
  facet normal 0 0 -1
    outer loop
      vertex 24.7516 -0.727371 0
      vertex 24.4617 1.09001 0
      vertex 24.7716 -0.672226 0
    endloop
  endfacet
  facet normal 0 0 -1
    outer loop
      vertex 24.7341 -0.784729 0
      vertex 24.4617 1.09001 0
      vertex 24.7516 -0.727371 0
    endloop
  endfacet
  facet normal 0 0 -1
    outer loop
      vertex 24.7192 -0.844452 0
      vertex 24.4617 1.09001 0
      vertex 24.7341 -0.784729 0
    endloop
  endfacet
  facet normal 0 0 -1
    outer loop
      vertex 24.7071 -0.906509 0
      vertex 24.4617 1.09001 0
      vertex 24.7192 -0.844452 0
    endloop
  endfacet
  facet normal 0 0 -1
    outer loop
      vertex 24.6976 -0.970932 0
      vertex 24.4617 1.09001 0
      vertex 24.7071 -0.906509 0
    endloop
  endfacet
  facet normal 0 0 -1
    outer loop
      vertex 24.6909 -1.0377 0
      vertex 24.4617 1.09001 0
      vertex 24.6976 -0.970932 0
    endloop
  endfacet
  facet normal 0 0 -1
    outer loop
      vertex 24.6869 -1.10684 0
      vertex 24.4617 1.09001 0
      vertex 24.6909 -1.0377 0
    endloop
  endfacet
  facet normal 0 0 -1
    outer loop
      vertex 24.4617 1.09001 0
      vertex 24.6869 -1.10684 0
      vertex 24.6855 -1.17831 0
    endloop
  endfacet
  facet normal -0 0 -1
    outer loop
      vertex 24.6855 -1.17831 0
      vertex 23.9597 -1.66997 0
      vertex 23.7528 -0.469666 0
    endloop
  endfacet
  facet normal 0 0 -1
    outer loop
      vertex 24.6855 -1.17831 0
      vertex 23.7528 0.30336 0
      vertex 24.4617 1.09001 0
    endloop
  endfacet
  facet normal -0 0 -1
    outer loop
      vertex 24.4617 1.09001 0
      vertex 23.7528 0.30336 0
      vertex 24.0987 1.56131 0
    endloop
  endfacet
  facet normal 0 0 -1
    outer loop
      vertex 21.2031 1.56131 0
      vertex 23.7528 0.30336 0
      vertex 21.2031 0.30336 0
    endloop
  endfacet
  facet normal 0 0 -1
    outer loop
      vertex 23.7528 0.30336 0
      vertex 21.2031 1.56131 0
      vertex 24.0987 1.56131 0
    endloop
  endfacet
  facet normal 1 -0 0
    outer loop
      vertex 31 -9 8
      vertex 31 9 0
      vertex 31 9 8
    endloop
  endfacet
  facet normal 1 0 0
    outer loop
      vertex 31 9 0
      vertex 31 -9 8
      vertex 31 -9 0
    endloop
  endfacet
  facet normal 0 0 1
    outer loop
      vertex 31 9 8
      vertex 29.8 7.8 8
      vertex 31 -9 8
    endloop
  endfacet
  facet normal 0 0 1
    outer loop
      vertex 31 9 8
      vertex 14.2 7.8 8
      vertex 29.8 7.8 8
    endloop
  endfacet
  facet normal 0 0 1
    outer loop
      vertex 14.2 7.8 8
      vertex 13 9 8
      vertex 14.2 -7.8 8
    endloop
  endfacet
  facet normal -0 0 1
    outer loop
      vertex 13 9 8
      vertex 14.2 7.8 8
      vertex 31 9 8
    endloop
  endfacet
  facet normal -0 0 1
    outer loop
      vertex 29.8 -7.8 8
      vertex 31 -9 8
      vertex 29.8 7.8 8
    endloop
  endfacet
  facet normal -0 0 1
    outer loop
      vertex 14.2 -7.8 8
      vertex 31 -9 8
      vertex 29.8 -7.8 8
    endloop
  endfacet
  facet normal 0 0 1
    outer loop
      vertex 14.2 -7.8 8
      vertex 13 -9 8
      vertex 31 -9 8
    endloop
  endfacet
  facet normal 0 0 1
    outer loop
      vertex 13 -9 8
      vertex 14.2 -7.8 8
      vertex 13 9 8
    endloop
  endfacet
  facet normal 0 1 -0
    outer loop
      vertex 31 9 0
      vertex 13 9 8
      vertex 31 9 8
    endloop
  endfacet
  facet normal 0 1 0
    outer loop
      vertex 13 9 8
      vertex 31 9 0
      vertex 13 9 0
    endloop
  endfacet
  facet normal 0 -1 0
    outer loop
      vertex 13 -9 0
      vertex 31 -9 8
      vertex 13 -9 8
    endloop
  endfacet
  facet normal 0 -1 -0
    outer loop
      vertex 31 -9 8
      vertex 13 -9 0
      vertex 31 -9 0
    endloop
  endfacet
  facet normal 1 -0 0
    outer loop
      vertex 14.2 -7.8 8
      vertex 14.2 7.8 2.4
      vertex 14.2 7.8 8
    endloop
  endfacet
  facet normal 1 0 0
    outer loop
      vertex 14.2 7.8 2.4
      vertex 14.2 -7.8 8
      vertex 14.2 -7.8 2.4
    endloop
  endfacet
  facet normal 0 0 1
    outer loop
      vertex 29.8 7.8 2.4
      vertex 24.75 0 2.4
      vertex 29.8 -7.8 2.4
    endloop
  endfacet
  facet normal 0 0 1
    outer loop
      vertex 29.8 7.8 2.4
      vertex 24.7265 0.358947 2.4
      vertex 24.75 0 2.4
    endloop
  endfacet
  facet normal 0 0 1
    outer loop
      vertex 29.8 7.8 2.4
      vertex 24.6563 0.711752 2.4
      vertex 24.7265 0.358947 2.4
    endloop
  endfacet
  facet normal 0 0 1
    outer loop
      vertex 29.8 7.8 2.4
      vertex 24.5407 1.05238 2.4
      vertex 24.6563 0.711752 2.4
    endloop
  endfacet
  facet normal 0 0 1
    outer loop
      vertex 29.8 7.8 2.4
      vertex 24.3816 1.375 2.4
      vertex 24.5407 1.05238 2.4
    endloop
  endfacet
  facet normal 0 0 1
    outer loop
      vertex 29.8 7.8 2.4
      vertex 24.1817 1.67409 2.4
      vertex 24.3816 1.375 2.4
    endloop
  endfacet
  facet normal 0 0 1
    outer loop
      vertex 29.8 7.8 2.4
      vertex 23.9445 1.94454 2.4
      vertex 24.1817 1.67409 2.4
    endloop
  endfacet
  facet normal 0 0 1
    outer loop
      vertex 29.8 7.8 2.4
      vertex 23.6741 2.18172 2.4
      vertex 23.9445 1.94454 2.4
    endloop
  endfacet
  facet normal 0 0 1
    outer loop
      vertex 29.8 7.8 2.4
      vertex 23.375 2.38157 2.4
      vertex 23.6741 2.18172 2.4
    endloop
  endfacet
  facet normal 0 0 1
    outer loop
      vertex 29.8 7.8 2.4
      vertex 23.0524 2.54067 2.4
      vertex 23.375 2.38157 2.4
    endloop
  endfacet
  facet normal 0 0 1
    outer loop
      vertex 29.8 7.8 2.4
      vertex 22.7118 2.6563 2.4
      vertex 23.0524 2.54067 2.4
    endloop
  endfacet
  facet normal 0 0 1
    outer loop
      vertex 29.8 7.8 2.4
      vertex 22.3589 2.72647 2.4
      vertex 22.7118 2.6563 2.4
    endloop
  endfacet
  facet normal 0 0 1
    outer loop
      vertex 29.8 7.8 2.4
      vertex 22 2.75 2.4
      vertex 22.3589 2.72647 2.4
    endloop
  endfacet
  facet normal -0 0 1
    outer loop
      vertex 14.2 7.8 2.4
      vertex 22 2.75 2.4
      vertex 29.8 7.8 2.4
    endloop
  endfacet
  facet normal 0 0 1
    outer loop
      vertex 22 2.75 2.4
      vertex 14.2 7.8 2.4
      vertex 21.6411 2.72647 2.4
    endloop
  endfacet
  facet normal 0 0 1
    outer loop
      vertex 21.6411 2.72647 2.4
      vertex 14.2 7.8 2.4
      vertex 21.2882 2.6563 2.4
    endloop
  endfacet
  facet normal 0 0 1
    outer loop
      vertex 21.2882 2.6563 2.4
      vertex 14.2 7.8 2.4
      vertex 20.9476 2.54067 2.4
    endloop
  endfacet
  facet normal 0 0 1
    outer loop
      vertex 19.2735 0.358947 2.4
      vertex 14.2 7.8 2.4
      vertex 19.25 0 2.4
    endloop
  endfacet
  facet normal 0 0 1
    outer loop
      vertex 19.3437 0.711752 2.4
      vertex 14.2 7.8 2.4
      vertex 19.2735 0.358947 2.4
    endloop
  endfacet
  facet normal 0 0 1
    outer loop
      vertex 19.4593 1.05238 2.4
      vertex 14.2 7.8 2.4
      vertex 19.3437 0.711752 2.4
    endloop
  endfacet
  facet normal 0 0 1
    outer loop
      vertex 19.6184 1.375 2.4
      vertex 14.2 7.8 2.4
      vertex 19.4593 1.05238 2.4
    endloop
  endfacet
  facet normal 0 0 1
    outer loop
      vertex 19.8183 1.67409 2.4
      vertex 14.2 7.8 2.4
      vertex 19.6184 1.375 2.4
    endloop
  endfacet
  facet normal 0 0 1
    outer loop
      vertex 20.0555 1.94454 2.4
      vertex 14.2 7.8 2.4
      vertex 19.8183 1.67409 2.4
    endloop
  endfacet
  facet normal 0 0 1
    outer loop
      vertex 20.3259 2.18172 2.4
      vertex 14.2 7.8 2.4
      vertex 20.0555 1.94454 2.4
    endloop
  endfacet
  facet normal 0 0 1
    outer loop
      vertex 20.625 2.38157 2.4
      vertex 14.2 7.8 2.4
      vertex 20.3259 2.18172 2.4
    endloop
  endfacet
  facet normal 0 0 1
    outer loop
      vertex 20.9476 2.54067 2.4
      vertex 14.2 7.8 2.4
      vertex 20.625 2.38157 2.4
    endloop
  endfacet
  facet normal -0 0 1
    outer loop
      vertex 24.7265 -0.358947 2.4
      vertex 29.8 -7.8 2.4
      vertex 24.75 0 2.4
    endloop
  endfacet
  facet normal -0 0 1
    outer loop
      vertex 24.6563 -0.711752 2.4
      vertex 29.8 -7.8 2.4
      vertex 24.7265 -0.358947 2.4
    endloop
  endfacet
  facet normal -0 0 1
    outer loop
      vertex 24.5407 -1.05238 2.4
      vertex 29.8 -7.8 2.4
      vertex 24.6563 -0.711752 2.4
    endloop
  endfacet
  facet normal -0 0 1
    outer loop
      vertex 24.3816 -1.375 2.4
      vertex 29.8 -7.8 2.4
      vertex 24.5407 -1.05238 2.4
    endloop
  endfacet
  facet normal -0 0 1
    outer loop
      vertex 24.1817 -1.67409 2.4
      vertex 29.8 -7.8 2.4
      vertex 24.3816 -1.375 2.4
    endloop
  endfacet
  facet normal -0 0 1
    outer loop
      vertex 23.9445 -1.94454 2.4
      vertex 29.8 -7.8 2.4
      vertex 24.1817 -1.67409 2.4
    endloop
  endfacet
  facet normal -0 0 1
    outer loop
      vertex 23.6741 -2.18172 2.4
      vertex 29.8 -7.8 2.4
      vertex 23.9445 -1.94454 2.4
    endloop
  endfacet
  facet normal -0 0 1
    outer loop
      vertex 23.375 -2.38157 2.4
      vertex 29.8 -7.8 2.4
      vertex 23.6741 -2.18172 2.4
    endloop
  endfacet
  facet normal -0 0 1
    outer loop
      vertex 23.0524 -2.54067 2.4
      vertex 29.8 -7.8 2.4
      vertex 23.375 -2.38157 2.4
    endloop
  endfacet
  facet normal -0 0 1
    outer loop
      vertex 22.7118 -2.6563 2.4
      vertex 29.8 -7.8 2.4
      vertex 23.0524 -2.54067 2.4
    endloop
  endfacet
  facet normal -0 0 1
    outer loop
      vertex 22.3589 -2.72647 2.4
      vertex 29.8 -7.8 2.4
      vertex 22.7118 -2.6563 2.4
    endloop
  endfacet
  facet normal -0 0 1
    outer loop
      vertex 22 -2.75 2.4
      vertex 29.8 -7.8 2.4
      vertex 22.3589 -2.72647 2.4
    endloop
  endfacet
  facet normal 0 0 1
    outer loop
      vertex 14.2 -7.8 2.4
      vertex 22 -2.75 2.4
      vertex 21.6411 -2.72647 2.4
    endloop
  endfacet
  facet normal 0 0 1
    outer loop
      vertex 14.2 -7.8 2.4
      vertex 21.6411 -2.72647 2.4
      vertex 21.2882 -2.6563 2.4
    endloop
  endfacet
  facet normal 0 0 1
    outer loop
      vertex 14.2 -7.8 2.4
      vertex 21.2882 -2.6563 2.4
      vertex 20.9476 -2.54067 2.4
    endloop
  endfacet
  facet normal 0 0 1
    outer loop
      vertex 14.2 -7.8 2.4
      vertex 20.9476 -2.54067 2.4
      vertex 20.625 -2.38157 2.4
    endloop
  endfacet
  facet normal 0 0 1
    outer loop
      vertex 14.2 -7.8 2.4
      vertex 19.25 0 2.4
      vertex 14.2 7.8 2.4
    endloop
  endfacet
  facet normal 0 0 1
    outer loop
      vertex 19.25 0 2.4
      vertex 14.2 -7.8 2.4
      vertex 19.2735 -0.358947 2.4
    endloop
  endfacet
  facet normal 0 0 1
    outer loop
      vertex 19.2735 -0.358947 2.4
      vertex 14.2 -7.8 2.4
      vertex 19.3437 -0.711752 2.4
    endloop
  endfacet
  facet normal 0 0 1
    outer loop
      vertex 19.3437 -0.711752 2.4
      vertex 14.2 -7.8 2.4
      vertex 19.4593 -1.05238 2.4
    endloop
  endfacet
  facet normal 0 0 1
    outer loop
      vertex 22 -2.75 2.4
      vertex 14.2 -7.8 2.4
      vertex 29.8 -7.8 2.4
    endloop
  endfacet
  facet normal 0 0 1
    outer loop
      vertex 20.3259 -2.18172 2.4
      vertex 14.2 -7.8 2.4
      vertex 20.625 -2.38157 2.4
    endloop
  endfacet
  facet normal 0 0 1
    outer loop
      vertex 20.0555 -1.94454 2.4
      vertex 14.2 -7.8 2.4
      vertex 20.3259 -2.18172 2.4
    endloop
  endfacet
  facet normal 0 0 1
    outer loop
      vertex 19.8183 -1.67409 2.4
      vertex 14.2 -7.8 2.4
      vertex 20.0555 -1.94454 2.4
    endloop
  endfacet
  facet normal 0 0 1
    outer loop
      vertex 19.6184 -1.375 2.4
      vertex 14.2 -7.8 2.4
      vertex 19.8183 -1.67409 2.4
    endloop
  endfacet
  facet normal 0 0 1
    outer loop
      vertex 19.4593 -1.05238 2.4
      vertex 14.2 -7.8 2.4
      vertex 19.6184 -1.375 2.4
    endloop
  endfacet
  facet normal -1 0 0
    outer loop
      vertex 29.8 -7.8 2.4
      vertex 29.8 7.8 8
      vertex 29.8 7.8 2.4
    endloop
  endfacet
  facet normal -1 -0 0
    outer loop
      vertex 29.8 7.8 8
      vertex 29.8 -7.8 2.4
      vertex 29.8 -7.8 8
    endloop
  endfacet
  facet normal 0 1 -0
    outer loop
      vertex 29.8 -7.8 2.4
      vertex 14.2 -7.8 8
      vertex 29.8 -7.8 8
    endloop
  endfacet
  facet normal 0 1 0
    outer loop
      vertex 14.2 -7.8 8
      vertex 29.8 -7.8 2.4
      vertex 14.2 -7.8 2.4
    endloop
  endfacet
  facet normal 0 -1 0
    outer loop
      vertex 14.2 7.8 2.4
      vertex 29.8 7.8 8
      vertex 14.2 7.8 8
    endloop
  endfacet
  facet normal 0 -1 -0
    outer loop
      vertex 29.8 7.8 8
      vertex 14.2 7.8 2.4
      vertex 29.8 7.8 2.4
    endloop
  endfacet
  facet normal 0.997864 -0.0653294 0
    outer loop
      vertex 24.7265 -0.358947 6.4
      vertex 24.75 0 2.4
      vertex 24.75 0 6.4
    endloop
  endfacet
  facet normal 0.997864 -0.0653294 0
    outer loop
      vertex 24.75 0 2.4
      vertex 24.7265 -0.358947 6.4
      vertex 24.7265 -0.358947 2.4
    endloop
  endfacet
  facet normal -0.997864 -0.0653294 0
    outer loop
      vertex 19.2735 -0.358947 2.4
      vertex 19.25 0 6.4
      vertex 19.25 0 2.4
    endloop
  endfacet
  facet normal -0.997864 -0.0653294 0
    outer loop
      vertex 19.25 0 6.4
      vertex 19.2735 -0.358947 2.4
      vertex 19.2735 -0.358947 6.4
    endloop
  endfacet
  facet normal 0.065421 -0.997858 0
    outer loop
      vertex 22 -2.75 2.4
      vertex 22.3589 -2.72647 6.4
      vertex 22 -2.75 6.4
    endloop
  endfacet
  facet normal 0.065421 -0.997858 0
    outer loop
      vertex 22.3589 -2.72647 6.4
      vertex 22 -2.75 2.4
      vertex 22.3589 -2.72647 2.4
    endloop
  endfacet
  facet normal 0.75181 -0.65938 0
    outer loop
      vertex 23.9445 -1.94454 6.4
      vertex 24.1817 -1.67409 2.4
      vertex 24.1817 -1.67409 6.4
    endloop
  endfacet
  facet normal 0.75181 -0.65938 0
    outer loop
      vertex 24.1817 -1.67409 2.4
      vertex 23.9445 -1.94454 6.4
      vertex 23.9445 -1.94454 2.4
    endloop
  endfacet
  facet normal -0.659417 -0.751777 0
    outer loop
      vertex 20.0555 -1.94454 2.4
      vertex 20.3259 -2.18172 6.4
      vertex 20.0555 -1.94454 6.4
    endloop
  endfacet
  facet normal -0.659417 -0.751777 -0
    outer loop
      vertex 20.3259 -2.18172 6.4
      vertex 20.0555 -1.94454 2.4
      vertex 20.3259 -2.18172 2.4
    endloop
  endfacet
  facet normal -0.321469 -0.94692 0
    outer loop
      vertex 20.9476 -2.54067 2.4
      vertex 21.2882 -2.6563 6.4
      vertex 20.9476 -2.54067 6.4
    endloop
  endfacet
  facet normal -0.321469 -0.94692 -0
    outer loop
      vertex 21.2882 -2.6563 6.4
      vertex 20.9476 -2.54067 2.4
      vertex 21.2882 -2.6563 2.4
    endloop
  endfacet
  facet normal 0.946954 -0.321371 0
    outer loop
      vertex 24.5407 -1.05238 6.4
      vertex 24.6563 -0.711752 2.4
      vertex 24.6563 -0.711752 6.4
    endloop
  endfacet
  facet normal 0.946954 -0.321371 0
    outer loop
      vertex 24.6563 -0.711752 2.4
      vertex 24.5407 -1.05238 6.4
      vertex 24.5407 -1.05238 2.4
    endloop
  endfacet
  facet normal 0.980773 -0.195151 0
    outer loop
      vertex 24.6563 -0.711752 6.4
      vertex 24.7265 -0.358947 2.4
      vertex 24.7265 -0.358947 6.4
    endloop
  endfacet
  facet normal 0.980773 -0.195151 0
    outer loop
      vertex 24.7265 -0.358947 2.4
      vertex 24.6563 -0.711752 6.4
      vertex 24.6563 -0.711752 2.4
    endloop
  endfacet
  facet normal 0.896871 -0.442292 0
    outer loop
      vertex 24.3816 -1.375 6.4
      vertex 24.5407 -1.05238 2.4
      vertex 24.5407 -1.05238 6.4
    endloop
  endfacet
  facet normal 0.896871 -0.442292 0
    outer loop
      vertex 24.5407 -1.05238 2.4
      vertex 24.3816 -1.375 6.4
      vertex 24.3816 -1.375 2.4
    endloop
  endfacet
  facet normal 0.442314 -0.89686 0
    outer loop
      vertex 23.0524 -2.54067 2.4
      vertex 23.375 -2.38157 6.4
      vertex 23.0524 -2.54067 6.4
    endloop
  endfacet
  facet normal 0.442314 -0.89686 0
    outer loop
      vertex 23.375 -2.38157 6.4
      vertex 23.0524 -2.54067 2.4
      vertex 23.375 -2.38157 2.4
    endloop
  endfacet
  facet normal 0.321469 -0.94692 0
    outer loop
      vertex 22.7118 -2.6563 2.4
      vertex 23.0524 -2.54067 6.4
      vertex 22.7118 -2.6563 6.4
    endloop
  endfacet
  facet normal 0.321469 -0.94692 0
    outer loop
      vertex 23.0524 -2.54067 6.4
      vertex 22.7118 -2.6563 2.4
      vertex 23.0524 -2.54067 2.4
    endloop
  endfacet
  facet normal 0.555566 -0.831472 0
    outer loop
      vertex 23.375 -2.38157 2.4
      vertex 23.6741 -2.18172 6.4
      vertex 23.375 -2.38157 6.4
    endloop
  endfacet
  facet normal 0.555566 -0.831472 0
    outer loop
      vertex 23.6741 -2.18172 6.4
      vertex 23.375 -2.38157 2.4
      vertex 23.6741 -2.18172 2.4
    endloop
  endfacet
  facet normal -0.896871 -0.442292 0
    outer loop
      vertex 19.6184 -1.375 2.4
      vertex 19.4593 -1.05238 6.4
      vertex 19.4593 -1.05238 2.4
    endloop
  endfacet
  facet normal -0.896871 -0.442292 0
    outer loop
      vertex 19.4593 -1.05238 6.4
      vertex 19.6184 -1.375 2.4
      vertex 19.6184 -1.375 6.4
    endloop
  endfacet
  facet normal -0.8314 -0.555675 0
    outer loop
      vertex 19.8183 -1.67409 2.4
      vertex 19.6184 -1.375 6.4
      vertex 19.6184 -1.375 2.4
    endloop
  endfacet
  facet normal -0.8314 -0.555675 0
    outer loop
      vertex 19.6184 -1.375 6.4
      vertex 19.8183 -1.67409 2.4
      vertex 19.8183 -1.67409 6.4
    endloop
  endfacet
  facet normal -0.946954 -0.321371 0
    outer loop
      vertex 19.4593 -1.05238 2.4
      vertex 19.3437 -0.711752 6.4
      vertex 19.3437 -0.711752 2.4
    endloop
  endfacet
  facet normal -0.946954 -0.321371 0
    outer loop
      vertex 19.3437 -0.711752 6.4
      vertex 19.4593 -1.05238 2.4
      vertex 19.4593 -1.05238 6.4
    endloop
  endfacet
  facet normal -0.442314 -0.89686 0
    outer loop
      vertex 20.625 -2.38157 2.4
      vertex 20.9476 -2.54067 6.4
      vertex 20.625 -2.38157 6.4
    endloop
  endfacet
  facet normal -0.442314 -0.89686 -0
    outer loop
      vertex 20.9476 -2.54067 6.4
      vertex 20.625 -2.38157 2.4
      vertex 20.9476 -2.54067 2.4
    endloop
  endfacet
  facet normal -0.19502 -0.980799 0
    outer loop
      vertex 21.2882 -2.6563 2.4
      vertex 21.6411 -2.72647 6.4
      vertex 21.2882 -2.6563 6.4
    endloop
  endfacet
  facet normal -0.19502 -0.980799 -0
    outer loop
      vertex 21.6411 -2.72647 6.4
      vertex 21.2882 -2.6563 2.4
      vertex 21.6411 -2.72647 2.4
    endloop
  endfacet
  facet normal 0.659417 0.751777 -0
    outer loop
      vertex 23.9445 1.94454 2.4
      vertex 23.6741 2.18172 6.4
      vertex 23.9445 1.94454 6.4
    endloop
  endfacet
  facet normal 0.659417 0.751777 0
    outer loop
      vertex 23.6741 2.18172 6.4
      vertex 23.9445 1.94454 2.4
      vertex 23.6741 2.18172 2.4
    endloop
  endfacet
  facet normal 0.442314 0.89686 -0
    outer loop
      vertex 23.375 2.38157 2.4
      vertex 23.0524 2.54067 6.4
      vertex 23.375 2.38157 6.4
    endloop
  endfacet
  facet normal 0.442314 0.89686 0
    outer loop
      vertex 23.0524 2.54067 6.4
      vertex 23.375 2.38157 2.4
      vertex 23.0524 2.54067 2.4
    endloop
  endfacet
  facet normal 0.896871 0.442292 0
    outer loop
      vertex 24.5407 1.05238 6.4
      vertex 24.3816 1.375 2.4
      vertex 24.3816 1.375 6.4
    endloop
  endfacet
  facet normal 0.896871 0.442292 0
    outer loop
      vertex 24.3816 1.375 2.4
      vertex 24.5407 1.05238 6.4
      vertex 24.5407 1.05238 2.4
    endloop
  endfacet
  facet normal 0.980773 0.195151 0
    outer loop
      vertex 24.7265 0.358947 6.4
      vertex 24.6563 0.711752 2.4
      vertex 24.6563 0.711752 6.4
    endloop
  endfacet
  facet normal 0.980773 0.195151 0
    outer loop
      vertex 24.6563 0.711752 2.4
      vertex 24.7265 0.358947 6.4
      vertex 24.7265 0.358947 2.4
    endloop
  endfacet
  facet normal -0.442314 0.89686 0
    outer loop
      vertex 20.9476 2.54067 2.4
      vertex 20.625 2.38157 6.4
      vertex 20.9476 2.54067 6.4
    endloop
  endfacet
  facet normal -0.442314 0.89686 0
    outer loop
      vertex 20.625 2.38157 6.4
      vertex 20.9476 2.54067 2.4
      vertex 20.625 2.38157 2.4
    endloop
  endfacet
  facet normal -0.321469 0.94692 0
    outer loop
      vertex 21.2882 2.6563 2.4
      vertex 20.9476 2.54067 6.4
      vertex 21.2882 2.6563 6.4
    endloop
  endfacet
  facet normal -0.321469 0.94692 0
    outer loop
      vertex 20.9476 2.54067 6.4
      vertex 21.2882 2.6563 2.4
      vertex 20.9476 2.54067 2.4
    endloop
  endfacet
  facet normal -0.896871 0.442292 0
    outer loop
      vertex 19.4593 1.05238 2.4
      vertex 19.6184 1.375 6.4
      vertex 19.6184 1.375 2.4
    endloop
  endfacet
  facet normal -0.896871 0.442292 0
    outer loop
      vertex 19.6184 1.375 6.4
      vertex 19.4593 1.05238 2.4
      vertex 19.4593 1.05238 6.4
    endloop
  endfacet
  facet normal -0.8314 0.555675 0
    outer loop
      vertex 19.6184 1.375 2.4
      vertex 19.8183 1.67409 6.4
      vertex 19.8183 1.67409 2.4
    endloop
  endfacet
  facet normal -0.8314 0.555675 0
    outer loop
      vertex 19.8183 1.67409 6.4
      vertex 19.6184 1.375 2.4
      vertex 19.6184 1.375 6.4
    endloop
  endfacet
  facet normal -0 0 1
    outer loop
      vertex 20.0555 -1.94454 6.4
      vertex 21.325 -2.1 6.4
      vertex 21.325 -0.674999 6.4
    endloop
  endfacet
  facet normal 0 0 1
    outer loop
      vertex 21.325 -2.1 6.4
      vertex 20.9476 -2.54067 6.4
      vertex 21.2882 -2.6563 6.4
    endloop
  endfacet
  facet normal 0 0 1
    outer loop
      vertex 21.325 -2.1 6.4
      vertex 20.625 -2.38157 6.4
      vertex 20.9476 -2.54067 6.4
    endloop
  endfacet
  facet normal 0 0 1
    outer loop
      vertex 21.325 -2.1 6.4
      vertex 20.3259 -2.18172 6.4
      vertex 20.625 -2.38157 6.4
    endloop
  endfacet
  facet normal 0 0 1
    outer loop
      vertex 21.325 -2.1 6.4
      vertex 20.0555 -1.94454 6.4
      vertex 20.3259 -2.18172 6.4
    endloop
  endfacet
  facet normal -0 0 1
    outer loop
      vertex 19.9 -0.674999 6.4
      vertex 20.0555 -1.94454 6.4
      vertex 21.325 -0.674999 6.4
    endloop
  endfacet
  facet normal 0 0 1
    outer loop
      vertex 19.9 -0.674999 6.4
      vertex 19.8183 -1.67409 6.4
      vertex 20.0555 -1.94454 6.4
    endloop
  endfacet
  facet normal -0 0 1
    outer loop
      vertex 19.4593 1.05238 6.4
      vertex 19.9 0.674999 6.4
      vertex 19.6184 1.375 6.4
    endloop
  endfacet
  facet normal -0 0 1
    outer loop
      vertex 19.3437 0.711752 6.4
      vertex 19.9 0.674999 6.4
      vertex 19.4593 1.05238 6.4
    endloop
  endfacet
  facet normal 0 0 1
    outer loop
      vertex 19.9 -0.674999 6.4
      vertex 19.6184 -1.375 6.4
      vertex 19.8183 -1.67409 6.4
    endloop
  endfacet
  facet normal 0 0 1
    outer loop
      vertex 19.2735 0.358947 6.4
      vertex 19.9 0.674999 6.4
      vertex 19.3437 0.711752 6.4
    endloop
  endfacet
  facet normal 0 0 1
    outer loop
      vertex 19.9 -0.674999 6.4
      vertex 19.4593 -1.05238 6.4
      vertex 19.6184 -1.375 6.4
    endloop
  endfacet
  facet normal 0 0 1
    outer loop
      vertex 19.25 0 6.4
      vertex 19.9 0.674999 6.4
      vertex 19.2735 0.358947 6.4
    endloop
  endfacet
  facet normal 0 0 1
    outer loop
      vertex 19.9 -0.674999 6.4
      vertex 19.3437 -0.711752 6.4
      vertex 19.4593 -1.05238 6.4
    endloop
  endfacet
  facet normal 0 0 1
    outer loop
      vertex 19.9 0.674999 6.4
      vertex 19.25 0 6.4
      vertex 19.9 -0.674999 6.4
    endloop
  endfacet
  facet normal 0 0 1
    outer loop
      vertex 19.9 -0.674999 6.4
      vertex 19.2735 -0.358947 6.4
      vertex 19.3437 -0.711752 6.4
    endloop
  endfacet
  facet normal 0 0 1
    outer loop
      vertex 19.9 -0.674999 6.4
      vertex 19.25 0 6.4
      vertex 19.2735 -0.358947 6.4
    endloop
  endfacet
  facet normal 0 0 1
    outer loop
      vertex 22.3589 2.72647 6.4
      vertex 22.675 2.1 6.4
      vertex 22.7118 2.6563 6.4
    endloop
  endfacet
  facet normal 0 0 1
    outer loop
      vertex 22 2.75 6.4
      vertex 22.675 2.1 6.4
      vertex 22.3589 2.72647 6.4
    endloop
  endfacet
  facet normal 0 0 1
    outer loop
      vertex 21.325 2.1 6.4
      vertex 22 2.75 6.4
      vertex 21.6411 2.72647 6.4
    endloop
  endfacet
  facet normal 0 0 1
    outer loop
      vertex 22 2.75 6.4
      vertex 21.325 2.1 6.4
      vertex 22.675 2.1 6.4
    endloop
  endfacet
  facet normal -0 0 1
    outer loop
      vertex 21.2882 2.6563 6.4
      vertex 21.325 2.1 6.4
      vertex 21.6411 2.72647 6.4
    endloop
  endfacet
  facet normal -0 0 1
    outer loop
      vertex 20.9476 2.54067 6.4
      vertex 21.325 2.1 6.4
      vertex 21.2882 2.6563 6.4
    endloop
  endfacet
  facet normal -0 0 1
    outer loop
      vertex 20.625 2.38157 6.4
      vertex 21.325 2.1 6.4
      vertex 20.9476 2.54067 6.4
    endloop
  endfacet
  facet normal -0 0 1
    outer loop
      vertex 20.3259 2.18172 6.4
      vertex 21.325 2.1 6.4
      vertex 20.625 2.38157 6.4
    endloop
  endfacet
  facet normal 0 0 1
    outer loop
      vertex 20.0555 1.94454 6.4
      vertex 21.325 2.1 6.4
      vertex 20.3259 2.18172 6.4
    endloop
  endfacet
  facet normal 0 0 1
    outer loop
      vertex 21.325 2.1 6.4
      vertex 20.0555 1.94454 6.4
      vertex 21.325 0.674999 6.4
    endloop
  endfacet
  facet normal 0 0 1
    outer loop
      vertex 20.0555 1.94454 6.4
      vertex 19.9 0.674999 6.4
      vertex 21.325 0.674999 6.4
    endloop
  endfacet
  facet normal -0 0 1
    outer loop
      vertex 19.6184 1.375 6.4
      vertex 19.9 0.674999 6.4
      vertex 19.8183 1.67409 6.4
    endloop
  endfacet
  facet normal -0 0 1
    outer loop
      vertex 19.8183 1.67409 6.4
      vertex 19.9 0.674999 6.4
      vertex 20.0555 1.94454 6.4
    endloop
  endfacet
  facet normal 0 0 1
    outer loop
      vertex 24.1 0.674999 6.4
      vertex 24.75 0 6.4
      vertex 24.7265 0.358947 6.4
    endloop
  endfacet
  facet normal -0 0 1
    outer loop
      vertex 24.1 0.674999 6.4
      vertex 24.7265 0.358947 6.4
      vertex 24.6563 0.711752 6.4
    endloop
  endfacet
  facet normal 0 0 1
    outer loop
      vertex 24.1 -0.674999 6.4
      vertex 24.75 0 6.4
      vertex 24.1 0.674999 6.4
    endloop
  endfacet
  facet normal 0 0 1
    outer loop
      vertex 24.1 0.674999 6.4
      vertex 24.6563 0.711752 6.4
      vertex 24.5407 1.05238 6.4
    endloop
  endfacet
  facet normal 0 0 1
    outer loop
      vertex 24.75 0 6.4
      vertex 24.1 -0.674999 6.4
      vertex 24.7265 -0.358947 6.4
    endloop
  endfacet
  facet normal 0 0 1
    outer loop
      vertex 24.1 0.674999 6.4
      vertex 24.5407 1.05238 6.4
      vertex 24.3816 1.375 6.4
    endloop
  endfacet
  facet normal 0 0 1
    outer loop
      vertex 24.7265 -0.358947 6.4
      vertex 24.1 -0.674999 6.4
      vertex 24.6563 -0.711752 6.4
    endloop
  endfacet
  facet normal 0 0 1
    outer loop
      vertex 24.1 0.674999 6.4
      vertex 24.3816 1.375 6.4
      vertex 24.1817 1.67409 6.4
    endloop
  endfacet
  facet normal 0 0 1
    outer loop
      vertex 24.6563 -0.711752 6.4
      vertex 24.1 -0.674999 6.4
      vertex 24.5407 -1.05238 6.4
    endloop
  endfacet
  facet normal 0 0 1
    outer loop
      vertex 24.5407 -1.05238 6.4
      vertex 24.1 -0.674999 6.4
      vertex 24.3816 -1.375 6.4
    endloop
  endfacet
  facet normal 0 0 1
    outer loop
      vertex 23.9445 1.94454 6.4
      vertex 24.1 0.674999 6.4
      vertex 24.1817 1.67409 6.4
    endloop
  endfacet
  facet normal -0 0 1
    outer loop
      vertex 22.675 2.1 6.4
      vertex 23.9445 1.94454 6.4
      vertex 23.6741 2.18172 6.4
    endloop
  endfacet
  facet normal 0 0 1
    outer loop
      vertex 22.675 2.1 6.4
      vertex 23.6741 2.18172 6.4
      vertex 23.375 2.38157 6.4
    endloop
  endfacet
  facet normal 0 0 1
    outer loop
      vertex 22.675 2.1 6.4
      vertex 23.375 2.38157 6.4
      vertex 23.0524 2.54067 6.4
    endloop
  endfacet
  facet normal 0 0 1
    outer loop
      vertex 22.675 2.1 6.4
      vertex 23.0524 2.54067 6.4
      vertex 22.7118 2.6563 6.4
    endloop
  endfacet
  facet normal 0 0 1
    outer loop
      vertex 23.9445 1.94454 6.4
      vertex 22.675 2.1 6.4
      vertex 22.675 0.674999 6.4
    endloop
  endfacet
  facet normal 0 0 1
    outer loop
      vertex 23.9445 1.94454 6.4
      vertex 22.675 0.674999 6.4
      vertex 24.1 0.674999 6.4
    endloop
  endfacet
  facet normal 0 0 1
    outer loop
      vertex 24.3816 -1.375 6.4
      vertex 24.1 -0.674999 6.4
      vertex 24.1817 -1.67409 6.4
    endloop
  endfacet
  facet normal 0 0 1
    outer loop
      vertex 24.1 -0.674999 6.4
      vertex 23.9445 -1.94454 6.4
      vertex 24.1817 -1.67409 6.4
    endloop
  endfacet
  facet normal -0 0 1
    outer loop
      vertex 22.675 -0.674999 6.4
      vertex 23.9445 -1.94454 6.4
      vertex 24.1 -0.674999 6.4
    endloop
  endfacet
  facet normal 0 0 1
    outer loop
      vertex 22.675 -2.1 6.4
      vertex 23.9445 -1.94454 6.4
      vertex 22.675 -0.674999 6.4
    endloop
  endfacet
  facet normal 0 0 1
    outer loop
      vertex 23.9445 -1.94454 6.4
      vertex 22.675 -2.1 6.4
      vertex 23.6741 -2.18172 6.4
    endloop
  endfacet
  facet normal 0 0 1
    outer loop
      vertex 23.375 -2.38157 6.4
      vertex 22.675 -2.1 6.4
      vertex 23.0524 -2.54067 6.4
    endloop
  endfacet
  facet normal 0 0 1
    outer loop
      vertex 23.6741 -2.18172 6.4
      vertex 22.675 -2.1 6.4
      vertex 23.375 -2.38157 6.4
    endloop
  endfacet
  facet normal 0 0 1
    outer loop
      vertex 23.0524 -2.54067 6.4
      vertex 22.675 -2.1 6.4
      vertex 22.7118 -2.6563 6.4
    endloop
  endfacet
  facet normal 0 0 1
    outer loop
      vertex 22.675 -2.1 6.4
      vertex 22.3589 -2.72647 6.4
      vertex 22.7118 -2.6563 6.4
    endloop
  endfacet
  facet normal 0 0 1
    outer loop
      vertex 22.675 -2.1 6.4
      vertex 22 -2.75 6.4
      vertex 22.3589 -2.72647 6.4
    endloop
  endfacet
  facet normal -0 0 1
    outer loop
      vertex 21.325 -2.1 6.4
      vertex 22 -2.75 6.4
      vertex 22.675 -2.1 6.4
    endloop
  endfacet
  facet normal 0 0 1
    outer loop
      vertex 22 -2.75 6.4
      vertex 21.325 -2.1 6.4
      vertex 21.6411 -2.72647 6.4
    endloop
  endfacet
  facet normal 0 0 1
    outer loop
      vertex 21.6411 -2.72647 6.4
      vertex 21.325 -2.1 6.4
      vertex 21.2882 -2.6563 6.4
    endloop
  endfacet
  facet normal 0.8314 -0.555675 0
    outer loop
      vertex 24.1817 -1.67409 6.4
      vertex 24.3816 -1.375 2.4
      vertex 24.3816 -1.375 6.4
    endloop
  endfacet
  facet normal 0.8314 -0.555675 0
    outer loop
      vertex 24.3816 -1.375 2.4
      vertex 24.1817 -1.67409 6.4
      vertex 24.1817 -1.67409 2.4
    endloop
  endfacet
  facet normal 0.19502 -0.980799 0
    outer loop
      vertex 22.3589 -2.72647 2.4
      vertex 22.7118 -2.6563 6.4
      vertex 22.3589 -2.72647 6.4
    endloop
  endfacet
  facet normal 0.19502 -0.980799 0
    outer loop
      vertex 22.7118 -2.6563 6.4
      vertex 22.3589 -2.72647 2.4
      vertex 22.7118 -2.6563 2.4
    endloop
  endfacet
  facet normal 0.659417 -0.751777 0
    outer loop
      vertex 23.6741 -2.18172 2.4
      vertex 23.9445 -1.94454 6.4
      vertex 23.6741 -2.18172 6.4
    endloop
  endfacet
  facet normal 0.659417 -0.751777 0
    outer loop
      vertex 23.9445 -1.94454 6.4
      vertex 23.6741 -2.18172 2.4
      vertex 23.9445 -1.94454 2.4
    endloop
  endfacet
  facet normal -0.75181 -0.65938 0
    outer loop
      vertex 20.0555 -1.94454 2.4
      vertex 19.8183 -1.67409 6.4
      vertex 19.8183 -1.67409 2.4
    endloop
  endfacet
  facet normal -0.75181 -0.65938 0
    outer loop
      vertex 19.8183 -1.67409 6.4
      vertex 20.0555 -1.94454 2.4
      vertex 20.0555 -1.94454 6.4
    endloop
  endfacet
  facet normal -0.980773 -0.195151 0
    outer loop
      vertex 19.3437 -0.711752 2.4
      vertex 19.2735 -0.358947 6.4
      vertex 19.2735 -0.358947 2.4
    endloop
  endfacet
  facet normal -0.980773 -0.195151 0
    outer loop
      vertex 19.2735 -0.358947 6.4
      vertex 19.3437 -0.711752 2.4
      vertex 19.3437 -0.711752 6.4
    endloop
  endfacet
  facet normal -0.555566 -0.831472 0
    outer loop
      vertex 20.3259 -2.18172 2.4
      vertex 20.625 -2.38157 6.4
      vertex 20.3259 -2.18172 6.4
    endloop
  endfacet
  facet normal -0.555566 -0.831472 -0
    outer loop
      vertex 20.625 -2.38157 6.4
      vertex 20.3259 -2.18172 2.4
      vertex 20.625 -2.38157 2.4
    endloop
  endfacet
  facet normal -0.065421 -0.997858 0
    outer loop
      vertex 21.6411 -2.72647 2.4
      vertex 22 -2.75 6.4
      vertex 21.6411 -2.72647 6.4
    endloop
  endfacet
  facet normal -0.065421 -0.997858 -0
    outer loop
      vertex 22 -2.75 6.4
      vertex 21.6411 -2.72647 2.4
      vertex 22 -2.75 2.4
    endloop
  endfacet
  facet normal 0.065421 0.997858 -0
    outer loop
      vertex 22.3589 2.72647 2.4
      vertex 22 2.75 6.4
      vertex 22.3589 2.72647 6.4
    endloop
  endfacet
  facet normal 0.065421 0.997858 0
    outer loop
      vertex 22 2.75 6.4
      vertex 22.3589 2.72647 2.4
      vertex 22 2.75 2.4
    endloop
  endfacet
  facet normal 0.321469 0.94692 -0
    outer loop
      vertex 23.0524 2.54067 2.4
      vertex 22.7118 2.6563 6.4
      vertex 23.0524 2.54067 6.4
    endloop
  endfacet
  facet normal 0.321469 0.94692 0
    outer loop
      vertex 22.7118 2.6563 6.4
      vertex 23.0524 2.54067 2.4
      vertex 22.7118 2.6563 2.4
    endloop
  endfacet
  facet normal 0.555566 0.831472 -0
    outer loop
      vertex 23.6741 2.18172 2.4
      vertex 23.375 2.38157 6.4
      vertex 23.6741 2.18172 6.4
    endloop
  endfacet
  facet normal 0.555566 0.831472 0
    outer loop
      vertex 23.375 2.38157 6.4
      vertex 23.6741 2.18172 2.4
      vertex 23.375 2.38157 2.4
    endloop
  endfacet
  facet normal 0.75181 0.65938 0
    outer loop
      vertex 24.1817 1.67409 6.4
      vertex 23.9445 1.94454 2.4
      vertex 23.9445 1.94454 6.4
    endloop
  endfacet
  facet normal 0.75181 0.65938 0
    outer loop
      vertex 23.9445 1.94454 2.4
      vertex 24.1817 1.67409 6.4
      vertex 24.1817 1.67409 2.4
    endloop
  endfacet
  facet normal 0.8314 0.555675 0
    outer loop
      vertex 24.3816 1.375 6.4
      vertex 24.1817 1.67409 2.4
      vertex 24.1817 1.67409 6.4
    endloop
  endfacet
  facet normal 0.8314 0.555675 0
    outer loop
      vertex 24.1817 1.67409 2.4
      vertex 24.3816 1.375 6.4
      vertex 24.3816 1.375 2.4
    endloop
  endfacet
  facet normal -0.659417 0.751777 0
    outer loop
      vertex 20.3259 2.18172 2.4
      vertex 20.0555 1.94454 6.4
      vertex 20.3259 2.18172 6.4
    endloop
  endfacet
  facet normal -0.659417 0.751777 0
    outer loop
      vertex 20.0555 1.94454 6.4
      vertex 20.3259 2.18172 2.4
      vertex 20.0555 1.94454 2.4
    endloop
  endfacet
  facet normal -0.555566 0.831472 0
    outer loop
      vertex 20.625 2.38157 2.4
      vertex 20.3259 2.18172 6.4
      vertex 20.625 2.38157 6.4
    endloop
  endfacet
  facet normal -0.555566 0.831472 0
    outer loop
      vertex 20.3259 2.18172 6.4
      vertex 20.625 2.38157 2.4
      vertex 20.3259 2.18172 2.4
    endloop
  endfacet
  facet normal -0.19502 0.980799 0
    outer loop
      vertex 21.6411 2.72647 2.4
      vertex 21.2882 2.6563 6.4
      vertex 21.6411 2.72647 6.4
    endloop
  endfacet
  facet normal -0.19502 0.980799 0
    outer loop
      vertex 21.2882 2.6563 6.4
      vertex 21.6411 2.72647 2.4
      vertex 21.2882 2.6563 2.4
    endloop
  endfacet
  facet normal -0.75181 0.65938 0
    outer loop
      vertex 19.8183 1.67409 2.4
      vertex 20.0555 1.94454 6.4
      vertex 20.0555 1.94454 2.4
    endloop
  endfacet
  facet normal -0.75181 0.65938 0
    outer loop
      vertex 20.0555 1.94454 6.4
      vertex 19.8183 1.67409 2.4
      vertex 19.8183 1.67409 6.4
    endloop
  endfacet
  facet normal -0.946954 0.321371 0
    outer loop
      vertex 19.3437 0.711752 2.4
      vertex 19.4593 1.05238 6.4
      vertex 19.4593 1.05238 2.4
    endloop
  endfacet
  facet normal -0.946954 0.321371 0
    outer loop
      vertex 19.4593 1.05238 6.4
      vertex 19.3437 0.711752 2.4
      vertex 19.3437 0.711752 6.4
    endloop
  endfacet
  facet normal -0.997864 0.0653294 0
    outer loop
      vertex 19.25 0 2.4
      vertex 19.2735 0.358947 6.4
      vertex 19.2735 0.358947 2.4
    endloop
  endfacet
  facet normal -0.997864 0.0653294 0
    outer loop
      vertex 19.2735 0.358947 6.4
      vertex 19.25 0 2.4
      vertex 19.25 0 6.4
    endloop
  endfacet
  facet normal 0.997864 0.0653294 0
    outer loop
      vertex 24.75 0 6.4
      vertex 24.7265 0.358947 2.4
      vertex 24.7265 0.358947 6.4
    endloop
  endfacet
  facet normal 0.997864 0.0653294 0
    outer loop
      vertex 24.7265 0.358947 2.4
      vertex 24.75 0 6.4
      vertex 24.75 0 2.4
    endloop
  endfacet
  facet normal 0.19502 0.980799 -0
    outer loop
      vertex 22.7118 2.6563 2.4
      vertex 22.3589 2.72647 6.4
      vertex 22.7118 2.6563 6.4
    endloop
  endfacet
  facet normal 0.19502 0.980799 0
    outer loop
      vertex 22.3589 2.72647 6.4
      vertex 22.7118 2.6563 2.4
      vertex 22.3589 2.72647 2.4
    endloop
  endfacet
  facet normal 0.946954 0.321371 0
    outer loop
      vertex 24.6563 0.711752 6.4
      vertex 24.5407 1.05238 2.4
      vertex 24.5407 1.05238 6.4
    endloop
  endfacet
  facet normal 0.946954 0.321371 0
    outer loop
      vertex 24.5407 1.05238 2.4
      vertex 24.6563 0.711752 6.4
      vertex 24.6563 0.711752 2.4
    endloop
  endfacet
  facet normal -0.065421 0.997858 0
    outer loop
      vertex 22 2.75 2.4
      vertex 21.6411 2.72647 6.4
      vertex 22 2.75 6.4
    endloop
  endfacet
  facet normal -0.065421 0.997858 0
    outer loop
      vertex 21.6411 2.72647 6.4
      vertex 22 2.75 2.4
      vertex 21.6411 2.72647 2.4
    endloop
  endfacet
  facet normal -0.980773 0.195151 0
    outer loop
      vertex 19.2735 0.358947 2.4
      vertex 19.3437 0.711752 6.4
      vertex 19.3437 0.711752 2.4
    endloop
  endfacet
  facet normal -0.980773 0.195151 0
    outer loop
      vertex 19.3437 0.711752 6.4
      vertex 19.2735 0.358947 2.4
      vertex 19.2735 0.358947 6.4
    endloop
  endfacet
  facet normal 1 -0 0
    outer loop
      vertex 19.9 -0.674999 6.4
      vertex 19.9 0.674999 2.4
      vertex 19.9 0.674999 6.4
    endloop
  endfacet
  facet normal 1 0 0
    outer loop
      vertex 19.9 0.674999 2.4
      vertex 19.9 -0.674999 6.4
      vertex 19.9 -0.674999 2.4
    endloop
  endfacet
  facet normal -0 0 1
    outer loop
      vertex 19.9 0.674999 2.4
      vertex 21.325 -0.674999 2.4
      vertex 21.325 0.674999 2.4
    endloop
  endfacet
  facet normal 0 0 1
    outer loop
      vertex 21.325 -0.674999 2.4
      vertex 19.9 0.674999 2.4
      vertex 19.9 -0.674999 2.4
    endloop
  endfacet
  facet normal 0 0 1
    outer loop
      vertex 21.325 0.674999 2.4
      vertex 22.675 0.674999 2.4
      vertex 22.675 2.1 2.4
    endloop
  endfacet
  facet normal 0 0 1
    outer loop
      vertex 22.675 0.674999 2.4
      vertex 21.325 0.674999 2.4
      vertex 22.675 -0.674999 2.4
    endloop
  endfacet
  facet normal 0 0 1
    outer loop
      vertex 21.325 0.674999 2.4
      vertex 22.675 2.1 2.4
      vertex 21.325 2.1 2.4
    endloop
  endfacet
  facet normal 0 0 1
    outer loop
      vertex 21.325 -0.674999 2.4
      vertex 22.675 -0.674999 2.4
      vertex 21.325 0.674999 2.4
    endloop
  endfacet
  facet normal 0 0 1
    outer loop
      vertex 22.675 -0.674999 2.4
      vertex 21.325 -0.674999 2.4
      vertex 22.675 -2.1 2.4
    endloop
  endfacet
  facet normal 0 0 1
    outer loop
      vertex 22.675 -2.1 2.4
      vertex 21.325 -0.674999 2.4
      vertex 21.325 -2.1 2.4
    endloop
  endfacet
  facet normal -0 0 1
    outer loop
      vertex 22.675 0.674999 2.4
      vertex 24.1 -0.674999 2.4
      vertex 24.1 0.674999 2.4
    endloop
  endfacet
  facet normal 0 0 1
    outer loop
      vertex 24.1 -0.674999 2.4
      vertex 22.675 0.674999 2.4
      vertex 22.675 -0.674999 2.4
    endloop
  endfacet
  facet normal -1 0 0
    outer loop
      vertex 24.1 -0.674999 2.4
      vertex 24.1 0.674999 6.4
      vertex 24.1 0.674999 2.4
    endloop
  endfacet
  facet normal -1 -0 0
    outer loop
      vertex 24.1 0.674999 6.4
      vertex 24.1 -0.674999 2.4
      vertex 24.1 -0.674999 6.4
    endloop
  endfacet
  facet normal 0 -1 0
    outer loop
      vertex 22.675 0.674999 2.4
      vertex 24.1 0.674999 6.4
      vertex 22.675 0.674999 6.4
    endloop
  endfacet
  facet normal 0 -1 -0
    outer loop
      vertex 24.1 0.674999 6.4
      vertex 22.675 0.674999 2.4
      vertex 24.1 0.674999 2.4
    endloop
  endfacet
  facet normal 0 -1 0
    outer loop
      vertex 19.9 0.674999 2.4
      vertex 21.325 0.674999 6.4
      vertex 19.9 0.674999 6.4
    endloop
  endfacet
  facet normal 0 -1 -0
    outer loop
      vertex 21.325 0.674999 6.4
      vertex 19.9 0.674999 2.4
      vertex 21.325 0.674999 2.4
    endloop
  endfacet
  facet normal 0 1 -0
    outer loop
      vertex 24.1 -0.674999 2.4
      vertex 22.675 -0.674999 6.4
      vertex 24.1 -0.674999 6.4
    endloop
  endfacet
  facet normal 0 1 0
    outer loop
      vertex 22.675 -0.674999 6.4
      vertex 24.1 -0.674999 2.4
      vertex 22.675 -0.674999 2.4
    endloop
  endfacet
  facet normal 0 1 -0
    outer loop
      vertex 21.325 -0.674999 2.4
      vertex 19.9 -0.674999 6.4
      vertex 21.325 -0.674999 6.4
    endloop
  endfacet
  facet normal 0 1 0
    outer loop
      vertex 19.9 -0.674999 6.4
      vertex 21.325 -0.674999 2.4
      vertex 19.9 -0.674999 2.4
    endloop
  endfacet
  facet normal 0 1 -0
    outer loop
      vertex 22.675 -2.1 2.4
      vertex 21.325 -2.1 6.4
      vertex 22.675 -2.1 6.4
    endloop
  endfacet
  facet normal 0 1 0
    outer loop
      vertex 21.325 -2.1 6.4
      vertex 22.675 -2.1 2.4
      vertex 21.325 -2.1 2.4
    endloop
  endfacet
  facet normal 0 -1 0
    outer loop
      vertex 21.325 2.1 2.4
      vertex 22.675 2.1 6.4
      vertex 21.325 2.1 6.4
    endloop
  endfacet
  facet normal 0 -1 -0
    outer loop
      vertex 22.675 2.1 6.4
      vertex 21.325 2.1 2.4
      vertex 22.675 2.1 2.4
    endloop
  endfacet
  facet normal -1 0 0
    outer loop
      vertex 22.675 -2.1 2.4
      vertex 22.675 -0.674999 6.4
      vertex 22.675 -0.674999 2.4
    endloop
  endfacet
  facet normal -1 -0 0
    outer loop
      vertex 22.675 -0.674999 6.4
      vertex 22.675 -2.1 2.4
      vertex 22.675 -2.1 6.4
    endloop
  endfacet
  facet normal -1 0 0
    outer loop
      vertex 22.675 0.674999 2.4
      vertex 22.675 2.1 6.4
      vertex 22.675 2.1 2.4
    endloop
  endfacet
  facet normal -1 -0 0
    outer loop
      vertex 22.675 2.1 6.4
      vertex 22.675 0.674999 2.4
      vertex 22.675 0.674999 6.4
    endloop
  endfacet
  facet normal 1 -0 0
    outer loop
      vertex 21.325 -2.1 6.4
      vertex 21.325 -0.674999 2.4
      vertex 21.325 -0.674999 6.4
    endloop
  endfacet
  facet normal 1 0 0
    outer loop
      vertex 21.325 -0.674999 2.4
      vertex 21.325 -2.1 6.4
      vertex 21.325 -2.1 2.4
    endloop
  endfacet
  facet normal 1 -0 0
    outer loop
      vertex 21.325 0.674999 6.4
      vertex 21.325 2.1 2.4
      vertex 21.325 2.1 6.4
    endloop
  endfacet
  facet normal 1 0 0
    outer loop
      vertex 21.325 2.1 2.4
      vertex 21.325 0.674999 6.4
      vertex 21.325 0.674999 2.4
    endloop
  endfacet
  facet normal 0 0 -1
    outer loop
      vertex 27.5024 -1.27011 0.6
      vertex 28.4533 -1.49301 0.6
      vertex 28.397 -1.6539 0.6
    endloop
  endfacet
  facet normal 0 0 -1
    outer loop
      vertex 27.4716 -1.34892 0.6
      vertex 28.397 -1.6539 0.6
      vertex 28.3279 -1.79997 0.6
    endloop
  endfacet
  facet normal 0 0 -1
    outer loop
      vertex 27.4346 -1.42151 0.6
      vertex 28.3279 -1.79997 0.6
      vertex 28.2458 -1.93123 0.6
    endloop
  endfacet
  facet normal 0 0 -1
    outer loop
      vertex 27.4346 -1.42151 0.6
      vertex 28.2458 -1.93123 0.6
      vertex 28.1507 -2.04768 0.6
    endloop
  endfacet
  facet normal 0 0 -1
    outer loop
      vertex 27.3912 -1.48787 0.6
      vertex 28.1507 -2.04768 0.6
      vertex 28.0427 -2.14934 0.6
    endloop
  endfacet
  facet normal 0 0 -1
    outer loop
      vertex 27.3416 -1.54799 0.6
      vertex 28.0427 -2.14934 0.6
      vertex 27.9218 -2.23616 0.6
    endloop
  endfacet
  facet normal 0 0 -1
    outer loop
      vertex 27.3416 -1.54799 0.6
      vertex 27.9218 -2.23616 0.6
      vertex 27.7854 -2.30994 0.6
    endloop
  endfacet
  facet normal 0 0 -1
    outer loop
      vertex 27.2856 -1.6019 0.6
      vertex 27.7854 -2.30994 0.6
      vertex 27.6309 -2.37236 0.6
    endloop
  endfacet
  facet normal 0 0 -1
    outer loop
      vertex 28.3279 -1.79997 0.6
      vertex 27.4346 -1.42151 0.6
      vertex 27.4716 -1.34892 0.6
    endloop
  endfacet
  facet normal 0 0 -1
    outer loop
      vertex 28.4533 -1.49301 0.6
      vertex 27.5268 -1.18507 0.6
      vertex 28.4966 -1.31732 0.6
    endloop
  endfacet
  facet normal 0 0 -1
    outer loop
      vertex 28.4533 -1.49301 0.6
      vertex 27.5024 -1.27011 0.6
      vertex 27.5268 -1.18507 0.6
    endloop
  endfacet
  facet normal 0 0 -1
    outer loop
      vertex 27.2234 -1.64957 0.6
      vertex 27.6309 -2.37236 0.6
      vertex 27.4584 -2.42343 0.6
    endloop
  endfacet
  facet normal 0 0 -1
    outer loop
      vertex 28.397 -1.6539 0.6
      vertex 27.4716 -1.34892 0.6
      vertex 27.5024 -1.27011 0.6
    endloop
  endfacet
  facet normal 0 0 -1
    outer loop
      vertex 28.1507 -2.04768 0.6
      vertex 27.3912 -1.48787 0.6
      vertex 27.4346 -1.42151 0.6
    endloop
  endfacet
  facet normal 0 0 -1
    outer loop
      vertex 28.0427 -2.14934 0.6
      vertex 27.3416 -1.54799 0.6
      vertex 27.3912 -1.48787 0.6
    endloop
  endfacet
  facet normal 0 0 -1
    outer loop
      vertex 27.7854 -2.30994 0.6
      vertex 27.2856 -1.6019 0.6
      vertex 27.3416 -1.54799 0.6
    endloop
  endfacet
  facet normal 0 0 -1
    outer loop
      vertex 27.1539 -1.69095 0.6
      vertex 27.4584 -2.42343 0.6
      vertex 27.2678 -2.46315 0.6
    endloop
  endfacet
  facet normal 0 0 -1
    outer loop
      vertex 27.6309 -2.37236 0.6
      vertex 27.2234 -1.64957 0.6
      vertex 27.2856 -1.6019 0.6
    endloop
  endfacet
  facet normal 0 0 -1
    outer loop
      vertex 27.4584 -2.42343 0.6
      vertex 27.1539 -1.69095 0.6
      vertex 27.2234 -1.64957 0.6
    endloop
  endfacet
  facet normal 0 0 -1
    outer loop
      vertex 27.2678 -2.46315 0.6
      vertex 27.0764 -1.72598 0.6
      vertex 27.1539 -1.69095 0.6
    endloop
  endfacet
  facet normal 0 0 -1
    outer loop
      vertex 26.9908 -1.75462 0.6
      vertex 27.2678 -2.46315 0.6
      vertex 27.0591 -2.49152 0.6
    endloop
  endfacet
  facet normal 0 0 -1
    outer loop
      vertex 27.2678 -2.46315 0.6
      vertex 26.9908 -1.75462 0.6
      vertex 27.0764 -1.72598 0.6
    endloop
  endfacet
  facet normal 0 0 -1
    outer loop
      vertex 27.0591 -2.49152 0.6
      vertex 26.897 -1.77692 0.6
      vertex 26.9908 -1.75462 0.6
    endloop
  endfacet
  facet normal 0 0 -1
    outer loop
      vertex 26.8324 -2.50854 0.6
      vertex 26.897 -1.77692 0.6
      vertex 27.0591 -2.49152 0.6
    endloop
  endfacet
  facet normal 0 0 -1
    outer loop
      vertex 26.8324 -2.50854 0.6
      vertex 26.7952 -1.79283 0.6
      vertex 26.897 -1.77692 0.6
    endloop
  endfacet
  facet normal 0 0 -1
    outer loop
      vertex 26.8324 -2.50854 0.6
      vertex 26.6853 -1.80238 0.6
      vertex 26.7952 -1.79283 0.6
    endloop
  endfacet
  facet normal 0 0 -1
    outer loop
      vertex 26.5876 -2.51422 0.6
      vertex 26.6853 -1.80238 0.6
      vertex 26.8324 -2.50854 0.6
    endloop
  endfacet
  facet normal 0 0 -1
    outer loop
      vertex 26.5876 -2.51422 0.6
      vertex 26.5673 -1.80557 0.6
      vertex 26.6853 -1.80238 0.6
    endloop
  endfacet
  facet normal 0 0 -1
    outer loop
      vertex 26.3312 -2.50719 0.6
      vertex 26.5673 -1.80557 0.6
      vertex 26.5876 -2.51422 0.6
    endloop
  endfacet
  facet normal 0 0 -1
    outer loop
      vertex 26.3312 -2.50719 0.6
      vertex 26.3262 -1.79395 0.6
      vertex 26.5673 -1.80557 0.6
    endloop
  endfacet
  facet normal 0 0 -1
    outer loop
      vertex 26.0929 -2.48613 0.6
      vertex 26.3262 -1.79395 0.6
      vertex 26.3312 -2.50719 0.6
    endloop
  endfacet
  facet normal -0 0 -1
    outer loop
      vertex 26.3262 -1.79395 0.6
      vertex 26.0929 -2.48613 0.6
      vertex 26.1222 -1.75906 0.6
    endloop
  endfacet
  facet normal 0 0 -1
    outer loop
      vertex 25.8726 -2.451 0.6
      vertex 26.1222 -1.75906 0.6
      vertex 26.0929 -2.48613 0.6
    endloop
  endfacet
  facet normal -0 0 -1
    outer loop
      vertex 26.1222 -1.75906 0.6
      vertex 25.8726 -2.451 0.6
      vertex 25.9553 -1.70094 0.6
    endloop
  endfacet
  facet normal 0 0 -1
    outer loop
      vertex 25.6704 -2.40184 0.6
      vertex 25.9553 -1.70094 0.6
      vertex 25.8726 -2.451 0.6
    endloop
  endfacet
  facet normal 0 0 -1
    outer loop
      vertex 25.4862 -2.33862 0.6
      vertex 25.9553 -1.70094 0.6
      vertex 25.6704 -2.40184 0.6
    endloop
  endfacet
  facet normal -0 0 -1
    outer loop
      vertex 25.9553 -1.70094 0.6
      vertex 25.4862 -2.33862 0.6
      vertex 25.8255 -1.61958 0.6
    endloop
  endfacet
  facet normal 0 0 -1
    outer loop
      vertex 25.3201 -2.26137 0.6
      vertex 25.8255 -1.61958 0.6
      vertex 25.4862 -2.33862 0.6
    endloop
  endfacet
  facet normal 0 0 -1
    outer loop
      vertex 25.1721 -2.17007 0.6
      vertex 25.8255 -1.61958 0.6
      vertex 25.3201 -2.26137 0.6
    endloop
  endfacet
  facet normal -0 0 -1
    outer loop
      vertex 25.8255 -1.61958 0.6
      vertex 25.1721 -2.17007 0.6
      vertex 25.7328 -1.51495 0.6
    endloop
  endfacet
  facet normal 0 0 -1
    outer loop
      vertex 25.6586 -1.23596 0.6
      vertex 25.5451 0.0216675 0.6
      vertex 25.6043 0.0440216 0.6
    endloop
  endfacet
  facet normal 0 0 -1
    outer loop
      vertex 25.6586 -1.23596 0.6
      vertex 25.4875 -0.00178528 0.6
      vertex 25.5451 0.0216675 0.6
    endloop
  endfacet
  facet normal 0 0 -1
    outer loop
      vertex 25.043 -2.06555 0.6
      vertex 25.7328 -1.51495 0.6
      vertex 25.1721 -2.17007 0.6
    endloop
  endfacet
  facet normal 0 0 -1
    outer loop
      vertex 25.6586 -1.23596 0.6
      vertex 25.4316 -0.0263519 0.6
      vertex 25.4875 -0.00178528 0.6
    endloop
  endfacet
  facet normal 0 0 -1
    outer loop
      vertex 25.6586 -1.23596 0.6
      vertex 25.3773 -0.0520172 0.6
      vertex 25.4316 -0.0263519 0.6
    endloop
  endfacet
  facet normal 0 0 -1
    outer loop
      vertex 25.6586 -1.23596 0.6
      vertex 25.3248 -0.0787964 0.6
      vertex 25.3773 -0.0520172 0.6
    endloop
  endfacet
  facet normal 0 0 -1
    outer loop
      vertex 24.9337 -1.94864 0.6
      vertex 25.7328 -1.51495 0.6
      vertex 25.043 -2.06555 0.6
    endloop
  endfacet
  facet normal 0 -0 -1
    outer loop
      vertex 24.6909 -1.0377 0.6
      vertex 25.6586 -1.23596 0.6
      vertex 24.6869 -1.10684 0.6
    endloop
  endfacet
  facet normal 0 -0 -1
    outer loop
      vertex 24.6976 -0.970932 0.6
      vertex 25.6586 -1.23596 0.6
      vertex 24.6909 -1.0377 0.6
    endloop
  endfacet
  facet normal 0 0 -1
    outer loop
      vertex 25.6586 -1.23596 0.6
      vertex 25.2738 -0.106674 0.6
      vertex 25.3248 -0.0787964 0.6
    endloop
  endfacet
  facet normal -0 0 -1
    outer loop
      vertex 25.7328 -1.51495 0.6
      vertex 24.9337 -1.94864 0.6
      vertex 25.6772 -1.38708 0.6
    endloop
  endfacet
  facet normal 0 -0 -1
    outer loop
      vertex 24.7071 -0.906509 0.6
      vertex 25.6586 -1.23596 0.6
      vertex 24.6976 -0.970932 0.6
    endloop
  endfacet
  facet normal 0 0 -1
    outer loop
      vertex 25.6586 -1.23596 0.6
      vertex 25.2246 -0.135666 0.6
      vertex 25.2738 -0.106674 0.6
    endloop
  endfacet
  facet normal 0 0 -1
    outer loop
      vertex 25.6586 -1.23596 0.6
      vertex 25.1772 -0.166092 0.6
      vertex 25.2246 -0.135666 0.6
    endloop
  endfacet
  facet normal 0 0 -1
    outer loop
      vertex 24.8444 -1.81935 0.6
      vertex 25.6772 -1.38708 0.6
      vertex 24.9337 -1.94864 0.6
    endloop
  endfacet
  facet normal 0 0 -1
    outer loop
      vertex 25.6586 -1.23596 0.6
      vertex 25.1319 -0.198242 0.6
      vertex 25.1772 -0.166092 0.6
    endloop
  endfacet
  facet normal 0 0 -1
    outer loop
      vertex 25.6586 -1.23596 0.6
      vertex 25.0886 -0.232117 0.6
      vertex 25.1319 -0.198242 0.6
    endloop
  endfacet
  facet normal 0 0 -1
    outer loop
      vertex 25.6586 -1.23596 0.6
      vertex 25.0474 -0.267731 0.6
      vertex 25.0886 -0.232117 0.6
    endloop
  endfacet
  facet normal 0 0 -1
    outer loop
      vertex 24.7749 -1.67767 0.6
      vertex 25.6772 -1.38708 0.6
      vertex 24.8444 -1.81935 0.6
    endloop
  endfacet
  facet normal 0 0 -1
    outer loop
      vertex 25.6586 -1.23596 0.6
      vertex 25.0083 -0.305054 0.6
      vertex 25.0474 -0.267731 0.6
    endloop
  endfacet
  facet normal 0 0 -1
    outer loop
      vertex 25.6586 -1.23596 0.6
      vertex 24.9713 -0.344131 0.6
      vertex 25.0083 -0.305054 0.6
    endloop
  endfacet
  facet normal 0 0 -1
    outer loop
      vertex 24.7252 -1.52361 0.6
      vertex 25.6772 -1.38708 0.6
      vertex 24.7749 -1.67767 0.6
    endloop
  endfacet
  facet normal 0 0 -1
    outer loop
      vertex 25.6586 -1.23596 0.6
      vertex 24.9364 -0.384918 0.6
      vertex 24.9713 -0.344131 0.6
    endloop
  endfacet
  facet normal 0 0 -1
    outer loop
      vertex 25.6586 -1.23596 0.6
      vertex 24.9035 -0.427612 0.6
      vertex 24.9364 -0.384918 0.6
    endloop
  endfacet
  facet normal 0 0 -1
    outer loop
      vertex 25.6586 -1.23596 0.6
      vertex 24.8728 -0.472382 0.6
      vertex 24.9035 -0.427612 0.6
    endloop
  endfacet
  facet normal -0 0 -1
    outer loop
      vertex 25.6772 -1.38708 0.6
      vertex 24.7252 -1.52361 0.6
      vertex 25.6586 -1.23596 0.6
    endloop
  endfacet
  facet normal 0 0 -1
    outer loop
      vertex 25.6586 -1.23596 0.6
      vertex 24.8443 -0.519226 0.6
      vertex 24.8728 -0.472382 0.6
    endloop
  endfacet
  facet normal 0 0 -1
    outer loop
      vertex 25.6586 -1.23596 0.6
      vertex 24.7937 -0.619141 0.6
      vertex 24.8179 -0.568146 0.6
    endloop
  endfacet
  facet normal 0 0 -1
    outer loop
      vertex 25.6586 -1.23596 0.6
      vertex 24.7716 -0.672226 0.6
      vertex 24.7937 -0.619141 0.6
    endloop
  endfacet
  facet normal 0 0 -1
    outer loop
      vertex 25.6586 -1.23596 0.6
      vertex 24.7252 -1.52361 0.6
      vertex 24.6954 -1.35715 0.6
    endloop
  endfacet
  facet normal 0 0 -1
    outer loop
      vertex 25.6586 -1.23596 0.6
      vertex 24.7341 -0.784729 0.6
      vertex 24.7516 -0.727371 0.6
    endloop
  endfacet
  facet normal 0 -0 -1
    outer loop
      vertex 24.7341 -0.784729 0.6
      vertex 25.6586 -1.23596 0.6
      vertex 24.7192 -0.844452 0.6
    endloop
  endfacet
  facet normal 0 -0 -1
    outer loop
      vertex 24.7192 -0.844452 0.6
      vertex 25.6586 -1.23596 0.6
      vertex 24.7071 -0.906509 0.6
    endloop
  endfacet
  facet normal -0 0 -1
    outer loop
      vertex 25.6586 -1.23596 0.6
      vertex 24.6954 -1.35715 0.6
      vertex 24.6855 -1.17831 0.6
    endloop
  endfacet
  facet normal 0 0 -1
    outer loop
      vertex 25.6586 -1.23596 0.6
      vertex 24.7516 -0.727371 0.6
      vertex 24.7716 -0.672226 0.6
    endloop
  endfacet
  facet normal 0 0 -1
    outer loop
      vertex 25.6586 -1.23596 0.6
      vertex 24.8179 -0.568146 0.6
      vertex 24.8443 -0.519226 0.6
    endloop
  endfacet
  facet normal 0 0 -1
    outer loop
      vertex 25.6586 -1.23596 0.6
      vertex 24.6855 -1.17831 0.6
      vertex 24.6869 -1.10684 0.6
    endloop
  endfacet
  facet normal 0 0 -1
    outer loop
      vertex 28.622 0.957764 0.6
      vertex 27.6465 0.95874 0.6
      vertex 27.6489 1.01541 0.6
    endloop
  endfacet
  facet normal 0 0 -1
    outer loop
      vertex 27.7964 -0.250961 0.6
      vertex 27.6391 0.904984 0.6
      vertex 27.6465 0.95874 0.6
    endloop
  endfacet
  facet normal 0 0 -1
    outer loop
      vertex 27.7964 -0.250961 0.6
      vertex 27.6268 0.854126 0.6
      vertex 27.6391 0.904984 0.6
    endloop
  endfacet
  facet normal 0 0 -1
    outer loop
      vertex 27.7964 -0.250961 0.6
      vertex 27.6096 0.806168 0.6
      vertex 27.6268 0.854126 0.6
    endloop
  endfacet
  facet normal 0 0 -1
    outer loop
      vertex 27.3064 0.513336 0.6
      vertex 27.7036 -0.286774 0.6
      vertex 27.5949 -0.323486 0.6
    endloop
  endfacet
  facet normal 0 0 -1
    outer loop
      vertex 27.7964 -0.250961 0.6
      vertex 27.5875 0.761124 0.6
      vertex 27.6096 0.806168 0.6
    endloop
  endfacet
  facet normal 0 0 -1
    outer loop
      vertex 27.7964 -0.250961 0.6
      vertex 27.5605 0.718994 0.6
      vertex 27.5875 0.761124 0.6
    endloop
  endfacet
  facet normal 0 0 -1
    outer loop
      vertex 27.7964 -0.250961 0.6
      vertex 27.5285 0.679764 0.6
      vertex 27.5605 0.718994 0.6
    endloop
  endfacet
  facet normal 0 0 -1
    outer loop
      vertex 27.7964 -0.250961 0.6
      vertex 27.4921 0.642883 0.6
      vertex 27.5285 0.679764 0.6
    endloop
  endfacet
  facet normal 0 0 -1
    outer loop
      vertex 27.2499 0.485458 0.6
      vertex 27.5949 -0.323486 0.6
      vertex 27.4702 -0.361084 0.6
    endloop
  endfacet
  facet normal 0 0 -1
    outer loop
      vertex 27.7964 -0.250961 0.6
      vertex 27.4517 0.607803 0.6
      vertex 27.4921 0.642883 0.6
    endloop
  endfacet
  facet normal 0 0 -1
    outer loop
      vertex 27.7964 -0.250961 0.6
      vertex 27.4073 0.574509 0.6
      vertex 27.4517 0.607803 0.6
    endloop
  endfacet
  facet normal 0 0 -1
    outer loop
      vertex 27.7964 -0.250961 0.6
      vertex 27.3589 0.54303 0.6
      vertex 27.4073 0.574509 0.6
    endloop
  endfacet
  facet normal 0 0 -1
    outer loop
      vertex 27.1188 0.433426 0.6
      vertex 27.4702 -0.361084 0.6
      vertex 27.3295 -0.399597 0.6
    endloop
  endfacet
  facet normal 0 0 -1
    outer loop
      vertex 27.7036 -0.286774 0.6
      vertex 27.3064 0.513336 0.6
      vertex 27.3589 0.54303 0.6
    endloop
  endfacet
  facet normal 0 0 -1
    outer loop
      vertex 27.5949 -0.323486 0.6
      vertex 27.2499 0.485458 0.6
      vertex 27.3064 0.513336 0.6
    endloop
  endfacet
  facet normal 0 0 -1
    outer loop
      vertex 27.4702 -0.361084 0.6
      vertex 27.1895 0.459366 0.6
      vertex 27.2499 0.485458 0.6
    endloop
  endfacet
  facet normal 0 0 -1
    outer loop
      vertex 27.0317 0.405945 0.6
      vertex 27.3295 -0.399597 0.6
      vertex 27.1728 -0.439011 0.6
    endloop
  endfacet
  facet normal 0 0 -1
    outer loop
      vertex 27.4702 -0.361084 0.6
      vertex 27.1188 0.433426 0.6
      vertex 27.1895 0.459366 0.6
    endloop
  endfacet
  facet normal 0 0 -1
    outer loop
      vertex 27.3295 -0.399597 0.6
      vertex 27.0317 0.405945 0.6
      vertex 27.1188 0.433426 0.6
    endloop
  endfacet
  facet normal 0 0 -1
    outer loop
      vertex 26.9282 0.376953 0.6
      vertex 27.1728 -0.439011 0.6
      vertex 27.0001 -0.479309 0.6
    endloop
  endfacet
  facet normal 0 0 -1
    outer loop
      vertex 27.1728 -0.439011 0.6
      vertex 26.9282 0.376953 0.6
      vertex 27.0317 0.405945 0.6
    endloop
  endfacet
  facet normal 0 0 -1
    outer loop
      vertex 26.6721 0.314377 0.6
      vertex 27.0001 -0.479309 0.6
      vertex 26.8114 -0.520523 0.6
    endloop
  endfacet
  facet normal 0 0 -1
    outer loop
      vertex 27.0001 -0.479309 0.6
      vertex 26.8083 0.346436 0.6
      vertex 26.9282 0.376953 0.6
    endloop
  endfacet
  facet normal 0 0 -1
    outer loop
      vertex 27.0001 -0.479309 0.6
      vertex 26.6721 0.314377 0.6
      vertex 26.8083 0.346436 0.6
    endloop
  endfacet
  facet normal 0 0 -1
    outer loop
      vertex 26.5194 0.280807 0.6
      vertex 26.8114 -0.520523 0.6
      vertex 26.6537 -0.555496 0.6
    endloop
  endfacet
  facet normal 0 0 -1
    outer loop
      vertex 26.8114 -0.520523 0.6
      vertex 26.5194 0.280807 0.6
      vertex 26.6721 0.314377 0.6
    endloop
  endfacet
  facet normal 0 0 -1
    outer loop
      vertex 26.3503 0.245712 0.6
      vertex 26.6537 -0.555496 0.6
      vertex 26.5119 -0.588745 0.6
    endloop
  endfacet
  facet normal 0 0 -1
    outer loop
      vertex 26.2039 0.210876 0.6
      vertex 26.5119 -0.588745 0.6
      vertex 26.3861 -0.620255 0.6
    endloop
  endfacet
  facet normal 0 0 -1
    outer loop
      vertex 26.6537 -0.555496 0.6
      vertex 26.3503 0.245712 0.6
      vertex 26.5194 0.280807 0.6
    endloop
  endfacet
  facet normal 0 0 -1
    outer loop
      vertex 26.0707 0.178055 0.6
      vertex 26.3861 -0.620255 0.6
      vertex 26.2761 -0.65004 0.6
    endloop
  endfacet
  facet normal 0 0 -1
    outer loop
      vertex 26.5119 -0.588745 0.6
      vertex 26.2039 0.210876 0.6
      vertex 26.3503 0.245712 0.6
    endloop
  endfacet
  facet normal 0 0 -1
    outer loop
      vertex 25.9509 0.147232 0.6
      vertex 26.2761 -0.65004 0.6
      vertex 26.1821 -0.678101 0.6
    endloop
  endfacet
  facet normal 0 0 -1
    outer loop
      vertex 25.8443 0.118408 0.6
      vertex 26.1821 -0.678101 0.6
      vertex 26.1039 -0.704422 0.6
    endloop
  endfacet
  facet normal 0 0 -1
    outer loop
      vertex 26.3861 -0.620255 0.6
      vertex 26.0707 0.178055 0.6
      vertex 26.2039 0.210876 0.6
    endloop
  endfacet
  facet normal 0 0 -1
    outer loop
      vertex 25.751 0.0915985 0.6
      vertex 26.1039 -0.704422 0.6
      vertex 26.0417 -0.729019 0.6
    endloop
  endfacet
  facet normal 0 0 -1
    outer loop
      vertex 25.671 0.066803 0.6
      vertex 26.0417 -0.729019 0.6
      vertex 25.9894 -0.753479 0.6
    endloop
  endfacet
  facet normal 0 0 -1
    outer loop
      vertex 26.2761 -0.65004 0.6
      vertex 25.9509 0.147232 0.6
      vertex 26.0707 0.178055 0.6
    endloop
  endfacet
  facet normal 0 0 -1
    outer loop
      vertex 25.6043 0.0440216 0.6
      vertex 25.9894 -0.753479 0.6
      vertex 25.9408 -0.779404 0.6
    endloop
  endfacet
  facet normal 0 0 -1
    outer loop
      vertex 25.6043 0.0440216 0.6
      vertex 25.9408 -0.779404 0.6
      vertex 25.8961 -0.806778 0.6
    endloop
  endfacet
  facet normal 0 0 -1
    outer loop
      vertex 25.6043 0.0440216 0.6
      vertex 25.8961 -0.806778 0.6
      vertex 25.8552 -0.835602 0.6
    endloop
  endfacet
  facet normal 0 0 -1
    outer loop
      vertex 26.1821 -0.678101 0.6
      vertex 25.8443 0.118408 0.6
      vertex 25.9509 0.147232 0.6
    endloop
  endfacet
  facet normal 0 0 -1
    outer loop
      vertex 25.6043 0.0440216 0.6
      vertex 25.8552 -0.835602 0.6
      vertex 25.8181 -0.865875 0.6
    endloop
  endfacet
  facet normal 0 0 -1
    outer loop
      vertex 25.6043 0.0440216 0.6
      vertex 25.8181 -0.865875 0.6
      vertex 25.7847 -0.897598 0.6
    endloop
  endfacet
  facet normal 0 0 -1
    outer loop
      vertex 25.6043 0.0440216 0.6
      vertex 25.7847 -0.897598 0.6
      vertex 25.7552 -0.930771 0.6
    endloop
  endfacet
  facet normal 0 0 -1
    outer loop
      vertex 26.1039 -0.704422 0.6
      vertex 25.751 0.0915985 0.6
      vertex 25.8443 0.118408 0.6
    endloop
  endfacet
  facet normal 0 0 -1
    outer loop
      vertex 25.6043 0.0440216 0.6
      vertex 25.7552 -0.930771 0.6
      vertex 25.7296 -0.966064 0.6
    endloop
  endfacet
  facet normal 0 0 -1
    outer loop
      vertex 25.6043 0.0440216 0.6
      vertex 25.7296 -0.966064 0.6
      vertex 25.7079 -1.00414 0.6
    endloop
  endfacet
  facet normal 0 0 -1
    outer loop
      vertex 25.6043 0.0440216 0.6
      vertex 25.7079 -1.00414 0.6
      vertex 25.6902 -1.04497 0.6
    endloop
  endfacet
  facet normal 0 0 -1
    outer loop
      vertex 25.6043 0.0440216 0.6
      vertex 25.6902 -1.04497 0.6
      vertex 25.6764 -1.08856 0.6
    endloop
  endfacet
  facet normal 0 0 -1
    outer loop
      vertex 26.0417 -0.729019 0.6
      vertex 25.671 0.066803 0.6
      vertex 25.751 0.0915985 0.6
    endloop
  endfacet
  facet normal 0 0 -1
    outer loop
      vertex 25.6043 0.0440216 0.6
      vertex 25.6764 -1.08856 0.6
      vertex 25.6665 -1.13493 0.6
    endloop
  endfacet
  facet normal 0 0 -1
    outer loop
      vertex 25.6043 0.0440216 0.6
      vertex 25.6665 -1.13493 0.6
      vertex 25.6606 -1.18407 0.6
    endloop
  endfacet
  facet normal 0 0 -1
    outer loop
      vertex 25.6043 0.0440216 0.6
      vertex 25.6606 -1.18407 0.6
      vertex 25.6586 -1.23596 0.6
    endloop
  endfacet
  facet normal 0 0 -1
    outer loop
      vertex 25.9894 -0.753479 0.6
      vertex 25.6043 0.0440216 0.6
      vertex 25.671 0.066803 0.6
    endloop
  endfacet
  facet normal 0 0 -1
    outer loop
      vertex 27.6465 0.95874 0.6
      vertex 28.6201 0.873947 0.6
      vertex 28.6145 0.792953 0.6
    endloop
  endfacet
  facet normal 0 0 -1
    outer loop
      vertex 27.6465 0.95874 0.6
      vertex 28.622 0.957764 0.6
      vertex 28.6201 0.873947 0.6
    endloop
  endfacet
  facet normal 0 0 -1
    outer loop
      vertex 27.6465 0.95874 0.6
      vertex 28.6145 0.792953 0.6
      vertex 28.6052 0.714798 0.6
    endloop
  endfacet
  facet normal 0 0 -1
    outer loop
      vertex 27.6465 0.95874 0.6
      vertex 28.6052 0.714798 0.6
      vertex 28.5921 0.639496 0.6
    endloop
  endfacet
  facet normal 0 0 -1
    outer loop
      vertex 28.622 0.957764 0.6
      vertex 27.6489 1.01541 0.6
      vertex 28.6114 1.15155 0.6
    endloop
  endfacet
  facet normal 0 0 -1
    outer loop
      vertex 27.6465 0.95874 0.6
      vertex 28.5921 0.639496 0.6
      vertex 28.5753 0.567017 0.6
    endloop
  endfacet
  facet normal 0 0 -1
    outer loop
      vertex 27.6465 0.95874 0.6
      vertex 28.5753 0.567017 0.6
      vertex 28.5547 0.497375 0.6
    endloop
  endfacet
  facet normal 0 0 -1
    outer loop
      vertex 27.6465 0.95874 0.6
      vertex 28.5547 0.497375 0.6
      vertex 28.5305 0.430573 0.6
    endloop
  endfacet
  facet normal -0 0 -1
    outer loop
      vertex 28.6114 1.15155 0.6
      vertex 27.6489 1.01541 0.6
      vertex 28.5795 1.33185 0.6
    endloop
  endfacet
  facet normal 0 0 -1
    outer loop
      vertex 27.6465 0.95874 0.6
      vertex 28.5305 0.430573 0.6
      vertex 28.5026 0.366486 0.6
    endloop
  endfacet
  facet normal 0 0 -1
    outer loop
      vertex 27.6465 0.95874 0.6
      vertex 28.5026 0.366486 0.6
      vertex 28.4715 0.305023 0.6
    endloop
  endfacet
  facet normal 0 0 -1
    outer loop
      vertex 27.6275 1.18454 0.6
      vertex 28.5795 1.33185 0.6
      vertex 27.6489 1.01541 0.6
    endloop
  endfacet
  facet normal 0 0 -1
    outer loop
      vertex 27.6465 0.95874 0.6
      vertex 28.4715 0.305023 0.6
      vertex 28.437 0.246201 0.6
    endloop
  endfacet
  facet normal 0 0 -1
    outer loop
      vertex 27.6465 0.95874 0.6
      vertex 28.437 0.246201 0.6
      vertex 28.3993 0.190018 0.6
    endloop
  endfacet
  facet normal 0 0 -1
    outer loop
      vertex 27.6465 0.95874 0.6
      vertex 28.3993 0.190018 0.6
      vertex 28.3581 0.136444 0.6
    endloop
  endfacet
  facet normal -0 0 -1
    outer loop
      vertex 28.5795 1.33185 0.6
      vertex 27.6275 1.18454 0.6
      vertex 28.5264 1.49864 0.6
    endloop
  endfacet
  facet normal 0 0 -1
    outer loop
      vertex 27.6465 0.95874 0.6
      vertex 28.3581 0.136444 0.6
      vertex 28.3137 0.0855255 0.6
    endloop
  endfacet
  facet normal 0 0 -1
    outer loop
      vertex 27.6465 0.95874 0.6
      vertex 28.3137 0.0855255 0.6
      vertex 28.266 0.0372162 0.6
    endloop
  endfacet
  facet normal -0 0 -1
    outer loop
      vertex 28.5264 1.49864 0.6
      vertex 27.6275 1.18454 0.6
      vertex 28.4521 1.65195 0.6
    endloop
  endfacet
  facet normal 0 0 -1
    outer loop
      vertex 27.6465 0.95874 0.6
      vertex 28.266 0.0372162 0.6
      vertex 28.214 -0.00892639 0.6
    endloop
  endfacet
  facet normal 0 0 -1
    outer loop
      vertex 27.6465 0.95874 0.6
      vertex 28.214 -0.00892639 0.6
      vertex 28.1571 -0.053421 0.6
    endloop
  endfacet
  facet normal 0 0 -1
    outer loop
      vertex 27.5634 1.32764 0.6
      vertex 28.4521 1.65195 0.6
      vertex 27.6275 1.18454 0.6
    endloop
  endfacet
  facet normal 0 0 -1
    outer loop
      vertex 27.6465 0.95874 0.6
      vertex 28.1571 -0.053421 0.6
      vertex 28.095 -0.0962524 0.6
    endloop
  endfacet
  facet normal 0 0 -1
    outer loop
      vertex 27.6465 0.95874 0.6
      vertex 28.095 -0.0962524 0.6
      vertex 28.0279 -0.137421 0.6
    endloop
  endfacet
  facet normal 0 0 -1
    outer loop
      vertex 27.6465 0.95874 0.6
      vertex 28.0279 -0.137421 0.6
      vertex 27.9558 -0.176926 0.6
    endloop
  endfacet
  facet normal -0 0 -1
    outer loop
      vertex 28.4521 1.65195 0.6
      vertex 27.5634 1.32764 0.6
      vertex 28.3564 1.79176 0.6
    endloop
  endfacet
  facet normal 0 0 -1
    outer loop
      vertex 27.6465 0.95874 0.6
      vertex 27.9558 -0.176926 0.6
      vertex 27.8786 -0.214783 0.6
    endloop
  endfacet
  facet normal 0 0 -1
    outer loop
      vertex 27.6465 0.95874 0.6
      vertex 27.8786 -0.214783 0.6
      vertex 27.7964 -0.250961 0.6
    endloop
  endfacet
  facet normal -0 0 -1
    outer loop
      vertex 28.3564 1.79176 0.6
      vertex 27.5634 1.32764 0.6
      vertex 28.2396 1.91809 0.6
    endloop
  endfacet
  facet normal 0 0 -1
    outer loop
      vertex 27.3589 0.54303 0.6
      vertex 27.7964 -0.250961 0.6
      vertex 27.7036 -0.286774 0.6
    endloop
  endfacet
  facet normal -0 0 -1
    outer loop
      vertex 28.2396 1.91809 0.6
      vertex 27.5634 1.32764 0.6
      vertex 28.1015 2.03091 0.6
    endloop
  endfacet
  facet normal 0 0 -1
    outer loop
      vertex 27.4565 1.44472 0.6
      vertex 28.1015 2.03091 0.6
      vertex 27.5634 1.32764 0.6
    endloop
  endfacet
  facet normal -0 0 -1
    outer loop
      vertex 28.1015 2.03091 0.6
      vertex 27.4565 1.44472 0.6
      vertex 27.9429 2.12941 0.6
    endloop
  endfacet
  facet normal -0 0 -1
    outer loop
      vertex 27.9429 2.12941 0.6
      vertex 27.4565 1.44472 0.6
      vertex 27.7644 2.21275 0.6
    endloop
  endfacet
  facet normal 0 0 -1
    outer loop
      vertex 27.3068 1.53578 0.6
      vertex 27.7644 2.21275 0.6
      vertex 27.4565 1.44472 0.6
    endloop
  endfacet
  facet normal -0 0 -1
    outer loop
      vertex 27.7644 2.21275 0.6
      vertex 27.3068 1.53578 0.6
      vertex 27.566 2.28094 0.6
    endloop
  endfacet
  facet normal -0 0 -1
    outer loop
      vertex 27.566 2.28094 0.6
      vertex 27.3068 1.53578 0.6
      vertex 27.3478 2.33398 0.6
    endloop
  endfacet
  facet normal 0 0 -1
    outer loop
      vertex 27.1144 1.60083 0.6
      vertex 27.3478 2.33398 0.6
      vertex 27.3068 1.53578 0.6
    endloop
  endfacet
  facet normal 0 0 -1
    outer loop
      vertex 27.1144 1.60083 0.6
      vertex 27.1098 2.37186 0.6
      vertex 27.3478 2.33398 0.6
    endloop
  endfacet
  facet normal 0 0 -1
    outer loop
      vertex 26.8792 1.63986 0.6
      vertex 27.1098 2.37186 0.6
      vertex 27.1144 1.60083 0.6
    endloop
  endfacet
  facet normal 0 0 -1
    outer loop
      vertex 26.8792 1.63986 0.6
      vertex 26.8519 2.39459 0.6
      vertex 27.1098 2.37186 0.6
    endloop
  endfacet
  facet normal 0 0 -1
    outer loop
      vertex 26.6012 1.65286 0.6
      vertex 26.8519 2.39459 0.6
      vertex 26.8792 1.63986 0.6
    endloop
  endfacet
  facet normal 0 0 -1
    outer loop
      vertex 26.6012 1.65286 0.6
      vertex 26.5741 2.40216 0.6
      vertex 26.8519 2.39459 0.6
    endloop
  endfacet
  facet normal 0 0 -1
    outer loop
      vertex 26.4614 1.64937 0.6
      vertex 26.5741 2.40216 0.6
      vertex 26.6012 1.65286 0.6
    endloop
  endfacet
  facet normal 0 0 -1
    outer loop
      vertex 26.3196 2.39552 0.6
      vertex 26.4614 1.64937 0.6
      vertex 26.3305 1.63889 0.6
    endloop
  endfacet
  facet normal 0 0 -1
    outer loop
      vertex 26.4614 1.64937 0.6
      vertex 26.3196 2.39552 0.6
      vertex 26.5741 2.40216 0.6
    endloop
  endfacet
  facet normal 0 0 -1
    outer loop
      vertex 26.0814 2.3756 0.6
      vertex 26.3305 1.63889 0.6
      vertex 26.2086 1.62143 0.6
    endloop
  endfacet
  facet normal 0 0 -1
    outer loop
      vertex 26.0814 2.3756 0.6
      vertex 26.2086 1.62143 0.6
      vertex 26.0958 1.59697 0.6
    endloop
  endfacet
  facet normal 0 0 -1
    outer loop
      vertex 26.3305 1.63889 0.6
      vertex 26.0814 2.3756 0.6
      vertex 26.3196 2.39552 0.6
    endloop
  endfacet
  facet normal 0 0 -1
    outer loop
      vertex 25.8593 2.34238 0.6
      vertex 26.0958 1.59697 0.6
      vertex 25.9919 1.56552 0.6
    endloop
  endfacet
  facet normal 0 0 -1
    outer loop
      vertex 25.6535 2.29588 0.6
      vertex 25.9919 1.56552 0.6
      vertex 25.897 1.52708 0.6
    endloop
  endfacet
  facet normal 0 0 -1
    outer loop
      vertex 26.0958 1.59697 0.6
      vertex 25.8593 2.34238 0.6
      vertex 26.0814 2.3756 0.6
    endloop
  endfacet
  facet normal 0 0 -1
    outer loop
      vertex 25.4638 2.2361 0.6
      vertex 25.897 1.52708 0.6
      vertex 25.8112 1.48167 0.6
    endloop
  endfacet
  facet normal 0 0 -1
    outer loop
      vertex 25.2903 2.16302 0.6
      vertex 25.8112 1.48167 0.6
      vertex 25.7336 1.42848 0.6
    endloop
  endfacet
  facet normal 0 0 -1
    outer loop
      vertex 25.1331 2.07666 0.6
      vertex 25.7336 1.42848 0.6
      vertex 25.6637 1.36679 0.6
    endloop
  endfacet
  facet normal 0 0 -1
    outer loop
      vertex 25.9919 1.56552 0.6
      vertex 25.6535 2.29588 0.6
      vertex 25.8593 2.34238 0.6
    endloop
  endfacet
  facet normal 0 0 -1
    outer loop
      vertex 24.9915 1.97682 0.6
      vertex 25.6637 1.36679 0.6
      vertex 25.6013 1.29659 0.6
    endloop
  endfacet
  facet normal 0 0 -1
    outer loop
      vertex 24.8651 1.86327 0.6
      vertex 25.6013 1.29659 0.6
      vertex 25.5466 1.21786 0.6
    endloop
  endfacet
  facet normal 0 0 -1
    outer loop
      vertex 24.754 1.73602 0.6
      vertex 25.5466 1.21786 0.6
      vertex 25.4995 1.13065 0.6
    endloop
  endfacet
  facet normal 0 0 -1
    outer loop
      vertex 25.897 1.52708 0.6
      vertex 25.4638 2.2361 0.6
      vertex 25.6535 2.29588 0.6
    endloop
  endfacet
  facet normal 0 0 -1
    outer loop
      vertex 24.5774 1.44041 0.6
      vertex 25.4995 1.13065 0.6
      vertex 25.46 1.03491 0.6
    endloop
  endfacet
  facet normal 0 0 -1
    outer loop
      vertex 24.5119 1.27206 0.6
      vertex 25.46 1.03491 0.6
      vertex 25.4281 0.930664 0.6
    endloop
  endfacet
  facet normal 0 0 -1
    outer loop
      vertex 25.8112 1.48167 0.6
      vertex 25.2903 2.16302 0.6
      vertex 25.4638 2.2361 0.6
    endloop
  endfacet
  facet normal 0 0 -1
    outer loop
      vertex 25.7336 1.42848 0.6
      vertex 25.1331 2.07666 0.6
      vertex 25.2903 2.16302 0.6
    endloop
  endfacet
  facet normal 0 0 -1
    outer loop
      vertex 25.6637 1.36679 0.6
      vertex 24.9915 1.97682 0.6
      vertex 25.1331 2.07666 0.6
    endloop
  endfacet
  facet normal 0 0 -1
    outer loop
      vertex 25.6013 1.29659 0.6
      vertex 24.8651 1.86327 0.6
      vertex 24.9915 1.97682 0.6
    endloop
  endfacet
  facet normal 0 0 -1
    outer loop
      vertex 25.5466 1.21786 0.6
      vertex 24.754 1.73602 0.6
      vertex 24.8651 1.86327 0.6
    endloop
  endfacet
  facet normal 0 0 -1
    outer loop
      vertex 25.4995 1.13065 0.6
      vertex 24.6581 1.59506 0.6
      vertex 24.754 1.73602 0.6
    endloop
  endfacet
  facet normal 0 0 -1
    outer loop
      vertex 25.4995 1.13065 0.6
      vertex 24.5774 1.44041 0.6
      vertex 24.6581 1.59506 0.6
    endloop
  endfacet
  facet normal 0 0 -1
    outer loop
      vertex 25.46 1.03491 0.6
      vertex 24.5119 1.27206 0.6
      vertex 24.5774 1.44041 0.6
    endloop
  endfacet
  facet normal 0 -0 -1
    outer loop
      vertex 24.5119 1.27206 0.6
      vertex 25.4281 0.930664 0.6
      vertex 24.4617 1.09001 0.6
    endloop
  endfacet
  facet normal 0 0 -1
    outer loop
      vertex 16.3814 -2.44302 0.6
      vertex 17.0358 0.374573 0.6
      vertex 17.5274 -0.422211 0.6
    endloop
  endfacet
  facet normal 0 0 -1
    outer loop
      vertex 17.0358 0.374573 0.6
      vertex 16.3814 -2.44302 0.6
      vertex 15.3336 -2.44302 0.6
    endloop
  endfacet
  facet normal 0 0 -1
    outer loop
      vertex 18.687 -2.44302 0.6
      vertex 18.0326 0.374573 0.6
      vertex 19.7347 -2.44302 0.6
    endloop
  endfacet
  facet normal 0 0 -1
    outer loop
      vertex 17.5274 -0.422211 0.6
      vertex 18.0326 0.374573 0.6
      vertex 18.687 -2.44302 0.6
    endloop
  endfacet
  facet normal 0 0 -1
    outer loop
      vertex 17.0358 0.374573 0.6
      vertex 18.0326 0.374573 0.6
      vertex 17.5274 -0.422211 0.6
    endloop
  endfacet
  facet normal 0 0 -1
    outer loop
      vertex 18.0326 0.374573 0.6
      vertex 17.0358 0.374573 0.6
      vertex 18.0326 2.33437 0.6
    endloop
  endfacet
  facet normal -0 0 -1
    outer loop
      vertex 18.0326 2.33437 0.6
      vertex 17.0358 0.374573 0.6
      vertex 17.0358 2.33437 0.6
    endloop
  endfacet
  facet normal 0 0 -1
    outer loop
      vertex 23.9597 -2.44302 0.6
      vertex 21.2031 -1.66997 0.6
      vertex 23.9597 -1.66997 0.6
    endloop
  endfacet
  facet normal 0 0 -1
    outer loop
      vertex 20.2028 -2.44302 0.6
      vertex 21.2031 -0.469666 0.6
      vertex 21.2031 -1.66997 0.6
    endloop
  endfacet
  facet normal -0 0 -1
    outer loop
      vertex 21.2031 -0.469666 0.6
      vertex 20.2028 -2.44302 0.6
      vertex 21.2031 0.30336 0.6
    endloop
  endfacet
  facet normal 0 0 -1
    outer loop
      vertex 20.2028 2.33437 0.6
      vertex 21.2031 0.30336 0.6
      vertex 20.2028 -2.44302 0.6
    endloop
  endfacet
  facet normal 0 0 -1
    outer loop
      vertex 20.2028 -2.44302 0.6
      vertex 21.2031 -1.66997 0.6
      vertex 23.9597 -2.44302 0.6
    endloop
  endfacet
  facet normal 0 0 -1
    outer loop
      vertex 21.2031 -0.469666 0.6
      vertex 23.7528 0.30336 0.6
      vertex 23.7528 -0.469666 0.6
    endloop
  endfacet
  facet normal -0 0 -1
    outer loop
      vertex 23.7528 0.30336 0.6
      vertex 21.2031 -0.469666 0.6
      vertex 21.2031 0.30336 0.6
    endloop
  endfacet
  facet normal 0 0 -1
    outer loop
      vertex 21.2031 1.56131 0.6
      vertex 24.0987 2.33437 0.6
      vertex 24.0987 1.56131 0.6
    endloop
  endfacet
  facet normal 0 0 -1
    outer loop
      vertex 21.2031 1.56131 0.6
      vertex 20.2028 2.33437 0.6
      vertex 24.0987 2.33437 0.6
    endloop
  endfacet
  facet normal 0 0 -1
    outer loop
      vertex 21.2031 0.30336 0.6
      vertex 20.2028 2.33437 0.6
      vertex 21.2031 1.56131 0.6
    endloop
  endfacet
  facet normal -0.0877946 -0.996139 0
    outer loop
      vertex 26.8519 2.39459 0
      vertex 27.1098 2.37186 0.6
      vertex 26.8519 2.39459 0.6
    endloop
  endfacet
  facet normal -0.0877946 -0.996139 -0
    outer loop
      vertex 27.1098 2.37186 0.6
      vertex 26.8519 2.39459 0
      vertex 27.1098 2.37186 0
    endloop
  endfacet
  facet normal -0.157181 -0.98757 0
    outer loop
      vertex 27.1098 2.37186 0
      vertex 27.3478 2.33398 0.6
      vertex 27.1098 2.37186 0.6
    endloop
  endfacet
  facet normal -0.157181 -0.98757 -0
    outer loop
      vertex 27.3478 2.33398 0.6
      vertex 27.1098 2.37186 0
      vertex 27.3478 2.33398 0
    endloop
  endfacet
  facet normal -0.236202 -0.971704 0
    outer loop
      vertex 27.3478 2.33398 0
      vertex 27.566 2.28094 0.6
      vertex 27.3478 2.33398 0.6
    endloop
  endfacet
  facet normal -0.236202 -0.971704 -0
    outer loop
      vertex 27.566 2.28094 0.6
      vertex 27.3478 2.33398 0
      vertex 27.566 2.28094 0
    endloop
  endfacet
  facet normal -0.325037 -0.945701 0
    outer loop
      vertex 27.566 2.28094 0
      vertex 27.7644 2.21275 0.6
      vertex 27.566 2.28094 0.6
    endloop
  endfacet
  facet normal -0.325037 -0.945701 -0
    outer loop
      vertex 27.7644 2.21275 0.6
      vertex 27.566 2.28094 0
      vertex 27.7644 2.21275 0
    endloop
  endfacet
  facet normal -0.423052 -0.906105 0
    outer loop
      vertex 27.7644 2.21275 0
      vertex 27.9429 2.12941 0.6
      vertex 27.7644 2.21275 0.6
    endloop
  endfacet
  facet normal -0.423052 -0.906105 -0
    outer loop
      vertex 27.9429 2.12941 0.6
      vertex 27.7644 2.21275 0
      vertex 27.9429 2.12941 0
    endloop
  endfacet
  facet normal -0.52759 -0.849499 0
    outer loop
      vertex 27.9429 2.12941 0
      vertex 28.1015 2.03091 0.6
      vertex 27.9429 2.12941 0.6
    endloop
  endfacet
  facet normal -0.52759 -0.849499 -0
    outer loop
      vertex 28.1015 2.03091 0.6
      vertex 27.9429 2.12941 0
      vertex 28.1015 2.03091 0
    endloop
  endfacet
  facet normal -0.632664 -0.774427 0
    outer loop
      vertex 28.1015 2.03091 0
      vertex 28.2396 1.91809 0.6
      vertex 28.1015 2.03091 0.6
    endloop
  endfacet
  facet normal -0.632664 -0.774427 -0
    outer loop
      vertex 28.2396 1.91809 0.6
      vertex 28.1015 2.03091 0
      vertex 28.2396 1.91809 0
    endloop
  endfacet
  facet normal -0.734259 -0.678869 0
    outer loop
      vertex 28.3564 1.79176 0
      vertex 28.2396 1.91809 0.6
      vertex 28.2396 1.91809 0
    endloop
  endfacet
  facet normal -0.734259 -0.678869 0
    outer loop
      vertex 28.2396 1.91809 0.6
      vertex 28.3564 1.79176 0
      vertex 28.3564 1.79176 0.6
    endloop
  endfacet
  facet normal -0.825196 -0.564847 0
    outer loop
      vertex 28.4521 1.65195 0
      vertex 28.3564 1.79176 0.6
      vertex 28.3564 1.79176 0
    endloop
  endfacet
  facet normal -0.825196 -0.564847 0
    outer loop
      vertex 28.3564 1.79176 0.6
      vertex 28.4521 1.65195 0
      vertex 28.4521 1.65195 0.6
    endloop
  endfacet
  facet normal -0.899888 -0.436121 0
    outer loop
      vertex 28.5264 1.49864 0
      vertex 28.4521 1.65195 0.6
      vertex 28.4521 1.65195 0
    endloop
  endfacet
  facet normal -0.899888 -0.436121 0
    outer loop
      vertex 28.4521 1.65195 0.6
      vertex 28.5264 1.49864 0
      vertex 28.5264 1.49864 0.6
    endloop
  endfacet
  facet normal -0.952875 -0.303362 0
    outer loop
      vertex 28.5795 1.33185 0
      vertex 28.5264 1.49864 0.6
      vertex 28.5264 1.49864 0
    endloop
  endfacet
  facet normal -0.952875 -0.303362 0
    outer loop
      vertex 28.5264 1.49864 0.6
      vertex 28.5795 1.33185 0
      vertex 28.5795 1.33185 0.6
    endloop
  endfacet
  facet normal -0.984706 -0.174222 0
    outer loop
      vertex 28.6114 1.15155 0
      vertex 28.5795 1.33185 0.6
      vertex 28.5795 1.33185 0
    endloop
  endfacet
  facet normal -0.984706 -0.174222 0
    outer loop
      vertex 28.5795 1.33185 0.6
      vertex 28.6114 1.15155 0
      vertex 28.6114 1.15155 0.6
    endloop
  endfacet
  facet normal -0.998507 -0.0546179 0
    outer loop
      vertex 28.622 0.957764 0
      vertex 28.6114 1.15155 0.6
      vertex 28.6114 1.15155 0
    endloop
  endfacet
  facet normal -0.998507 -0.0546179 0
    outer loop
      vertex 28.6114 1.15155 0.6
      vertex 28.622 0.957764 0
      vertex 28.622 0.957764 0.6
    endloop
  endfacet
  facet normal -0.999743 0.0226626 0
    outer loop
      vertex 28.6201 0.873947 0
      vertex 28.622 0.957764 0.6
      vertex 28.622 0.957764 0
    endloop
  endfacet
  facet normal -0.999743 0.0226626 0
    outer loop
      vertex 28.622 0.957764 0.6
      vertex 28.6201 0.873947 0
      vertex 28.6201 0.873947 0.6
    endloop
  endfacet
  facet normal -0.997618 0.0689763 0
    outer loop
      vertex 28.6145 0.792953 0
      vertex 28.6201 0.873947 0.6
      vertex 28.6201 0.873947 0
    endloop
  endfacet
  facet normal -0.997618 0.0689763 0
    outer loop
      vertex 28.6201 0.873947 0.6
      vertex 28.6145 0.792953 0
      vertex 28.6145 0.792953 0.6
    endloop
  endfacet
  facet normal -0.992994 0.118161 0
    outer loop
      vertex 28.6052 0.714798 0
      vertex 28.6145 0.792953 0.6
      vertex 28.6145 0.792953 0
    endloop
  endfacet
  facet normal -0.992994 0.118161 0
    outer loop
      vertex 28.6145 0.792953 0.6
      vertex 28.6052 0.714798 0
      vertex 28.6052 0.714798 0.6
    endloop
  endfacet
  facet normal -0.985203 0.171392 0
    outer loop
      vertex 28.5921 0.639496 0
      vertex 28.6052 0.714798 0.6
      vertex 28.6052 0.714798 0
    endloop
  endfacet
  facet normal -0.985203 0.171392 0
    outer loop
      vertex 28.6052 0.714798 0.6
      vertex 28.5921 0.639496 0
      vertex 28.5921 0.639496 0.6
    endloop
  endfacet
  facet normal -0.974173 0.225805 0
    outer loop
      vertex 28.5753 0.567017 0
      vertex 28.5921 0.639496 0.6
      vertex 28.5921 0.639496 0
    endloop
  endfacet
  facet normal -0.974173 0.225805 0
    outer loop
      vertex 28.5921 0.639496 0.6
      vertex 28.5753 0.567017 0
      vertex 28.5753 0.567017 0.6
    endloop
  endfacet
  facet normal -0.958928 0.283649 0
    outer loop
      vertex 28.5547 0.497375 0
      vertex 28.5753 0.567017 0.6
      vertex 28.5753 0.567017 0
    endloop
  endfacet
  facet normal -0.958928 0.283649 0
    outer loop
      vertex 28.5753 0.567017 0.6
      vertex 28.5547 0.497375 0
      vertex 28.5547 0.497375 0.6
    endloop
  endfacet
  facet normal -0.940207 0.340604 0
    outer loop
      vertex 28.5305 0.430573 0
      vertex 28.5547 0.497375 0.6
      vertex 28.5547 0.497375 0
    endloop
  endfacet
  facet normal -0.940207 0.340604 0
    outer loop
      vertex 28.5547 0.497375 0.6
      vertex 28.5305 0.430573 0
      vertex 28.5305 0.430573 0.6
    endloop
  endfacet
  facet normal -0.916881 0.39916 0
    outer loop
      vertex 28.5026 0.366486 0
      vertex 28.5305 0.430573 0.6
      vertex 28.5305 0.430573 0
    endloop
  endfacet
  facet normal -0.916881 0.39916 0
    outer loop
      vertex 28.5305 0.430573 0.6
      vertex 28.5026 0.366486 0
      vertex 28.5026 0.366486 0.6
    endloop
  endfacet
  facet normal -0.892277 0.451488 0
    outer loop
      vertex 28.4715 0.305023 0
      vertex 28.5026 0.366486 0.6
      vertex 28.5026 0.366486 0
    endloop
  endfacet
  facet normal -0.892277 0.451488 0
    outer loop
      vertex 28.5026 0.366486 0.6
      vertex 28.4715 0.305023 0
      vertex 28.4715 0.305023 0.6
    endloop
  endfacet
  facet normal -0.862582 0.505917 0
    outer loop
      vertex 28.437 0.246201 0
      vertex 28.4715 0.305023 0.6
      vertex 28.4715 0.305023 0
    endloop
  endfacet
  facet normal -0.862582 0.505917 0
    outer loop
      vertex 28.4715 0.305023 0.6
      vertex 28.437 0.246201 0
      vertex 28.437 0.246201 0.6
    endloop
  endfacet
  facet normal -0.830378 0.557201 0
    outer loop
      vertex 28.3993 0.190018 0
      vertex 28.437 0.246201 0.6
      vertex 28.437 0.246201 0
    endloop
  endfacet
  facet normal -0.830378 0.557201 0
    outer loop
      vertex 28.437 0.246201 0.6
      vertex 28.3993 0.190018 0
      vertex 28.3993 0.190018 0.6
    endloop
  endfacet
  facet normal -0.792701 0.609611 0
    outer loop
      vertex 28.3581 0.136444 0
      vertex 28.3993 0.190018 0.6
      vertex 28.3993 0.190018 0
    endloop
  endfacet
  facet normal -0.792701 0.609611 0
    outer loop
      vertex 28.3993 0.190018 0.6
      vertex 28.3581 0.136444 0
      vertex 28.3581 0.136444 0.6
    endloop
  endfacet
  facet normal -0.753703 0.657215 0
    outer loop
      vertex 28.3137 0.0855255 0
      vertex 28.3581 0.136444 0.6
      vertex 28.3581 0.136444 0
    endloop
  endfacet
  facet normal -0.753703 0.657215 0
    outer loop
      vertex 28.3581 0.136444 0.6
      vertex 28.3137 0.0855255 0
      vertex 28.3137 0.0855255 0.6
    endloop
  endfacet
  facet normal -0.71158 0.702605 0
    outer loop
      vertex 28.266 0.0372162 0
      vertex 28.3137 0.0855255 0.6
      vertex 28.3137 0.0855255 0
    endloop
  endfacet
  facet normal -0.71158 0.702605 0
    outer loop
      vertex 28.3137 0.0855255 0.6
      vertex 28.266 0.0372162 0
      vertex 28.266 0.0372162 0.6
    endloop
  endfacet
  facet normal -0.663724 0.747978 0
    outer loop
      vertex 28.266 0.0372162 0
      vertex 28.214 -0.00892639 0.6
      vertex 28.266 0.0372162 0.6
    endloop
  endfacet
  facet normal -0.663724 0.747978 0
    outer loop
      vertex 28.214 -0.00892639 0.6
      vertex 28.266 0.0372162 0
      vertex 28.214 -0.00892639 0
    endloop
  endfacet
  facet normal -0.616001 0.787746 0
    outer loop
      vertex 28.214 -0.00892639 0
      vertex 28.1571 -0.053421 0.6
      vertex 28.214 -0.00892639 0.6
    endloop
  endfacet
  facet normal -0.616001 0.787746 0
    outer loop
      vertex 28.1571 -0.053421 0.6
      vertex 28.214 -0.00892639 0
      vertex 28.1571 -0.053421 0
    endloop
  endfacet
  facet normal -0.567767 0.823189 0
    outer loop
      vertex 28.1571 -0.053421 0
      vertex 28.095 -0.0962524 0.6
      vertex 28.1571 -0.053421 0.6
    endloop
  endfacet
  facet normal -0.567767 0.823189 0
    outer loop
      vertex 28.095 -0.0962524 0.6
      vertex 28.1571 -0.053421 0
      vertex 28.095 -0.0962524 0
    endloop
  endfacet
  facet normal -0.522957 0.852359 0
    outer loop
      vertex 28.095 -0.0962524 0
      vertex 28.0279 -0.137421 0.6
      vertex 28.095 -0.0962524 0.6
    endloop
  endfacet
  facet normal -0.522957 0.852359 0
    outer loop
      vertex 28.0279 -0.137421 0.6
      vertex 28.095 -0.0962524 0
      vertex 28.0279 -0.137421 0
    endloop
  endfacet
  facet normal -0.480517 0.876985 0
    outer loop
      vertex 28.0279 -0.137421 0
      vertex 27.9558 -0.176926 0.6
      vertex 28.0279 -0.137421 0.6
    endloop
  endfacet
  facet normal -0.480517 0.876985 0
    outer loop
      vertex 27.9558 -0.176926 0.6
      vertex 28.0279 -0.137421 0
      vertex 27.9558 -0.176926 0
    endloop
  endfacet
  facet normal -0.440287 0.897857 0
    outer loop
      vertex 27.9558 -0.176926 0
      vertex 27.8786 -0.214783 0.6
      vertex 27.9558 -0.176926 0.6
    endloop
  endfacet
  facet normal -0.440287 0.897857 0
    outer loop
      vertex 27.8786 -0.214783 0.6
      vertex 27.9558 -0.176926 0
      vertex 27.8786 -0.214783 0
    endloop
  endfacet
  facet normal -0.402832 0.915274 0
    outer loop
      vertex 27.8786 -0.214783 0
      vertex 27.7964 -0.250961 0.6
      vertex 27.8786 -0.214783 0.6
    endloop
  endfacet
  facet normal -0.402832 0.915274 0
    outer loop
      vertex 27.7964 -0.250961 0.6
      vertex 27.8786 -0.214783 0
      vertex 27.7964 -0.250961 0
    endloop
  endfacet
  facet normal -0.360036 0.932938 0
    outer loop
      vertex 27.7964 -0.250961 0
      vertex 27.7036 -0.286774 0.6
      vertex 27.7964 -0.250961 0.6
    endloop
  endfacet
  facet normal -0.360036 0.932938 0
    outer loop
      vertex 27.7036 -0.286774 0.6
      vertex 27.7964 -0.250961 0
      vertex 27.7036 -0.286774 0
    endloop
  endfacet
  facet normal -0.31998 0.947424 0
    outer loop
      vertex 27.7036 -0.286774 0
      vertex 27.5949 -0.323486 0.6
      vertex 27.7036 -0.286774 0.6
    endloop
  endfacet
  facet normal -0.31998 0.947424 0
    outer loop
      vertex 27.5949 -0.323486 0.6
      vertex 27.7036 -0.286774 0
      vertex 27.5949 -0.323486 0
    endloop
  endfacet
  facet normal -0.288672 0.957428 0
    outer loop
      vertex 27.5949 -0.323486 0
      vertex 27.4702 -0.361084 0.6
      vertex 27.5949 -0.323486 0.6
    endloop
  endfacet
  facet normal -0.288672 0.957428 0
    outer loop
      vertex 27.4702 -0.361084 0.6
      vertex 27.5949 -0.323486 0
      vertex 27.4702 -0.361084 0
    endloop
  endfacet
  facet normal -0.264012 0.964519 0
    outer loop
      vertex 27.4702 -0.361084 0
      vertex 27.3295 -0.399597 0.6
      vertex 27.4702 -0.361084 0.6
    endloop
  endfacet
  facet normal -0.264012 0.964519 0
    outer loop
      vertex 27.3295 -0.399597 0.6
      vertex 27.4702 -0.361084 0
      vertex 27.3295 -0.399597 0
    endloop
  endfacet
  facet normal -0.243928 0.969793 0
    outer loop
      vertex 27.3295 -0.399597 0
      vertex 27.1728 -0.439011 0.6
      vertex 27.3295 -0.399597 0.6
    endloop
  endfacet
  facet normal -0.243928 0.969793 0
    outer loop
      vertex 27.1728 -0.439011 0.6
      vertex 27.3295 -0.399597 0
      vertex 27.1728 -0.439011 0
    endloop
  endfacet
  facet normal -0.227237 0.97384 0
    outer loop
      vertex 27.1728 -0.439011 0
      vertex 27.0001 -0.479309 0.6
      vertex 27.1728 -0.439011 0.6
    endloop
  endfacet
  facet normal -0.227237 0.97384 0
    outer loop
      vertex 27.0001 -0.479309 0.6
      vertex 27.1728 -0.439011 0
      vertex 27.0001 -0.479309 0
    endloop
  endfacet
  facet normal -0.21338 0.976969 0
    outer loop
      vertex 27.0001 -0.479309 0
      vertex 26.8114 -0.520523 0.6
      vertex 27.0001 -0.479309 0.6
    endloop
  endfacet
  facet normal -0.21338 0.976969 0
    outer loop
      vertex 26.8114 -0.520523 0.6
      vertex 27.0001 -0.479309 0
      vertex 26.8114 -0.520523 0
    endloop
  endfacet
  facet normal -0.216509 0.976281 0
    outer loop
      vertex 26.8114 -0.520523 0
      vertex 26.6537 -0.555496 0.6
      vertex 26.8114 -0.520523 0.6
    endloop
  endfacet
  facet normal -0.216509 0.976281 0
    outer loop
      vertex 26.6537 -0.555496 0.6
      vertex 26.8114 -0.520523 0
      vertex 26.6537 -0.555496 0
    endloop
  endfacet
  facet normal -0.228287 0.973594 0
    outer loop
      vertex 26.6537 -0.555496 0
      vertex 26.5119 -0.588745 0.6
      vertex 26.6537 -0.555496 0.6
    endloop
  endfacet
  facet normal -0.228287 0.973594 0
    outer loop
      vertex 26.5119 -0.588745 0.6
      vertex 26.6537 -0.555496 0
      vertex 26.5119 -0.588745 0
    endloop
  endfacet
  facet normal -0.242971 0.970034 0
    outer loop
      vertex 26.5119 -0.588745 0
      vertex 26.3861 -0.620255 0.6
      vertex 26.5119 -0.588745 0.6
    endloop
  endfacet
  facet normal -0.242971 0.970034 0
    outer loop
      vertex 26.3861 -0.620255 0.6
      vertex 26.5119 -0.588745 0
      vertex 26.3861 -0.620255 0
    endloop
  endfacet
  facet normal -0.261361 0.965241 0
    outer loop
      vertex 26.3861 -0.620255 0
      vertex 26.2761 -0.65004 0.6
      vertex 26.3861 -0.620255 0.6
    endloop
  endfacet
  facet normal -0.261361 0.965241 0
    outer loop
      vertex 26.2761 -0.65004 0.6
      vertex 26.3861 -0.620255 0
      vertex 26.2761 -0.65004 0
    endloop
  endfacet
  facet normal -0.286048 0.958215 0
    outer loop
      vertex 26.2761 -0.65004 0
      vertex 26.1821 -0.678101 0.6
      vertex 26.2761 -0.65004 0.6
    endloop
  endfacet
  facet normal -0.286048 0.958215 0
    outer loop
      vertex 26.1821 -0.678101 0.6
      vertex 26.2761 -0.65004 0
      vertex 26.1821 -0.678101 0
    endloop
  endfacet
  facet normal -0.319001 0.947755 0
    outer loop
      vertex 26.1821 -0.678101 0
      vertex 26.1039 -0.704422 0.6
      vertex 26.1821 -0.678101 0.6
    endloop
  endfacet
  facet normal -0.319001 0.947755 0
    outer loop
      vertex 26.1039 -0.704422 0.6
      vertex 26.1821 -0.678101 0
      vertex 26.1039 -0.704422 0
    endloop
  endfacet
  facet normal -0.36774 0.929929 0
    outer loop
      vertex 26.1039 -0.704422 0
      vertex 26.0417 -0.729019 0.6
      vertex 26.1039 -0.704422 0.6
    endloop
  endfacet
  facet normal -0.36774 0.929929 0
    outer loop
      vertex 26.0417 -0.729019 0.6
      vertex 26.1039 -0.704422 0
      vertex 26.0417 -0.729019 0
    endloop
  endfacet
  facet normal -0.423644 0.905829 0
    outer loop
      vertex 26.0417 -0.729019 0
      vertex 25.9894 -0.753479 0.6
      vertex 26.0417 -0.729019 0.6
    endloop
  endfacet
  facet normal -0.423644 0.905829 0
    outer loop
      vertex 25.9894 -0.753479 0.6
      vertex 26.0417 -0.729019 0
      vertex 25.9894 -0.753479 0
    endloop
  endfacet
  facet normal -0.470659 0.882315 0
    outer loop
      vertex 25.9894 -0.753479 0
      vertex 25.9408 -0.779404 0.6
      vertex 25.9894 -0.753479 0.6
    endloop
  endfacet
  facet normal -0.470659 0.882315 0
    outer loop
      vertex 25.9408 -0.779404 0.6
      vertex 25.9894 -0.753479 0
      vertex 25.9408 -0.779404 0
    endloop
  endfacet
  facet normal -0.522246 0.852795 0
    outer loop
      vertex 25.9408 -0.779404 0
      vertex 25.8961 -0.806778 0.6
      vertex 25.9408 -0.779404 0.6
    endloop
  endfacet
  facet normal -0.522246 0.852795 0
    outer loop
      vertex 25.8961 -0.806778 0.6
      vertex 25.9408 -0.779404 0
      vertex 25.8961 -0.806778 0
    endloop
  endfacet
  facet normal -0.576062 0.817406 0
    outer loop
      vertex 25.8961 -0.806778 0
      vertex 25.8552 -0.835602 0.6
      vertex 25.8961 -0.806778 0.6
    endloop
  endfacet
  facet normal -0.576062 0.817406 0
    outer loop
      vertex 25.8552 -0.835602 0.6
      vertex 25.8961 -0.806778 0
      vertex 25.8552 -0.835602 0
    endloop
  endfacet
  facet normal -0.632217 0.774791 0
    outer loop
      vertex 25.8552 -0.835602 0
      vertex 25.8181 -0.865875 0.6
      vertex 25.8552 -0.835602 0.6
    endloop
  endfacet
  facet normal -0.632217 0.774791 0
    outer loop
      vertex 25.8181 -0.865875 0.6
      vertex 25.8552 -0.835602 0
      vertex 25.8181 -0.865875 0
    endloop
  endfacet
  facet normal -0.68867 0.725075 0
    outer loop
      vertex 25.8181 -0.865875 0
      vertex 25.7847 -0.897598 0.6
      vertex 25.8181 -0.865875 0.6
    endloop
  endfacet
  facet normal -0.68867 0.725075 0
    outer loop
      vertex 25.7847 -0.897598 0.6
      vertex 25.8181 -0.865875 0
      vertex 25.7847 -0.897598 0
    endloop
  endfacet
  facet normal -0.747265 0.664526 0
    outer loop
      vertex 25.7552 -0.930771 0
      vertex 25.7847 -0.897598 0.6
      vertex 25.7847 -0.897598 0
    endloop
  endfacet
  facet normal -0.747265 0.664526 0
    outer loop
      vertex 25.7847 -0.897598 0.6
      vertex 25.7552 -0.930771 0
      vertex 25.7552 -0.930771 0.6
    endloop
  endfacet
  facet normal -0.809473 0.587157 0
    outer loop
      vertex 25.7296 -0.966064 0
      vertex 25.7552 -0.930771 0.6
      vertex 25.7552 -0.930771 0
    endloop
  endfacet
  facet normal -0.809473 0.587157 0
    outer loop
      vertex 25.7552 -0.930771 0.6
      vertex 25.7296 -0.966064 0
      vertex 25.7296 -0.966064 0.6
    endloop
  endfacet
  facet normal -0.86881 0.495146 0
    outer loop
      vertex 25.7079 -1.00414 0
      vertex 25.7296 -0.966064 0.6
      vertex 25.7296 -0.966064 0
    endloop
  endfacet
  facet normal -0.86881 0.495146 0
    outer loop
      vertex 25.7296 -0.966064 0.6
      vertex 25.7079 -1.00414 0
      vertex 25.7079 -1.00414 0.6
    endloop
  endfacet
  facet normal -0.917498 0.39774 0
    outer loop
      vertex 25.6902 -1.04497 0
      vertex 25.7079 -1.00414 0.6
      vertex 25.7079 -1.00414 0
    endloop
  endfacet
  facet normal -0.917498 0.39774 0
    outer loop
      vertex 25.7079 -1.00414 0.6
      vertex 25.6902 -1.04497 0
      vertex 25.6902 -1.04497 0.6
    endloop
  endfacet
  facet normal -0.953364 0.301822 0
    outer loop
      vertex 25.6764 -1.08856 0
      vertex 25.6902 -1.04497 0.6
      vertex 25.6902 -1.04497 0
    endloop
  endfacet
  facet normal -0.953364 0.301822 0
    outer loop
      vertex 25.6902 -1.04497 0.6
      vertex 25.6764 -1.08856 0
      vertex 25.6764 -1.08856 0.6
    endloop
  endfacet
  facet normal -0.97796 0.208794 0
    outer loop
      vertex 25.6665 -1.13493 0
      vertex 25.6764 -1.08856 0.6
      vertex 25.6764 -1.08856 0
    endloop
  endfacet
  facet normal -0.97796 0.208794 0
    outer loop
      vertex 25.6764 -1.08856 0.6
      vertex 25.6665 -1.13493 0
      vertex 25.6665 -1.13493 0.6
    endloop
  endfacet
  facet normal -0.992869 0.119209 0
    outer loop
      vertex 25.6606 -1.18407 0
      vertex 25.6665 -1.13493 0.6
      vertex 25.6665 -1.13493 0
    endloop
  endfacet
  facet normal -0.992869 0.119209 0
    outer loop
      vertex 25.6665 -1.13493 0.6
      vertex 25.6606 -1.18407 0
      vertex 25.6606 -1.18407 0.6
    endloop
  endfacet
  facet normal -0.999258 0.0385145 0
    outer loop
      vertex 25.6586 -1.23596 0
      vertex 25.6606 -1.18407 0.6
      vertex 25.6606 -1.18407 0
    endloop
  endfacet
  facet normal -0.999258 0.0385145 0
    outer loop
      vertex 25.6606 -1.18407 0.6
      vertex 25.6586 -1.23596 0
      vertex 25.6586 -1.23596 0.6
    endloop
  endfacet
  facet normal -0.992511 -0.122159 0
    outer loop
      vertex 25.6772 -1.38708 0
      vertex 25.6586 -1.23596 0.6
      vertex 25.6586 -1.23596 0
    endloop
  endfacet
  facet normal -0.992511 -0.122159 0
    outer loop
      vertex 25.6586 -1.23596 0.6
      vertex 25.6772 -1.38708 0
      vertex 25.6772 -1.38708 0.6
    endloop
  endfacet
  facet normal -0.917059 -0.398752 0
    outer loop
      vertex 25.7328 -1.51495 0
      vertex 25.6772 -1.38708 0.6
      vertex 25.6772 -1.38708 0
    endloop
  endfacet
  facet normal -0.917059 -0.398752 0
    outer loop
      vertex 25.6772 -1.38708 0.6
      vertex 25.7328 -1.51495 0
      vertex 25.7328 -1.51495 0.6
    endloop
  endfacet
  facet normal -0.74849 -0.663146 0
    outer loop
      vertex 25.8255 -1.61958 0
      vertex 25.7328 -1.51495 0.6
      vertex 25.7328 -1.51495 0
    endloop
  endfacet
  facet normal -0.74849 -0.663146 0
    outer loop
      vertex 25.7328 -1.51495 0.6
      vertex 25.8255 -1.61958 0
      vertex 25.8255 -1.61958 0.6
    endloop
  endfacet
  facet normal -0.531102 -0.847308 0
    outer loop
      vertex 25.8255 -1.61958 0
      vertex 25.9553 -1.70094 0.6
      vertex 25.8255 -1.61958 0.6
    endloop
  endfacet
  facet normal -0.531102 -0.847308 -0
    outer loop
      vertex 25.9553 -1.70094 0.6
      vertex 25.8255 -1.61958 0
      vertex 25.9553 -1.70094 0
    endloop
  endfacet
  facet normal -0.328863 -0.944378 0
    outer loop
      vertex 25.9553 -1.70094 0
      vertex 26.1222 -1.75906 0.6
      vertex 25.9553 -1.70094 0.6
    endloop
  endfacet
  facet normal -0.328863 -0.944378 -0
    outer loop
      vertex 26.1222 -1.75906 0.6
      vertex 25.9553 -1.70094 0
      vertex 26.1222 -1.75906 0
    endloop
  endfacet
  facet normal -0.168582 -0.985688 0
    outer loop
      vertex 26.1222 -1.75906 0
      vertex 26.3262 -1.79395 0.6
      vertex 26.1222 -1.75906 0.6
    endloop
  endfacet
  facet normal -0.168582 -0.985688 -0
    outer loop
      vertex 26.3262 -1.79395 0.6
      vertex 26.1222 -1.75906 0
      vertex 26.3262 -1.79395 0
    endloop
  endfacet
  facet normal -0.0481399 -0.998841 0
    outer loop
      vertex 26.3262 -1.79395 0
      vertex 26.5673 -1.80557 0.6
      vertex 26.3262 -1.79395 0.6
    endloop
  endfacet
  facet normal -0.0481399 -0.998841 -0
    outer loop
      vertex 26.5673 -1.80557 0.6
      vertex 26.3262 -1.79395 0
      vertex 26.5673 -1.80557 0
    endloop
  endfacet
  facet normal 0.027024 -0.999635 0
    outer loop
      vertex 26.5673 -1.80557 0
      vertex 26.6853 -1.80238 0.6
      vertex 26.5673 -1.80557 0.6
    endloop
  endfacet
  facet normal 0.027024 -0.999635 0
    outer loop
      vertex 26.6853 -1.80238 0.6
      vertex 26.5673 -1.80557 0
      vertex 26.6853 -1.80238 0
    endloop
  endfacet
  facet normal 0.0865709 -0.996246 0
    outer loop
      vertex 26.6853 -1.80238 0
      vertex 26.7952 -1.79283 0.6
      vertex 26.6853 -1.80238 0.6
    endloop
  endfacet
  facet normal 0.0865709 -0.996246 0
    outer loop
      vertex 26.7952 -1.79283 0.6
      vertex 26.6853 -1.80238 0
      vertex 26.7952 -1.79283 0
    endloop
  endfacet
  facet normal 0.154412 -0.988006 0
    outer loop
      vertex 26.7952 -1.79283 0
      vertex 26.897 -1.77692 0.6
      vertex 26.7952 -1.79283 0.6
    endloop
  endfacet
  facet normal 0.154412 -0.988006 0
    outer loop
      vertex 26.897 -1.77692 0.6
      vertex 26.7952 -1.79283 0
      vertex 26.897 -1.77692 0
    endloop
  endfacet
  facet normal 0.231293 -0.972884 0
    outer loop
      vertex 26.897 -1.77692 0
      vertex 26.9908 -1.75462 0.6
      vertex 26.897 -1.77692 0.6
    endloop
  endfacet
  facet normal 0.231293 -0.972884 0
    outer loop
      vertex 26.9908 -1.75462 0.6
      vertex 26.897 -1.77692 0
      vertex 26.9908 -1.75462 0
    endloop
  endfacet
  facet normal 0.317291 -0.948328 0
    outer loop
      vertex 26.9908 -1.75462 0
      vertex 27.0764 -1.72598 0.6
      vertex 26.9908 -1.75462 0.6
    endloop
  endfacet
  facet normal 0.317291 -0.948328 0
    outer loop
      vertex 27.0764 -1.72598 0.6
      vertex 26.9908 -1.75462 0
      vertex 27.0764 -1.72598 0
    endloop
  endfacet
  facet normal 0.41188 -0.911238 0
    outer loop
      vertex 27.0764 -1.72598 0
      vertex 27.1539 -1.69095 0.6
      vertex 27.0764 -1.72598 0.6
    endloop
  endfacet
  facet normal 0.41188 -0.911238 0
    outer loop
      vertex 27.1539 -1.69095 0.6
      vertex 27.0764 -1.72598 0
      vertex 27.1539 -1.69095 0
    endloop
  endfacet
  facet normal 0.511584 -0.859233 0
    outer loop
      vertex 27.1539 -1.69095 0
      vertex 27.2234 -1.64957 0.6
      vertex 27.1539 -1.69095 0.6
    endloop
  endfacet
  facet normal 0.511584 -0.859233 0
    outer loop
      vertex 27.2234 -1.64957 0.6
      vertex 27.1539 -1.69095 0
      vertex 27.2234 -1.64957 0
    endloop
  endfacet
  facet normal 0.608298 -0.793709 0
    outer loop
      vertex 27.2234 -1.64957 0
      vertex 27.2856 -1.6019 0.6
      vertex 27.2234 -1.64957 0.6
    endloop
  endfacet
  facet normal 0.608298 -0.793709 0
    outer loop
      vertex 27.2856 -1.6019 0.6
      vertex 27.2234 -1.64957 0
      vertex 27.2856 -1.6019 0
    endloop
  endfacet
  facet normal 0.693535 -0.720423 0
    outer loop
      vertex 27.2856 -1.6019 0
      vertex 27.3416 -1.54799 0.6
      vertex 27.2856 -1.6019 0.6
    endloop
  endfacet
  facet normal 0.693535 -0.720423 0
    outer loop
      vertex 27.3416 -1.54799 0.6
      vertex 27.2856 -1.6019 0
      vertex 27.3416 -1.54799 0
    endloop
  endfacet
  facet normal 0.771367 -0.636391 0
    outer loop
      vertex 27.3416 -1.54799 0.6
      vertex 27.3912 -1.48787 0
      vertex 27.3912 -1.48787 0.6
    endloop
  endfacet
  facet normal 0.771367 -0.636391 0
    outer loop
      vertex 27.3912 -1.48787 0
      vertex 27.3416 -1.54799 0.6
      vertex 27.3416 -1.54799 0
    endloop
  endfacet
  facet normal 0.836907 -0.547345 0
    outer loop
      vertex 27.3912 -1.48787 0.6
      vertex 27.4346 -1.42151 0
      vertex 27.4346 -1.42151 0.6
    endloop
  endfacet
  facet normal 0.836907 -0.547345 0
    outer loop
      vertex 27.4346 -1.42151 0
      vertex 27.3912 -1.48787 0.6
      vertex 27.3912 -1.48787 0
    endloop
  endfacet
  facet normal 0.890939 -0.454123 0
    outer loop
      vertex 27.4346 -1.42151 0.6
      vertex 27.4716 -1.34892 0
      vertex 27.4716 -1.34892 0.6
    endloop
  endfacet
  facet normal 0.890939 -0.454123 0
    outer loop
      vertex 27.4716 -1.34892 0
      vertex 27.4346 -1.42151 0.6
      vertex 27.4346 -1.42151 0
    endloop
  endfacet
  facet normal 0.931398 -0.364003 0
    outer loop
      vertex 27.4716 -1.34892 0.6
      vertex 27.5024 -1.27011 0
      vertex 27.5024 -1.27011 0.6
    endloop
  endfacet
  facet normal 0.931398 -0.364003 0
    outer loop
      vertex 27.5024 -1.27011 0
      vertex 27.4716 -1.34892 0.6
      vertex 27.4716 -1.34892 0
    endloop
  endfacet
  facet normal 0.961216 -0.275796 0
    outer loop
      vertex 27.5024 -1.27011 0.6
      vertex 27.5268 -1.18507 0
      vertex 27.5268 -1.18507 0.6
    endloop
  endfacet
  facet normal 0.961216 -0.275796 0
    outer loop
      vertex 27.5268 -1.18507 0
      vertex 27.5024 -1.27011 0.6
      vertex 27.5024 -1.27011 0
    endloop
  endfacet
  facet normal -0.135118 -0.99083 0
    outer loop
      vertex 27.5268 -1.18507 0
      vertex 28.4966 -1.31732 0.6
      vertex 27.5268 -1.18507 0.6
    endloop
  endfacet
  facet normal -0.135118 -0.99083 -0
    outer loop
      vertex 28.4966 -1.31732 0.6
      vertex 27.5268 -1.18507 0
      vertex 28.4966 -1.31732 0
    endloop
  endfacet
  facet normal -0.970947 0.239296 0
    outer loop
      vertex 28.4533 -1.49301 0
      vertex 28.4966 -1.31732 0.6
      vertex 28.4966 -1.31732 0
    endloop
  endfacet
  facet normal -0.970947 0.239296 0
    outer loop
      vertex 28.4966 -1.31732 0.6
      vertex 28.4533 -1.49301 0
      vertex 28.4533 -1.49301 0.6
    endloop
  endfacet
  facet normal -0.943879 0.33029 0
    outer loop
      vertex 28.397 -1.6539 0
      vertex 28.4533 -1.49301 0.6
      vertex 28.4533 -1.49301 0
    endloop
  endfacet
  facet normal -0.943879 0.33029 0
    outer loop
      vertex 28.4533 -1.49301 0.6
      vertex 28.397 -1.6539 0
      vertex 28.397 -1.6539 0.6
    endloop
  endfacet
  facet normal -0.903956 0.427626 0
    outer loop
      vertex 28.3279 -1.79997 0
      vertex 28.397 -1.6539 0.6
      vertex 28.397 -1.6539 0
    endloop
  endfacet
  facet normal -0.903956 0.427626 0
    outer loop
      vertex 28.397 -1.6539 0.6
      vertex 28.3279 -1.79997 0
      vertex 28.3279 -1.79997 0.6
    endloop
  endfacet
  facet normal -0.847817 0.530289 0
    outer loop
      vertex 28.2458 -1.93123 0
      vertex 28.3279 -1.79997 0.6
      vertex 28.3279 -1.79997 0
    endloop
  endfacet
  facet normal -0.847817 0.530289 0
    outer loop
      vertex 28.3279 -1.79997 0.6
      vertex 28.2458 -1.93123 0
      vertex 28.2458 -1.93123 0.6
    endloop
  endfacet
  facet normal -0.774535 0.632531 0
    outer loop
      vertex 28.1507 -2.04768 0
      vertex 28.2458 -1.93123 0.6
      vertex 28.2458 -1.93123 0
    endloop
  endfacet
  facet normal -0.774535 0.632531 0
    outer loop
      vertex 28.2458 -1.93123 0.6
      vertex 28.1507 -2.04768 0
      vertex 28.1507 -2.04768 0.6
    endloop
  endfacet
  facet normal -0.685411 0.728156 0
    outer loop
      vertex 28.1507 -2.04768 0
      vertex 28.0427 -2.14934 0.6
      vertex 28.1507 -2.04768 0.6
    endloop
  endfacet
  facet normal -0.685411 0.728156 0
    outer loop
      vertex 28.0427 -2.14934 0.6
      vertex 28.1507 -2.04768 0
      vertex 28.0427 -2.14934 0
    endloop
  endfacet
  facet normal -0.583295 0.81226 0
    outer loop
      vertex 28.0427 -2.14934 0
      vertex 27.9218 -2.23616 0.6
      vertex 28.0427 -2.14934 0.6
    endloop
  endfacet
  facet normal -0.583295 0.81226 0
    outer loop
      vertex 27.9218 -2.23616 0.6
      vertex 28.0427 -2.14934 0
      vertex 27.9218 -2.23616 0
    endloop
  endfacet
  facet normal -0.475768 0.879571 0
    outer loop
      vertex 27.9218 -2.23616 0
      vertex 27.7854 -2.30994 0.6
      vertex 27.9218 -2.23616 0.6
    endloop
  endfacet
  facet normal -0.475768 0.879571 0
    outer loop
      vertex 27.7854 -2.30994 0.6
      vertex 27.9218 -2.23616 0
      vertex 27.7854 -2.30994 0
    endloop
  endfacet
  facet normal -0.374596 0.927188 0
    outer loop
      vertex 27.7854 -2.30994 0
      vertex 27.6309 -2.37236 0.6
      vertex 27.7854 -2.30994 0.6
    endloop
  endfacet
  facet normal -0.374596 0.927188 0
    outer loop
      vertex 27.6309 -2.37236 0.6
      vertex 27.7854 -2.30994 0
      vertex 27.6309 -2.37236 0
    endloop
  endfacet
  facet normal -0.283878 0.95886 0
    outer loop
      vertex 27.6309 -2.37236 0
      vertex 27.4584 -2.42343 0.6
      vertex 27.6309 -2.37236 0.6
    endloop
  endfacet
  facet normal -0.283878 0.95886 0
    outer loop
      vertex 27.4584 -2.42343 0.6
      vertex 27.6309 -2.37236 0
      vertex 27.4584 -2.42343 0
    endloop
  endfacet
  facet normal -0.204012 0.978968 0
    outer loop
      vertex 27.4584 -2.42343 0
      vertex 27.2678 -2.46315 0.6
      vertex 27.4584 -2.42343 0.6
    endloop
  endfacet
  facet normal -0.204012 0.978968 0
    outer loop
      vertex 27.2678 -2.46315 0.6
      vertex 27.4584 -2.42343 0
      vertex 27.2678 -2.46315 0
    endloop
  endfacet
  facet normal -0.134698 0.990887 0
    outer loop
      vertex 27.2678 -2.46315 0
      vertex 27.0591 -2.49152 0.6
      vertex 27.2678 -2.46315 0.6
    endloop
  endfacet
  facet normal -0.134698 0.990887 0
    outer loop
      vertex 27.0591 -2.49152 0.6
      vertex 27.2678 -2.46315 0
      vertex 27.0591 -2.49152 0
    endloop
  endfacet
  facet normal -0.0748665 0.997194 0
    outer loop
      vertex 27.0591 -2.49152 0
      vertex 26.8324 -2.50854 0.6
      vertex 27.0591 -2.49152 0.6
    endloop
  endfacet
  facet normal -0.0748665 0.997194 0
    outer loop
      vertex 26.8324 -2.50854 0.6
      vertex 27.0591 -2.49152 0
      vertex 26.8324 -2.50854 0
    endloop
  endfacet
  facet normal -0.0231964 0.999731 0
    outer loop
      vertex 26.8324 -2.50854 0
      vertex 26.5876 -2.51422 0.6
      vertex 26.8324 -2.50854 0.6
    endloop
  endfacet
  facet normal -0.0231964 0.999731 0
    outer loop
      vertex 26.5876 -2.51422 0.6
      vertex 26.8324 -2.50854 0
      vertex 26.5876 -2.51422 0
    endloop
  endfacet
  facet normal 0.0274078 0.999624 -0
    outer loop
      vertex 26.5876 -2.51422 0
      vertex 26.3312 -2.50719 0.6
      vertex 26.5876 -2.51422 0.6
    endloop
  endfacet
  facet normal 0.0274078 0.999624 0
    outer loop
      vertex 26.3312 -2.50719 0.6
      vertex 26.5876 -2.51422 0
      vertex 26.3312 -2.50719 0
    endloop
  endfacet
  facet normal 0.0880329 0.996118 -0
    outer loop
      vertex 26.3312 -2.50719 0
      vertex 26.0929 -2.48613 0.6
      vertex 26.3312 -2.50719 0.6
    endloop
  endfacet
  facet normal 0.0880329 0.996118 0
    outer loop
      vertex 26.0929 -2.48613 0.6
      vertex 26.3312 -2.50719 0
      vertex 26.0929 -2.48613 0
    endloop
  endfacet
  facet normal 0.157475 0.987523 -0
    outer loop
      vertex 26.0929 -2.48613 0
      vertex 25.8726 -2.451 0.6
      vertex 26.0929 -2.48613 0.6
    endloop
  endfacet
  facet normal 0.157475 0.987523 0
    outer loop
      vertex 25.8726 -2.451 0.6
      vertex 26.0929 -2.48613 0
      vertex 25.8726 -2.451 0
    endloop
  endfacet
  facet normal 0.236244 0.971694 -0
    outer loop
      vertex 25.8726 -2.451 0
      vertex 25.6704 -2.40184 0.6
      vertex 25.8726 -2.451 0.6
    endloop
  endfacet
  facet normal 0.236244 0.971694 0
    outer loop
      vertex 25.6704 -2.40184 0.6
      vertex 25.8726 -2.451 0
      vertex 25.6704 -2.40184 0
    endloop
  endfacet
  facet normal 0.324626 0.945842 -0
    outer loop
      vertex 25.6704 -2.40184 0
      vertex 25.4862 -2.33862 0.6
      vertex 25.6704 -2.40184 0.6
    endloop
  endfacet
  facet normal 0.324626 0.945842 0
    outer loop
      vertex 25.4862 -2.33862 0.6
      vertex 25.6704 -2.40184 0
      vertex 25.4862 -2.33862 0
    endloop
  endfacet
  facet normal 0.421705 0.906733 -0
    outer loop
      vertex 25.4862 -2.33862 0
      vertex 25.3201 -2.26137 0.6
      vertex 25.4862 -2.33862 0.6
    endloop
  endfacet
  facet normal 0.421705 0.906733 0
    outer loop
      vertex 25.3201 -2.26137 0.6
      vertex 25.4862 -2.33862 0
      vertex 25.3201 -2.26137 0
    endloop
  endfacet
  facet normal 0.525028 0.851085 -0
    outer loop
      vertex 25.3201 -2.26137 0
      vertex 25.1721 -2.17007 0.6
      vertex 25.3201 -2.26137 0.6
    endloop
  endfacet
  facet normal 0.525028 0.851085 0
    outer loop
      vertex 25.1721 -2.17007 0.6
      vertex 25.3201 -2.26137 0
      vertex 25.1721 -2.17007 0
    endloop
  endfacet
  facet normal 0.629236 0.777214 -0
    outer loop
      vertex 25.1721 -2.17007 0
      vertex 25.043 -2.06555 0.6
      vertex 25.1721 -2.17007 0.6
    endloop
  endfacet
  facet normal 0.629236 0.777214 0
    outer loop
      vertex 25.043 -2.06555 0.6
      vertex 25.1721 -2.17007 0
      vertex 25.043 -2.06555 0
    endloop
  endfacet
  facet normal 0.730482 0.682932 0
    outer loop
      vertex 25.043 -2.06555 0.6
      vertex 24.9337 -1.94864 0
      vertex 24.9337 -1.94864 0.6
    endloop
  endfacet
  facet normal 0.730482 0.682932 0
    outer loop
      vertex 24.9337 -1.94864 0
      vertex 25.043 -2.06555 0.6
      vertex 25.043 -2.06555 0
    endloop
  endfacet
  facet normal 0.822813 0.568313 0
    outer loop
      vertex 24.9337 -1.94864 0.6
      vertex 24.8444 -1.81935 0
      vertex 24.8444 -1.81935 0.6
    endloop
  endfacet
  facet normal 0.822813 0.568313 0
    outer loop
      vertex 24.8444 -1.81935 0
      vertex 24.9337 -1.94864 0.6
      vertex 24.9337 -1.94864 0
    endloop
  endfacet
  facet normal 0.897798 0.440408 0
    outer loop
      vertex 24.8444 -1.81935 0.6
      vertex 24.7749 -1.67767 0
      vertex 24.7749 -1.67767 0.6
    endloop
  endfacet
  facet normal 0.897798 0.440408 0
    outer loop
      vertex 24.7749 -1.67767 0
      vertex 24.8444 -1.81935 0.6
      vertex 24.8444 -1.81935 0
    endloop
  endfacet
  facet normal 0.951703 0.307021 0
    outer loop
      vertex 24.7749 -1.67767 0.6
      vertex 24.7252 -1.52361 0
      vertex 24.7252 -1.52361 0.6
    endloop
  endfacet
  facet normal 0.951703 0.307021 0
    outer loop
      vertex 24.7252 -1.52361 0
      vertex 24.7749 -1.67767 0.6
      vertex 24.7749 -1.67767 0
    endloop
  endfacet
  facet normal 0.984351 0.17622 0
    outer loop
      vertex 24.7252 -1.52361 0.6
      vertex 24.6954 -1.35715 0
      vertex 24.6954 -1.35715 0.6
    endloop
  endfacet
  facet normal 0.984351 0.17622 0
    outer loop
      vertex 24.6954 -1.35715 0
      vertex 24.7252 -1.52361 0.6
      vertex 24.7252 -1.52361 0
    endloop
  endfacet
  facet normal 0.998471 0.0552721 0
    outer loop
      vertex 24.6954 -1.35715 0.6
      vertex 24.6855 -1.17831 0
      vertex 24.6855 -1.17831 0.6
    endloop
  endfacet
  facet normal 0.998471 0.0552721 0
    outer loop
      vertex 24.6855 -1.17831 0
      vertex 24.6954 -1.35715 0.6
      vertex 24.6954 -1.35715 0
    endloop
  endfacet
  facet normal 0.999808 -0.0195849 0
    outer loop
      vertex 24.6855 -1.17831 0.6
      vertex 24.6869 -1.10684 0
      vertex 24.6869 -1.10684 0.6
    endloop
  endfacet
  facet normal 0.999808 -0.0195849 0
    outer loop
      vertex 24.6869 -1.10684 0
      vertex 24.6855 -1.17831 0.6
      vertex 24.6855 -1.17831 0
    endloop
  endfacet
  facet normal 0.998331 -0.0577571 0
    outer loop
      vertex 24.6869 -1.10684 0.6
      vertex 24.6909 -1.0377 0
      vertex 24.6909 -1.0377 0.6
    endloop
  endfacet
  facet normal 0.998331 -0.0577571 0
    outer loop
      vertex 24.6909 -1.0377 0
      vertex 24.6869 -1.10684 0.6
      vertex 24.6869 -1.10684 0
    endloop
  endfacet
  facet normal 0.995003 -0.099846 0
    outer loop
      vertex 24.6909 -1.0377 0.6
      vertex 24.6976 -0.970932 0
      vertex 24.6976 -0.970932 0.6
    endloop
  endfacet
  facet normal 0.995003 -0.099846 0
    outer loop
      vertex 24.6976 -0.970932 0
      vertex 24.6909 -1.0377 0.6
      vertex 24.6909 -1.0377 0
    endloop
  endfacet
  facet normal 0.989302 -0.145885 0
    outer loop
      vertex 24.6976 -0.970932 0.6
      vertex 24.7071 -0.906509 0
      vertex 24.7071 -0.906509 0.6
    endloop
  endfacet
  facet normal 0.989302 -0.145885 0
    outer loop
      vertex 24.7071 -0.906509 0
      vertex 24.6976 -0.970932 0.6
      vertex 24.6976 -0.970932 0
    endloop
  endfacet
  facet normal 0.981516 -0.191378 0
    outer loop
      vertex 24.7071 -0.906509 0.6
      vertex 24.7192 -0.844452 0
      vertex 24.7192 -0.844452 0.6
    endloop
  endfacet
  facet normal 0.981516 -0.191378 0
    outer loop
      vertex 24.7192 -0.844452 0
      vertex 24.7071 -0.906509 0.6
      vertex 24.7071 -0.906509 0
    endloop
  endfacet
  facet normal 0.97026 -0.242065 0
    outer loop
      vertex 24.7192 -0.844452 0.6
      vertex 24.7341 -0.784729 0
      vertex 24.7341 -0.784729 0.6
    endloop
  endfacet
  facet normal 0.97026 -0.242065 0
    outer loop
      vertex 24.7341 -0.784729 0
      vertex 24.7192 -0.844452 0.6
      vertex 24.7192 -0.844452 0
    endloop
  endfacet
  facet normal 0.956473 -0.291821 0
    outer loop
      vertex 24.7341 -0.784729 0.6
      vertex 24.7516 -0.727371 0
      vertex 24.7516 -0.727371 0.6
    endloop
  endfacet
  facet normal 0.956473 -0.291821 0
    outer loop
      vertex 24.7516 -0.727371 0
      vertex 24.7341 -0.784729 0.6
      vertex 24.7341 -0.784729 0
    endloop
  endfacet
  facet normal 0.940082 -0.340949 0
    outer loop
      vertex 24.7516 -0.727371 0.6
      vertex 24.7716 -0.672226 0
      vertex 24.7716 -0.672226 0.6
    endloop
  endfacet
  facet normal 0.940082 -0.340949 0
    outer loop
      vertex 24.7716 -0.672226 0
      vertex 24.7516 -0.727371 0.6
      vertex 24.7516 -0.727371 0
    endloop
  endfacet
  facet normal 0.923193 -0.384338 0
    outer loop
      vertex 24.7716 -0.672226 0.6
      vertex 24.7937 -0.619141 0
      vertex 24.7937 -0.619141 0.6
    endloop
  endfacet
  facet normal 0.923193 -0.384338 0
    outer loop
      vertex 24.7937 -0.619141 0
      vertex 24.7716 -0.672226 0.6
      vertex 24.7716 -0.672226 0
    endloop
  endfacet
  facet normal 0.903433 -0.42873 0
    outer loop
      vertex 24.7937 -0.619141 0.6
      vertex 24.8179 -0.568146 0
      vertex 24.8179 -0.568146 0.6
    endloop
  endfacet
  facet normal 0.903433 -0.42873 0
    outer loop
      vertex 24.8179 -0.568146 0
      vertex 24.7937 -0.619141 0.6
      vertex 24.7937 -0.619141 0
    endloop
  endfacet
  facet normal 0.880032 -0.474915 0
    outer loop
      vertex 24.8179 -0.568146 0.6
      vertex 24.8443 -0.519226 0
      vertex 24.8443 -0.519226 0.6
    endloop
  endfacet
  facet normal 0.880032 -0.474915 0
    outer loop
      vertex 24.8443 -0.519226 0
      vertex 24.8179 -0.568146 0.6
      vertex 24.8179 -0.568146 0
    endloop
  endfacet
  facet normal 0.85431 -0.519764 0
    outer loop
      vertex 24.8443 -0.519226 0.6
      vertex 24.8728 -0.472382 0
      vertex 24.8728 -0.472382 0.6
    endloop
  endfacet
  facet normal 0.85431 -0.519764 0
    outer loop
      vertex 24.8728 -0.472382 0
      vertex 24.8443 -0.519226 0.6
      vertex 24.8443 -0.519226 0
    endloop
  endfacet
  facet normal 0.824724 -0.565536 0
    outer loop
      vertex 24.8728 -0.472382 0.6
      vertex 24.9035 -0.427612 0
      vertex 24.9035 -0.427612 0.6
    endloop
  endfacet
  facet normal 0.824724 -0.565536 0
    outer loop
      vertex 24.9035 -0.427612 0
      vertex 24.8728 -0.472382 0.6
      vertex 24.8728 -0.472382 0
    endloop
  endfacet
  facet normal 0.7921 -0.610392 0
    outer loop
      vertex 24.9035 -0.427612 0.6
      vertex 24.9364 -0.384918 0
      vertex 24.9364 -0.384918 0.6
    endloop
  endfacet
  facet normal 0.7921 -0.610392 0
    outer loop
      vertex 24.9364 -0.384918 0
      vertex 24.9035 -0.427612 0.6
      vertex 24.9035 -0.427612 0
    endloop
  endfacet
  facet normal 0.759811 -0.650144 0
    outer loop
      vertex 24.9364 -0.384918 0.6
      vertex 24.9713 -0.344131 0
      vertex 24.9713 -0.344131 0.6
    endloop
  endfacet
  facet normal 0.759811 -0.650144 0
    outer loop
      vertex 24.9713 -0.344131 0
      vertex 24.9364 -0.384918 0.6
      vertex 24.9364 -0.384918 0
    endloop
  endfacet
  facet normal 0.726141 -0.687546 0
    outer loop
      vertex 24.9713 -0.344131 0.6
      vertex 25.0083 -0.305054 0
      vertex 25.0083 -0.305054 0.6
    endloop
  endfacet
  facet normal 0.726141 -0.687546 0
    outer loop
      vertex 25.0083 -0.305054 0
      vertex 24.9713 -0.344131 0.6
      vertex 24.9713 -0.344131 0
    endloop
  endfacet
  facet normal 0.690478 -0.723353 0
    outer loop
      vertex 25.0083 -0.305054 0
      vertex 25.0474 -0.267731 0.6
      vertex 25.0083 -0.305054 0.6
    endloop
  endfacet
  facet normal 0.690478 -0.723353 0
    outer loop
      vertex 25.0474 -0.267731 0.6
      vertex 25.0083 -0.305054 0
      vertex 25.0474 -0.267731 0
    endloop
  endfacet
  facet normal 0.653958 -0.756531 0
    outer loop
      vertex 25.0474 -0.267731 0
      vertex 25.0886 -0.232117 0.6
      vertex 25.0474 -0.267731 0.6
    endloop
  endfacet
  facet normal 0.653958 -0.756531 0
    outer loop
      vertex 25.0886 -0.232117 0.6
      vertex 25.0474 -0.267731 0
      vertex 25.0886 -0.232117 0
    endloop
  endfacet
  facet normal 0.616173 -0.787611 0
    outer loop
      vertex 25.0886 -0.232117 0
      vertex 25.1319 -0.198242 0.6
      vertex 25.0886 -0.232117 0.6
    endloop
  endfacet
  facet normal 0.616173 -0.787611 0
    outer loop
      vertex 25.1319 -0.198242 0.6
      vertex 25.0886 -0.232117 0
      vertex 25.1319 -0.198242 0
    endloop
  endfacet
  facet normal 0.578766 -0.815493 0
    outer loop
      vertex 25.1319 -0.198242 0
      vertex 25.1772 -0.166092 0.6
      vertex 25.1319 -0.198242 0.6
    endloop
  endfacet
  facet normal 0.578766 -0.815493 0
    outer loop
      vertex 25.1772 -0.166092 0.6
      vertex 25.1319 -0.198242 0
      vertex 25.1772 -0.166092 0
    endloop
  endfacet
  facet normal 0.540187 -0.841545 0
    outer loop
      vertex 25.1772 -0.166092 0
      vertex 25.2246 -0.135666 0.6
      vertex 25.1772 -0.166092 0.6
    endloop
  endfacet
  facet normal 0.540187 -0.841545 0
    outer loop
      vertex 25.2246 -0.135666 0.6
      vertex 25.1772 -0.166092 0
      vertex 25.2246 -0.135666 0
    endloop
  endfacet
  facet normal 0.507681 -0.861545 0
    outer loop
      vertex 25.2246 -0.135666 0
      vertex 25.2738 -0.106674 0.6
      vertex 25.2246 -0.135666 0.6
    endloop
  endfacet
  facet normal 0.507681 -0.861545 0
    outer loop
      vertex 25.2738 -0.106674 0.6
      vertex 25.2246 -0.135666 0
      vertex 25.2738 -0.106674 0
    endloop
  endfacet
  facet normal 0.47964 -0.877465 0
    outer loop
      vertex 25.2738 -0.106674 0
      vertex 25.3248 -0.0787964 0.6
      vertex 25.2738 -0.106674 0.6
    endloop
  endfacet
  facet normal 0.47964 -0.877465 0
    outer loop
      vertex 25.3248 -0.0787964 0.6
      vertex 25.2738 -0.106674 0
      vertex 25.3248 -0.0787964 0
    endloop
  endfacet
  facet normal 0.454383 -0.890807 0
    outer loop
      vertex 25.3248 -0.0787964 0
      vertex 25.3773 -0.0520172 0.6
      vertex 25.3248 -0.0787964 0.6
    endloop
  endfacet
  facet normal 0.454383 -0.890807 0
    outer loop
      vertex 25.3773 -0.0520172 0.6
      vertex 25.3248 -0.0787964 0
      vertex 25.3773 -0.0520172 0
    endloop
  endfacet
  facet normal 0.427328 -0.904097 0
    outer loop
      vertex 25.3773 -0.0520172 0
      vertex 25.4316 -0.0263519 0.6
      vertex 25.3773 -0.0520172 0.6
    endloop
  endfacet
  facet normal 0.427328 -0.904097 0
    outer loop
      vertex 25.4316 -0.0263519 0.6
      vertex 25.3773 -0.0520172 0
      vertex 25.4316 -0.0263519 0
    endloop
  endfacet
  facet normal 0.402335 -0.915492 0
    outer loop
      vertex 25.4316 -0.0263519 0
      vertex 25.4875 -0.00178528 0.6
      vertex 25.4316 -0.0263519 0.6
    endloop
  endfacet
  facet normal 0.402335 -0.915492 0
    outer loop
      vertex 25.4875 -0.00178528 0.6
      vertex 25.4316 -0.0263519 0
      vertex 25.4875 -0.00178528 0
    endloop
  endfacet
  facet normal 0.377105 -0.92617 0
    outer loop
      vertex 25.4875 -0.00178528 0
      vertex 25.5451 0.0216675 0.6
      vertex 25.4875 -0.00178528 0.6
    endloop
  endfacet
  facet normal 0.377105 -0.92617 0
    outer loop
      vertex 25.5451 0.0216675 0.6
      vertex 25.4875 -0.00178528 0
      vertex 25.5451 0.0216675 0
    endloop
  endfacet
  facet normal 0.353258 -0.935526 0
    outer loop
      vertex 25.5451 0.0216675 0
      vertex 25.6043 0.0440216 0.6
      vertex 25.5451 0.0216675 0.6
    endloop
  endfacet
  facet normal 0.353258 -0.935526 0
    outer loop
      vertex 25.6043 0.0440216 0.6
      vertex 25.5451 0.0216675 0
      vertex 25.6043 0.0440216 0
    endloop
  endfacet
  facet normal 0.323217 -0.946325 0
    outer loop
      vertex 25.6043 0.0440216 0
      vertex 25.671 0.066803 0.6
      vertex 25.6043 0.0440216 0.6
    endloop
  endfacet
  facet normal 0.323217 -0.946325 0
    outer loop
      vertex 25.671 0.066803 0.6
      vertex 25.6043 0.0440216 0
      vertex 25.671 0.066803 0
    endloop
  endfacet
  facet normal 0.29605 -0.955173 0
    outer loop
      vertex 25.671 0.066803 0
      vertex 25.751 0.0915985 0.6
      vertex 25.671 0.066803 0.6
    endloop
  endfacet
  facet normal 0.29605 -0.955173 0
    outer loop
      vertex 25.751 0.0915985 0.6
      vertex 25.671 0.066803 0
      vertex 25.751 0.0915985 0
    endloop
  endfacet
  facet normal 0.276172 -0.961108 0
    outer loop
      vertex 25.751 0.0915985 0
      vertex 25.8443 0.118408 0.6
      vertex 25.751 0.0915985 0.6
    endloop
  endfacet
  facet normal 0.276172 -0.961108 0
    outer loop
      vertex 25.8443 0.118408 0.6
      vertex 25.751 0.0915985 0
      vertex 25.8443 0.118408 0
    endloop
  endfacet
  facet normal 0.26102 -0.965333 0
    outer loop
      vertex 25.8443 0.118408 0
      vertex 25.9509 0.147232 0.6
      vertex 25.8443 0.118408 0.6
    endloop
  endfacet
  facet normal 0.26102 -0.965333 0
    outer loop
      vertex 25.9509 0.147232 0.6
      vertex 25.8443 0.118408 0
      vertex 25.9509 0.147232 0
    endloop
  endfacet
  facet normal 0.249172 -0.968459 0
    outer loop
      vertex 25.9509 0.147232 0
      vertex 26.0707 0.178055 0.6
      vertex 25.9509 0.147232 0.6
    endloop
  endfacet
  facet normal 0.249172 -0.968459 0
    outer loop
      vertex 26.0707 0.178055 0.6
      vertex 25.9509 0.147232 0
      vertex 26.0707 0.178055 0
    endloop
  endfacet
  facet normal 0.239248 -0.970959 0
    outer loop
      vertex 26.0707 0.178055 0
      vertex 26.2039 0.210876 0.6
      vertex 26.0707 0.178055 0.6
    endloop
  endfacet
  facet normal 0.239248 -0.970959 0
    outer loop
      vertex 26.2039 0.210876 0.6
      vertex 26.0707 0.178055 0
      vertex 26.2039 0.210876 0
    endloop
  endfacet
  facet normal 0.231488 -0.972838 0
    outer loop
      vertex 26.2039 0.210876 0
      vertex 26.3503 0.245712 0.6
      vertex 26.2039 0.210876 0.6
    endloop
  endfacet
  facet normal 0.231488 -0.972838 0
    outer loop
      vertex 26.3503 0.245712 0.6
      vertex 26.2039 0.210876 0
      vertex 26.3503 0.245712 0
    endloop
  endfacet
  facet normal 0.20321 -0.979135 0
    outer loop
      vertex 26.3503 0.245712 0
      vertex 26.5194 0.280807 0.6
      vertex 26.3503 0.245712 0.6
    endloop
  endfacet
  facet normal 0.20321 -0.979135 0
    outer loop
      vertex 26.5194 0.280807 0.6
      vertex 26.3503 0.245712 0
      vertex 26.5194 0.280807 0
    endloop
  endfacet
  facet normal 0.214715 -0.976677 0
    outer loop
      vertex 26.5194 0.280807 0
      vertex 26.6721 0.314377 0.6
      vertex 26.5194 0.280807 0.6
    endloop
  endfacet
  facet normal 0.214715 -0.976677 0
    outer loop
      vertex 26.6721 0.314377 0.6
      vertex 26.5194 0.280807 0
      vertex 26.6721 0.314377 0
    endloop
  endfacet
  facet normal 0.22912 -0.973398 0
    outer loop
      vertex 26.6721 0.314377 0
      vertex 26.8083 0.346436 0.6
      vertex 26.6721 0.314377 0.6
    endloop
  endfacet
  facet normal 0.22912 -0.973398 0
    outer loop
      vertex 26.8083 0.346436 0.6
      vertex 26.6721 0.314377 0
      vertex 26.8083 0.346436 0
    endloop
  endfacet
  facet normal 0.246657 -0.969103 0
    outer loop
      vertex 26.8083 0.346436 0
      vertex 26.9282 0.376953 0.6
      vertex 26.8083 0.346436 0.6
    endloop
  endfacet
  facet normal 0.246657 -0.969103 0
    outer loop
      vertex 26.9282 0.376953 0.6
      vertex 26.8083 0.346436 0
      vertex 26.9282 0.376953 0
    endloop
  endfacet
  facet normal 0.269733 -0.962935 0
    outer loop
      vertex 26.9282 0.376953 0
      vertex 27.0317 0.405945 0.6
      vertex 26.9282 0.376953 0.6
    endloop
  endfacet
  facet normal 0.269733 -0.962935 0
    outer loop
      vertex 27.0317 0.405945 0.6
      vertex 26.9282 0.376953 0
      vertex 27.0317 0.405945 0
    endloop
  endfacet
  facet normal 0.30089 -0.953659 0
    outer loop
      vertex 27.0317 0.405945 0
      vertex 27.1188 0.433426 0.6
      vertex 27.0317 0.405945 0.6
    endloop
  endfacet
  facet normal 0.30089 -0.953659 0
    outer loop
      vertex 27.1188 0.433426 0.6
      vertex 27.0317 0.405945 0
      vertex 27.1188 0.433426 0
    endloop
  endfacet
  facet normal 0.34445 -0.938805 0
    outer loop
      vertex 27.1188 0.433426 0
      vertex 27.1895 0.459366 0.6
      vertex 27.1188 0.433426 0.6
    endloop
  endfacet
  facet normal 0.34445 -0.938805 0
    outer loop
      vertex 27.1895 0.459366 0.6
      vertex 27.1188 0.433426 0
      vertex 27.1895 0.459366 0
    endloop
  endfacet
  facet normal 0.396566 -0.918006 0
    outer loop
      vertex 27.1895 0.459366 0
      vertex 27.2499 0.485458 0.6
      vertex 27.1895 0.459366 0.6
    endloop
  endfacet
  facet normal 0.396566 -0.918006 0
    outer loop
      vertex 27.2499 0.485458 0.6
      vertex 27.1895 0.459366 0
      vertex 27.2499 0.485458 0
    endloop
  endfacet
  facet normal 0.442484 -0.896776 0
    outer loop
      vertex 27.2499 0.485458 0
      vertex 27.3064 0.513336 0.6
      vertex 27.2499 0.485458 0.6
    endloop
  endfacet
  facet normal 0.442484 -0.896776 0
    outer loop
      vertex 27.3064 0.513336 0.6
      vertex 27.2499 0.485458 0
      vertex 27.3064 0.513336 0
    endloop
  endfacet
  facet normal 0.49231 -0.87042 0
    outer loop
      vertex 27.3064 0.513336 0
      vertex 27.3589 0.54303 0.6
      vertex 27.3064 0.513336 0.6
    endloop
  endfacet
  facet normal 0.49231 -0.87042 0
    outer loop
      vertex 27.3589 0.54303 0.6
      vertex 27.3064 0.513336 0
      vertex 27.3589 0.54303 0
    endloop
  endfacet
  facet normal 0.54522 -0.838293 0
    outer loop
      vertex 27.3589 0.54303 0
      vertex 27.4073 0.574509 0.6
      vertex 27.3589 0.54303 0.6
    endloop
  endfacet
  facet normal 0.54522 -0.838293 0
    outer loop
      vertex 27.4073 0.574509 0.6
      vertex 27.3589 0.54303 0
      vertex 27.4073 0.574509 0
    endloop
  endfacet
  facet normal 0.599931 -0.800052 0
    outer loop
      vertex 27.4073 0.574509 0
      vertex 27.4517 0.607803 0.6
      vertex 27.4073 0.574509 0.6
    endloop
  endfacet
  facet normal 0.599931 -0.800052 0
    outer loop
      vertex 27.4517 0.607803 0.6
      vertex 27.4073 0.574509 0
      vertex 27.4517 0.607803 0
    endloop
  endfacet
  facet normal 0.655642 -0.755072 0
    outer loop
      vertex 27.4517 0.607803 0
      vertex 27.4921 0.642883 0.6
      vertex 27.4517 0.607803 0.6
    endloop
  endfacet
  facet normal 0.655642 -0.755072 0
    outer loop
      vertex 27.4921 0.642883 0.6
      vertex 27.4517 0.607803 0
      vertex 27.4921 0.642883 0
    endloop
  endfacet
  facet normal 0.711733 -0.70245 0
    outer loop
      vertex 27.4921 0.642883 0.6
      vertex 27.5285 0.679764 0
      vertex 27.5285 0.679764 0.6
    endloop
  endfacet
  facet normal 0.711733 -0.70245 0
    outer loop
      vertex 27.5285 0.679764 0
      vertex 27.4921 0.642883 0.6
      vertex 27.4921 0.642883 0
    endloop
  endfacet
  facet normal 0.774898 -0.632086 0
    outer loop
      vertex 27.5285 0.679764 0.6
      vertex 27.5605 0.718994 0
      vertex 27.5605 0.718994 0.6
    endloop
  endfacet
  facet normal 0.774898 -0.632086 0
    outer loop
      vertex 27.5605 0.718994 0
      vertex 27.5285 0.679764 0.6
      vertex 27.5285 0.679764 0
    endloop
  endfacet
  facet normal 0.841937 -0.539575 0
    outer loop
      vertex 27.5605 0.718994 0.6
      vertex 27.5875 0.761124 0
      vertex 27.5875 0.761124 0.6
    endloop
  endfacet
  facet normal 0.841937 -0.539575 0
    outer loop
      vertex 27.5875 0.761124 0
      vertex 27.5605 0.718994 0.6
      vertex 27.5605 0.718994 0
    endloop
  endfacet
  facet normal 0.897766 -0.440472 0
    outer loop
      vertex 27.5875 0.761124 0.6
      vertex 27.6096 0.806168 0
      vertex 27.6096 0.806168 0.6
    endloop
  endfacet
  facet normal 0.897766 -0.440472 0
    outer loop
      vertex 27.6096 0.806168 0
      vertex 27.5875 0.761124 0.6
      vertex 27.5875 0.761124 0
    endloop
  endfacet
  facet normal 0.941293 -0.337592 0
    outer loop
      vertex 27.6096 0.806168 0.6
      vertex 27.6268 0.854126 0
      vertex 27.6268 0.854126 0.6
    endloop
  endfacet
  facet normal 0.941293 -0.337592 0
    outer loop
      vertex 27.6268 0.854126 0
      vertex 27.6096 0.806168 0.6
      vertex 27.6096 0.806168 0
    endloop
  endfacet
  facet normal 0.971978 -0.235073 0
    outer loop
      vertex 27.6268 0.854126 0.6
      vertex 27.6391 0.904984 0
      vertex 27.6391 0.904984 0.6
    endloop
  endfacet
  facet normal 0.971978 -0.235073 0
    outer loop
      vertex 27.6391 0.904984 0
      vertex 27.6268 0.854126 0.6
      vertex 27.6268 0.854126 0
    endloop
  endfacet
  facet normal 0.990658 -0.136373 0
    outer loop
      vertex 27.6391 0.904984 0.6
      vertex 27.6465 0.95874 0
      vertex 27.6465 0.95874 0.6
    endloop
  endfacet
  facet normal 0.990658 -0.136373 0
    outer loop
      vertex 27.6465 0.95874 0
      vertex 27.6391 0.904984 0.6
      vertex 27.6391 0.904984 0
    endloop
  endfacet
  facet normal 0.999104 -0.0423125 0
    outer loop
      vertex 27.6465 0.95874 0.6
      vertex 27.6489 1.01541 0
      vertex 27.6489 1.01541 0.6
    endloop
  endfacet
  facet normal 0.999104 -0.0423125 0
    outer loop
      vertex 27.6489 1.01541 0
      vertex 27.6465 0.95874 0.6
      vertex 27.6465 0.95874 0
    endloop
  endfacet
  facet normal 0.99209 0.125529 0
    outer loop
      vertex 27.6489 1.01541 0.6
      vertex 27.6275 1.18454 0
      vertex 27.6275 1.18454 0.6
    endloop
  endfacet
  facet normal 0.99209 0.125529 0
    outer loop
      vertex 27.6275 1.18454 0
      vertex 27.6489 1.01541 0.6
      vertex 27.6489 1.01541 0
    endloop
  endfacet
  facet normal 0.912624 0.4088 0
    outer loop
      vertex 27.6275 1.18454 0.6
      vertex 27.5634 1.32764 0
      vertex 27.5634 1.32764 0.6
    endloop
  endfacet
  facet normal 0.912624 0.4088 0
    outer loop
      vertex 27.5634 1.32764 0
      vertex 27.6275 1.18454 0.6
      vertex 27.6275 1.18454 0
    endloop
  endfacet
  facet normal 0.738483 0.674272 0
    outer loop
      vertex 27.5634 1.32764 0.6
      vertex 27.4565 1.44472 0
      vertex 27.4565 1.44472 0.6
    endloop
  endfacet
  facet normal 0.738483 0.674272 0
    outer loop
      vertex 27.4565 1.44472 0
      vertex 27.5634 1.32764 0.6
      vertex 27.5634 1.32764 0
    endloop
  endfacet
  facet normal 0.51969 0.854355 -0
    outer loop
      vertex 27.4565 1.44472 0
      vertex 27.3068 1.53578 0.6
      vertex 27.4565 1.44472 0.6
    endloop
  endfacet
  facet normal 0.51969 0.854355 0
    outer loop
      vertex 27.3068 1.53578 0.6
      vertex 27.4565 1.44472 0
      vertex 27.3068 1.53578 0
    endloop
  endfacet
  facet normal 0.320287 0.947321 -0
    outer loop
      vertex 27.3068 1.53578 0
      vertex 27.1144 1.60083 0.6
      vertex 27.3068 1.53578 0.6
    endloop
  endfacet
  facet normal 0.320287 0.947321 0
    outer loop
      vertex 27.1144 1.60083 0.6
      vertex 27.3068 1.53578 0
      vertex 27.1144 1.60083 0
    endloop
  endfacet
  facet normal 0.163705 0.986509 -0
    outer loop
      vertex 27.1144 1.60083 0
      vertex 26.8792 1.63986 0.6
      vertex 27.1144 1.60083 0.6
    endloop
  endfacet
  facet normal 0.163705 0.986509 0
    outer loop
      vertex 26.8792 1.63986 0.6
      vertex 27.1144 1.60083 0
      vertex 26.8792 1.63986 0
    endloop
  endfacet
  facet normal 0.0467115 0.998908 -0
    outer loop
      vertex 26.8792 1.63986 0
      vertex 26.6012 1.65286 0.6
      vertex 26.8792 1.63986 0.6
    endloop
  endfacet
  facet normal 0.0467115 0.998908 0
    outer loop
      vertex 26.6012 1.65286 0.6
      vertex 26.8792 1.63986 0
      vertex 26.6012 1.65286 0
    endloop
  endfacet
  facet normal -0.0249565 0.999689 0
    outer loop
      vertex 26.6012 1.65286 0
      vertex 26.4614 1.64937 0.6
      vertex 26.6012 1.65286 0.6
    endloop
  endfacet
  facet normal -0.0249565 0.999689 0
    outer loop
      vertex 26.4614 1.64937 0.6
      vertex 26.6012 1.65286 0
      vertex 26.4614 1.64937 0
    endloop
  endfacet
  facet normal -0.0798058 0.99681 0
    outer loop
      vertex 26.4614 1.64937 0
      vertex 26.3305 1.63889 0.6
      vertex 26.4614 1.64937 0.6
    endloop
  endfacet
  facet normal -0.0798058 0.99681 0
    outer loop
      vertex 26.3305 1.63889 0.6
      vertex 26.4614 1.64937 0
      vertex 26.3305 1.63889 0
    endloop
  endfacet
  facet normal -0.141785 0.989897 0
    outer loop
      vertex 26.3305 1.63889 0
      vertex 26.2086 1.62143 0.6
      vertex 26.3305 1.63889 0.6
    endloop
  endfacet
  facet normal -0.141785 0.989897 0
    outer loop
      vertex 26.2086 1.62143 0.6
      vertex 26.3305 1.63889 0
      vertex 26.2086 1.62143 0
    endloop
  endfacet
  facet normal -0.211919 0.977287 0
    outer loop
      vertex 26.2086 1.62143 0
      vertex 26.0958 1.59697 0.6
      vertex 26.2086 1.62143 0.6
    endloop
  endfacet
  facet normal -0.211919 0.977287 0
    outer loop
      vertex 26.0958 1.59697 0.6
      vertex 26.2086 1.62143 0
      vertex 26.0958 1.59697 0
    endloop
  endfacet
  facet normal -0.289713 0.957113 0
    outer loop
      vertex 26.0958 1.59697 0
      vertex 25.9919 1.56552 0.6
      vertex 26.0958 1.59697 0.6
    endloop
  endfacet
  facet normal -0.289713 0.957113 0
    outer loop
      vertex 25.9919 1.56552 0.6
      vertex 26.0958 1.59697 0
      vertex 25.9919 1.56552 0
    endloop
  endfacet
  facet normal -0.375429 0.926851 0
    outer loop
      vertex 25.9919 1.56552 0
      vertex 25.897 1.52708 0.6
      vertex 25.9919 1.56552 0.6
    endloop
  endfacet
  facet normal -0.375429 0.926851 0
    outer loop
      vertex 25.897 1.52708 0.6
      vertex 25.9919 1.56552 0
      vertex 25.897 1.52708 0
    endloop
  endfacet
  facet normal -0.467779 0.883846 0
    outer loop
      vertex 25.897 1.52708 0
      vertex 25.8112 1.48167 0.6
      vertex 25.897 1.52708 0.6
    endloop
  endfacet
  facet normal -0.467779 0.883846 0
    outer loop
      vertex 25.8112 1.48167 0.6
      vertex 25.897 1.52708 0
      vertex 25.8112 1.48167 0
    endloop
  endfacet
  facet normal -0.565373 0.824835 0
    outer loop
      vertex 25.8112 1.48167 0
      vertex 25.7336 1.42848 0.6
      vertex 25.8112 1.48167 0.6
    endloop
  endfacet
  facet normal -0.565373 0.824835 0
    outer loop
      vertex 25.7336 1.42848 0.6
      vertex 25.8112 1.48167 0
      vertex 25.7336 1.42848 0
    endloop
  endfacet
  facet normal -0.661703 0.749766 0
    outer loop
      vertex 25.7336 1.42848 0
      vertex 25.6637 1.36679 0.6
      vertex 25.7336 1.42848 0.6
    endloop
  endfacet
  facet normal -0.661703 0.749766 0
    outer loop
      vertex 25.6637 1.36679 0.6
      vertex 25.7336 1.42848 0
      vertex 25.6637 1.36679 0
    endloop
  endfacet
  facet normal -0.747409 0.664364 0
    outer loop
      vertex 25.6013 1.29659 0
      vertex 25.6637 1.36679 0.6
      vertex 25.6637 1.36679 0
    endloop
  endfacet
  facet normal -0.747409 0.664364 0
    outer loop
      vertex 25.6637 1.36679 0.6
      vertex 25.6013 1.29659 0
      vertex 25.6013 1.29659 0.6
    endloop
  endfacet
  facet normal -0.821241 0.570582 0
    outer loop
      vertex 25.5466 1.21786 0
      vertex 25.6013 1.29659 0.6
      vertex 25.6013 1.29659 0
    endloop
  endfacet
  facet normal -0.821241 0.570582 0
    outer loop
      vertex 25.6013 1.29659 0.6
      vertex 25.5466 1.21786 0
      vertex 25.5466 1.21786 0.6
    endloop
  endfacet
  facet normal -0.879878 0.4752 0
    outer loop
      vertex 25.4995 1.13065 0
      vertex 25.5466 1.21786 0.6
      vertex 25.5466 1.21786 0
    endloop
  endfacet
  facet normal -0.879878 0.4752 0
    outer loop
      vertex 25.5466 1.21786 0.6
      vertex 25.4995 1.13065 0
      vertex 25.4995 1.13065 0.6
    endloop
  endfacet
  facet normal -0.924414 0.381391 0
    outer loop
      vertex 25.46 1.03491 0
      vertex 25.4995 1.13065 0.6
      vertex 25.4995 1.13065 0
    endloop
  endfacet
  facet normal -0.924414 0.381391 0
    outer loop
      vertex 25.4995 1.13065 0.6
      vertex 25.46 1.03491 0
      vertex 25.46 1.03491 0.6
    endloop
  endfacet
  facet normal -0.956231 0.292613 0
    outer loop
      vertex 25.4281 0.930664 0
      vertex 25.46 1.03491 0.6
      vertex 25.46 1.03491 0
    endloop
  endfacet
  facet normal -0.956231 0.292613 0
    outer loop
      vertex 25.46 1.03491 0.6
      vertex 25.4281 0.930664 0
      vertex 25.4281 0.930664 0.6
    endloop
  endfacet
  facet normal 0.162689 0.986677 -0
    outer loop
      vertex 25.4281 0.930664 0
      vertex 24.4617 1.09001 0.6
      vertex 25.4281 0.930664 0.6
    endloop
  endfacet
  facet normal 0.162689 0.986677 0
    outer loop
      vertex 24.4617 1.09001 0.6
      vertex 25.4281 0.930664 0
      vertex 24.4617 1.09001 0
    endloop
  endfacet
  facet normal 0.964021 -0.265827 0
    outer loop
      vertex 24.4617 1.09001 0.6
      vertex 24.5119 1.27206 0
      vertex 24.5119 1.27206 0.6
    endloop
  endfacet
  facet normal 0.964021 -0.265827 0
    outer loop
      vertex 24.5119 1.27206 0
      vertex 24.4617 1.09001 0.6
      vertex 24.4617 1.09001 0
    endloop
  endfacet
  facet normal 0.931948 -0.362593 0
    outer loop
      vertex 24.5119 1.27206 0.6
      vertex 24.5774 1.44041 0
      vertex 24.5774 1.44041 0.6
    endloop
  endfacet
  facet normal 0.931948 -0.362593 0
    outer loop
      vertex 24.5774 1.44041 0
      vertex 24.5119 1.27206 0.6
      vertex 24.5119 1.27206 0
    endloop
  endfacet
  facet normal 0.886554 -0.462625 0
    outer loop
      vertex 24.5774 1.44041 0.6
      vertex 24.6581 1.59506 0
      vertex 24.6581 1.59506 0.6
    endloop
  endfacet
  facet normal 0.886554 -0.462625 0
    outer loop
      vertex 24.6581 1.59506 0
      vertex 24.5774 1.44041 0.6
      vertex 24.5774 1.44041 0
    endloop
  endfacet
  facet normal 0.826798 -0.562499 0
    outer loop
      vertex 24.6581 1.59506 0.6
      vertex 24.754 1.73602 0
      vertex 24.754 1.73602 0.6
    endloop
  endfacet
  facet normal 0.826798 -0.562499 0
    outer loop
      vertex 24.754 1.73602 0
      vertex 24.6581 1.59506 0.6
      vertex 24.6581 1.59506 0
    endloop
  endfacet
  facet normal 0.753291 -0.657687 0
    outer loop
      vertex 24.754 1.73602 0.6
      vertex 24.8651 1.86327 0
      vertex 24.8651 1.86327 0.6
    endloop
  endfacet
  facet normal 0.753291 -0.657687 0
    outer loop
      vertex 24.8651 1.86327 0
      vertex 24.754 1.73602 0.6
      vertex 24.754 1.73602 0
    endloop
  endfacet
  facet normal 0.668282 -0.743908 0
    outer loop
      vertex 24.8651 1.86327 0
      vertex 24.9915 1.97682 0.6
      vertex 24.8651 1.86327 0.6
    endloop
  endfacet
  facet normal 0.668282 -0.743908 0
    outer loop
      vertex 24.9915 1.97682 0.6
      vertex 24.8651 1.86327 0
      vertex 24.9915 1.97682 0
    endloop
  endfacet
  facet normal 0.576248 -0.817275 0
    outer loop
      vertex 24.9915 1.97682 0
      vertex 25.1331 2.07666 0.6
      vertex 24.9915 1.97682 0.6
    endloop
  endfacet
  facet normal 0.576248 -0.817275 0
    outer loop
      vertex 25.1331 2.07666 0.6
      vertex 24.9915 1.97682 0
      vertex 25.1331 2.07666 0
    endloop
  endfacet
  facet normal 0.481491 -0.876451 0
    outer loop
      vertex 25.1331 2.07666 0
      vertex 25.2903 2.16302 0.6
      vertex 25.1331 2.07666 0.6
    endloop
  endfacet
  facet normal 0.481491 -0.876451 0
    outer loop
      vertex 25.2903 2.16302 0.6
      vertex 25.1331 2.07666 0
      vertex 25.2903 2.16302 0
    endloop
  endfacet
  facet normal 0.38818 -0.921583 0
    outer loop
      vertex 25.2903 2.16302 0
      vertex 25.4638 2.2361 0.6
      vertex 25.2903 2.16302 0.6
    endloop
  endfacet
  facet normal 0.38818 -0.921583 0
    outer loop
      vertex 25.4638 2.2361 0.6
      vertex 25.2903 2.16302 0
      vertex 25.4638 2.2361 0
    endloop
  endfacet
  facet normal 0.300559 -0.953763 0
    outer loop
      vertex 25.4638 2.2361 0
      vertex 25.6535 2.29588 0.6
      vertex 25.4638 2.2361 0.6
    endloop
  endfacet
  facet normal 0.300559 -0.953763 0
    outer loop
      vertex 25.6535 2.29588 0.6
      vertex 25.4638 2.2361 0
      vertex 25.6535 2.29588 0
    endloop
  endfacet
  facet normal 0.220392 -0.975411 0
    outer loop
      vertex 25.6535 2.29588 0
      vertex 25.8593 2.34238 0.6
      vertex 25.6535 2.29588 0.6
    endloop
  endfacet
  facet normal 0.220392 -0.975411 0
    outer loop
      vertex 25.8593 2.34238 0.6
      vertex 25.6535 2.29588 0
      vertex 25.8593 2.34238 0
    endloop
  endfacet
  facet normal 0.147927 -0.988998 0
    outer loop
      vertex 25.8593 2.34238 0
      vertex 26.0814 2.3756 0.6
      vertex 25.8593 2.34238 0.6
    endloop
  endfacet
  facet normal 0.147927 -0.988998 0
    outer loop
      vertex 26.0814 2.3756 0.6
      vertex 25.8593 2.34238 0
      vertex 26.0814 2.3756 0
    endloop
  endfacet
  facet normal 0.0833363 -0.996521 0
    outer loop
      vertex 26.0814 2.3756 0
      vertex 26.3196 2.39552 0.6
      vertex 26.0814 2.3756 0.6
    endloop
  endfacet
  facet normal 0.0833363 -0.996521 0
    outer loop
      vertex 26.3196 2.39552 0.6
      vertex 26.0814 2.3756 0
      vertex 26.3196 2.39552 0
    endloop
  endfacet
  facet normal 0.0260815 -0.99966 0
    outer loop
      vertex 26.3196 2.39552 0
      vertex 26.5741 2.40216 0.6
      vertex 26.3196 2.39552 0.6
    endloop
  endfacet
  facet normal 0.0260815 -0.99966 0
    outer loop
      vertex 26.5741 2.40216 0.6
      vertex 26.3196 2.39552 0
      vertex 26.5741 2.40216 0
    endloop
  endfacet
  facet normal -0.0272397 -0.999629 0
    outer loop
      vertex 26.5741 2.40216 0
      vertex 26.8519 2.39459 0.6
      vertex 26.5741 2.40216 0.6
    endloop
  endfacet
  facet normal -0.0272397 -0.999629 -0
    outer loop
      vertex 26.8519 2.39459 0.6
      vertex 26.5741 2.40216 0
      vertex 26.8519 2.39459 0
    endloop
  endfacet
  facet normal -0.855942 -0.517072 0
    outer loop
      vertex 19.7347 -2.44302 0
      vertex 18.0326 0.374573 0.6
      vertex 18.0326 0.374573 0
    endloop
  endfacet
  facet normal -0.855942 -0.517072 0
    outer loop
      vertex 18.0326 0.374573 0.6
      vertex 19.7347 -2.44302 0
      vertex 19.7347 -2.44302 0.6
    endloop
  endfacet
  facet normal 0 1 -0
    outer loop
      vertex 19.7347 -2.44302 0
      vertex 18.687 -2.44302 0.6
      vertex 19.7347 -2.44302 0.6
    endloop
  endfacet
  facet normal 0 1 0
    outer loop
      vertex 18.687 -2.44302 0.6
      vertex 19.7347 -2.44302 0
      vertex 18.687 -2.44302 0
    endloop
  endfacet
  facet normal 0.867345 0.497708 0
    outer loop
      vertex 18.687 -2.44302 0.6
      vertex 17.5274 -0.422211 0
      vertex 17.5274 -0.422211 0.6
    endloop
  endfacet
  facet normal 0.867345 0.497708 0
    outer loop
      vertex 17.5274 -0.422211 0
      vertex 18.687 -2.44302 0.6
      vertex 18.687 -2.44302 0
    endloop
  endfacet
  facet normal -0.869861 0.493298 0
    outer loop
      vertex 16.3814 -2.44302 0
      vertex 17.5274 -0.422211 0.6
      vertex 17.5274 -0.422211 0
    endloop
  endfacet
  facet normal -0.869861 0.493298 0
    outer loop
      vertex 17.5274 -0.422211 0.6
      vertex 16.3814 -2.44302 0
      vertex 16.3814 -2.44302 0.6
    endloop
  endfacet
  facet normal 0 1 -0
    outer loop
      vertex 16.3814 -2.44302 0
      vertex 15.3336 -2.44302 0.6
      vertex 16.3814 -2.44302 0.6
    endloop
  endfacet
  facet normal 0 1 0
    outer loop
      vertex 15.3336 -2.44302 0.6
      vertex 16.3814 -2.44302 0
      vertex 15.3336 -2.44302 0
    endloop
  endfacet
  facet normal 0.855928 -0.517094 0
    outer loop
      vertex 15.3336 -2.44302 0.6
      vertex 17.0358 0.374573 0
      vertex 17.0358 0.374573 0.6
    endloop
  endfacet
  facet normal 0.855928 -0.517094 0
    outer loop
      vertex 17.0358 0.374573 0
      vertex 15.3336 -2.44302 0.6
      vertex 15.3336 -2.44302 0
    endloop
  endfacet
  facet normal 1 -0 0
    outer loop
      vertex 17.0358 0.374573 0.6
      vertex 17.0358 2.33437 0
      vertex 17.0358 2.33437 0.6
    endloop
  endfacet
  facet normal 1 0 0
    outer loop
      vertex 17.0358 2.33437 0
      vertex 17.0358 0.374573 0.6
      vertex 17.0358 0.374573 0
    endloop
  endfacet
  facet normal 0 -1 0
    outer loop
      vertex 17.0358 2.33437 0
      vertex 18.0326 2.33437 0.6
      vertex 17.0358 2.33437 0.6
    endloop
  endfacet
  facet normal 0 -1 -0
    outer loop
      vertex 18.0326 2.33437 0.6
      vertex 17.0358 2.33437 0
      vertex 18.0326 2.33437 0
    endloop
  endfacet
  facet normal -1 0 0
    outer loop
      vertex 18.0326 0.374573 0
      vertex 18.0326 2.33437 0.6
      vertex 18.0326 2.33437 0
    endloop
  endfacet
  facet normal -1 -0 0
    outer loop
      vertex 18.0326 2.33437 0.6
      vertex 18.0326 0.374573 0
      vertex 18.0326 0.374573 0.6
    endloop
  endfacet
  facet normal 0 1 -0
    outer loop
      vertex 24.0987 1.56131 0
      vertex 21.2031 1.56131 0.6
      vertex 24.0987 1.56131 0.6
    endloop
  endfacet
  facet normal 0 1 0
    outer loop
      vertex 21.2031 1.56131 0.6
      vertex 24.0987 1.56131 0
      vertex 21.2031 1.56131 0
    endloop
  endfacet
  facet normal -1 0 0
    outer loop
      vertex 21.2031 0.30336 0
      vertex 21.2031 1.56131 0.6
      vertex 21.2031 1.56131 0
    endloop
  endfacet
  facet normal -1 -0 0
    outer loop
      vertex 21.2031 1.56131 0.6
      vertex 21.2031 0.30336 0
      vertex 21.2031 0.30336 0.6
    endloop
  endfacet
  facet normal 0 -1 0
    outer loop
      vertex 21.2031 0.30336 0
      vertex 23.7528 0.30336 0.6
      vertex 21.2031 0.30336 0.6
    endloop
  endfacet
  facet normal 0 -1 -0
    outer loop
      vertex 23.7528 0.30336 0.6
      vertex 21.2031 0.30336 0
      vertex 23.7528 0.30336 0
    endloop
  endfacet
  facet normal -1 0 0
    outer loop
      vertex 23.7528 -0.469666 0
      vertex 23.7528 0.30336 0.6
      vertex 23.7528 0.30336 0
    endloop
  endfacet
  facet normal -1 -0 0
    outer loop
      vertex 23.7528 0.30336 0.6
      vertex 23.7528 -0.469666 0
      vertex 23.7528 -0.469666 0.6
    endloop
  endfacet
  facet normal 0 1 -0
    outer loop
      vertex 23.7528 -0.469666 0
      vertex 21.2031 -0.469666 0.6
      vertex 23.7528 -0.469666 0.6
    endloop
  endfacet
  facet normal 0 1 0
    outer loop
      vertex 21.2031 -0.469666 0.6
      vertex 23.7528 -0.469666 0
      vertex 21.2031 -0.469666 0
    endloop
  endfacet
  facet normal -1 0 0
    outer loop
      vertex 21.2031 -1.66997 0
      vertex 21.2031 -0.469666 0.6
      vertex 21.2031 -0.469666 0
    endloop
  endfacet
  facet normal -1 -0 0
    outer loop
      vertex 21.2031 -0.469666 0.6
      vertex 21.2031 -1.66997 0
      vertex 21.2031 -1.66997 0.6
    endloop
  endfacet
  facet normal 0 -1 0
    outer loop
      vertex 21.2031 -1.66997 0
      vertex 23.9597 -1.66997 0.6
      vertex 21.2031 -1.66997 0.6
    endloop
  endfacet
  facet normal 0 -1 -0
    outer loop
      vertex 23.9597 -1.66997 0.6
      vertex 21.2031 -1.66997 0
      vertex 23.9597 -1.66997 0
    endloop
  endfacet
  facet normal -1 0 0
    outer loop
      vertex 23.9597 -2.44302 0
      vertex 23.9597 -1.66997 0.6
      vertex 23.9597 -1.66997 0
    endloop
  endfacet
  facet normal -1 -0 0
    outer loop
      vertex 23.9597 -1.66997 0.6
      vertex 23.9597 -2.44302 0
      vertex 23.9597 -2.44302 0.6
    endloop
  endfacet
  facet normal 0 1 -0
    outer loop
      vertex 23.9597 -2.44302 0
      vertex 20.2028 -2.44302 0.6
      vertex 23.9597 -2.44302 0.6
    endloop
  endfacet
  facet normal 0 1 0
    outer loop
      vertex 20.2028 -2.44302 0.6
      vertex 23.9597 -2.44302 0
      vertex 20.2028 -2.44302 0
    endloop
  endfacet
  facet normal 1 -0 0
    outer loop
      vertex 20.2028 -2.44302 0.6
      vertex 20.2028 2.33437 0
      vertex 20.2028 2.33437 0.6
    endloop
  endfacet
  facet normal 1 0 0
    outer loop
      vertex 20.2028 2.33437 0
      vertex 20.2028 -2.44302 0.6
      vertex 20.2028 -2.44302 0
    endloop
  endfacet
  facet normal 0 -1 0
    outer loop
      vertex 20.2028 2.33437 0
      vertex 24.0987 2.33437 0.6
      vertex 20.2028 2.33437 0.6
    endloop
  endfacet
  facet normal 0 -1 -0
    outer loop
      vertex 24.0987 2.33437 0.6
      vertex 20.2028 2.33437 0
      vertex 24.0987 2.33437 0
    endloop
  endfacet
  facet normal -1 0 0
    outer loop
      vertex 24.0987 1.56131 0
      vertex 24.0987 2.33437 0.6
      vertex 24.0987 2.33437 0
    endloop
  endfacet
  facet normal -1 -0 0
    outer loop
      vertex 24.0987 2.33437 0.6
      vertex 24.0987 1.56131 0
      vertex 24.0987 1.56131 0.6
    endloop
  endfacet
endsolid OpenSCAD_Model
