solid OpenSCAD_Model
  facet normal -0 0 1
    outer loop
      vertex -19.0888 0.397537 1
      vertex -18.1313 -0.0234375 1
      vertex -18.1687 0.624222 1
    endloop
  endfacet
  facet normal -0 0 1
    outer loop
      vertex -19.1436 0.753754 1
      vertex -18.1687 0.624222 1
      vertex -18.2811 1.17226 1
    endloop
  endfacet
  facet normal 0 0 1
    outer loop
      vertex -18.1313 -0.0234375 1
      vertex -19.0888 0.397537 1
      vertex -19.0705 -0.0234375 1
    endloop
  endfacet
  facet normal 0 0 1
    outer loop
      vertex -19.2349 1.0452 1
      vertex -18.2811 1.17226 1
      vertex -18.4682 1.62065 1
    endloop
  endfacet
  facet normal 0 0 1
    outer loop
      vertex -18.1313 -0.0234375 1
      vertex -19.0888 -0.463318 1
      vertex -18.1687 -0.689102 1
    endloop
  endfacet
  facet normal 0 0 1
    outer loop
      vertex -19.3628 1.2719 1
      vertex -18.4682 1.62065 1
      vertex -18.7303 1.96941 1
    endloop
  endfacet
  facet normal 0 0 1
    outer loop
      vertex -19.1436 -0.835526 1
      vertex -18.1687 -0.689102 1
      vertex -19.0888 -0.463318 1
    endloop
  endfacet
  facet normal 0 0 1
    outer loop
      vertex -19.5272 1.43381 1
      vertex -18.7303 1.96941 1
      vertex -19.0672 2.21851 1
    endloop
  endfacet
  facet normal 0 0 1
    outer loop
      vertex -19.0888 -0.463318 1
      vertex -18.1313 -0.0234375 1
      vertex -19.0705 -0.0234375 1
    endloop
  endfacet
  facet normal -0 0 1
    outer loop
      vertex -19.2349 -1.14006 1
      vertex -18.2811 -1.25237 1
      vertex -19.1436 -0.835526 1
    endloop
  endfacet
  facet normal 0 0 1
    outer loop
      vertex -18.1687 -0.689102 1
      vertex -19.1436 -0.835526 1
      vertex -18.2811 -1.25237 1
    endloop
  endfacet
  facet normal 0 0 1
    outer loop
      vertex -18.1687 0.624222 1
      vertex -19.1436 0.753754 1
      vertex -19.0888 0.397537 1
    endloop
  endfacet
  facet normal 0 0 1
    outer loop
      vertex -18.2811 1.17226 1
      vertex -19.2349 1.0452 1
      vertex -19.1436 0.753754 1
    endloop
  endfacet
  facet normal 0 0 1
    outer loop
      vertex -18.4682 1.62065 1
      vertex -19.3628 1.2719 1
      vertex -19.2349 1.0452 1
    endloop
  endfacet
  facet normal 0 0 1
    outer loop
      vertex -19.5272 1.43381 1
      vertex -19.0672 2.21851 1
      vertex -19.479 2.36797 1
    endloop
  endfacet
  facet normal 0 0 1
    outer loop
      vertex -18.7303 1.96941 1
      vertex -19.5272 1.43381 1
      vertex -19.3628 1.2719 1
    endloop
  endfacet
  facet normal 0 0 1
    outer loop
      vertex -19.479 2.36797 1
      vertex -19.7281 1.53096 1
      vertex -19.5272 1.43381 1
    endloop
  endfacet
  facet normal 0 0 1
    outer loop
      vertex -19.9656 2.41779 1
      vertex -19.7281 1.53096 1
      vertex -19.479 2.36797 1
    endloop
  endfacet
  facet normal 0 0 1
    outer loop
      vertex -19.9656 2.41779 1
      vertex -19.9656 1.56334 1
      vertex -19.7281 1.53096 1
    endloop
  endfacet
  facet normal 0 0 1
    outer loop
      vertex -19.9656 2.41779 1
      vertex -20.2031 1.53096 1
      vertex -19.9656 1.56334 1
    endloop
  endfacet
  facet normal -0 0 1
    outer loop
      vertex -20.4523 2.36797 1
      vertex -20.2031 1.53096 1
      vertex -19.9656 2.41779 1
    endloop
  endfacet
  facet normal 0 0 1
    outer loop
      vertex -20.2031 1.53096 1
      vertex -20.4523 2.36797 1
      vertex -20.4041 1.43381 1
    endloop
  endfacet
  facet normal -0 0 1
    outer loop
      vertex -20.8641 2.21851 1
      vertex -20.4041 1.43381 1
      vertex -20.4523 2.36797 1
    endloop
  endfacet
  facet normal -0 0 1
    outer loop
      vertex -21.201 1.96941 1
      vertex -20.4041 1.43381 1
      vertex -20.8641 2.21851 1
    endloop
  endfacet
  facet normal 0 0 1
    outer loop
      vertex -20.4041 1.43381 1
      vertex -21.201 1.96941 1
      vertex -20.5685 1.2719 1
    endloop
  endfacet
  facet normal -0 0 1
    outer loop
      vertex -21.6502 1.17226 1
      vertex -20.6963 1.0452 1
      vertex -21.463 1.62065 1
    endloop
  endfacet
  facet normal 0 0 1
    outer loop
      vertex -20.5685 1.2719 1
      vertex -21.463 1.62065 1
      vertex -20.6963 1.0452 1
    endloop
  endfacet
  facet normal -0 0 1
    outer loop
      vertex -21.463 1.62065 1
      vertex -20.5685 1.2719 1
      vertex -21.201 1.96941 1
    endloop
  endfacet
  facet normal 0 0 1
    outer loop
      vertex -18.2811 -1.25237 1
      vertex -19.2349 -1.14006 1
      vertex -18.4682 -1.71321 1
    endloop
  endfacet
  facet normal -0 0 1
    outer loop
      vertex -19.3628 -1.37691 1
      vertex -18.4682 -1.71321 1
      vertex -19.2349 -1.14006 1
    endloop
  endfacet
  facet normal 0 0 1
    outer loop
      vertex -18.4682 -1.71321 1
      vertex -19.3628 -1.37691 1
      vertex -18.7303 -2.07164 1
    endloop
  endfacet
  facet normal -0 0 1
    outer loop
      vertex -19.5272 -1.5461 1
      vertex -18.7303 -2.07164 1
      vertex -19.3628 -1.37691 1
    endloop
  endfacet
  facet normal 0 0 1
    outer loop
      vertex -18.7303 -2.07164 1
      vertex -19.5272 -1.5461 1
      vertex -19.0672 -2.32767 1
    endloop
  endfacet
  facet normal 0 0 1
    outer loop
      vertex -19.0672 -2.32767 1
      vertex -19.5272 -1.5461 1
      vertex -19.479 -2.48129 1
    endloop
  endfacet
  facet normal -0 0 1
    outer loop
      vertex -19.7281 -1.6476 1
      vertex -19.479 -2.48129 1
      vertex -19.5272 -1.5461 1
    endloop
  endfacet
  facet normal 0 0 1
    outer loop
      vertex -19.9656 -2.53249 1
      vertex -19.7281 -1.6476 1
      vertex -19.9656 -1.68144 1
    endloop
  endfacet
  facet normal 0 0 1
    outer loop
      vertex -19.7281 -1.6476 1
      vertex -19.9656 -2.53249 1
      vertex -19.479 -2.48129 1
    endloop
  endfacet
  facet normal 0 0 1
    outer loop
      vertex -20.2031 -1.6476 1
      vertex -19.9656 -2.53249 1
      vertex -19.9656 -1.68144 1
    endloop
  endfacet
  facet normal 0 0 1
    outer loop
      vertex -20.4523 -2.48129 1
      vertex -20.2031 -1.6476 1
      vertex -20.4041 -1.5461 1
    endloop
  endfacet
  facet normal 0 0 1
    outer loop
      vertex -20.2031 -1.6476 1
      vertex -20.4523 -2.48129 1
      vertex -19.9656 -2.53249 1
    endloop
  endfacet
  facet normal 0 0 1
    outer loop
      vertex -21.201 -2.07164 1
      vertex -20.4041 -1.5461 1
      vertex -20.5685 -1.37691 1
    endloop
  endfacet
  facet normal 0 0 1
    outer loop
      vertex -21.463 -1.71321 1
      vertex -20.5685 -1.37691 1
      vertex -20.6963 -1.14006 1
    endloop
  endfacet
  facet normal 0 0 1
    outer loop
      vertex -21.6502 -1.25237 1
      vertex -20.6963 -1.14006 1
      vertex -20.7877 -0.835526 1
    endloop
  endfacet
  facet normal 0 0 1
    outer loop
      vertex -20.4041 -1.5461 1
      vertex -20.8641 -2.32767 1
      vertex -20.4523 -2.48129 1
    endloop
  endfacet
  facet normal -0 0 1
    outer loop
      vertex -21.7625 -0.689102 1
      vertex -20.7877 -0.835526 1
      vertex -20.8425 -0.463318 1
    endloop
  endfacet
  facet normal -0 0 1
    outer loop
      vertex -21.8 -0.0234375 1
      vertex -20.8425 -0.463318 1
      vertex -20.8608 -0.0234375 1
    endloop
  endfacet
  facet normal 0 0 1
    outer loop
      vertex -20.6963 1.0452 1
      vertex -21.6502 1.17226 1
      vertex -20.7877 0.753754 1
    endloop
  endfacet
  facet normal 0 0 1
    outer loop
      vertex -21.7625 0.624222 1
      vertex -20.7877 0.753754 1
      vertex -21.6502 1.17226 1
    endloop
  endfacet
  facet normal 0 0 1
    outer loop
      vertex -20.8425 -0.463318 1
      vertex -21.8 -0.0234375 1
      vertex -21.7625 -0.689102 1
    endloop
  endfacet
  facet normal 0 0 1
    outer loop
      vertex -20.7877 0.753754 1
      vertex -21.7625 0.624222 1
      vertex -20.8425 0.397537 1
    endloop
  endfacet
  facet normal 0 0 1
    outer loop
      vertex -20.7877 -0.835526 1
      vertex -21.7625 -0.689102 1
      vertex -21.6502 -1.25237 1
    endloop
  endfacet
  facet normal 0 0 1
    outer loop
      vertex -21.8 -0.0234375 1
      vertex -20.8425 0.397537 1
      vertex -21.7625 0.624222 1
    endloop
  endfacet
  facet normal 0 0 1
    outer loop
      vertex -20.6963 -1.14006 1
      vertex -21.6502 -1.25237 1
      vertex -21.463 -1.71321 1
    endloop
  endfacet
  facet normal 0 0 1
    outer loop
      vertex -20.8425 0.397537 1
      vertex -21.8 -0.0234375 1
      vertex -20.8608 -0.0234375 1
    endloop
  endfacet
  facet normal 0 0 1
    outer loop
      vertex -20.5685 -1.37691 1
      vertex -21.463 -1.71321 1
      vertex -21.201 -2.07164 1
    endloop
  endfacet
  facet normal 0 0 1
    outer loop
      vertex -20.4041 -1.5461 1
      vertex -21.201 -2.07164 1
      vertex -20.8641 -2.32767 1
    endloop
  endfacet
  facet normal 0 0 1
    outer loop
      vertex -24.6682 2.34999 1
      vertex -25.5295 2.34999 1
      vertex -24.6682 -1.41359 1
    endloop
  endfacet
  facet normal 0 0 1
    outer loop
      vertex -22.349 2.34999 1
      vertex -23.2103 1.29889 1
      vertex -22.349 -2.46469 1
    endloop
  endfacet
  facet normal -0 0 1
    outer loop
      vertex -23.6951 2.34999 1
      vertex -23.2103 1.29889 1
      vertex -22.349 2.34999 1
    endloop
  endfacet
  facet normal 0 0 1
    outer loop
      vertex -23.2103 1.29889 1
      vertex -23.6951 2.34999 1
      vertex -23.3357 1.29889 1
    endloop
  endfacet
  facet normal 0 0 1
    outer loop
      vertex -24.5428 -1.41359 1
      vertex -23.3357 1.29889 1
      vertex -23.6951 2.34999 1
    endloop
  endfacet
  facet normal 0 0 1
    outer loop
      vertex -23.3357 1.29889 1
      vertex -24.5428 -1.41359 1
      vertex -24.1834 -2.46469 1
    endloop
  endfacet
  facet normal -0 0 1
    outer loop
      vertex -24.6682 -1.41359 1
      vertex -24.1834 -2.46469 1
      vertex -24.5428 -1.41359 1
    endloop
  endfacet
  facet normal 0 0 1
    outer loop
      vertex -24.6682 -1.41359 1
      vertex -25.5295 -2.46469 1
      vertex -24.1834 -2.46469 1
    endloop
  endfacet
  facet normal 0 0 1
    outer loop
      vertex -25.5295 -2.46469 1
      vertex -24.6682 -1.41359 1
      vertex -25.5295 2.34999 1
    endloop
  endfacet
  facet normal 0 0 1
    outer loop
      vertex -22.349 -2.46469 1
      vertex -23.2103 1.29889 1
      vertex -23.2103 -2.46469 1
    endloop
  endfacet
  facet normal 0 0 -1
    outer loop
      vertex -19.0888 -0.463318 -0.00999928
      vertex -18.1313 -0.0234375 -0.00999928
      vertex -18.1687 -0.689102 -0.00999928
    endloop
  endfacet
  facet normal 0 0 -1
    outer loop
      vertex -19.1436 -0.835526 -0.00999928
      vertex -18.1687 -0.689102 -0.00999928
      vertex -18.2811 -1.25237 -0.00999928
    endloop
  endfacet
  facet normal -0 0 -1
    outer loop
      vertex -18.1313 -0.0234375 -0.00999928
      vertex -19.0888 -0.463318 -0.00999928
      vertex -19.0705 -0.0234375 -0.00999928
    endloop
  endfacet
  facet normal 0 0 -1
    outer loop
      vertex -19.2349 -1.14006 -0.00999928
      vertex -18.2811 -1.25237 -0.00999928
      vertex -18.4682 -1.71321 -0.00999928
    endloop
  endfacet
  facet normal 0 0 -1
    outer loop
      vertex -19.0888 0.397537 -0.00999928
      vertex -18.1313 -0.0234375 -0.00999928
      vertex -19.0705 -0.0234375 -0.00999928
    endloop
  endfacet
  facet normal 0 0 -1
    outer loop
      vertex -19.3628 -1.37691 -0.00999928
      vertex -18.4682 -1.71321 -0.00999928
      vertex -18.7303 -2.07164 -0.00999928
    endloop
  endfacet
  facet normal 0 0 -1
    outer loop
      vertex -18.1313 -0.0234375 -0.00999928
      vertex -19.0888 0.397537 -0.00999928
      vertex -18.1687 0.624222 -0.00999928
    endloop
  endfacet
  facet normal 0 0 -1
    outer loop
      vertex -19.5272 -1.5461 -0.00999928
      vertex -18.7303 -2.07164 -0.00999928
      vertex -19.0672 -2.32767 -0.00999928
    endloop
  endfacet
  facet normal 0 0 -1
    outer loop
      vertex -19.1436 0.753754 -0.00999928
      vertex -18.1687 0.624222 -0.00999928
      vertex -19.0888 0.397537 -0.00999928
    endloop
  endfacet
  facet normal 0 0 -1
    outer loop
      vertex -19.2349 1.0452 -0.00999928
      vertex -18.2811 1.17226 -0.00999928
      vertex -19.1436 0.753754 -0.00999928
    endloop
  endfacet
  facet normal 0 0 -1
    outer loop
      vertex -18.1687 0.624222 -0.00999928
      vertex -19.1436 0.753754 -0.00999928
      vertex -18.2811 1.17226 -0.00999928
    endloop
  endfacet
  facet normal -0 0 -1
    outer loop
      vertex -18.1687 -0.689102 -0.00999928
      vertex -19.1436 -0.835526 -0.00999928
      vertex -19.0888 -0.463318 -0.00999928
    endloop
  endfacet
  facet normal 0 0 -1
    outer loop
      vertex -18.2811 -1.25237 -0.00999928
      vertex -19.2349 -1.14006 -0.00999928
      vertex -19.1436 -0.835526 -0.00999928
    endloop
  endfacet
  facet normal 0 0 -1
    outer loop
      vertex -18.4682 -1.71321 -0.00999928
      vertex -19.3628 -1.37691 -0.00999928
      vertex -19.2349 -1.14006 -0.00999928
    endloop
  endfacet
  facet normal 0 0 -1
    outer loop
      vertex -19.5272 -1.5461 -0.00999928
      vertex -19.0672 -2.32767 -0.00999928
      vertex -19.479 -2.48129 -0.00999928
    endloop
  endfacet
  facet normal 0 0 -1
    outer loop
      vertex -18.7303 -2.07164 -0.00999928
      vertex -19.5272 -1.5461 -0.00999928
      vertex -19.3628 -1.37691 -0.00999928
    endloop
  endfacet
  facet normal 0 0 -1
    outer loop
      vertex -19.479 -2.48129 -0.00999928
      vertex -19.7281 -1.6476 -0.00999928
      vertex -19.5272 -1.5461 -0.00999928
    endloop
  endfacet
  facet normal 0 0 -1
    outer loop
      vertex -19.9656 -2.53249 -0.00999928
      vertex -19.7281 -1.6476 -0.00999928
      vertex -19.479 -2.48129 -0.00999928
    endloop
  endfacet
  facet normal 0 0 -1
    outer loop
      vertex -19.9656 -2.53249 -0.00999928
      vertex -19.9656 -1.68144 -0.00999928
      vertex -19.7281 -1.6476 -0.00999928
    endloop
  endfacet
  facet normal 0 0 -1
    outer loop
      vertex -19.9656 -2.53249 -0.00999928
      vertex -20.2031 -1.6476 -0.00999928
      vertex -19.9656 -1.68144 -0.00999928
    endloop
  endfacet
  facet normal 0 0 -1
    outer loop
      vertex -20.4523 -2.48129 -0.00999928
      vertex -20.2031 -1.6476 -0.00999928
      vertex -19.9656 -2.53249 -0.00999928
    endloop
  endfacet
  facet normal -0 0 -1
    outer loop
      vertex -20.2031 -1.6476 -0.00999928
      vertex -20.4523 -2.48129 -0.00999928
      vertex -20.4041 -1.5461 -0.00999928
    endloop
  endfacet
  facet normal 0 0 -1
    outer loop
      vertex -20.8641 -2.32767 -0.00999928
      vertex -20.4041 -1.5461 -0.00999928
      vertex -20.4523 -2.48129 -0.00999928
    endloop
  endfacet
  facet normal 0 0 -1
    outer loop
      vertex -21.201 -2.07164 -0.00999928
      vertex -20.4041 -1.5461 -0.00999928
      vertex -20.8641 -2.32767 -0.00999928
    endloop
  endfacet
  facet normal -0 0 -1
    outer loop
      vertex -20.4041 -1.5461 -0.00999928
      vertex -21.201 -2.07164 -0.00999928
      vertex -20.5685 -1.37691 -0.00999928
    endloop
  endfacet
  facet normal 0 0 -1
    outer loop
      vertex -21.6502 -1.25237 -0.00999928
      vertex -20.6963 -1.14006 -0.00999928
      vertex -21.463 -1.71321 -0.00999928
    endloop
  endfacet
  facet normal -0 0 -1
    outer loop
      vertex -20.5685 -1.37691 -0.00999928
      vertex -21.463 -1.71321 -0.00999928
      vertex -20.6963 -1.14006 -0.00999928
    endloop
  endfacet
  facet normal 0 0 -1
    outer loop
      vertex -21.463 -1.71321 -0.00999928
      vertex -20.5685 -1.37691 -0.00999928
      vertex -21.201 -2.07164 -0.00999928
    endloop
  endfacet
  facet normal -0 0 -1
    outer loop
      vertex -18.2811 1.17226 -0.00999928
      vertex -19.2349 1.0452 -0.00999928
      vertex -18.4682 1.62065 -0.00999928
    endloop
  endfacet
  facet normal 0 0 -1
    outer loop
      vertex -19.3628 1.2719 -0.00999928
      vertex -18.4682 1.62065 -0.00999928
      vertex -19.2349 1.0452 -0.00999928
    endloop
  endfacet
  facet normal -0 0 -1
    outer loop
      vertex -18.4682 1.62065 -0.00999928
      vertex -19.3628 1.2719 -0.00999928
      vertex -18.7303 1.96941 -0.00999928
    endloop
  endfacet
  facet normal 0 0 -1
    outer loop
      vertex -19.5272 1.43381 -0.00999928
      vertex -18.7303 1.96941 -0.00999928
      vertex -19.3628 1.2719 -0.00999928
    endloop
  endfacet
  facet normal -0 0 -1
    outer loop
      vertex -18.7303 1.96941 -0.00999928
      vertex -19.5272 1.43381 -0.00999928
      vertex -19.0672 2.21851 -0.00999928
    endloop
  endfacet
  facet normal -0 0 -1
    outer loop
      vertex -19.0672 2.21851 -0.00999928
      vertex -19.5272 1.43381 -0.00999928
      vertex -19.479 2.36797 -0.00999928
    endloop
  endfacet
  facet normal 0 0 -1
    outer loop
      vertex -19.7281 1.53096 -0.00999928
      vertex -19.479 2.36797 -0.00999928
      vertex -19.5272 1.43381 -0.00999928
    endloop
  endfacet
  facet normal 0 0 -1
    outer loop
      vertex -19.9656 2.41779 -0.00999928
      vertex -19.7281 1.53096 -0.00999928
      vertex -19.9656 1.56334 -0.00999928
    endloop
  endfacet
  facet normal 0 0 -1
    outer loop
      vertex -19.7281 1.53096 -0.00999928
      vertex -19.9656 2.41779 -0.00999928
      vertex -19.479 2.36797 -0.00999928
    endloop
  endfacet
  facet normal 0 0 -1
    outer loop
      vertex -20.2031 1.53096 -0.00999928
      vertex -19.9656 2.41779 -0.00999928
      vertex -19.9656 1.56334 -0.00999928
    endloop
  endfacet
  facet normal 0 0 -1
    outer loop
      vertex -20.4523 2.36797 -0.00999928
      vertex -20.2031 1.53096 -0.00999928
      vertex -20.4041 1.43381 -0.00999928
    endloop
  endfacet
  facet normal 0 0 -1
    outer loop
      vertex -20.2031 1.53096 -0.00999928
      vertex -20.4523 2.36797 -0.00999928
      vertex -19.9656 2.41779 -0.00999928
    endloop
  endfacet
  facet normal 0 0 -1
    outer loop
      vertex -21.201 1.96941 -0.00999928
      vertex -20.4041 1.43381 -0.00999928
      vertex -20.5685 1.2719 -0.00999928
    endloop
  endfacet
  facet normal 0 0 -1
    outer loop
      vertex -21.463 1.62065 -0.00999928
      vertex -20.5685 1.2719 -0.00999928
      vertex -20.6963 1.0452 -0.00999928
    endloop
  endfacet
  facet normal 0 0 -1
    outer loop
      vertex -21.6502 1.17226 -0.00999928
      vertex -20.6963 1.0452 -0.00999928
      vertex -20.7877 0.753754 -0.00999928
    endloop
  endfacet
  facet normal 0 0 -1
    outer loop
      vertex -20.4041 1.43381 -0.00999928
      vertex -20.8641 2.21851 -0.00999928
      vertex -20.4523 2.36797 -0.00999928
    endloop
  endfacet
  facet normal 0 0 -1
    outer loop
      vertex -21.7625 0.624222 -0.00999928
      vertex -20.7877 0.753754 -0.00999928
      vertex -20.8425 0.397537 -0.00999928
    endloop
  endfacet
  facet normal 0 0 -1
    outer loop
      vertex -21.8 -0.0234375 -0.00999928
      vertex -20.8425 0.397537 -0.00999928
      vertex -20.8608 -0.0234375 -0.00999928
    endloop
  endfacet
  facet normal -0 0 -1
    outer loop
      vertex -20.6963 -1.14006 -0.00999928
      vertex -21.6502 -1.25237 -0.00999928
      vertex -20.7877 -0.835526 -0.00999928
    endloop
  endfacet
  facet normal 0 0 -1
    outer loop
      vertex -21.7625 -0.689102 -0.00999928
      vertex -20.7877 -0.835526 -0.00999928
      vertex -21.6502 -1.25237 -0.00999928
    endloop
  endfacet
  facet normal -0 0 -1
    outer loop
      vertex -20.8425 0.397537 -0.00999928
      vertex -21.8 -0.0234375 -0.00999928
      vertex -21.7625 0.624222 -0.00999928
    endloop
  endfacet
  facet normal 0 0 -1
    outer loop
      vertex -20.7877 -0.835526 -0.00999928
      vertex -21.7625 -0.689102 -0.00999928
      vertex -20.8425 -0.463318 -0.00999928
    endloop
  endfacet
  facet normal -0 0 -1
    outer loop
      vertex -20.7877 0.753754 -0.00999928
      vertex -21.7625 0.624222 -0.00999928
      vertex -21.6502 1.17226 -0.00999928
    endloop
  endfacet
  facet normal 0 0 -1
    outer loop
      vertex -21.8 -0.0234375 -0.00999928
      vertex -20.8425 -0.463318 -0.00999928
      vertex -21.7625 -0.689102 -0.00999928
    endloop
  endfacet
  facet normal 0 0 -1
    outer loop
      vertex -20.6963 1.0452 -0.00999928
      vertex -21.6502 1.17226 -0.00999928
      vertex -21.463 1.62065 -0.00999928
    endloop
  endfacet
  facet normal 0 0 -1
    outer loop
      vertex -20.8425 -0.463318 -0.00999928
      vertex -21.8 -0.0234375 -0.00999928
      vertex -20.8608 -0.0234375 -0.00999928
    endloop
  endfacet
  facet normal 0 0 -1
    outer loop
      vertex -20.5685 1.2719 -0.00999928
      vertex -21.463 1.62065 -0.00999928
      vertex -21.201 1.96941 -0.00999928
    endloop
  endfacet
  facet normal 0 0 -1
    outer loop
      vertex -20.4041 1.43381 -0.00999928
      vertex -21.201 1.96941 -0.00999928
      vertex -20.8641 2.21851 -0.00999928
    endloop
  endfacet
  facet normal 0 0 -1
    outer loop
      vertex -23.2103 1.29889 -0.00999928
      vertex -22.349 -2.46469 -0.00999928
      vertex -23.2103 -2.46469 -0.00999928
    endloop
  endfacet
  facet normal 0 0 -1
    outer loop
      vertex -22.349 -2.46469 -0.00999928
      vertex -23.2103 1.29889 -0.00999928
      vertex -22.349 2.34999 -0.00999928
    endloop
  endfacet
  facet normal 0 0 -1
    outer loop
      vertex -23.6951 2.34999 -0.00999928
      vertex -23.2103 1.29889 -0.00999928
      vertex -23.3357 1.29889 -0.00999928
    endloop
  endfacet
  facet normal 0 0 -1
    outer loop
      vertex -23.2103 1.29889 -0.00999928
      vertex -23.6951 2.34999 -0.00999928
      vertex -22.349 2.34999 -0.00999928
    endloop
  endfacet
  facet normal 0 0 -1
    outer loop
      vertex -24.5428 -1.41359 -0.00999928
      vertex -23.3357 1.29889 -0.00999928
      vertex -24.1834 -2.46469 -0.00999928
    endloop
  endfacet
  facet normal -0 0 -1
    outer loop
      vertex -23.3357 1.29889 -0.00999928
      vertex -24.5428 -1.41359 -0.00999928
      vertex -23.6951 2.34999 -0.00999928
    endloop
  endfacet
  facet normal 0 0 -1
    outer loop
      vertex -24.1834 -2.46469 -0.00999928
      vertex -24.6682 -1.41359 -0.00999928
      vertex -24.5428 -1.41359 -0.00999928
    endloop
  endfacet
  facet normal 0 0 -1
    outer loop
      vertex -25.5295 -2.46469 -0.00999928
      vertex -24.6682 -1.41359 -0.00999928
      vertex -24.1834 -2.46469 -0.00999928
    endloop
  endfacet
  facet normal 0 0 -1
    outer loop
      vertex -25.5295 2.34999 -0.00999928
      vertex -24.6682 -1.41359 -0.00999928
      vertex -25.5295 -2.46469 -0.00999928
    endloop
  endfacet
  facet normal 0 0 -1
    outer loop
      vertex -24.6682 -1.41359 -0.00999928
      vertex -25.5295 2.34999 -0.00999928
      vertex -24.6682 2.34999 -0.00999928
    endloop
  endfacet
  facet normal 0.341168 0.940003 -0
    outer loop
      vertex -19.0672 2.21851 -0.00999928
      vertex -19.479 2.36797 1
      vertex -19.0672 2.21851 1
    endloop
  endfacet
  facet normal 0.341168 0.940003 0
    outer loop
      vertex -19.479 2.36797 1
      vertex -19.0672 2.21851 -0.00999928
      vertex -19.479 2.36797 -0.00999928
    endloop
  endfacet
  facet normal 0.594525 0.804077 -0
    outer loop
      vertex -18.7303 1.96941 -0.00999928
      vertex -19.0672 2.21851 1
      vertex -18.7303 1.96941 1
    endloop
  endfacet
  facet normal 0.594525 0.804077 0
    outer loop
      vertex -19.0672 2.21851 1
      vertex -18.7303 1.96941 -0.00999928
      vertex -19.0672 2.21851 -0.00999928
    endloop
  endfacet
  facet normal 0.799416 0.600777 0
    outer loop
      vertex -18.4682 1.62065 1
      vertex -18.7303 1.96941 -0.00999928
      vertex -18.7303 1.96941 1
    endloop
  endfacet
  facet normal 0.799416 0.600777 0
    outer loop
      vertex -18.7303 1.96941 -0.00999928
      vertex -18.4682 1.62065 1
      vertex -18.4682 1.62065 -0.00999928
    endloop
  endfacet
  facet normal 0.922879 0.38509 0
    outer loop
      vertex -18.2811 1.17226 1
      vertex -18.4682 1.62065 -0.00999928
      vertex -18.4682 1.62065 1
    endloop
  endfacet
  facet normal 0.922879 0.38509 0
    outer loop
      vertex -18.4682 1.62065 -0.00999928
      vertex -18.2811 1.17226 1
      vertex -18.2811 1.17226 -0.00999928
    endloop
  endfacet
  facet normal 0.979609 0.200913 0
    outer loop
      vertex -18.1687 0.624222 1
      vertex -18.2811 1.17226 -0.00999928
      vertex -18.2811 1.17226 1
    endloop
  endfacet
  facet normal 0.979609 0.200913 0
    outer loop
      vertex -18.2811 1.17226 -0.00999928
      vertex -18.1687 0.624222 1
      vertex -18.1687 0.624222 -0.00999928
    endloop
  endfacet
  facet normal 0.998337 0.0576504 0
    outer loop
      vertex -18.1313 -0.0234375 1
      vertex -18.1687 0.624222 -0.00999928
      vertex -18.1687 0.624222 1
    endloop
  endfacet
  facet normal 0.998337 0.0576504 0
    outer loop
      vertex -18.1687 0.624222 -0.00999928
      vertex -18.1313 -0.0234375 1
      vertex -18.1313 -0.0234375 -0.00999928
    endloop
  endfacet
  facet normal 0.998425 -0.056096 0
    outer loop
      vertex -18.1687 -0.689102 1
      vertex -18.1313 -0.0234375 -0.00999928
      vertex -18.1313 -0.0234375 1
    endloop
  endfacet
  facet normal 0.998425 -0.056096 0
    outer loop
      vertex -18.1313 -0.0234375 -0.00999928
      vertex -18.1687 -0.689102 1
      vertex -18.1687 -0.689102 -0.00999928
    endloop
  endfacet
  facet normal 0.980665 -0.195692 0
    outer loop
      vertex -18.2811 -1.25237 1
      vertex -18.1687 -0.689102 -0.00999928
      vertex -18.1687 -0.689102 1
    endloop
  endfacet
  facet normal 0.980665 -0.195692 0
    outer loop
      vertex -18.1687 -0.689102 -0.00999928
      vertex -18.2811 -1.25237 1
      vertex -18.2811 -1.25237 -0.00999928
    endloop
  endfacet
  facet normal 0.926548 -0.376176 0
    outer loop
      vertex -18.4682 -1.71321 1
      vertex -18.2811 -1.25237 -0.00999928
      vertex -18.2811 -1.25237 1
    endloop
  endfacet
  facet normal 0.926548 -0.376176 0
    outer loop
      vertex -18.2811 -1.25237 -0.00999928
      vertex -18.4682 -1.71321 1
      vertex -18.4682 -1.71321 -0.00999928
    endloop
  endfacet
  facet normal 0.807208 -0.590267 0
    outer loop
      vertex -18.7303 -2.07164 1
      vertex -18.4682 -1.71321 -0.00999928
      vertex -18.4682 -1.71321 1
    endloop
  endfacet
  facet normal 0.807208 -0.590267 0
    outer loop
      vertex -18.4682 -1.71321 -0.00999928
      vertex -18.7303 -2.07164 1
      vertex -18.7303 -2.07164 -0.00999928
    endloop
  endfacet
  facet normal 0.605062 -0.796178 0
    outer loop
      vertex -19.0672 -2.32767 -0.00999928
      vertex -18.7303 -2.07164 1
      vertex -19.0672 -2.32767 1
    endloop
  endfacet
  facet normal 0.605062 -0.796178 0
    outer loop
      vertex -18.7303 -2.07164 1
      vertex -19.0672 -2.32767 -0.00999928
      vertex -18.7303 -2.07164 -0.00999928
    endloop
  endfacet
  facet normal 0.349517 -0.93693 0
    outer loop
      vertex -19.479 -2.48129 -0.00999928
      vertex -19.0672 -2.32767 1
      vertex -19.479 -2.48129 1
    endloop
  endfacet
  facet normal 0.349517 -0.93693 0
    outer loop
      vertex -19.0672 -2.32767 1
      vertex -19.479 -2.48129 -0.00999928
      vertex -19.0672 -2.32767 -0.00999928
    endloop
  endfacet
  facet normal 0.104642 -0.99451 0
    outer loop
      vertex -19.9656 -2.53249 -0.00999928
      vertex -19.479 -2.48129 1
      vertex -19.9656 -2.53249 1
    endloop
  endfacet
  facet normal 0.104642 -0.99451 0
    outer loop
      vertex -19.479 -2.48129 1
      vertex -19.9656 -2.53249 -0.00999928
      vertex -19.479 -2.48129 -0.00999928
    endloop
  endfacet
  facet normal -0.104621 -0.994512 0
    outer loop
      vertex -20.4523 -2.48129 -0.00999928
      vertex -19.9656 -2.53249 1
      vertex -20.4523 -2.48129 1
    endloop
  endfacet
  facet normal -0.104621 -0.994512 -0
    outer loop
      vertex -19.9656 -2.53249 1
      vertex -20.4523 -2.48129 -0.00999928
      vertex -19.9656 -2.53249 -0.00999928
    endloop
  endfacet
  facet normal -0.349517 -0.93693 0
    outer loop
      vertex -20.8641 -2.32767 -0.00999928
      vertex -20.4523 -2.48129 1
      vertex -20.8641 -2.32767 1
    endloop
  endfacet
  facet normal -0.349517 -0.93693 -0
    outer loop
      vertex -20.4523 -2.48129 1
      vertex -20.8641 -2.32767 -0.00999928
      vertex -20.4523 -2.48129 -0.00999928
    endloop
  endfacet
  facet normal -0.605062 -0.796178 0
    outer loop
      vertex -21.201 -2.07164 -0.00999928
      vertex -20.8641 -2.32767 1
      vertex -21.201 -2.07164 1
    endloop
  endfacet
  facet normal -0.605062 -0.796178 -0
    outer loop
      vertex -20.8641 -2.32767 1
      vertex -21.201 -2.07164 -0.00999928
      vertex -20.8641 -2.32767 -0.00999928
    endloop
  endfacet
  facet normal -0.807316 -0.59012 0
    outer loop
      vertex -21.201 -2.07164 -0.00999928
      vertex -21.463 -1.71321 1
      vertex -21.463 -1.71321 -0.00999928
    endloop
  endfacet
  facet normal -0.807316 -0.59012 0
    outer loop
      vertex -21.463 -1.71321 1
      vertex -21.201 -2.07164 -0.00999928
      vertex -21.201 -2.07164 1
    endloop
  endfacet
  facet normal -0.926478 -0.376349 0
    outer loop
      vertex -21.463 -1.71321 -0.00999928
      vertex -21.6502 -1.25237 1
      vertex -21.6502 -1.25237 -0.00999928
    endloop
  endfacet
  facet normal -0.926478 -0.376349 0
    outer loop
      vertex -21.6502 -1.25237 1
      vertex -21.463 -1.71321 -0.00999928
      vertex -21.463 -1.71321 1
    endloop
  endfacet
  facet normal -0.980699 -0.195524 0
    outer loop
      vertex -21.6502 -1.25237 -0.00999928
      vertex -21.7625 -0.689102 1
      vertex -21.7625 -0.689102 -0.00999928
    endloop
  endfacet
  facet normal -0.980699 -0.195524 0
    outer loop
      vertex -21.7625 -0.689102 1
      vertex -21.6502 -1.25237 -0.00999928
      vertex -21.6502 -1.25237 1
    endloop
  endfacet
  facet normal -0.998417 -0.0562455 0
    outer loop
      vertex -21.7625 -0.689102 -0.00999928
      vertex -21.8 -0.0234375 1
      vertex -21.8 -0.0234375 -0.00999928
    endloop
  endfacet
  facet normal -0.998417 -0.0562455 0
    outer loop
      vertex -21.8 -0.0234375 1
      vertex -21.7625 -0.689102 -0.00999928
      vertex -21.7625 -0.689102 1
    endloop
  endfacet
  facet normal -0.998328 0.057804 0
    outer loop
      vertex -21.8 -0.0234375 -0.00999928
      vertex -21.7625 0.624222 1
      vertex -21.7625 0.624222 -0.00999928
    endloop
  endfacet
  facet normal -0.998328 0.057804 0
    outer loop
      vertex -21.7625 0.624222 1
      vertex -21.8 -0.0234375 -0.00999928
      vertex -21.8 -0.0234375 1
    endloop
  endfacet
  facet normal -0.979644 0.200742 0
    outer loop
      vertex -21.7625 0.624222 -0.00999928
      vertex -21.6502 1.17226 1
      vertex -21.6502 1.17226 -0.00999928
    endloop
  endfacet
  facet normal -0.979644 0.200742 0
    outer loop
      vertex -21.6502 1.17226 1
      vertex -21.7625 0.624222 -0.00999928
      vertex -21.7625 0.624222 1
    endloop
  endfacet
  facet normal -0.922806 0.385266 0
    outer loop
      vertex -21.6502 1.17226 -0.00999928
      vertex -21.463 1.62065 1
      vertex -21.463 1.62065 -0.00999928
    endloop
  endfacet
  facet normal -0.922806 0.385266 0
    outer loop
      vertex -21.463 1.62065 1
      vertex -21.6502 1.17226 -0.00999928
      vertex -21.6502 1.17226 1
    endloop
  endfacet
  facet normal -0.799527 0.600631 0
    outer loop
      vertex -21.463 1.62065 -0.00999928
      vertex -21.201 1.96941 1
      vertex -21.201 1.96941 -0.00999928
    endloop
  endfacet
  facet normal -0.799527 0.600631 0
    outer loop
      vertex -21.201 1.96941 1
      vertex -21.463 1.62065 -0.00999928
      vertex -21.463 1.62065 1
    endloop
  endfacet
  facet normal -0.594525 0.804077 0
    outer loop
      vertex -20.8641 2.21851 -0.00999928
      vertex -21.201 1.96941 1
      vertex -20.8641 2.21851 1
    endloop
  endfacet
  facet normal -0.594525 0.804077 0
    outer loop
      vertex -21.201 1.96941 1
      vertex -20.8641 2.21851 -0.00999928
      vertex -21.201 1.96941 -0.00999928
    endloop
  endfacet
  facet normal -0.341168 0.940003 0
    outer loop
      vertex -20.4523 2.36797 -0.00999928
      vertex -20.8641 2.21851 1
      vertex -20.4523 2.36797 1
    endloop
  endfacet
  facet normal -0.341168 0.940003 0
    outer loop
      vertex -20.8641 2.21851 1
      vertex -20.4523 2.36797 -0.00999928
      vertex -20.8641 2.21851 -0.00999928
    endloop
  endfacet
  facet normal -0.101831 0.994802 0
    outer loop
      vertex -19.9656 2.41779 -0.00999928
      vertex -20.4523 2.36797 1
      vertex -19.9656 2.41779 1
    endloop
  endfacet
  facet normal -0.101831 0.994802 0
    outer loop
      vertex -20.4523 2.36797 1
      vertex -19.9656 2.41779 -0.00999928
      vertex -20.4523 2.36797 -0.00999928
    endloop
  endfacet
  facet normal 0.101851 0.9948 -0
    outer loop
      vertex -19.479 2.36797 -0.00999928
      vertex -19.9656 2.41779 1
      vertex -19.479 2.36797 1
    endloop
  endfacet
  facet normal 0.101851 0.9948 0
    outer loop
      vertex -19.9656 2.41779 1
      vertex -19.479 2.36797 -0.00999928
      vertex -19.9656 2.41779 -0.00999928
    endloop
  endfacet
  facet normal 0.435169 -0.900349 0
    outer loop
      vertex -20.4041 1.43381 -0.00999928
      vertex -20.2031 1.53096 1
      vertex -20.4041 1.43381 1
    endloop
  endfacet
  facet normal 0.435169 -0.900349 0
    outer loop
      vertex -20.2031 1.53096 1
      vertex -20.4041 1.43381 -0.00999928
      vertex -20.2031 1.53096 -0.00999928
    endloop
  endfacet
  facet normal 0.701691 -0.712482 0
    outer loop
      vertex -20.5685 1.2719 -0.00999928
      vertex -20.4041 1.43381 1
      vertex -20.5685 1.2719 1
    endloop
  endfacet
  facet normal 0.701691 -0.712482 0
    outer loop
      vertex -20.4041 1.43381 1
      vertex -20.5685 1.2719 -0.00999928
      vertex -20.4041 1.43381 -0.00999928
    endloop
  endfacet
  facet normal 0.871113 -0.491082 0
    outer loop
      vertex -20.6963 1.0452 1
      vertex -20.5685 1.2719 -0.00999928
      vertex -20.5685 1.2719 1
    endloop
  endfacet
  facet normal 0.871113 -0.491082 0
    outer loop
      vertex -20.5685 1.2719 -0.00999928
      vertex -20.6963 1.0452 1
      vertex -20.6963 1.0452 -0.00999928
    endloop
  endfacet
  facet normal 0.954178 -0.299239 0
    outer loop
      vertex -20.7877 0.753754 1
      vertex -20.6963 1.0452 -0.00999928
      vertex -20.6963 1.0452 1
    endloop
  endfacet
  facet normal 0.954178 -0.299239 0
    outer loop
      vertex -20.6963 1.0452 -0.00999928
      vertex -20.7877 0.753754 1
      vertex -20.7877 0.753754 -0.00999928
    endloop
  endfacet
  facet normal 0.988373 -0.15205 0
    outer loop
      vertex -20.8425 0.397537 1
      vertex -20.7877 0.753754 -0.00999928
      vertex -20.7877 0.753754 1
    endloop
  endfacet
  facet normal 0.988373 -0.15205 0
    outer loop
      vertex -20.7877 0.753754 -0.00999928
      vertex -20.8425 0.397537 1
      vertex -20.8425 0.397537 -0.00999928
    endloop
  endfacet
  facet normal 0.999056 -0.0434296 0
    outer loop
      vertex -20.8608 -0.0234375 1
      vertex -20.8425 0.397537 -0.00999928
      vertex -20.8425 0.397537 1
    endloop
  endfacet
  facet normal 0.999056 -0.0434296 0
    outer loop
      vertex -20.8425 0.397537 -0.00999928
      vertex -20.8608 -0.0234375 1
      vertex -20.8608 -0.0234375 -0.00999928
    endloop
  endfacet
  facet normal 0.999136 0.0415663 0
    outer loop
      vertex -20.8425 -0.463318 1
      vertex -20.8608 -0.0234375 -0.00999928
      vertex -20.8608 -0.0234375 1
    endloop
  endfacet
  facet normal 0.999136 0.0415663 0
    outer loop
      vertex -20.8608 -0.0234375 -0.00999928
      vertex -20.8425 -0.463318 1
      vertex -20.8425 -0.463318 -0.00999928
    endloop
  endfacet
  facet normal 0.989335 0.145659 0
    outer loop
      vertex -20.7877 -0.835526 1
      vertex -20.8425 -0.463318 -0.00999928
      vertex -20.8425 -0.463318 1
    endloop
  endfacet
  facet normal 0.989335 0.145659 0
    outer loop
      vertex -20.8425 -0.463318 -0.00999928
      vertex -20.7877 -0.835526 1
      vertex -20.7877 -0.835526 -0.00999928
    endloop
  endfacet
  facet normal 0.957792 0.287463 0
    outer loop
      vertex -20.6963 -1.14006 1
      vertex -20.7877 -0.835526 -0.00999928
      vertex -20.7877 -0.835526 1
    endloop
  endfacet
  facet normal 0.957792 0.287463 0
    outer loop
      vertex -20.7877 -0.835526 -0.00999928
      vertex -20.6963 -1.14006 1
      vertex -20.6963 -1.14006 -0.00999928
    endloop
  endfacet
  facet normal 0.880059 0.474864 0
    outer loop
      vertex -20.5685 -1.37691 1
      vertex -20.6963 -1.14006 -0.00999928
      vertex -20.6963 -1.14006 1
    endloop
  endfacet
  facet normal 0.880059 0.474864 0
    outer loop
      vertex -20.6963 -1.14006 -0.00999928
      vertex -20.5685 -1.37691 1
      vertex -20.5685 -1.37691 -0.00999928
    endloop
  endfacet
  facet normal 0.717186 0.696882 0
    outer loop
      vertex -20.4041 -1.5461 1
      vertex -20.5685 -1.37691 -0.00999928
      vertex -20.5685 -1.37691 1
    endloop
  endfacet
  facet normal 0.717186 0.696882 0
    outer loop
      vertex -20.5685 -1.37691 -0.00999928
      vertex -20.4041 -1.5461 1
      vertex -20.4041 -1.5461 -0.00999928
    endloop
  endfacet
  facet normal 0.450763 0.892644 -0
    outer loop
      vertex -20.2031 -1.6476 -0.00999928
      vertex -20.4041 -1.5461 1
      vertex -20.2031 -1.6476 1
    endloop
  endfacet
  facet normal 0.450763 0.892644 0
    outer loop
      vertex -20.4041 -1.5461 1
      vertex -20.2031 -1.6476 -0.00999928
      vertex -20.4041 -1.5461 -0.00999928
    endloop
  endfacet
  facet normal 0.14106 0.990001 -0
    outer loop
      vertex -19.9656 -1.68144 -0.00999928
      vertex -20.2031 -1.6476 1
      vertex -19.9656 -1.68144 1
    endloop
  endfacet
  facet normal 0.14106 0.990001 0
    outer loop
      vertex -20.2031 -1.6476 1
      vertex -19.9656 -1.68144 -0.00999928
      vertex -20.2031 -1.6476 -0.00999928
    endloop
  endfacet
  facet normal -0.14106 0.990001 0
    outer loop
      vertex -19.7281 -1.6476 -0.00999928
      vertex -19.9656 -1.68144 1
      vertex -19.7281 -1.6476 1
    endloop
  endfacet
  facet normal -0.14106 0.990001 0
    outer loop
      vertex -19.9656 -1.68144 1
      vertex -19.7281 -1.6476 -0.00999928
      vertex -19.9656 -1.68144 -0.00999928
    endloop
  endfacet
  facet normal -0.450942 0.892553 0
    outer loop
      vertex -19.5272 -1.5461 -0.00999928
      vertex -19.7281 -1.6476 1
      vertex -19.5272 -1.5461 1
    endloop
  endfacet
  facet normal -0.450942 0.892553 0
    outer loop
      vertex -19.7281 -1.6476 1
      vertex -19.5272 -1.5461 -0.00999928
      vertex -19.7281 -1.6476 -0.00999928
    endloop
  endfacet
  facet normal -0.717186 0.696882 0
    outer loop
      vertex -19.5272 -1.5461 -0.00999928
      vertex -19.3628 -1.37691 1
      vertex -19.3628 -1.37691 -0.00999928
    endloop
  endfacet
  facet normal -0.717186 0.696882 0
    outer loop
      vertex -19.3628 -1.37691 1
      vertex -19.5272 -1.5461 -0.00999928
      vertex -19.5272 -1.5461 1
    endloop
  endfacet
  facet normal -0.879904 0.475152 0
    outer loop
      vertex -19.3628 -1.37691 -0.00999928
      vertex -19.2349 -1.14006 1
      vertex -19.2349 -1.14006 -0.00999928
    endloop
  endfacet
  facet normal -0.879904 0.475152 0
    outer loop
      vertex -19.2349 -1.14006 1
      vertex -19.3628 -1.37691 -0.00999928
      vertex -19.3628 -1.37691 1
    endloop
  endfacet
  facet normal -0.957878 0.287174 0
    outer loop
      vertex -19.2349 -1.14006 -0.00999928
      vertex -19.1436 -0.835526 1
      vertex -19.1436 -0.835526 -0.00999928
    endloop
  endfacet
  facet normal -0.957878 0.287174 0
    outer loop
      vertex -19.1436 -0.835526 1
      vertex -19.2349 -1.14006 -0.00999928
      vertex -19.2349 -1.14006 1
    endloop
  endfacet
  facet normal -0.989335 0.145659 0
    outer loop
      vertex -19.1436 -0.835526 -0.00999928
      vertex -19.0888 -0.463318 1
      vertex -19.0888 -0.463318 -0.00999928
    endloop
  endfacet
  facet normal -0.989335 0.145659 0
    outer loop
      vertex -19.0888 -0.463318 1
      vertex -19.1436 -0.835526 -0.00999928
      vertex -19.1436 -0.835526 1
    endloop
  endfacet
  facet normal -0.999136 0.0415663 0
    outer loop
      vertex -19.0888 -0.463318 -0.00999928
      vertex -19.0705 -0.0234375 1
      vertex -19.0705 -0.0234375 -0.00999928
    endloop
  endfacet
  facet normal -0.999136 0.0415663 0
    outer loop
      vertex -19.0705 -0.0234375 1
      vertex -19.0888 -0.463318 -0.00999928
      vertex -19.0888 -0.463318 1
    endloop
  endfacet
  facet normal -0.999056 -0.0434296 0
    outer loop
      vertex -19.0705 -0.0234375 -0.00999928
      vertex -19.0888 0.397537 1
      vertex -19.0888 0.397537 -0.00999928
    endloop
  endfacet
  facet normal -0.999056 -0.0434296 0
    outer loop
      vertex -19.0888 0.397537 1
      vertex -19.0705 -0.0234375 -0.00999928
      vertex -19.0705 -0.0234375 1
    endloop
  endfacet
  facet normal -0.988373 -0.15205 0
    outer loop
      vertex -19.0888 0.397537 -0.00999928
      vertex -19.1436 0.753754 1
      vertex -19.1436 0.753754 -0.00999928
    endloop
  endfacet
  facet normal -0.988373 -0.15205 0
    outer loop
      vertex -19.1436 0.753754 1
      vertex -19.0888 0.397537 -0.00999928
      vertex -19.0888 0.397537 1
    endloop
  endfacet
  facet normal -0.954272 -0.29894 0
    outer loop
      vertex -19.1436 0.753754 -0.00999928
      vertex -19.2349 1.0452 1
      vertex -19.2349 1.0452 -0.00999928
    endloop
  endfacet
  facet normal -0.954272 -0.29894 0
    outer loop
      vertex -19.2349 1.0452 1
      vertex -19.1436 0.753754 -0.00999928
      vertex -19.1436 0.753754 1
    endloop
  endfacet
  facet normal -0.870949 -0.491373 0
    outer loop
      vertex -19.2349 1.0452 -0.00999928
      vertex -19.3628 1.2719 1
      vertex -19.3628 1.2719 -0.00999928
    endloop
  endfacet
  facet normal -0.870949 -0.491373 0
    outer loop
      vertex -19.3628 1.2719 1
      vertex -19.2349 1.0452 -0.00999928
      vertex -19.2349 1.0452 1
    endloop
  endfacet
  facet normal -0.701691 -0.712482 0
    outer loop
      vertex -19.5272 1.43381 -0.00999928
      vertex -19.3628 1.2719 1
      vertex -19.5272 1.43381 1
    endloop
  endfacet
  facet normal -0.701691 -0.712482 -0
    outer loop
      vertex -19.3628 1.2719 1
      vertex -19.5272 1.43381 -0.00999928
      vertex -19.3628 1.2719 -0.00999928
    endloop
  endfacet
  facet normal -0.435344 -0.900264 0
    outer loop
      vertex -19.7281 1.53096 -0.00999928
      vertex -19.5272 1.43381 1
      vertex -19.7281 1.53096 1
    endloop
  endfacet
  facet normal -0.435344 -0.900264 -0
    outer loop
      vertex -19.5272 1.43381 1
      vertex -19.7281 1.53096 -0.00999928
      vertex -19.5272 1.43381 -0.00999928
    endloop
  endfacet
  facet normal -0.135087 -0.990834 0
    outer loop
      vertex -19.9656 1.56334 -0.00999928
      vertex -19.7281 1.53096 1
      vertex -19.9656 1.56334 1
    endloop
  endfacet
  facet normal -0.135087 -0.990834 -0
    outer loop
      vertex -19.7281 1.53096 1
      vertex -19.9656 1.56334 -0.00999928
      vertex -19.7281 1.53096 -0.00999928
    endloop
  endfacet
  facet normal 0.135087 -0.990834 0
    outer loop
      vertex -20.2031 1.53096 -0.00999928
      vertex -19.9656 1.56334 1
      vertex -20.2031 1.53096 1
    endloop
  endfacet
  facet normal 0.135087 -0.990834 0
    outer loop
      vertex -19.9656 1.56334 1
      vertex -20.2031 1.53096 -0.00999928
      vertex -19.9656 1.56334 -0.00999928
    endloop
  endfacet
  facet normal 0 -1 0
    outer loop
      vertex -23.2103 -2.46469 -0.00999928
      vertex -22.349 -2.46469 1
      vertex -23.2103 -2.46469 1
    endloop
  endfacet
  facet normal 0 -1 -0
    outer loop
      vertex -22.349 -2.46469 1
      vertex -23.2103 -2.46469 -0.00999928
      vertex -22.349 -2.46469 -0.00999928
    endloop
  endfacet
  facet normal -1 0 0
    outer loop
      vertex -23.2103 -2.46469 -0.00999928
      vertex -23.2103 1.29889 1
      vertex -23.2103 1.29889 -0.00999928
    endloop
  endfacet
  facet normal -1 -0 0
    outer loop
      vertex -23.2103 1.29889 1
      vertex -23.2103 -2.46469 -0.00999928
      vertex -23.2103 -2.46469 1
    endloop
  endfacet
  facet normal 0 -1 0
    outer loop
      vertex -23.3357 1.29889 -0.00999928
      vertex -23.2103 1.29889 1
      vertex -23.3357 1.29889 1
    endloop
  endfacet
  facet normal 0 -1 -0
    outer loop
      vertex -23.2103 1.29889 1
      vertex -23.3357 1.29889 -0.00999928
      vertex -23.2103 1.29889 -0.00999928
    endloop
  endfacet
  facet normal 0.97556 -0.219733 0
    outer loop
      vertex -24.1834 -2.46469 1
      vertex -23.3357 1.29889 -0.00999928
      vertex -23.3357 1.29889 1
    endloop
  endfacet
  facet normal 0.97556 -0.219733 0
    outer loop
      vertex -23.3357 1.29889 -0.00999928
      vertex -24.1834 -2.46469 1
      vertex -24.1834 -2.46469 -0.00999928
    endloop
  endfacet
  facet normal 0 -1 0
    outer loop
      vertex -25.5295 -2.46469 -0.00999928
      vertex -24.1834 -2.46469 1
      vertex -25.5295 -2.46469 1
    endloop
  endfacet
  facet normal 0 -1 -0
    outer loop
      vertex -24.1834 -2.46469 1
      vertex -25.5295 -2.46469 -0.00999928
      vertex -24.1834 -2.46469 -0.00999928
    endloop
  endfacet
  facet normal -1 0 0
    outer loop
      vertex -25.5295 -2.46469 -0.00999928
      vertex -25.5295 2.34999 1
      vertex -25.5295 2.34999 -0.00999928
    endloop
  endfacet
  facet normal -1 -0 0
    outer loop
      vertex -25.5295 2.34999 1
      vertex -25.5295 -2.46469 -0.00999928
      vertex -25.5295 -2.46469 1
    endloop
  endfacet
  facet normal 0 1 -0
    outer loop
      vertex -24.6682 2.34999 -0.00999928
      vertex -25.5295 2.34999 1
      vertex -24.6682 2.34999 1
    endloop
  endfacet
  facet normal 0 1 0
    outer loop
      vertex -25.5295 2.34999 1
      vertex -24.6682 2.34999 -0.00999928
      vertex -25.5295 2.34999 -0.00999928
    endloop
  endfacet
  facet normal 1 -0 0
    outer loop
      vertex -24.6682 -1.41359 1
      vertex -24.6682 2.34999 -0.00999928
      vertex -24.6682 2.34999 1
    endloop
  endfacet
  facet normal 1 0 0
    outer loop
      vertex -24.6682 2.34999 -0.00999928
      vertex -24.6682 -1.41359 1
      vertex -24.6682 -1.41359 -0.00999928
    endloop
  endfacet
  facet normal 0 1 -0
    outer loop
      vertex -24.5428 -1.41359 -0.00999928
      vertex -24.6682 -1.41359 1
      vertex -24.5428 -1.41359 1
    endloop
  endfacet
  facet normal 0 1 0
    outer loop
      vertex -24.6682 -1.41359 1
      vertex -24.5428 -1.41359 -0.00999928
      vertex -24.6682 -1.41359 -0.00999928
    endloop
  endfacet
  facet normal -0.97556 0.219733 0
    outer loop
      vertex -24.5428 -1.41359 -0.00999928
      vertex -23.6951 2.34999 1
      vertex -23.6951 2.34999 -0.00999928
    endloop
  endfacet
  facet normal -0.97556 0.219733 0
    outer loop
      vertex -23.6951 2.34999 1
      vertex -24.5428 -1.41359 -0.00999928
      vertex -24.5428 -1.41359 1
    endloop
  endfacet
  facet normal 0 1 -0
    outer loop
      vertex -22.349 2.34999 -0.00999928
      vertex -23.6951 2.34999 1
      vertex -22.349 2.34999 1
    endloop
  endfacet
  facet normal 0 1 0
    outer loop
      vertex -23.6951 2.34999 1
      vertex -22.349 2.34999 -0.00999928
      vertex -23.6951 2.34999 -0.00999928
    endloop
  endfacet
  facet normal 1 -0 0
    outer loop
      vertex -22.349 -2.46469 1
      vertex -22.349 2.34999 -0.00999928
      vertex -22.349 2.34999 1
    endloop
  endfacet
  facet normal 1 0 0
    outer loop
      vertex -22.349 2.34999 -0.00999928
      vertex -22.349 -2.46469 1
      vertex -22.349 -2.46469 -0.00999928
    endloop
  endfacet
  facet normal 0 0 1
    outer loop
      vertex 7.18506 0.670776 1
      vertex 6.58138 0.701492 1
      vertex 6.58382 0.660263 1
    endloop
  endfacet
  facet normal 0 0 1
    outer loop
      vertex 6.71605 1.3891 1
      vertex 6.57404 0.739899 1
      vertex 6.58138 0.701492 1
    endloop
  endfacet
  facet normal 0 0 1
    outer loop
      vertex 6.71605 1.3891 1
      vertex 6.56181 0.775467 1
      vertex 6.57404 0.739899 1
    endloop
  endfacet
  facet normal 0 0 1
    outer loop
      vertex 6.71605 1.3891 1
      vertex 6.54469 0.808197 1
      vertex 6.56181 0.775467 1
    endloop
  endfacet
  facet normal 0 0 1
    outer loop
      vertex 6.71605 1.3891 1
      vertex 6.52269 0.838104 1
      vertex 6.54469 0.808197 1
    endloop
  endfacet
  facet normal 0 0 1
    outer loop
      vertex 6.71605 1.3891 1
      vertex 6.49579 0.865173 1
      vertex 6.52269 0.838104 1
    endloop
  endfacet
  facet normal 0 0 1
    outer loop
      vertex 6.38695 0.928528 1
      vertex 6.6097 1.42868 1
      vertex 6.49348 1.45946 1
    endloop
  endfacet
  facet normal 0 0 1
    outer loop
      vertex 6.71605 1.3891 1
      vertex 6.464 0.88942 1
      vertex 6.49579 0.865173 1
    endloop
  endfacet
  facet normal 0 0 1
    outer loop
      vertex 6.71605 1.3891 1
      vertex 6.42761 0.910599 1
      vertex 6.464 0.88942 1
    endloop
  endfacet
  facet normal 0 0 1
    outer loop
      vertex 6.6097 1.42868 1
      vertex 6.38695 0.928528 1
      vertex 6.42761 0.910599 1
    endloop
  endfacet
  facet normal 0 0 1
    outer loop
      vertex 6.342 0.943192 1
      vertex 6.49348 1.45946 1
      vertex 6.36739 1.48145 1
    endloop
  endfacet
  facet normal 0 0 1
    outer loop
      vertex 6.49348 1.45946 1
      vertex 6.342 0.943192 1
      vertex 6.38695 0.928528 1
    endloop
  endfacet
  facet normal 0 0 1
    outer loop
      vertex 6.36739 1.48145 1
      vertex 6.29274 0.954605 1
      vertex 6.342 0.943192 1
    endloop
  endfacet
  facet normal 0 0 1
    outer loop
      vertex 6.36739 1.48145 1
      vertex 6.2392 0.962753 1
      vertex 6.29274 0.954605 1
    endloop
  endfacet
  facet normal 0 0 1
    outer loop
      vertex 6.23143 1.49463 1
      vertex 6.2392 0.962753 1
      vertex 6.36739 1.48145 1
    endloop
  endfacet
  facet normal 0 0 1
    outer loop
      vertex 6.23143 1.49463 1
      vertex 6.18137 0.967636 1
      vertex 6.2392 0.962753 1
    endloop
  endfacet
  facet normal 0 0 1
    outer loop
      vertex 6.23143 1.49463 1
      vertex 6.11925 0.969269 1
      vertex 6.18137 0.967636 1
    endloop
  endfacet
  facet normal 0 0 1
    outer loop
      vertex 6.08562 1.49902 1
      vertex 6.11925 0.969269 1
      vertex 6.23143 1.49463 1
    endloop
  endfacet
  facet normal 0 0 1
    outer loop
      vertex 6.08562 1.49902 1
      vertex 6.06328 0.968201 1
      vertex 6.11925 0.969269 1
    endloop
  endfacet
  facet normal -0 0 1
    outer loop
      vertex 6.01323 1.49815 1
      vertex 6.06328 0.968201 1
      vertex 6.08562 1.49902 1
    endloop
  endfacet
  facet normal 0 0 1
    outer loop
      vertex 6.01323 1.49815 1
      vertex 6.00589 0.964981 1
      vertex 6.06328 0.968201 1
    endloop
  endfacet
  facet normal -0 0 1
    outer loop
      vertex 5.94145 1.49551 1
      vertex 6.00589 0.964981 1
      vertex 6.01323 1.49815 1
    endloop
  endfacet
  facet normal 0 0 1
    outer loop
      vertex 6.00589 0.964981 1
      vertex 5.94145 1.49551 1
      vertex 5.9471 0.959625 1
    endloop
  endfacet
  facet normal -0 0 1
    outer loop
      vertex 5.87027 1.49112 1
      vertex 5.9471 0.959625 1
      vertex 5.94145 1.49551 1
    endloop
  endfacet
  facet normal 0 0 1
    outer loop
      vertex 5.9471 0.959625 1
      vertex 5.87027 1.49112 1
      vertex 5.88689 0.952118 1
    endloop
  endfacet
  facet normal -0 0 1
    outer loop
      vertex 5.7997 1.48495 1
      vertex 5.88689 0.952118 1
      vertex 5.87027 1.49112 1
    endloop
  endfacet
  facet normal 0 0 1
    outer loop
      vertex 5.88689 0.952118 1
      vertex 5.7997 1.48495 1
      vertex 5.82526 0.942459 1
    endloop
  endfacet
  facet normal -0 0 1
    outer loop
      vertex 5.72972 1.47705 1
      vertex 5.82526 0.942459 1
      vertex 5.7997 1.48495 1
    endloop
  endfacet
  facet normal 0 0 1
    outer loop
      vertex 5.82526 0.942459 1
      vertex 5.72972 1.47705 1
      vertex 5.76221 0.930664 1
    endloop
  endfacet
  facet normal -0 0 1
    outer loop
      vertex 5.66034 1.46738 1
      vertex 5.76221 0.930664 1
      vertex 5.72972 1.47705 1
    endloop
  endfacet
  facet normal 0 0 1
    outer loop
      vertex 5.76221 0.930664 1
      vertex 5.66034 1.46738 1
      vertex 5.69774 0.916718 1
    endloop
  endfacet
  facet normal -0 0 1
    outer loop
      vertex 5.59157 1.45593 1
      vertex 5.69774 0.916718 1
      vertex 5.66034 1.46738 1
    endloop
  endfacet
  facet normal -0 0 1
    outer loop
      vertex 5.52412 1.44292 1
      vertex 5.69774 0.916718 1
      vertex 5.59157 1.45593 1
    endloop
  endfacet
  facet normal 0 0 1
    outer loop
      vertex 5.69774 0.916718 1
      vertex 5.52412 1.44292 1
      vertex 5.63251 0.900803 1
    endloop
  endfacet
  facet normal -0 0 1
    outer loop
      vertex 5.45876 1.42848 1
      vertex 5.63251 0.900803 1
      vertex 5.52412 1.44292 1
    endloop
  endfacet
  facet normal 0 0 1
    outer loop
      vertex 5.63251 0.900803 1
      vertex 5.45876 1.42848 1
      vertex 5.56715 0.883087 1
    endloop
  endfacet
  facet normal -0 0 1
    outer loop
      vertex 5.39543 1.41263 1
      vertex 5.56715 0.883087 1
      vertex 5.45876 1.42848 1
    endloop
  endfacet
  facet normal 0 0 1
    outer loop
      vertex 5.56715 0.883087 1
      vertex 5.39543 1.41263 1
      vertex 5.50166 0.863571 1
    endloop
  endfacet
  facet normal -0 0 1
    outer loop
      vertex 5.33417 1.39537 1
      vertex 5.50166 0.863571 1
      vertex 5.39543 1.41263 1
    endloop
  endfacet
  facet normal -0 0 1
    outer loop
      vertex 5.27496 1.37668 1
      vertex 5.50166 0.863571 1
      vertex 5.33417 1.39537 1
    endloop
  endfacet
  facet normal 0 0 1
    outer loop
      vertex 5.50166 0.863571 1
      vertex 5.27496 1.37668 1
      vertex 5.43605 0.842255 1
    endloop
  endfacet
  facet normal -0 0 1
    outer loop
      vertex 5.21782 1.35658 1
      vertex 5.43605 0.842255 1
      vertex 5.27496 1.37668 1
    endloop
  endfacet
  facet normal 0 0 1
    outer loop
      vertex 5.43605 0.842255 1
      vertex 5.21782 1.35658 1
      vertex 5.3703 0.819122 1
    endloop
  endfacet
  facet normal -0 0 1
    outer loop
      vertex 5.16273 1.33507 1
      vertex 5.3703 0.819122 1
      vertex 5.21782 1.35658 1
    endloop
  endfacet
  facet normal 0 0 1
    outer loop
      vertex 5.3703 0.819122 1
      vertex 5.16273 1.33507 1
      vertex 5.30443 0.794189 1
    endloop
  endfacet
  facet normal 0 0 1
    outer loop
      vertex 5.30443 0.794189 1
      vertex 5.16273 1.33507 1
      vertex 5.23842 0.767456 1
    endloop
  endfacet
  facet normal -0 0 1
    outer loop
      vertex 6.58138 0.701492 1
      vertex 7.18506 0.670776 1
      vertex 7.17923 0.780579 1
    endloop
  endfacet
  facet normal 0 0 1
    outer loop
      vertex 7.18506 0.670776 1
      vertex 6.58382 0.660263 1
      vertex 7.18156 0.59993 1
    endloop
  endfacet
  facet normal 0 0 1
    outer loop
      vertex 6.58138 0.701492 1
      vertex 7.17923 0.780579 1
      vertex 7.16171 0.882965 1
    endloop
  endfacet
  facet normal 0 0 1
    outer loop
      vertex 7.18156 0.59993 1
      vertex 6.58382 0.660263 1
      vertex 7.17107 0.530396 1
    endloop
  endfacet
  facet normal 0 0 1
    outer loop
      vertex 6.58138 0.701492 1
      vertex 7.16171 0.882965 1
      vertex 7.13254 0.977936 1
    endloop
  endfacet
  facet normal -0 0 1
    outer loop
      vertex 6.5788 0.606033 1
      vertex 7.17107 0.530396 1
      vertex 6.58382 0.660263 1
    endloop
  endfacet
  facet normal 0 0 1
    outer loop
      vertex 7.17107 0.530396 1
      vertex 6.5788 0.606033 1
      vertex 7.15359 0.462128 1
    endloop
  endfacet
  facet normal 0 0 1
    outer loop
      vertex 6.58138 0.701492 1
      vertex 7.13254 0.977936 1
      vertex 7.09171 1.06548 1
    endloop
  endfacet
  facet normal 0 0 1
    outer loop
      vertex 7.15359 0.462128 1
      vertex 6.5788 0.606033 1
      vertex 7.1291 0.395172 1
    endloop
  endfacet
  facet normal 0 0 1
    outer loop
      vertex 6.58138 0.701492 1
      vertex 7.09171 1.06548 1
      vertex 7.03918 1.1456 1
    endloop
  endfacet
  facet normal -0 0 1
    outer loop
      vertex 6.56374 0.555054 1
      vertex 7.1291 0.395172 1
      vertex 6.5788 0.606033 1
    endloop
  endfacet
  facet normal 0 0 1
    outer loop
      vertex 6.58138 0.701492 1
      vertex 7.03918 1.1456 1
      vertex 6.97501 1.21831 1
    endloop
  endfacet
  facet normal 0 0 1
    outer loop
      vertex 7.1291 0.395172 1
      vertex 6.56374 0.555054 1
      vertex 7.09764 0.329483 1
    endloop
  endfacet
  facet normal 0 0 1
    outer loop
      vertex 7.09764 0.329483 1
      vertex 6.56374 0.555054 1
      vertex 7.05917 0.265091 1
    endloop
  endfacet
  facet normal 0 0 1
    outer loop
      vertex 6.58138 0.701492 1
      vertex 6.97501 1.21831 1
      vertex 6.89914 1.28358 1
    endloop
  endfacet
  facet normal 0 0 1
    outer loop
      vertex 7.05917 0.265091 1
      vertex 6.56374 0.555054 1
      vertex 7.01372 0.201996 1
    endloop
  endfacet
  facet normal 0 0 1
    outer loop
      vertex 6.58138 0.701492 1
      vertex 6.89914 1.28358 1
      vertex 6.81253 1.34074 1
    endloop
  endfacet
  facet normal -0 0 1
    outer loop
      vertex 6.53864 0.507355 1
      vertex 7.01372 0.201996 1
      vertex 6.56374 0.555054 1
    endloop
  endfacet
  facet normal 0 0 1
    outer loop
      vertex 6.58138 0.701492 1
      vertex 6.81253 1.34074 1
      vertex 6.71605 1.3891 1
    endloop
  endfacet
  facet normal 0 0 1
    outer loop
      vertex 7.01372 0.201996 1
      vertex 6.53864 0.507355 1
      vertex 6.96182 0.14064 1
    endloop
  endfacet
  facet normal -0 0 1
    outer loop
      vertex 6.50349 0.462906 1
      vertex 6.96182 0.14064 1
      vertex 6.53864 0.507355 1
    endloop
  endfacet
  facet normal 0 0 1
    outer loop
      vertex 6.42761 0.910599 1
      vertex 6.71605 1.3891 1
      vertex 6.6097 1.42868 1
    endloop
  endfacet
  facet normal 0 0 1
    outer loop
      vertex 6.96182 0.14064 1
      vertex 6.50349 0.462906 1
      vertex 6.90405 0.0815125 1
    endloop
  endfacet
  facet normal 0 0 1
    outer loop
      vertex 6.90405 0.0815125 1
      vertex 6.50349 0.462906 1
      vertex 6.84041 0.0246277 1
    endloop
  endfacet
  facet normal -0 0 1
    outer loop
      vertex 6.45833 0.421722 1
      vertex 6.84041 0.0246277 1
      vertex 6.50349 0.462906 1
    endloop
  endfacet
  facet normal 0 0 1
    outer loop
      vertex 6.84041 0.0246277 1
      vertex 6.45833 0.421722 1
      vertex 6.77089 -0.030014 1
    endloop
  endfacet
  facet normal -0 0 1
    outer loop
      vertex 6.40311 0.383804 1
      vertex 6.77089 -0.030014 1
      vertex 6.45833 0.421722 1
    endloop
  endfacet
  facet normal 0 0 1
    outer loop
      vertex 6.77089 -0.030014 1
      vertex 6.40311 0.383804 1
      vertex 6.69548 -0.0824432 1
    endloop
  endfacet
  facet normal 0 0 1
    outer loop
      vertex 6.69548 -0.0824432 1
      vertex 6.40311 0.383804 1
      vertex 6.61421 -0.132629 1
    endloop
  endfacet
  facet normal -0 0 1
    outer loop
      vertex 6.33786 0.349152 1
      vertex 6.61421 -0.132629 1
      vertex 6.40311 0.383804 1
    endloop
  endfacet
  facet normal 0 0 1
    outer loop
      vertex 6.61421 -0.132629 1
      vertex 6.33786 0.349152 1
      vertex 6.52705 -0.180603 1
    endloop
  endfacet
  facet normal -0 0 1
    outer loop
      vertex 5.90901 0.141006 1
      vertex 6.52705 -0.180603 1
      vertex 6.33786 0.349152 1
    endloop
  endfacet
  facet normal 0 0 1
    outer loop
      vertex 6.52705 -0.180603 1
      vertex 5.90901 0.141006 1
      vertex 6.12343 -0.388702 1
    endloop
  endfacet
  facet normal -0 0 1
    outer loop
      vertex 5.82123 0.0950623 1
      vertex 6.12343 -0.388702 1
      vertex 5.90901 0.141006 1
    endloop
  endfacet
  facet normal 0 0 1
    outer loop
      vertex 6.12343 -0.388702 1
      vertex 5.82123 0.0950623 1
      vertex 6.08626 -0.40947 1
    endloop
  endfacet
  facet normal -0 0 1
    outer loop
      vertex 5.73929 0.0461121 1
      vertex 6.08626 -0.40947 1
      vertex 5.82123 0.0950623 1
    endloop
  endfacet
  facet normal 0 0 1
    outer loop
      vertex 6.08626 -0.40947 1
      vertex 5.73929 0.0461121 1
      vertex 6.05162 -0.430923 1
    endloop
  endfacet
  facet normal 0 0 1
    outer loop
      vertex 6.05162 -0.430923 1
      vertex 5.73929 0.0461121 1
      vertex 6.0195 -0.453064 1
    endloop
  endfacet
  facet normal -0 0 1
    outer loop
      vertex 5.66319 -0.0058136 1
      vertex 6.0195 -0.453064 1
      vertex 5.73929 0.0461121 1
    endloop
  endfacet
  facet normal 0 0 1
    outer loop
      vertex 6.0195 -0.453064 1
      vertex 5.66319 -0.0058136 1
      vertex 5.98991 -0.475891 1
    endloop
  endfacet
  facet normal -0 0 1
    outer loop
      vertex 5.59291 -0.0607758 1
      vertex 5.98991 -0.475891 1
      vertex 5.66319 -0.0058136 1
    endloop
  endfacet
  facet normal 0 0 1
    outer loop
      vertex 5.98991 -0.475891 1
      vertex 5.59291 -0.0607758 1
      vertex 5.96286 -0.49939 1
    endloop
  endfacet
  facet normal -0 0 1
    outer loop
      vertex 5.52847 -0.118729 1
      vertex 5.96286 -0.49939 1
      vertex 5.59291 -0.0607758 1
    endloop
  endfacet
  facet normal 0 0 1
    outer loop
      vertex 5.96286 -0.49939 1
      vertex 5.52847 -0.118729 1
      vertex 5.93834 -0.52359 1
    endloop
  endfacet
  facet normal 0 0 1
    outer loop
      vertex 5.93834 -0.52359 1
      vertex 5.52847 -0.118729 1
      vertex 5.91635 -0.548477 1
    endloop
  endfacet
  facet normal -0 0 1
    outer loop
      vertex 5.46986 -0.179688 1
      vertex 5.91635 -0.548477 1
      vertex 5.52847 -0.118729 1
    endloop
  endfacet
  facet normal -0 0 1
    outer loop
      vertex 5.4171 -0.243652 1
      vertex 5.89711 -0.573914 1
      vertex 5.46986 -0.179688 1
    endloop
  endfacet
  facet normal 0 0 1
    outer loop
      vertex 5.91635 -0.548477 1
      vertex 5.46986 -0.179688 1
      vertex 5.89711 -0.573914 1
    endloop
  endfacet
  facet normal 0 0 1
    outer loop
      vertex 6.76938 -0.792831 1
      vertex 7.13766 -1.24435 1
      vertex 7.19347 -1.19386 1
    endloop
  endfacet
  facet normal -0 0 1
    outer loop
      vertex 6.7278 -0.828537 1
      vertex 7.13766 -1.24435 1
      vertex 6.76938 -0.792831 1
    endloop
  endfacet
  facet normal -0 0 1
    outer loop
      vertex 6.68614 -0.861633 1
      vertex 7.07959 -1.29132 1
      vertex 6.7278 -0.828537 1
    endloop
  endfacet
  facet normal 0 0 1
    outer loop
      vertex 7.07959 -1.29132 1
      vertex 6.68614 -0.861633 1
      vertex 7.01926 -1.33478 1
    endloop
  endfacet
  facet normal 0 0 1
    outer loop
      vertex 7.01926 -1.33478 1
      vertex 6.64439 -0.892105 1
      vertex 6.95663 -1.37471 1
    endloop
  endfacet
  facet normal -0 0 1
    outer loop
      vertex 6.76938 -0.792831 1
      vertex 7.19347 -1.19386 1
      vertex 6.81085 -0.754501 1
    endloop
  endfacet
  facet normal 0 0 1
    outer loop
      vertex 7.13766 -1.24435 1
      vertex 6.7278 -0.828537 1
      vertex 7.07959 -1.29132 1
    endloop
  endfacet
  facet normal -0 0 1
    outer loop
      vertex 6.64439 -0.892105 1
      vertex 7.01926 -1.33478 1
      vertex 6.68614 -0.861633 1
    endloop
  endfacet
  facet normal 0 0 1
    outer loop
      vertex 6.95663 -1.37471 1
      vertex 6.64439 -0.892105 1
      vertex 6.89175 -1.41113 1
    endloop
  endfacet
  facet normal -0 0 1
    outer loop
      vertex 6.60257 -0.919968 1
      vertex 6.89175 -1.41113 1
      vertex 6.64439 -0.892105 1
    endloop
  endfacet
  facet normal 0 0 1
    outer loop
      vertex 6.89175 -1.41113 1
      vertex 6.60257 -0.919968 1
      vertex 6.82458 -1.44403 1
    endloop
  endfacet
  facet normal -0 0 1
    outer loop
      vertex 6.56065 -0.945221 1
      vertex 6.82458 -1.44403 1
      vertex 6.60257 -0.919968 1
    endloop
  endfacet
  facet normal 0 0 1
    outer loop
      vertex 6.82458 -1.44403 1
      vertex 6.56065 -0.945221 1
      vertex 6.75516 -1.47342 1
    endloop
  endfacet
  facet normal -0 0 1
    outer loop
      vertex 6.51865 -0.96785 1
      vertex 6.75516 -1.47342 1
      vertex 6.56065 -0.945221 1
    endloop
  endfacet
  facet normal 0 0 1
    outer loop
      vertex 6.75516 -1.47342 1
      vertex 6.51865 -0.96785 1
      vertex 6.68399 -1.49908 1
    endloop
  endfacet
  facet normal -0 0 1
    outer loop
      vertex 6.47682 -0.98764 1
      vertex 6.68399 -1.49908 1
      vertex 6.51865 -0.96785 1
    endloop
  endfacet
  facet normal 0 0 1
    outer loop
      vertex 6.68399 -1.49908 1
      vertex 6.47682 -0.98764 1
      vertex 6.61169 -1.5208 1
    endloop
  endfacet
  facet normal -0 0 1
    outer loop
      vertex 6.43542 -1.00441 1
      vertex 6.61169 -1.5208 1
      vertex 6.47682 -0.98764 1
    endloop
  endfacet
  facet normal 0 0 1
    outer loop
      vertex 6.61169 -1.5208 1
      vertex 6.43542 -1.00441 1
      vertex 6.53822 -1.53856 1
    endloop
  endfacet
  facet normal -0 0 1
    outer loop
      vertex 6.39444 -1.01811 1
      vertex 6.53822 -1.53856 1
      vertex 6.43542 -1.00441 1
    endloop
  endfacet
  facet normal 0 0 1
    outer loop
      vertex 6.53822 -1.53856 1
      vertex 6.39444 -1.01811 1
      vertex 6.46359 -1.55238 1
    endloop
  endfacet
  facet normal -0 0 1
    outer loop
      vertex 6.3539 -1.02878 1
      vertex 6.46359 -1.55238 1
      vertex 6.39444 -1.01811 1
    endloop
  endfacet
  facet normal 0 0 1
    outer loop
      vertex 6.46359 -1.55238 1
      vertex 6.3539 -1.02878 1
      vertex 6.3878 -1.56224 1
    endloop
  endfacet
  facet normal -0 0 1
    outer loop
      vertex 6.31378 -1.03639 1
      vertex 6.3878 -1.56224 1
      vertex 6.3539 -1.02878 1
    endloop
  endfacet
  facet normal 0 0 1
    outer loop
      vertex 6.31378 -1.03639 1
      vertex 6.31087 -1.56816 1
      vertex 6.3878 -1.56224 1
    endloop
  endfacet
  facet normal -0 0 1
    outer loop
      vertex 6.27411 -1.04097 1
      vertex 6.31087 -1.56816 1
      vertex 6.31378 -1.03639 1
    endloop
  endfacet
  facet normal -0 0 1
    outer loop
      vertex 6.23485 -1.0425 1
      vertex 6.31087 -1.56816 1
      vertex 6.27411 -1.04097 1
    endloop
  endfacet
  facet normal 0 0 1
    outer loop
      vertex 6.23485 -1.0425 1
      vertex 6.23277 -1.57014 1
      vertex 6.31087 -1.56816 1
    endloop
  endfacet
  facet normal 0 0 1
    outer loop
      vertex 6.18367 -1.04088 1
      vertex 6.23277 -1.57014 1
      vertex 6.23485 -1.0425 1
    endloop
  endfacet
  facet normal 0 0 1
    outer loop
      vertex 6.10201 -1.56577 1
      vertex 6.18367 -1.04088 1
      vertex 6.13583 -1.03606 1
    endloop
  endfacet
  facet normal 0 0 1
    outer loop
      vertex 6.18367 -1.04088 1
      vertex 6.10201 -1.56577 1
      vertex 6.23277 -1.57014 1
    endloop
  endfacet
  facet normal 0 0 1
    outer loop
      vertex 5.98 -1.55264 1
      vertex 6.13583 -1.03606 1
      vertex 6.09135 -1.02802 1
    endloop
  endfacet
  facet normal 0 0 1
    outer loop
      vertex 5.98 -1.55264 1
      vertex 6.09135 -1.02802 1
      vertex 6.0502 -1.01675 1
    endloop
  endfacet
  facet normal 0 0 1
    outer loop
      vertex 5.86673 -1.53076 1
      vertex 6.0502 -1.01675 1
      vertex 6.01241 -1.00227 1
    endloop
  endfacet
  facet normal 0 0 1
    outer loop
      vertex 6.13583 -1.03606 1
      vertex 5.98 -1.55264 1
      vertex 6.10201 -1.56577 1
    endloop
  endfacet
  facet normal 0 0 1
    outer loop
      vertex 5.76222 -1.50012 1
      vertex 6.01241 -1.00227 1
      vertex 5.97797 -0.984573 1
    endloop
  endfacet
  facet normal 0 0 1
    outer loop
      vertex 5.66646 -1.46074 1
      vertex 5.97797 -0.984573 1
      vertex 5.94685 -0.963654 1
    endloop
  endfacet
  facet normal 0 0 1
    outer loop
      vertex 5.57945 -1.4126 1
      vertex 5.94685 -0.963654 1
      vertex 5.91953 -0.939697 1
    endloop
  endfacet
  facet normal 0 0 1
    outer loop
      vertex 5.50121 -1.35571 1
      vertex 5.91953 -0.939697 1
      vertex 5.89641 -0.912857 1
    endloop
  endfacet
  facet normal 0 0 1
    outer loop
      vertex 5.37456 -1.21877 1
      vertex 5.89641 -0.912857 1
      vertex 5.87749 -0.883148 1
    endloop
  endfacet
  facet normal 0 0 1
    outer loop
      vertex 6.0502 -1.01675 1
      vertex 5.86673 -1.53076 1
      vertex 5.98 -1.55264 1
    endloop
  endfacet
  facet normal 0 0 1
    outer loop
      vertex 5.32706 -1.1395 1
      vertex 5.87749 -0.883148 1
      vertex 5.86276 -0.850571 1
    endloop
  endfacet
  facet normal 0 0 1
    outer loop
      vertex 5.26373 -0.959305 1
      vertex 5.86276 -0.850571 1
      vertex 5.85225 -0.815109 1
    endloop
  endfacet
  facet normal 0 0 1
    outer loop
      vertex 5.24791 -0.858398 1
      vertex 5.85225 -0.815109 1
      vertex 5.84595 -0.776764 1
    endloop
  endfacet
  facet normal -0 0 1
    outer loop
      vertex 5.24263 -0.75029 1
      vertex 5.84595 -0.776764 1
      vertex 5.84384 -0.735565 1
    endloop
  endfacet
  facet normal 0 0 1
    outer loop
      vertex 6.01241 -1.00227 1
      vertex 5.76222 -1.50012 1
      vertex 5.86673 -1.53076 1
    endloop
  endfacet
  facet normal 0 0 1
    outer loop
      vertex 5.89711 -0.573914 1
      vertex 5.4171 -0.243652 1
      vertex 5.88084 -0.599777 1
    endloop
  endfacet
  facet normal -0 0 1
    outer loop
      vertex 5.3708 -0.310104 1
      vertex 5.88084 -0.599777 1
      vertex 5.4171 -0.243652 1
    endloop
  endfacet
  facet normal 0 0 1
    outer loop
      vertex 5.88084 -0.599777 1
      vertex 5.3708 -0.310104 1
      vertex 5.86752 -0.626083 1
    endloop
  endfacet
  facet normal -0 0 1
    outer loop
      vertex 5.33165 -0.37854 1
      vertex 5.86752 -0.626083 1
      vertex 5.3708 -0.310104 1
    endloop
  endfacet
  facet normal 0 0 1
    outer loop
      vertex 5.86752 -0.626083 1
      vertex 5.33165 -0.37854 1
      vertex 5.85716 -0.652802 1
    endloop
  endfacet
  facet normal -0 0 1
    outer loop
      vertex 5.29959 -0.448944 1
      vertex 5.85716 -0.652802 1
      vertex 5.33165 -0.37854 1
    endloop
  endfacet
  facet normal -0 0 1
    outer loop
      vertex 5.27467 -0.521317 1
      vertex 5.85716 -0.652802 1
      vertex 5.29959 -0.448944 1
    endloop
  endfacet
  facet normal 0 0 1
    outer loop
      vertex 5.85716 -0.652802 1
      vertex 5.27467 -0.521317 1
      vertex 5.84976 -0.679962 1
    endloop
  endfacet
  facet normal 0 0 1
    outer loop
      vertex 5.84595 -0.776764 1
      vertex 5.24263 -0.75029 1
      vertex 5.24791 -0.858398 1
    endloop
  endfacet
  facet normal 0 0 1
    outer loop
      vertex 5.85225 -0.815109 1
      vertex 5.24791 -0.858398 1
      vertex 5.26373 -0.959305 1
    endloop
  endfacet
  facet normal 0 0 1
    outer loop
      vertex 5.97797 -0.984573 1
      vertex 5.66646 -1.46074 1
      vertex 5.76222 -1.50012 1
    endloop
  endfacet
  facet normal 0 0 1
    outer loop
      vertex 5.94685 -0.963654 1
      vertex 5.57945 -1.4126 1
      vertex 5.66646 -1.46074 1
    endloop
  endfacet
  facet normal 0 0 1
    outer loop
      vertex 5.91953 -0.939697 1
      vertex 5.50121 -1.35571 1
      vertex 5.57945 -1.4126 1
    endloop
  endfacet
  facet normal -0 0 1
    outer loop
      vertex 5.25687 -0.595673 1
      vertex 5.84976 -0.679962 1
      vertex 5.27467 -0.521317 1
    endloop
  endfacet
  facet normal 0 0 1
    outer loop
      vertex 5.89641 -0.912857 1
      vertex 5.4326 -1.29085 1
      vertex 5.50121 -1.35571 1
    endloop
  endfacet
  facet normal 0 0 1
    outer loop
      vertex 5.84976 -0.679962 1
      vertex 5.25687 -0.595673 1
      vertex 5.84532 -0.70755 1
    endloop
  endfacet
  facet normal 0 0 1
    outer loop
      vertex 5.89641 -0.912857 1
      vertex 5.37456 -1.21877 1
      vertex 5.4326 -1.29085 1
    endloop
  endfacet
  facet normal -0 0 1
    outer loop
      vertex 5.24619 -0.671997 1
      vertex 5.84532 -0.70755 1
      vertex 5.25687 -0.595673 1
    endloop
  endfacet
  facet normal 0 0 1
    outer loop
      vertex 5.87749 -0.883148 1
      vertex 5.32706 -1.1395 1
      vertex 5.37456 -1.21877 1
    endloop
  endfacet
  facet normal 0 0 1
    outer loop
      vertex 5.84532 -0.70755 1
      vertex 5.24619 -0.671997 1
      vertex 5.84384 -0.735565 1
    endloop
  endfacet
  facet normal 0 0 1
    outer loop
      vertex 5.86276 -0.850571 1
      vertex 5.29012 -1.05299 1
      vertex 5.32706 -1.1395 1
    endloop
  endfacet
  facet normal 0 0 1
    outer loop
      vertex 5.84384 -0.735565 1
      vertex 5.24619 -0.671997 1
      vertex 5.24263 -0.75029 1
    endloop
  endfacet
  facet normal 0 0 1
    outer loop
      vertex 5.86276 -0.850571 1
      vertex 5.26373 -0.959305 1
      vertex 5.29012 -1.05299 1
    endloop
  endfacet
  facet normal 0 0 1
    outer loop
      vertex -5.67282 0.891495 1
      vertex -4.9272 1.45699 1
      vertex -5.52631 1.45699 1
    endloop
  endfacet
  facet normal 0 0 1
    outer loop
      vertex -5.80571 0.378571 1
      vertex -4.9272 1.45699 1
      vertex -5.67282 0.891495 1
    endloop
  endfacet
  facet normal 0 0 1
    outer loop
      vertex -4.9272 1.45699 1
      vertex -5.80571 0.378571 1
      vertex -5.78909 -1.52811 1
    endloop
  endfacet
  facet normal 0 0 1
    outer loop
      vertex -5.67282 0.891495 1
      vertex -6.45357 0.378571 1
      vertex -5.80571 0.378571 1
    endloop
  endfacet
  facet normal -0 0 1
    outer loop
      vertex -6.58646 0.891495 1
      vertex -6.45357 0.378571 1
      vertex -5.67282 0.891495 1
    endloop
  endfacet
  facet normal 0 0 1
    outer loop
      vertex -7.33208 1.45699 1
      vertex -6.45357 0.378571 1
      vertex -6.58646 0.891495 1
    endloop
  endfacet
  facet normal -0 0 1
    outer loop
      vertex -7.33208 1.45699 1
      vertex -6.58646 0.891495 1
      vertex -6.73297 1.45699 1
    endloop
  endfacet
  facet normal 0 0 1
    outer loop
      vertex -6.45357 0.378571 1
      vertex -7.33208 1.45699 1
      vertex -6.47018 -1.52811 1
    endloop
  endfacet
  facet normal -0 0 1
    outer loop
      vertex -6.11072 -0.798645 1
      vertex -5.78909 -1.52811 1
      vertex -5.80571 0.378571 1
    endloop
  endfacet
  facet normal -0 0 1
    outer loop
      vertex -6.14856 -0.798645 1
      vertex -5.78909 -1.52811 1
      vertex -6.11072 -0.798645 1
    endloop
  endfacet
  facet normal 0 0 1
    outer loop
      vertex -6.14856 -0.798645 1
      vertex -6.47018 -1.52811 1
      vertex -5.78909 -1.52811 1
    endloop
  endfacet
  facet normal 0 0 1
    outer loop
      vertex -6.47018 -1.52811 1
      vertex -6.14856 -0.798645 1
      vertex -6.45357 0.378571 1
    endloop
  endfacet
  facet normal 0 0 1
    outer loop
      vertex 3.44746 0.499542 1
      vertex 4.00246 0.499542 1
      vertex 4.00246 1.45699 1
    endloop
  endfacet
  facet normal 0 0 1
    outer loop
      vertex 4.00246 0.499542 1
      vertex 3.44746 0.499542 1
      vertex 3.74388 -0.140671 1
    endloop
  endfacet
  facet normal 0 0 1
    outer loop
      vertex 3.44746 0.499542 1
      vertex 4.00246 1.45699 1
      vertex 3.44746 1.45699 1
    endloop
  endfacet
  facet normal 0 0 1
    outer loop
      vertex 3.74388 -0.140671 1
      vertex 3.44746 0.499542 1
      vertex 3.70602 -0.140671 1
    endloop
  endfacet
  facet normal 0 0 1
    outer loop
      vertex 2.48048 -1.52811 1
      vertex 3.70602 -0.140671 1
      vertex 3.44746 0.499542 1
    endloop
  endfacet
  facet normal 0 0 1
    outer loop
      vertex 3.70602 -0.140671 1
      vertex 2.48048 -1.52811 1
      vertex 3.1006 -1.52811 1
    endloop
  endfacet
  facet normal -0 0 1
    outer loop
      vertex 3.74388 -0.140671 1
      vertex 4.96947 -1.52811 1
      vertex 4.00246 0.499542 1
    endloop
  endfacet
  facet normal 0 0 1
    outer loop
      vertex 4.96947 -1.52811 1
      vertex 3.74388 -0.140671 1
      vertex 4.34932 -1.52811 1
    endloop
  endfacet
  facet normal 0 0 1
    outer loop
      vertex -2.57915 1.45699 1
      vertex -4.0717 0.946167 1
      vertex -2.57915 0.946167 1
    endloop
  endfacet
  facet normal -0 0 1
    outer loop
      vertex -4.62669 1.45699 1
      vertex -4.0717 0.946167 1
      vertex -2.57915 1.45699 1
    endloop
  endfacet
  facet normal 0 0 1
    outer loop
      vertex -4.62669 -1.52811 1
      vertex -4.0717 0.946167 1
      vertex -4.62669 1.45699 1
    endloop
  endfacet
  facet normal 0 0 1
    outer loop
      vertex -4.0717 0.946167 1
      vertex -4.62669 -1.52811 1
      vertex -4.0717 -1.52811 1
    endloop
  endfacet
  facet normal -0 0 1
    outer loop
      vertex -0.676773 0.962982 1
      vertex 0.0526733 -1.52811 1
      vertex -0.266861 1.45699 1
    endloop
  endfacet
  facet normal 0 0 1
    outer loop
      vertex 0.0526733 -1.52811 1
      vertex -0.676773 0.962982 1
      vertex -0.493912 -1.52811 1
    endloop
  endfacet
  facet normal -0 0 1
    outer loop
      vertex -1.02156 1.45699 1
      vertex -0.676773 0.962982 1
      vertex -0.266861 1.45699 1
    endloop
  endfacet
  facet normal 0 0 1
    outer loop
      vertex -0.676773 0.962982 1
      vertex -1.02156 1.45699 1
      vertex -0.735641 0.962982 1
    endloop
  endfacet
  facet normal 0 0 1
    outer loop
      vertex -1.18973 -0.197403 1
      vertex -0.735641 0.962982 1
      vertex -1.02156 1.45699 1
    endloop
  endfacet
  facet normal 0 0 1
    outer loop
      vertex -0.735641 0.962982 1
      vertex -1.18973 -0.197403 1
      vertex -0.954285 -0.771301 1
    endloop
  endfacet
  facet normal -0 0 1
    outer loop
      vertex -1.21494 -0.197403 1
      vertex -0.954285 -0.771301 1
      vertex -1.18973 -0.197403 1
    endloop
  endfacet
  facet normal 0 0 1
    outer loop
      vertex -1.21494 -0.197403 1
      vertex -1.4462 -0.771301 1
      vertex -0.954285 -0.771301 1
    endloop
  endfacet
  facet normal -0 0 1
    outer loop
      vertex -1.66902 0.962982 1
      vertex -1.21494 -0.197403 1
      vertex -1.3831 1.45699 1
    endloop
  endfacet
  facet normal 0 0 1
    outer loop
      vertex -1.21494 -0.197403 1
      vertex -1.66902 0.962982 1
      vertex -1.4462 -0.771301 1
    endloop
  endfacet
  facet normal 0 0 1
    outer loop
      vertex -1.3831 1.45699 1
      vertex -1.72789 0.962982 1
      vertex -1.66902 0.962982 1
    endloop
  endfacet
  facet normal -0 0 1
    outer loop
      vertex -2.1378 1.45699 1
      vertex -1.72789 0.962982 1
      vertex -1.3831 1.45699 1
    endloop
  endfacet
  facet normal 0 0 1
    outer loop
      vertex -2.45735 -1.52811 1
      vertex -1.72789 0.962982 1
      vertex -2.1378 1.45699 1
    endloop
  endfacet
  facet normal 0 0 1
    outer loop
      vertex -1.72789 0.962982 1
      vertex -2.45735 -1.52811 1
      vertex -1.91077 -1.52811 1
    endloop
  endfacet
  facet normal 0 0 1
    outer loop
      vertex 1.71812 0.891495 1
      vertex 2.46375 1.45699 1
      vertex 1.86464 1.45699 1
    endloop
  endfacet
  facet normal 0 0 1
    outer loop
      vertex 1.58524 0.378571 1
      vertex 2.46375 1.45699 1
      vertex 1.71812 0.891495 1
    endloop
  endfacet
  facet normal 0 0 1
    outer loop
      vertex 2.46375 1.45699 1
      vertex 1.58524 0.378571 1
      vertex 1.60185 -1.52811 1
    endloop
  endfacet
  facet normal 0 0 1
    outer loop
      vertex 1.71812 0.891495 1
      vertex 0.937378 0.378571 1
      vertex 1.58524 0.378571 1
    endloop
  endfacet
  facet normal -0 0 1
    outer loop
      vertex 0.804489 0.891495 1
      vertex 0.937378 0.378571 1
      vertex 1.71812 0.891495 1
    endloop
  endfacet
  facet normal 0 0 1
    outer loop
      vertex 0.0588684 1.45699 1
      vertex 0.937378 0.378571 1
      vertex 0.804489 0.891495 1
    endloop
  endfacet
  facet normal -0 0 1
    outer loop
      vertex 0.0588684 1.45699 1
      vertex 0.804489 0.891495 1
      vertex 0.657974 1.45699 1
    endloop
  endfacet
  facet normal 0 0 1
    outer loop
      vertex 0.937378 0.378571 1
      vertex 0.0588684 1.45699 1
      vertex 0.920761 -1.52811 1
    endloop
  endfacet
  facet normal -0 0 1
    outer loop
      vertex 1.28023 -0.798645 1
      vertex 1.60185 -1.52811 1
      vertex 1.58524 0.378571 1
    endloop
  endfacet
  facet normal -0 0 1
    outer loop
      vertex 1.24239 -0.798645 1
      vertex 1.60185 -1.52811 1
      vertex 1.28023 -0.798645 1
    endloop
  endfacet
  facet normal 0 0 1
    outer loop
      vertex 1.24239 -0.798645 1
      vertex 0.920761 -1.52811 1
      vertex 1.60185 -1.52811 1
    endloop
  endfacet
  facet normal 0 0 1
    outer loop
      vertex 0.920761 -1.52811 1
      vertex 1.24239 -0.798645 1
      vertex 0.937378 0.378571 1
    endloop
  endfacet
  facet normal 0 0 -1
    outer loop
      vertex 2.48048 -1.52811 -0.00999928
      vertex 3.70602 -0.140671 -0.00999928
      vertex 3.1006 -1.52811 -0.00999928
    endloop
  endfacet
  facet normal -0 0 -1
    outer loop
      vertex 3.70602 -0.140671 -0.00999928
      vertex 2.48048 -1.52811 -0.00999928
      vertex 3.44746 0.499542 -0.00999928
    endloop
  endfacet
  facet normal 0 0 -1
    outer loop
      vertex 3.74388 -0.140671 -0.00999928
      vertex 4.96947 -1.52811 -0.00999928
      vertex 4.34932 -1.52811 -0.00999928
    endloop
  endfacet
  facet normal 0 0 -1
    outer loop
      vertex 4.96947 -1.52811 -0.00999928
      vertex 3.74388 -0.140671 -0.00999928
      vertex 4.00246 0.499542 -0.00999928
    endloop
  endfacet
  facet normal 0 0 -1
    outer loop
      vertex 3.44746 0.499542 -0.00999928
      vertex 4.00246 0.499542 -0.00999928
      vertex 3.74388 -0.140671 -0.00999928
    endloop
  endfacet
  facet normal 0 0 -1
    outer loop
      vertex 3.44746 0.499542 -0.00999928
      vertex 3.74388 -0.140671 -0.00999928
      vertex 3.70602 -0.140671 -0.00999928
    endloop
  endfacet
  facet normal 0 0 -1
    outer loop
      vertex 4.00246 0.499542 -0.00999928
      vertex 3.44746 0.499542 -0.00999928
      vertex 4.00246 1.45699 -0.00999928
    endloop
  endfacet
  facet normal -0 0 -1
    outer loop
      vertex 4.00246 1.45699 -0.00999928
      vertex 3.44746 0.499542 -0.00999928
      vertex 3.44746 1.45699 -0.00999928
    endloop
  endfacet
  facet normal 0 0 -1
    outer loop
      vertex 6.7278 -0.828537 -0.00999928
      vertex 7.13766 -1.24435 -0.00999928
      vertex 7.07959 -1.29132 -0.00999928
    endloop
  endfacet
  facet normal 0 0 -1
    outer loop
      vertex 6.68614 -0.861633 -0.00999928
      vertex 7.07959 -1.29132 -0.00999928
      vertex 7.01926 -1.33478 -0.00999928
    endloop
  endfacet
  facet normal 0 0 -1
    outer loop
      vertex 6.64439 -0.892105 -0.00999928
      vertex 7.01926 -1.33478 -0.00999928
      vertex 6.95663 -1.37471 -0.00999928
    endloop
  endfacet
  facet normal 0 0 -1
    outer loop
      vertex 6.64439 -0.892105 -0.00999928
      vertex 6.95663 -1.37471 -0.00999928
      vertex 6.89175 -1.41113 -0.00999928
    endloop
  endfacet
  facet normal 0 0 -1
    outer loop
      vertex 6.60257 -0.919968 -0.00999928
      vertex 6.89175 -1.41113 -0.00999928
      vertex 6.82458 -1.44403 -0.00999928
    endloop
  endfacet
  facet normal 0 0 -1
    outer loop
      vertex 7.07959 -1.29132 -0.00999928
      vertex 6.68614 -0.861633 -0.00999928
      vertex 6.7278 -0.828537 -0.00999928
    endloop
  endfacet
  facet normal 0 0 -1
    outer loop
      vertex 7.19347 -1.19386 -0.00999928
      vertex 6.76938 -0.792831 -0.00999928
      vertex 6.81085 -0.754501 -0.00999928
    endloop
  endfacet
  facet normal 0 0 -1
    outer loop
      vertex 6.56065 -0.945221 -0.00999928
      vertex 6.82458 -1.44403 -0.00999928
      vertex 6.75516 -1.47342 -0.00999928
    endloop
  endfacet
  facet normal 0 0 -1
    outer loop
      vertex 7.13766 -1.24435 -0.00999928
      vertex 6.76938 -0.792831 -0.00999928
      vertex 7.19347 -1.19386 -0.00999928
    endloop
  endfacet
  facet normal 0 0 -1
    outer loop
      vertex 7.13766 -1.24435 -0.00999928
      vertex 6.7278 -0.828537 -0.00999928
      vertex 6.76938 -0.792831 -0.00999928
    endloop
  endfacet
  facet normal 0 0 -1
    outer loop
      vertex 6.51865 -0.96785 -0.00999928
      vertex 6.75516 -1.47342 -0.00999928
      vertex 6.68399 -1.49908 -0.00999928
    endloop
  endfacet
  facet normal 0 0 -1
    outer loop
      vertex 7.01926 -1.33478 -0.00999928
      vertex 6.64439 -0.892105 -0.00999928
      vertex 6.68614 -0.861633 -0.00999928
    endloop
  endfacet
  facet normal 0 0 -1
    outer loop
      vertex 6.47682 -0.98764 -0.00999928
      vertex 6.68399 -1.49908 -0.00999928
      vertex 6.61169 -1.5208 -0.00999928
    endloop
  endfacet
  facet normal 0 0 -1
    outer loop
      vertex 6.89175 -1.41113 -0.00999928
      vertex 6.60257 -0.919968 -0.00999928
      vertex 6.64439 -0.892105 -0.00999928
    endloop
  endfacet
  facet normal 0 0 -1
    outer loop
      vertex 6.82458 -1.44403 -0.00999928
      vertex 6.56065 -0.945221 -0.00999928
      vertex 6.60257 -0.919968 -0.00999928
    endloop
  endfacet
  facet normal 0 0 -1
    outer loop
      vertex 6.43542 -1.00441 -0.00999928
      vertex 6.61169 -1.5208 -0.00999928
      vertex 6.53822 -1.53856 -0.00999928
    endloop
  endfacet
  facet normal 0 0 -1
    outer loop
      vertex 6.75516 -1.47342 -0.00999928
      vertex 6.51865 -0.96785 -0.00999928
      vertex 6.56065 -0.945221 -0.00999928
    endloop
  endfacet
  facet normal 0 0 -1
    outer loop
      vertex 6.68399 -1.49908 -0.00999928
      vertex 6.47682 -0.98764 -0.00999928
      vertex 6.51865 -0.96785 -0.00999928
    endloop
  endfacet
  facet normal 0 0 -1
    outer loop
      vertex 6.39444 -1.01811 -0.00999928
      vertex 6.53822 -1.53856 -0.00999928
      vertex 6.46359 -1.55238 -0.00999928
    endloop
  endfacet
  facet normal 0 0 -1
    outer loop
      vertex 6.61169 -1.5208 -0.00999928
      vertex 6.43542 -1.00441 -0.00999928
      vertex 6.47682 -0.98764 -0.00999928
    endloop
  endfacet
  facet normal 0 0 -1
    outer loop
      vertex 6.53822 -1.53856 -0.00999928
      vertex 6.39444 -1.01811 -0.00999928
      vertex 6.43542 -1.00441 -0.00999928
    endloop
  endfacet
  facet normal 0 0 -1
    outer loop
      vertex 6.3539 -1.02878 -0.00999928
      vertex 6.46359 -1.55238 -0.00999928
      vertex 6.3878 -1.56224 -0.00999928
    endloop
  endfacet
  facet normal 0 0 -1
    outer loop
      vertex 6.46359 -1.55238 -0.00999928
      vertex 6.3539 -1.02878 -0.00999928
      vertex 6.39444 -1.01811 -0.00999928
    endloop
  endfacet
  facet normal 0 0 -1
    outer loop
      vertex 6.3878 -1.56224 -0.00999928
      vertex 6.31378 -1.03639 -0.00999928
      vertex 6.3539 -1.02878 -0.00999928
    endloop
  endfacet
  facet normal 0 0 -1
    outer loop
      vertex 6.31087 -1.56816 -0.00999928
      vertex 6.31378 -1.03639 -0.00999928
      vertex 6.3878 -1.56224 -0.00999928
    endloop
  endfacet
  facet normal 0 0 -1
    outer loop
      vertex 6.31087 -1.56816 -0.00999928
      vertex 6.27411 -1.04097 -0.00999928
      vertex 6.31378 -1.03639 -0.00999928
    endloop
  endfacet
  facet normal 0 0 -1
    outer loop
      vertex 6.31087 -1.56816 -0.00999928
      vertex 6.23485 -1.0425 -0.00999928
      vertex 6.27411 -1.04097 -0.00999928
    endloop
  endfacet
  facet normal 0 0 -1
    outer loop
      vertex 6.23277 -1.57014 -0.00999928
      vertex 6.23485 -1.0425 -0.00999928
      vertex 6.31087 -1.56816 -0.00999928
    endloop
  endfacet
  facet normal 0 0 -1
    outer loop
      vertex 6.23277 -1.57014 -0.00999928
      vertex 6.18367 -1.04088 -0.00999928
      vertex 6.23485 -1.0425 -0.00999928
    endloop
  endfacet
  facet normal 0 0 -1
    outer loop
      vertex 6.10201 -1.56577 -0.00999928
      vertex 6.18367 -1.04088 -0.00999928
      vertex 6.23277 -1.57014 -0.00999928
    endloop
  endfacet
  facet normal -0 0 -1
    outer loop
      vertex 6.18367 -1.04088 -0.00999928
      vertex 6.10201 -1.56577 -0.00999928
      vertex 6.13583 -1.03606 -0.00999928
    endloop
  endfacet
  facet normal 0 0 -1
    outer loop
      vertex 5.98 -1.55264 -0.00999928
      vertex 6.13583 -1.03606 -0.00999928
      vertex 6.10201 -1.56577 -0.00999928
    endloop
  endfacet
  facet normal -0 0 -1
    outer loop
      vertex 6.13583 -1.03606 -0.00999928
      vertex 5.98 -1.55264 -0.00999928
      vertex 6.09135 -1.02802 -0.00999928
    endloop
  endfacet
  facet normal -0 0 -1
    outer loop
      vertex 6.09135 -1.02802 -0.00999928
      vertex 5.98 -1.55264 -0.00999928
      vertex 6.0502 -1.01675 -0.00999928
    endloop
  endfacet
  facet normal 0 0 -1
    outer loop
      vertex 5.86673 -1.53076 -0.00999928
      vertex 6.0502 -1.01675 -0.00999928
      vertex 5.98 -1.55264 -0.00999928
    endloop
  endfacet
  facet normal -0 0 -1
    outer loop
      vertex 6.0502 -1.01675 -0.00999928
      vertex 5.86673 -1.53076 -0.00999928
      vertex 6.01241 -1.00227 -0.00999928
    endloop
  endfacet
  facet normal 0 0 -1
    outer loop
      vertex 5.76222 -1.50012 -0.00999928
      vertex 6.01241 -1.00227 -0.00999928
      vertex 5.86673 -1.53076 -0.00999928
    endloop
  endfacet
  facet normal -0 0 -1
    outer loop
      vertex 6.01241 -1.00227 -0.00999928
      vertex 5.76222 -1.50012 -0.00999928
      vertex 5.97797 -0.984573 -0.00999928
    endloop
  endfacet
  facet normal 0 0 -1
    outer loop
      vertex 5.66646 -1.46074 -0.00999928
      vertex 5.97797 -0.984573 -0.00999928
      vertex 5.76222 -1.50012 -0.00999928
    endloop
  endfacet
  facet normal -0 0 -1
    outer loop
      vertex 5.97797 -0.984573 -0.00999928
      vertex 5.66646 -1.46074 -0.00999928
      vertex 5.94685 -0.963654 -0.00999928
    endloop
  endfacet
  facet normal 0 0 -1
    outer loop
      vertex 5.57945 -1.4126 -0.00999928
      vertex 5.94685 -0.963654 -0.00999928
      vertex 5.66646 -1.46074 -0.00999928
    endloop
  endfacet
  facet normal -0 0 -1
    outer loop
      vertex 5.94685 -0.963654 -0.00999928
      vertex 5.57945 -1.4126 -0.00999928
      vertex 5.91953 -0.939697 -0.00999928
    endloop
  endfacet
  facet normal 0 0 -1
    outer loop
      vertex 5.50121 -1.35571 -0.00999928
      vertex 5.91953 -0.939697 -0.00999928
      vertex 5.57945 -1.4126 -0.00999928
    endloop
  endfacet
  facet normal -0 0 -1
    outer loop
      vertex 5.91953 -0.939697 -0.00999928
      vertex 5.50121 -1.35571 -0.00999928
      vertex 5.89641 -0.912857 -0.00999928
    endloop
  endfacet
  facet normal 0 0 -1
    outer loop
      vertex 5.4326 -1.29085 -0.00999928
      vertex 5.89641 -0.912857 -0.00999928
      vertex 5.50121 -1.35571 -0.00999928
    endloop
  endfacet
  facet normal 0 0 -1
    outer loop
      vertex 5.37456 -1.21877 -0.00999928
      vertex 5.89641 -0.912857 -0.00999928
      vertex 5.4326 -1.29085 -0.00999928
    endloop
  endfacet
  facet normal -0 0 -1
    outer loop
      vertex 5.89641 -0.912857 -0.00999928
      vertex 5.37456 -1.21877 -0.00999928
      vertex 5.87749 -0.883148 -0.00999928
    endloop
  endfacet
  facet normal 0 0 -1
    outer loop
      vertex 5.84384 -0.735565 -0.00999928
      vertex 5.73929 0.0461121 -0.00999928
      vertex 5.82123 0.0950623 -0.00999928
    endloop
  endfacet
  facet normal 0 0 -1
    outer loop
      vertex 5.32706 -1.1395 -0.00999928
      vertex 5.87749 -0.883148 -0.00999928
      vertex 5.37456 -1.21877 -0.00999928
    endloop
  endfacet
  facet normal 0 0 -1
    outer loop
      vertex 5.84384 -0.735565 -0.00999928
      vertex 5.66319 -0.0058136 -0.00999928
      vertex 5.73929 0.0461121 -0.00999928
    endloop
  endfacet
  facet normal 0 0 -1
    outer loop
      vertex 5.84384 -0.735565 -0.00999928
      vertex 5.59291 -0.0607758 -0.00999928
      vertex 5.66319 -0.0058136 -0.00999928
    endloop
  endfacet
  facet normal -0 0 -1
    outer loop
      vertex 5.87749 -0.883148 -0.00999928
      vertex 5.32706 -1.1395 -0.00999928
      vertex 5.86276 -0.850571 -0.00999928
    endloop
  endfacet
  facet normal 0 0 -1
    outer loop
      vertex 5.84384 -0.735565 -0.00999928
      vertex 5.52847 -0.118729 -0.00999928
      vertex 5.59291 -0.0607758 -0.00999928
    endloop
  endfacet
  facet normal 0 0 -1
    outer loop
      vertex 5.29012 -1.05299 -0.00999928
      vertex 5.86276 -0.850571 -0.00999928
      vertex 5.32706 -1.1395 -0.00999928
    endloop
  endfacet
  facet normal 0 0 -1
    outer loop
      vertex 5.84384 -0.735565 -0.00999928
      vertex 5.46986 -0.179688 -0.00999928
      vertex 5.52847 -0.118729 -0.00999928
    endloop
  endfacet
  facet normal 0 0 -1
    outer loop
      vertex 5.26373 -0.959305 -0.00999928
      vertex 5.86276 -0.850571 -0.00999928
      vertex 5.29012 -1.05299 -0.00999928
    endloop
  endfacet
  facet normal 0 0 -1
    outer loop
      vertex 5.84384 -0.735565 -0.00999928
      vertex 5.4171 -0.243652 -0.00999928
      vertex 5.46986 -0.179688 -0.00999928
    endloop
  endfacet
  facet normal -0 0 -1
    outer loop
      vertex 5.86276 -0.850571 -0.00999928
      vertex 5.26373 -0.959305 -0.00999928
      vertex 5.85225 -0.815109 -0.00999928
    endloop
  endfacet
  facet normal 0 0 -1
    outer loop
      vertex 5.84384 -0.735565 -0.00999928
      vertex 5.3708 -0.310104 -0.00999928
      vertex 5.4171 -0.243652 -0.00999928
    endloop
  endfacet
  facet normal 0 0 -1
    outer loop
      vertex 5.84595 -0.776764 -0.00999928
      vertex 5.24263 -0.75029 -0.00999928
      vertex 5.84384 -0.735565 -0.00999928
    endloop
  endfacet
  facet normal 0 0 -1
    outer loop
      vertex 5.24791 -0.858398 -0.00999928
      vertex 5.85225 -0.815109 -0.00999928
      vertex 5.26373 -0.959305 -0.00999928
    endloop
  endfacet
  facet normal 0 -0 -1
    outer loop
      vertex 5.24619 -0.671997 -0.00999928
      vertex 5.84384 -0.735565 -0.00999928
      vertex 5.24263 -0.75029 -0.00999928
    endloop
  endfacet
  facet normal -0 0 -1
    outer loop
      vertex 5.85225 -0.815109 -0.00999928
      vertex 5.24791 -0.858398 -0.00999928
      vertex 5.84595 -0.776764 -0.00999928
    endloop
  endfacet
  facet normal 0 0 -1
    outer loop
      vertex 5.84384 -0.735565 -0.00999928
      vertex 5.33165 -0.37854 -0.00999928
      vertex 5.3708 -0.310104 -0.00999928
    endloop
  endfacet
  facet normal 0 0 -1
    outer loop
      vertex 5.24263 -0.75029 -0.00999928
      vertex 5.84595 -0.776764 -0.00999928
      vertex 5.24791 -0.858398 -0.00999928
    endloop
  endfacet
  facet normal 0 0 -1
    outer loop
      vertex 5.84384 -0.735565 -0.00999928
      vertex 5.29959 -0.448944 -0.00999928
      vertex 5.33165 -0.37854 -0.00999928
    endloop
  endfacet
  facet normal 0 0 -1
    outer loop
      vertex 5.84384 -0.735565 -0.00999928
      vertex 5.27467 -0.521317 -0.00999928
      vertex 5.29959 -0.448944 -0.00999928
    endloop
  endfacet
  facet normal 0 0 -1
    outer loop
      vertex 5.84384 -0.735565 -0.00999928
      vertex 5.25687 -0.595673 -0.00999928
      vertex 5.27467 -0.521317 -0.00999928
    endloop
  endfacet
  facet normal 0 0 -1
    outer loop
      vertex 5.84384 -0.735565 -0.00999928
      vertex 5.24619 -0.671997 -0.00999928
      vertex 5.25687 -0.595673 -0.00999928
    endloop
  endfacet
  facet normal 0 0 -1
    outer loop
      vertex 6.58382 0.660263 -0.00999928
      vertex 7.18506 0.670776 -0.00999928
      vertex 7.18156 0.59993 -0.00999928
    endloop
  endfacet
  facet normal 0 0 -1
    outer loop
      vertex 6.58382 0.660263 -0.00999928
      vertex 7.18156 0.59993 -0.00999928
      vertex 7.17107 0.530396 -0.00999928
    endloop
  endfacet
  facet normal 0 0 -1
    outer loop
      vertex 6.58138 0.701492 -0.00999928
      vertex 7.18506 0.670776 -0.00999928
      vertex 6.58382 0.660263 -0.00999928
    endloop
  endfacet
  facet normal 0 0 -1
    outer loop
      vertex 6.5788 0.606033 -0.00999928
      vertex 7.17107 0.530396 -0.00999928
      vertex 7.15359 0.462128 -0.00999928
    endloop
  endfacet
  facet normal 0 0 -1
    outer loop
      vertex 7.18506 0.670776 -0.00999928
      vertex 6.58138 0.701492 -0.00999928
      vertex 7.17923 0.780579 -0.00999928
    endloop
  endfacet
  facet normal 0 0 -1
    outer loop
      vertex 6.5788 0.606033 -0.00999928
      vertex 7.15359 0.462128 -0.00999928
      vertex 7.1291 0.395172 -0.00999928
    endloop
  endfacet
  facet normal 0 0 -1
    outer loop
      vertex 6.56374 0.555054 -0.00999928
      vertex 7.1291 0.395172 -0.00999928
      vertex 7.09764 0.329483 -0.00999928
    endloop
  endfacet
  facet normal 0 0 -1
    outer loop
      vertex 6.57404 0.739899 -0.00999928
      vertex 7.17923 0.780579 -0.00999928
      vertex 6.58138 0.701492 -0.00999928
    endloop
  endfacet
  facet normal 0 0 -1
    outer loop
      vertex 6.56374 0.555054 -0.00999928
      vertex 7.09764 0.329483 -0.00999928
      vertex 7.05917 0.265091 -0.00999928
    endloop
  endfacet
  facet normal -0 0 -1
    outer loop
      vertex 7.17923 0.780579 -0.00999928
      vertex 6.57404 0.739899 -0.00999928
      vertex 7.16171 0.882965 -0.00999928
    endloop
  endfacet
  facet normal 0 0 -1
    outer loop
      vertex 6.56374 0.555054 -0.00999928
      vertex 7.05917 0.265091 -0.00999928
      vertex 7.01372 0.201996 -0.00999928
    endloop
  endfacet
  facet normal -0 0 -1
    outer loop
      vertex 7.16171 0.882965 -0.00999928
      vertex 6.57404 0.739899 -0.00999928
      vertex 7.13254 0.977936 -0.00999928
    endloop
  endfacet
  facet normal 0 0 -1
    outer loop
      vertex 6.53864 0.507355 -0.00999928
      vertex 7.01372 0.201996 -0.00999928
      vertex 6.96182 0.14064 -0.00999928
    endloop
  endfacet
  facet normal 0 0 -1
    outer loop
      vertex 6.50349 0.462906 -0.00999928
      vertex 6.96182 0.14064 -0.00999928
      vertex 6.90405 0.0815125 -0.00999928
    endloop
  endfacet
  facet normal 0 0 -1
    outer loop
      vertex 6.56181 0.775467 -0.00999928
      vertex 7.13254 0.977936 -0.00999928
      vertex 6.57404 0.739899 -0.00999928
    endloop
  endfacet
  facet normal 0 0 -1
    outer loop
      vertex 6.50349 0.462906 -0.00999928
      vertex 6.90405 0.0815125 -0.00999928
      vertex 6.84041 0.0246277 -0.00999928
    endloop
  endfacet
  facet normal -0 0 -1
    outer loop
      vertex 7.13254 0.977936 -0.00999928
      vertex 6.56181 0.775467 -0.00999928
      vertex 7.09171 1.06548 -0.00999928
    endloop
  endfacet
  facet normal 0 0 -1
    outer loop
      vertex 6.45833 0.421722 -0.00999928
      vertex 6.84041 0.0246277 -0.00999928
      vertex 6.77089 -0.030014 -0.00999928
    endloop
  endfacet
  facet normal 0 0 -1
    outer loop
      vertex 6.54469 0.808197 -0.00999928
      vertex 7.09171 1.06548 -0.00999928
      vertex 6.56181 0.775467 -0.00999928
    endloop
  endfacet
  facet normal 0 0 -1
    outer loop
      vertex 6.40311 0.383804 -0.00999928
      vertex 6.77089 -0.030014 -0.00999928
      vertex 6.69548 -0.0824432 -0.00999928
    endloop
  endfacet
  facet normal 0 0 -1
    outer loop
      vertex 6.40311 0.383804 -0.00999928
      vertex 6.69548 -0.0824432 -0.00999928
      vertex 6.61421 -0.132629 -0.00999928
    endloop
  endfacet
  facet normal -0 0 -1
    outer loop
      vertex 7.09171 1.06548 -0.00999928
      vertex 6.54469 0.808197 -0.00999928
      vertex 7.03918 1.1456 -0.00999928
    endloop
  endfacet
  facet normal -0 0 -1
    outer loop
      vertex 7.03918 1.1456 -0.00999928
      vertex 6.54469 0.808197 -0.00999928
      vertex 6.97501 1.21831 -0.00999928
    endloop
  endfacet
  facet normal 0 0 -1
    outer loop
      vertex 7.17107 0.530396 -0.00999928
      vertex 6.5788 0.606033 -0.00999928
      vertex 6.58382 0.660263 -0.00999928
    endloop
  endfacet
  facet normal 0 0 -1
    outer loop
      vertex 7.1291 0.395172 -0.00999928
      vertex 6.56374 0.555054 -0.00999928
      vertex 6.5788 0.606033 -0.00999928
    endloop
  endfacet
  facet normal 0 0 -1
    outer loop
      vertex 7.01372 0.201996 -0.00999928
      vertex 6.53864 0.507355 -0.00999928
      vertex 6.56374 0.555054 -0.00999928
    endloop
  endfacet
  facet normal 0 0 -1
    outer loop
      vertex 6.33786 0.349152 -0.00999928
      vertex 6.61421 -0.132629 -0.00999928
      vertex 6.52705 -0.180603 -0.00999928
    endloop
  endfacet
  facet normal 0 0 -1
    outer loop
      vertex 6.96182 0.14064 -0.00999928
      vertex 6.50349 0.462906 -0.00999928
      vertex 6.53864 0.507355 -0.00999928
    endloop
  endfacet
  facet normal 0 0 -1
    outer loop
      vertex 6.84041 0.0246277 -0.00999928
      vertex 6.45833 0.421722 -0.00999928
      vertex 6.50349 0.462906 -0.00999928
    endloop
  endfacet
  facet normal 0 0 -1
    outer loop
      vertex 6.77089 -0.030014 -0.00999928
      vertex 6.40311 0.383804 -0.00999928
      vertex 6.45833 0.421722 -0.00999928
    endloop
  endfacet
  facet normal 0 0 -1
    outer loop
      vertex 6.61421 -0.132629 -0.00999928
      vertex 6.33786 0.349152 -0.00999928
      vertex 6.40311 0.383804 -0.00999928
    endloop
  endfacet
  facet normal 0 0 -1
    outer loop
      vertex 5.90901 0.141006 -0.00999928
      vertex 6.52705 -0.180603 -0.00999928
      vertex 6.12343 -0.388702 -0.00999928
    endloop
  endfacet
  facet normal 0 0 -1
    outer loop
      vertex 5.82123 0.0950623 -0.00999928
      vertex 6.12343 -0.388702 -0.00999928
      vertex 6.08626 -0.40947 -0.00999928
    endloop
  endfacet
  facet normal 0 0 -1
    outer loop
      vertex 5.82123 0.0950623 -0.00999928
      vertex 6.08626 -0.40947 -0.00999928
      vertex 6.05162 -0.430923 -0.00999928
    endloop
  endfacet
  facet normal 0 0 -1
    outer loop
      vertex 5.82123 0.0950623 -0.00999928
      vertex 6.05162 -0.430923 -0.00999928
      vertex 6.0195 -0.453064 -0.00999928
    endloop
  endfacet
  facet normal 0 0 -1
    outer loop
      vertex 5.82123 0.0950623 -0.00999928
      vertex 6.0195 -0.453064 -0.00999928
      vertex 5.98991 -0.475891 -0.00999928
    endloop
  endfacet
  facet normal 0 0 -1
    outer loop
      vertex 5.82123 0.0950623 -0.00999928
      vertex 5.98991 -0.475891 -0.00999928
      vertex 5.96286 -0.49939 -0.00999928
    endloop
  endfacet
  facet normal 0 0 -1
    outer loop
      vertex 5.82123 0.0950623 -0.00999928
      vertex 5.96286 -0.49939 -0.00999928
      vertex 5.93834 -0.52359 -0.00999928
    endloop
  endfacet
  facet normal 0 0 -1
    outer loop
      vertex 5.82123 0.0950623 -0.00999928
      vertex 5.93834 -0.52359 -0.00999928
      vertex 5.91635 -0.548477 -0.00999928
    endloop
  endfacet
  facet normal 0 0 -1
    outer loop
      vertex 6.52705 -0.180603 -0.00999928
      vertex 5.90901 0.141006 -0.00999928
      vertex 6.33786 0.349152 -0.00999928
    endloop
  endfacet
  facet normal 0 0 -1
    outer loop
      vertex 5.82123 0.0950623 -0.00999928
      vertex 5.91635 -0.548477 -0.00999928
      vertex 5.89711 -0.573914 -0.00999928
    endloop
  endfacet
  facet normal 0 0 -1
    outer loop
      vertex 5.82123 0.0950623 -0.00999928
      vertex 5.89711 -0.573914 -0.00999928
      vertex 5.88084 -0.599777 -0.00999928
    endloop
  endfacet
  facet normal 0 0 -1
    outer loop
      vertex 5.82123 0.0950623 -0.00999928
      vertex 5.88084 -0.599777 -0.00999928
      vertex 5.86752 -0.626083 -0.00999928
    endloop
  endfacet
  facet normal 0 0 -1
    outer loop
      vertex 5.82123 0.0950623 -0.00999928
      vertex 5.86752 -0.626083 -0.00999928
      vertex 5.85716 -0.652802 -0.00999928
    endloop
  endfacet
  facet normal 0 0 -1
    outer loop
      vertex 5.82123 0.0950623 -0.00999928
      vertex 5.85716 -0.652802 -0.00999928
      vertex 5.84976 -0.679962 -0.00999928
    endloop
  endfacet
  facet normal 0 0 -1
    outer loop
      vertex 5.82123 0.0950623 -0.00999928
      vertex 5.84976 -0.679962 -0.00999928
      vertex 5.84532 -0.70755 -0.00999928
    endloop
  endfacet
  facet normal 0 0 -1
    outer loop
      vertex 6.12343 -0.388702 -0.00999928
      vertex 5.82123 0.0950623 -0.00999928
      vertex 5.90901 0.141006 -0.00999928
    endloop
  endfacet
  facet normal 0 0 -1
    outer loop
      vertex 5.82123 0.0950623 -0.00999928
      vertex 5.84532 -0.70755 -0.00999928
      vertex 5.84384 -0.735565 -0.00999928
    endloop
  endfacet
  facet normal 0 0 -1
    outer loop
      vertex 6.52269 0.838104 -0.00999928
      vertex 6.97501 1.21831 -0.00999928
      vertex 6.54469 0.808197 -0.00999928
    endloop
  endfacet
  facet normal -0 0 -1
    outer loop
      vertex 6.97501 1.21831 -0.00999928
      vertex 6.52269 0.838104 -0.00999928
      vertex 6.89914 1.28358 -0.00999928
    endloop
  endfacet
  facet normal 0 0 -1
    outer loop
      vertex 6.49579 0.865173 -0.00999928
      vertex 6.89914 1.28358 -0.00999928
      vertex 6.52269 0.838104 -0.00999928
    endloop
  endfacet
  facet normal -0 0 -1
    outer loop
      vertex 6.89914 1.28358 -0.00999928
      vertex 6.49579 0.865173 -0.00999928
      vertex 6.81253 1.34074 -0.00999928
    endloop
  endfacet
  facet normal 0 0 -1
    outer loop
      vertex 6.464 0.88942 -0.00999928
      vertex 6.81253 1.34074 -0.00999928
      vertex 6.49579 0.865173 -0.00999928
    endloop
  endfacet
  facet normal -0 0 -1
    outer loop
      vertex 6.81253 1.34074 -0.00999928
      vertex 6.464 0.88942 -0.00999928
      vertex 6.71605 1.3891 -0.00999928
    endloop
  endfacet
  facet normal 0 0 -1
    outer loop
      vertex 6.42761 0.910599 -0.00999928
      vertex 6.71605 1.3891 -0.00999928
      vertex 6.464 0.88942 -0.00999928
    endloop
  endfacet
  facet normal -0 0 -1
    outer loop
      vertex 6.71605 1.3891 -0.00999928
      vertex 6.42761 0.910599 -0.00999928
      vertex 6.6097 1.42868 -0.00999928
    endloop
  endfacet
  facet normal 0 0 -1
    outer loop
      vertex 6.38695 0.928528 -0.00999928
      vertex 6.6097 1.42868 -0.00999928
      vertex 6.42761 0.910599 -0.00999928
    endloop
  endfacet
  facet normal -0 0 -1
    outer loop
      vertex 6.6097 1.42868 -0.00999928
      vertex 6.38695 0.928528 -0.00999928
      vertex 6.49348 1.45946 -0.00999928
    endloop
  endfacet
  facet normal 0 0 -1
    outer loop
      vertex 6.342 0.943192 -0.00999928
      vertex 6.49348 1.45946 -0.00999928
      vertex 6.38695 0.928528 -0.00999928
    endloop
  endfacet
  facet normal -0 0 -1
    outer loop
      vertex 6.49348 1.45946 -0.00999928
      vertex 6.342 0.943192 -0.00999928
      vertex 6.36739 1.48145 -0.00999928
    endloop
  endfacet
  facet normal 0 0 -1
    outer loop
      vertex 6.29274 0.954605 -0.00999928
      vertex 6.36739 1.48145 -0.00999928
      vertex 6.342 0.943192 -0.00999928
    endloop
  endfacet
  facet normal 0 0 -1
    outer loop
      vertex 6.2392 0.962753 -0.00999928
      vertex 6.36739 1.48145 -0.00999928
      vertex 6.29274 0.954605 -0.00999928
    endloop
  endfacet
  facet normal 0 0 -1
    outer loop
      vertex 6.2392 0.962753 -0.00999928
      vertex 6.23143 1.49463 -0.00999928
      vertex 6.36739 1.48145 -0.00999928
    endloop
  endfacet
  facet normal 0 0 -1
    outer loop
      vertex 6.18137 0.967636 -0.00999928
      vertex 6.23143 1.49463 -0.00999928
      vertex 6.2392 0.962753 -0.00999928
    endloop
  endfacet
  facet normal 0 0 -1
    outer loop
      vertex 6.11925 0.969269 -0.00999928
      vertex 6.23143 1.49463 -0.00999928
      vertex 6.18137 0.967636 -0.00999928
    endloop
  endfacet
  facet normal 0 0 -1
    outer loop
      vertex 6.11925 0.969269 -0.00999928
      vertex 6.08562 1.49902 -0.00999928
      vertex 6.23143 1.49463 -0.00999928
    endloop
  endfacet
  facet normal 0 0 -1
    outer loop
      vertex 6.06328 0.968201 -0.00999928
      vertex 6.08562 1.49902 -0.00999928
      vertex 6.11925 0.969269 -0.00999928
    endloop
  endfacet
  facet normal 0 0 -1
    outer loop
      vertex 6.06328 0.968201 -0.00999928
      vertex 6.01323 1.49815 -0.00999928
      vertex 6.08562 1.49902 -0.00999928
    endloop
  endfacet
  facet normal 0 0 -1
    outer loop
      vertex 6.00589 0.964981 -0.00999928
      vertex 6.01323 1.49815 -0.00999928
      vertex 6.06328 0.968201 -0.00999928
    endloop
  endfacet
  facet normal 0 0 -1
    outer loop
      vertex 5.94145 1.49551 -0.00999928
      vertex 6.00589 0.964981 -0.00999928
      vertex 5.9471 0.959625 -0.00999928
    endloop
  endfacet
  facet normal 0 0 -1
    outer loop
      vertex 6.00589 0.964981 -0.00999928
      vertex 5.94145 1.49551 -0.00999928
      vertex 6.01323 1.49815 -0.00999928
    endloop
  endfacet
  facet normal 0 0 -1
    outer loop
      vertex 5.87027 1.49112 -0.00999928
      vertex 5.9471 0.959625 -0.00999928
      vertex 5.88689 0.952118 -0.00999928
    endloop
  endfacet
  facet normal 0 0 -1
    outer loop
      vertex 5.9471 0.959625 -0.00999928
      vertex 5.87027 1.49112 -0.00999928
      vertex 5.94145 1.49551 -0.00999928
    endloop
  endfacet
  facet normal 0 0 -1
    outer loop
      vertex 5.7997 1.48495 -0.00999928
      vertex 5.88689 0.952118 -0.00999928
      vertex 5.82526 0.942459 -0.00999928
    endloop
  endfacet
  facet normal 0 0 -1
    outer loop
      vertex 5.88689 0.952118 -0.00999928
      vertex 5.7997 1.48495 -0.00999928
      vertex 5.87027 1.49112 -0.00999928
    endloop
  endfacet
  facet normal 0 0 -1
    outer loop
      vertex 5.72972 1.47705 -0.00999928
      vertex 5.82526 0.942459 -0.00999928
      vertex 5.76221 0.930664 -0.00999928
    endloop
  endfacet
  facet normal 0 0 -1
    outer loop
      vertex 5.82526 0.942459 -0.00999928
      vertex 5.72972 1.47705 -0.00999928
      vertex 5.7997 1.48495 -0.00999928
    endloop
  endfacet
  facet normal 0 0 -1
    outer loop
      vertex 5.66034 1.46738 -0.00999928
      vertex 5.76221 0.930664 -0.00999928
      vertex 5.69774 0.916718 -0.00999928
    endloop
  endfacet
  facet normal 0 0 -1
    outer loop
      vertex 5.76221 0.930664 -0.00999928
      vertex 5.66034 1.46738 -0.00999928
      vertex 5.72972 1.47705 -0.00999928
    endloop
  endfacet
  facet normal 0 0 -1
    outer loop
      vertex 5.52412 1.44292 -0.00999928
      vertex 5.69774 0.916718 -0.00999928
      vertex 5.63251 0.900803 -0.00999928
    endloop
  endfacet
  facet normal 0 0 -1
    outer loop
      vertex 5.69774 0.916718 -0.00999928
      vertex 5.59157 1.45593 -0.00999928
      vertex 5.66034 1.46738 -0.00999928
    endloop
  endfacet
  facet normal 0 0 -1
    outer loop
      vertex 5.45876 1.42848 -0.00999928
      vertex 5.63251 0.900803 -0.00999928
      vertex 5.56715 0.883087 -0.00999928
    endloop
  endfacet
  facet normal 0 0 -1
    outer loop
      vertex 5.69774 0.916718 -0.00999928
      vertex 5.52412 1.44292 -0.00999928
      vertex 5.59157 1.45593 -0.00999928
    endloop
  endfacet
  facet normal 0 0 -1
    outer loop
      vertex 5.39543 1.41263 -0.00999928
      vertex 5.56715 0.883087 -0.00999928
      vertex 5.50166 0.863571 -0.00999928
    endloop
  endfacet
  facet normal 0 0 -1
    outer loop
      vertex 5.63251 0.900803 -0.00999928
      vertex 5.45876 1.42848 -0.00999928
      vertex 5.52412 1.44292 -0.00999928
    endloop
  endfacet
  facet normal 0 0 -1
    outer loop
      vertex 5.27496 1.37668 -0.00999928
      vertex 5.50166 0.863571 -0.00999928
      vertex 5.43605 0.842255 -0.00999928
    endloop
  endfacet
  facet normal 0 0 -1
    outer loop
      vertex 5.56715 0.883087 -0.00999928
      vertex 5.39543 1.41263 -0.00999928
      vertex 5.45876 1.42848 -0.00999928
    endloop
  endfacet
  facet normal 0 0 -1
    outer loop
      vertex 5.21782 1.35658 -0.00999928
      vertex 5.43605 0.842255 -0.00999928
      vertex 5.3703 0.819122 -0.00999928
    endloop
  endfacet
  facet normal 0 0 -1
    outer loop
      vertex 5.50166 0.863571 -0.00999928
      vertex 5.33417 1.39537 -0.00999928
      vertex 5.39543 1.41263 -0.00999928
    endloop
  endfacet
  facet normal 0 0 -1
    outer loop
      vertex 5.16273 1.33507 -0.00999928
      vertex 5.3703 0.819122 -0.00999928
      vertex 5.30443 0.794189 -0.00999928
    endloop
  endfacet
  facet normal 0 0 -1
    outer loop
      vertex 5.50166 0.863571 -0.00999928
      vertex 5.27496 1.37668 -0.00999928
      vertex 5.33417 1.39537 -0.00999928
    endloop
  endfacet
  facet normal 0 0 -1
    outer loop
      vertex 5.16273 1.33507 -0.00999928
      vertex 5.30443 0.794189 -0.00999928
      vertex 5.23842 0.767456 -0.00999928
    endloop
  endfacet
  facet normal 0 0 -1
    outer loop
      vertex 5.43605 0.842255 -0.00999928
      vertex 5.21782 1.35658 -0.00999928
      vertex 5.27496 1.37668 -0.00999928
    endloop
  endfacet
  facet normal 0 0 -1
    outer loop
      vertex 5.3703 0.819122 -0.00999928
      vertex 5.16273 1.33507 -0.00999928
      vertex 5.21782 1.35658 -0.00999928
    endloop
  endfacet
  facet normal 0 0 -1
    outer loop
      vertex -5.78909 -1.52811 -0.00999928
      vertex -6.11072 -0.798645 -0.00999928
      vertex -5.80571 0.378571 -0.00999928
    endloop
  endfacet
  facet normal 0 0 -1
    outer loop
      vertex -5.78909 -1.52811 -0.00999928
      vertex -6.14856 -0.798645 -0.00999928
      vertex -6.11072 -0.798645 -0.00999928
    endloop
  endfacet
  facet normal -0 0 -1
    outer loop
      vertex -6.14856 -0.798645 -0.00999928
      vertex -6.47018 -1.52811 -0.00999928
      vertex -6.45357 0.378571 -0.00999928
    endloop
  endfacet
  facet normal 0 0 -1
    outer loop
      vertex -6.47018 -1.52811 -0.00999928
      vertex -6.14856 -0.798645 -0.00999928
      vertex -5.78909 -1.52811 -0.00999928
    endloop
  endfacet
  facet normal -0 0 -1
    outer loop
      vertex -4.9272 1.45699 -0.00999928
      vertex -5.67282 0.891495 -0.00999928
      vertex -5.52631 1.45699 -0.00999928
    endloop
  endfacet
  facet normal 0 0 -1
    outer loop
      vertex -5.80571 0.378571 -0.00999928
      vertex -4.9272 1.45699 -0.00999928
      vertex -5.78909 -1.52811 -0.00999928
    endloop
  endfacet
  facet normal 0 0 -1
    outer loop
      vertex -4.9272 1.45699 -0.00999928
      vertex -5.80571 0.378571 -0.00999928
      vertex -5.67282 0.891495 -0.00999928
    endloop
  endfacet
  facet normal 0 0 -1
    outer loop
      vertex -6.45357 0.378571 -0.00999928
      vertex -5.67282 0.891495 -0.00999928
      vertex -5.80571 0.378571 -0.00999928
    endloop
  endfacet
  facet normal 0 0 -1
    outer loop
      vertex -6.45357 0.378571 -0.00999928
      vertex -6.58646 0.891495 -0.00999928
      vertex -5.67282 0.891495 -0.00999928
    endloop
  endfacet
  facet normal 0 0 -1
    outer loop
      vertex -7.33208 1.45699 -0.00999928
      vertex -6.45357 0.378571 -0.00999928
      vertex -6.47018 -1.52811 -0.00999928
    endloop
  endfacet
  facet normal 0 0 -1
    outer loop
      vertex -6.45357 0.378571 -0.00999928
      vertex -7.33208 1.45699 -0.00999928
      vertex -6.58646 0.891495 -0.00999928
    endloop
  endfacet
  facet normal 0 0 -1
    outer loop
      vertex -6.58646 0.891495 -0.00999928
      vertex -7.33208 1.45699 -0.00999928
      vertex -6.73297 1.45699 -0.00999928
    endloop
  endfacet
  facet normal 0 0 -1
    outer loop
      vertex -4.0717 -1.52811 -0.00999928
      vertex -4.62669 -1.52811 -0.00999928
      vertex -4.0717 0.946167 -0.00999928
    endloop
  endfacet
  facet normal 0 0 -1
    outer loop
      vertex -4.0717 0.946167 -0.00999928
      vertex -2.57915 1.45699 -0.00999928
      vertex -2.57915 0.946167 -0.00999928
    endloop
  endfacet
  facet normal 0 0 -1
    outer loop
      vertex -4.0717 0.946167 -0.00999928
      vertex -4.62669 1.45699 -0.00999928
      vertex -2.57915 1.45699 -0.00999928
    endloop
  endfacet
  facet normal 0 0 -1
    outer loop
      vertex -4.62669 1.45699 -0.00999928
      vertex -4.0717 0.946167 -0.00999928
      vertex -4.62669 -1.52811 -0.00999928
    endloop
  endfacet
  facet normal 0 0 -1
    outer loop
      vertex -0.676773 0.962982 -0.00999928
      vertex 0.0526733 -1.52811 -0.00999928
      vertex -0.493912 -1.52811 -0.00999928
    endloop
  endfacet
  facet normal 0 0 -1
    outer loop
      vertex 0.0526733 -1.52811 -0.00999928
      vertex -0.676773 0.962982 -0.00999928
      vertex -0.266861 1.45699 -0.00999928
    endloop
  endfacet
  facet normal 0 0 -1
    outer loop
      vertex -1.02156 1.45699 -0.00999928
      vertex -0.676773 0.962982 -0.00999928
      vertex -0.735641 0.962982 -0.00999928
    endloop
  endfacet
  facet normal 0 0 -1
    outer loop
      vertex -0.676773 0.962982 -0.00999928
      vertex -1.02156 1.45699 -0.00999928
      vertex -0.266861 1.45699 -0.00999928
    endloop
  endfacet
  facet normal 0 0 -1
    outer loop
      vertex -1.18973 -0.197403 -0.00999928
      vertex -0.735641 0.962982 -0.00999928
      vertex -0.954285 -0.771301 -0.00999928
    endloop
  endfacet
  facet normal -0 0 -1
    outer loop
      vertex -0.735641 0.962982 -0.00999928
      vertex -1.18973 -0.197403 -0.00999928
      vertex -1.02156 1.45699 -0.00999928
    endloop
  endfacet
  facet normal 0 0 -1
    outer loop
      vertex -0.954285 -0.771301 -0.00999928
      vertex -1.21494 -0.197403 -0.00999928
      vertex -1.18973 -0.197403 -0.00999928
    endloop
  endfacet
  facet normal 0 0 -1
    outer loop
      vertex -1.4462 -0.771301 -0.00999928
      vertex -1.21494 -0.197403 -0.00999928
      vertex -0.954285 -0.771301 -0.00999928
    endloop
  endfacet
  facet normal 0 0 -1
    outer loop
      vertex -1.66902 0.962982 -0.00999928
      vertex -1.21494 -0.197403 -0.00999928
      vertex -1.4462 -0.771301 -0.00999928
    endloop
  endfacet
  facet normal 0 0 -1
    outer loop
      vertex -1.21494 -0.197403 -0.00999928
      vertex -1.66902 0.962982 -0.00999928
      vertex -1.3831 1.45699 -0.00999928
    endloop
  endfacet
  facet normal 0 0 -1
    outer loop
      vertex -1.72789 0.962982 -0.00999928
      vertex -1.3831 1.45699 -0.00999928
      vertex -1.66902 0.962982 -0.00999928
    endloop
  endfacet
  facet normal 0 0 -1
    outer loop
      vertex -1.72789 0.962982 -0.00999928
      vertex -2.1378 1.45699 -0.00999928
      vertex -1.3831 1.45699 -0.00999928
    endloop
  endfacet
  facet normal 0 0 -1
    outer loop
      vertex -2.45735 -1.52811 -0.00999928
      vertex -1.72789 0.962982 -0.00999928
      vertex -1.91077 -1.52811 -0.00999928
    endloop
  endfacet
  facet normal -0 0 -1
    outer loop
      vertex -1.72789 0.962982 -0.00999928
      vertex -2.45735 -1.52811 -0.00999928
      vertex -2.1378 1.45699 -0.00999928
    endloop
  endfacet
  facet normal 0 0 -1
    outer loop
      vertex 1.60185 -1.52811 -0.00999928
      vertex 1.28023 -0.798645 -0.00999928
      vertex 1.58524 0.378571 -0.00999928
    endloop
  endfacet
  facet normal 0 0 -1
    outer loop
      vertex 1.60185 -1.52811 -0.00999928
      vertex 1.24239 -0.798645 -0.00999928
      vertex 1.28023 -0.798645 -0.00999928
    endloop
  endfacet
  facet normal -0 0 -1
    outer loop
      vertex 1.24239 -0.798645 -0.00999928
      vertex 0.920761 -1.52811 -0.00999928
      vertex 0.937378 0.378571 -0.00999928
    endloop
  endfacet
  facet normal 0 0 -1
    outer loop
      vertex 0.920761 -1.52811 -0.00999928
      vertex 1.24239 -0.798645 -0.00999928
      vertex 1.60185 -1.52811 -0.00999928
    endloop
  endfacet
  facet normal -0 0 -1
    outer loop
      vertex 2.46375 1.45699 -0.00999928
      vertex 1.71812 0.891495 -0.00999928
      vertex 1.86464 1.45699 -0.00999928
    endloop
  endfacet
  facet normal 0 0 -1
    outer loop
      vertex 1.58524 0.378571 -0.00999928
      vertex 2.46375 1.45699 -0.00999928
      vertex 1.60185 -1.52811 -0.00999928
    endloop
  endfacet
  facet normal 0 0 -1
    outer loop
      vertex 2.46375 1.45699 -0.00999928
      vertex 1.58524 0.378571 -0.00999928
      vertex 1.71812 0.891495 -0.00999928
    endloop
  endfacet
  facet normal 0 0 -1
    outer loop
      vertex 0.937378 0.378571 -0.00999928
      vertex 1.71812 0.891495 -0.00999928
      vertex 1.58524 0.378571 -0.00999928
    endloop
  endfacet
  facet normal 0 0 -1
    outer loop
      vertex 0.937378 0.378571 -0.00999928
      vertex 0.804489 0.891495 -0.00999928
      vertex 1.71812 0.891495 -0.00999928
    endloop
  endfacet
  facet normal 0 0 -1
    outer loop
      vertex 0.0588684 1.45699 -0.00999928
      vertex 0.937378 0.378571 -0.00999928
      vertex 0.920761 -1.52811 -0.00999928
    endloop
  endfacet
  facet normal 0 0 -1
    outer loop
      vertex 0.937378 0.378571 -0.00999928
      vertex 0.0588684 1.45699 -0.00999928
      vertex 0.804489 0.891495 -0.00999928
    endloop
  endfacet
  facet normal 0 0 -1
    outer loop
      vertex 0.804489 0.891495 -0.00999928
      vertex 0.0588684 1.45699 -0.00999928
      vertex 0.657974 1.45699 -0.00999928
    endloop
  endfacet
  facet normal 0.096488 0.995334 -0
    outer loop
      vertex 6.36739 1.48145 -0.00999928
      vertex 6.23143 1.49463 1
      vertex 6.36739 1.48145 1
    endloop
  endfacet
  facet normal 0.096488 0.995334 0
    outer loop
      vertex 6.23143 1.49463 1
      vertex 6.36739 1.48145 -0.00999928
      vertex 6.23143 1.49463 -0.00999928
    endloop
  endfacet
  facet normal 0.171806 0.985131 -0
    outer loop
      vertex 6.49348 1.45946 -0.00999928
      vertex 6.36739 1.48145 1
      vertex 6.49348 1.45946 1
    endloop
  endfacet
  facet normal 0.171806 0.985131 0
    outer loop
      vertex 6.36739 1.48145 1
      vertex 6.49348 1.45946 -0.00999928
      vertex 6.36739 1.48145 -0.00999928
    endloop
  endfacet
  facet normal 0.256016 0.966673 -0
    outer loop
      vertex 6.6097 1.42868 -0.00999928
      vertex 6.49348 1.45946 1
      vertex 6.6097 1.42868 1
    endloop
  endfacet
  facet normal 0.256016 0.966673 0
    outer loop
      vertex 6.49348 1.45946 1
      vertex 6.6097 1.42868 -0.00999928
      vertex 6.49348 1.45946 -0.00999928
    endloop
  endfacet
  facet normal 0.348795 0.937199 -0
    outer loop
      vertex 6.71605 1.3891 -0.00999928
      vertex 6.6097 1.42868 1
      vertex 6.71605 1.3891 1
    endloop
  endfacet
  facet normal 0.348795 0.937199 0
    outer loop
      vertex 6.6097 1.42868 1
      vertex 6.71605 1.3891 -0.00999928
      vertex 6.6097 1.42868 -0.00999928
    endloop
  endfacet
  facet normal 0.448103 0.893982 -0
    outer loop
      vertex 6.81253 1.34074 -0.00999928
      vertex 6.71605 1.3891 1
      vertex 6.81253 1.34074 1
    endloop
  endfacet
  facet normal 0.448103 0.893982 0
    outer loop
      vertex 6.71605 1.3891 1
      vertex 6.81253 1.34074 -0.00999928
      vertex 6.71605 1.3891 -0.00999928
    endloop
  endfacet
  facet normal 0.550825 0.834621 -0
    outer loop
      vertex 6.89914 1.28358 -0.00999928
      vertex 6.81253 1.34074 1
      vertex 6.89914 1.28358 1
    endloop
  endfacet
  facet normal 0.550825 0.834621 0
    outer loop
      vertex 6.81253 1.34074 1
      vertex 6.89914 1.28358 -0.00999928
      vertex 6.81253 1.34074 -0.00999928
    endloop
  endfacet
  facet normal 0.652164 0.758078 -0
    outer loop
      vertex 6.97501 1.21831 -0.00999928
      vertex 6.89914 1.28358 1
      vertex 6.97501 1.21831 1
    endloop
  endfacet
  facet normal 0.652164 0.758078 0
    outer loop
      vertex 6.89914 1.28358 1
      vertex 6.97501 1.21831 -0.00999928
      vertex 6.89914 1.28358 -0.00999928
    endloop
  endfacet
  facet normal 0.749766 0.661703 0
    outer loop
      vertex 7.03918 1.1456 1
      vertex 6.97501 1.21831 -0.00999928
      vertex 6.97501 1.21831 1
    endloop
  endfacet
  facet normal 0.749766 0.661703 0
    outer loop
      vertex 6.97501 1.21831 -0.00999928
      vertex 7.03918 1.1456 1
      vertex 7.03918 1.1456 -0.00999928
    endloop
  endfacet
  facet normal 0.836281 0.548301 0
    outer loop
      vertex 7.09171 1.06548 1
      vertex 7.03918 1.1456 -0.00999928
      vertex 7.03918 1.1456 1
    endloop
  endfacet
  facet normal 0.836281 0.548301 0
    outer loop
      vertex 7.03918 1.1456 -0.00999928
      vertex 7.09171 1.06548 1
      vertex 7.09171 1.06548 -0.00999928
    endloop
  endfacet
  facet normal 0.906278 0.422683 0
    outer loop
      vertex 7.13254 0.977936 1
      vertex 7.09171 1.06548 -0.00999928
      vertex 7.09171 1.06548 1
    endloop
  endfacet
  facet normal 0.906278 0.422683 0
    outer loop
      vertex 7.09171 1.06548 -0.00999928
      vertex 7.13254 0.977936 1
      vertex 7.13254 0.977936 -0.00999928
    endloop
  endfacet
  facet normal 0.955926 0.293609 0
    outer loop
      vertex 7.16171 0.882965 1
      vertex 7.13254 0.977936 -0.00999928
      vertex 7.13254 0.977936 1
    endloop
  endfacet
  facet normal 0.955926 0.293609 0
    outer loop
      vertex 7.13254 0.977936 -0.00999928
      vertex 7.16171 0.882965 1
      vertex 7.16171 0.882965 -0.00999928
    endloop
  endfacet
  facet normal 0.985673 0.168666 0
    outer loop
      vertex 7.17923 0.780579 1
      vertex 7.16171 0.882965 -0.00999928
      vertex 7.16171 0.882965 1
    endloop
  endfacet
  facet normal 0.985673 0.168666 0
    outer loop
      vertex 7.16171 0.882965 -0.00999928
      vertex 7.17923 0.780579 1
      vertex 7.17923 0.780579 -0.00999928
    endloop
  endfacet
  facet normal 0.998593 0.0530204 0
    outer loop
      vertex 7.18506 0.670776 1
      vertex 7.17923 0.780579 -0.00999928
      vertex 7.17923 0.780579 1
    endloop
  endfacet
  facet normal 0.998593 0.0530204 0
    outer loop
      vertex 7.17923 0.780579 -0.00999928
      vertex 7.18506 0.670776 1
      vertex 7.18506 0.670776 -0.00999928
    endloop
  endfacet
  facet normal 0.998782 -0.0493428 0
    outer loop
      vertex 7.18156 0.59993 1
      vertex 7.18506 0.670776 -0.00999928
      vertex 7.18506 0.670776 1
    endloop
  endfacet
  facet normal 0.998782 -0.0493428 0
    outer loop
      vertex 7.18506 0.670776 -0.00999928
      vertex 7.18156 0.59993 1
      vertex 7.18156 0.59993 -0.00999928
    endloop
  endfacet
  facet normal 0.988811 -0.149173 0
    outer loop
      vertex 7.17107 0.530396 1
      vertex 7.18156 0.59993 -0.00999928
      vertex 7.18156 0.59993 1
    endloop
  endfacet
  facet normal 0.988811 -0.149173 0
    outer loop
      vertex 7.18156 0.59993 -0.00999928
      vertex 7.17107 0.530396 1
      vertex 7.17107 0.530396 -0.00999928
    endloop
  endfacet
  facet normal 0.968748 -0.248048 0
    outer loop
      vertex 7.15359 0.462128 1
      vertex 7.17107 0.530396 -0.00999928
      vertex 7.17107 0.530396 1
    endloop
  endfacet
  facet normal 0.968748 -0.248048 0
    outer loop
      vertex 7.17107 0.530396 -0.00999928
      vertex 7.15359 0.462128 1
      vertex 7.15359 0.462128 -0.00999928
    endloop
  endfacet
  facet normal 0.93915 -0.343506 0
    outer loop
      vertex 7.1291 0.395172 1
      vertex 7.15359 0.462128 -0.00999928
      vertex 7.15359 0.462128 1
    endloop
  endfacet
  facet normal 0.93915 -0.343506 0
    outer loop
      vertex 7.15359 0.462128 -0.00999928
      vertex 7.1291 0.395172 1
      vertex 7.1291 0.395172 -0.00999928
    endloop
  endfacet
  facet normal 0.901902 -0.431942 0
    outer loop
      vertex 7.09764 0.329483 1
      vertex 7.1291 0.395172 -0.00999928
      vertex 7.1291 0.395172 1
    endloop
  endfacet
  facet normal 0.901902 -0.431942 0
    outer loop
      vertex 7.1291 0.395172 -0.00999928
      vertex 7.09764 0.329483 1
      vertex 7.09764 0.329483 -0.00999928
    endloop
  endfacet
  facet normal 0.858463 -0.512875 0
    outer loop
      vertex 7.05917 0.265091 1
      vertex 7.09764 0.329483 -0.00999928
      vertex 7.09764 0.329483 1
    endloop
  endfacet
  facet normal 0.858463 -0.512875 0
    outer loop
      vertex 7.09764 0.329483 -0.00999928
      vertex 7.05917 0.265091 1
      vertex 7.05917 0.265091 -0.00999928
    endloop
  endfacet
  facet normal 0.811403 -0.584488 0
    outer loop
      vertex 7.01372 0.201996 1
      vertex 7.05917 0.265091 -0.00999928
      vertex 7.05917 0.265091 1
    endloop
  endfacet
  facet normal 0.811403 -0.584488 0
    outer loop
      vertex 7.05917 0.265091 -0.00999928
      vertex 7.01372 0.201996 1
      vertex 7.01372 0.201996 -0.00999928
    endloop
  endfacet
  facet normal 0.763488 -0.645822 0
    outer loop
      vertex 6.96182 0.14064 1
      vertex 7.01372 0.201996 -0.00999928
      vertex 7.01372 0.201996 1
    endloop
  endfacet
  facet normal 0.763488 -0.645822 0
    outer loop
      vertex 7.01372 0.201996 -0.00999928
      vertex 6.96182 0.14064 1
      vertex 6.96182 0.14064 -0.00999928
    endloop
  endfacet
  facet normal 0.71527 -0.698848 0
    outer loop
      vertex 6.90405 0.0815125 1
      vertex 6.96182 0.14064 -0.00999928
      vertex 6.96182 0.14064 1
    endloop
  endfacet
  facet normal 0.71527 -0.698848 0
    outer loop
      vertex 6.96182 0.14064 -0.00999928
      vertex 6.90405 0.0815125 1
      vertex 6.90405 0.0815125 -0.00999928
    endloop
  endfacet
  facet normal 0.666429 -0.745569 0
    outer loop
      vertex 6.84041 0.0246277 -0.00999928
      vertex 6.90405 0.0815125 1
      vertex 6.84041 0.0246277 1
    endloop
  endfacet
  facet normal 0.666429 -0.745569 0
    outer loop
      vertex 6.90405 0.0815125 1
      vertex 6.84041 0.0246277 -0.00999928
      vertex 6.90405 0.0815125 -0.00999928
    endloop
  endfacet
  facet normal 0.617953 -0.786215 0
    outer loop
      vertex 6.77089 -0.030014 -0.00999928
      vertex 6.84041 0.0246277 1
      vertex 6.77089 -0.030014 1
    endloop
  endfacet
  facet normal 0.617953 -0.786215 0
    outer loop
      vertex 6.84041 0.0246277 1
      vertex 6.77089 -0.030014 -0.00999928
      vertex 6.84041 0.0246277 -0.00999928
    endloop
  endfacet
  facet normal 0.570845 -0.821058 0
    outer loop
      vertex 6.69548 -0.0824432 -0.00999928
      vertex 6.77089 -0.030014 1
      vertex 6.69548 -0.0824432 1
    endloop
  endfacet
  facet normal 0.570845 -0.821058 0
    outer loop
      vertex 6.77089 -0.030014 1
      vertex 6.69548 -0.0824432 -0.00999928
      vertex 6.77089 -0.030014 -0.00999928
    endloop
  endfacet
  facet normal 0.525414 -0.850847 0
    outer loop
      vertex 6.61421 -0.132629 -0.00999928
      vertex 6.69548 -0.0824432 1
      vertex 6.61421 -0.132629 1
    endloop
  endfacet
  facet normal 0.525414 -0.850847 0
    outer loop
      vertex 6.69548 -0.0824432 1
      vertex 6.61421 -0.132629 -0.00999928
      vertex 6.69548 -0.0824432 -0.00999928
    endloop
  endfacet
  facet normal 0.482197 -0.876063 0
    outer loop
      vertex 6.52705 -0.180603 -0.00999928
      vertex 6.61421 -0.132629 1
      vertex 6.52705 -0.180603 1
    endloop
  endfacet
  facet normal 0.482197 -0.876063 0
    outer loop
      vertex 6.61421 -0.132629 1
      vertex 6.52705 -0.180603 -0.00999928
      vertex 6.61421 -0.132629 -0.00999928
    endloop
  endfacet
  facet normal 0.458259 -0.888819 0
    outer loop
      vertex 6.12343 -0.388702 -0.00999928
      vertex 6.52705 -0.180603 1
      vertex 6.12343 -0.388702 1
    endloop
  endfacet
  facet normal 0.458259 -0.888819 0
    outer loop
      vertex 6.52705 -0.180603 1
      vertex 6.12343 -0.388702 -0.00999928
      vertex 6.52705 -0.180603 -0.00999928
    endloop
  endfacet
  facet normal 0.487759 -0.872978 0
    outer loop
      vertex 6.08626 -0.40947 -0.00999928
      vertex 6.12343 -0.388702 1
      vertex 6.08626 -0.40947 1
    endloop
  endfacet
  facet normal 0.487759 -0.872978 0
    outer loop
      vertex 6.12343 -0.388702 1
      vertex 6.08626 -0.40947 -0.00999928
      vertex 6.12343 -0.388702 -0.00999928
    endloop
  endfacet
  facet normal 0.526518 -0.850164 0
    outer loop
      vertex 6.05162 -0.430923 -0.00999928
      vertex 6.08626 -0.40947 1
      vertex 6.05162 -0.430923 1
    endloop
  endfacet
  facet normal 0.526518 -0.850164 0
    outer loop
      vertex 6.08626 -0.40947 1
      vertex 6.05162 -0.430923 -0.00999928
      vertex 6.08626 -0.40947 -0.00999928
    endloop
  endfacet
  facet normal 0.567547 -0.823341 0
    outer loop
      vertex 6.0195 -0.453064 -0.00999928
      vertex 6.05162 -0.430923 1
      vertex 6.0195 -0.453064 1
    endloop
  endfacet
  facet normal 0.567547 -0.823341 0
    outer loop
      vertex 6.05162 -0.430923 1
      vertex 6.0195 -0.453064 -0.00999928
      vertex 6.05162 -0.430923 -0.00999928
    endloop
  endfacet
  facet normal 0.610811 -0.791777 0
    outer loop
      vertex 5.98991 -0.475891 -0.00999928
      vertex 6.0195 -0.453064 1
      vertex 5.98991 -0.475891 1
    endloop
  endfacet
  facet normal 0.610811 -0.791777 0
    outer loop
      vertex 6.0195 -0.453064 1
      vertex 5.98991 -0.475891 -0.00999928
      vertex 6.0195 -0.453064 -0.00999928
    endloop
  endfacet
  facet normal 0.655817 -0.75492 0
    outer loop
      vertex 5.96286 -0.49939 -0.00999928
      vertex 5.98991 -0.475891 1
      vertex 5.96286 -0.49939 1
    endloop
  endfacet
  facet normal 0.655817 -0.75492 0
    outer loop
      vertex 5.98991 -0.475891 1
      vertex 5.96286 -0.49939 -0.00999928
      vertex 5.98991 -0.475891 -0.00999928
    endloop
  endfacet
  facet normal 0.702447 -0.711736 0
    outer loop
      vertex 5.93834 -0.52359 -0.00999928
      vertex 5.96286 -0.49939 1
      vertex 5.93834 -0.52359 1
    endloop
  endfacet
  facet normal 0.702447 -0.711736 0
    outer loop
      vertex 5.96286 -0.49939 1
      vertex 5.93834 -0.52359 -0.00999928
      vertex 5.96286 -0.49939 -0.00999928
    endloop
  endfacet
  facet normal 0.749376 -0.662144 0
    outer loop
      vertex 5.91635 -0.548477 1
      vertex 5.93834 -0.52359 -0.00999928
      vertex 5.93834 -0.52359 1
    endloop
  endfacet
  facet normal 0.749376 -0.662144 0
    outer loop
      vertex 5.93834 -0.52359 -0.00999928
      vertex 5.91635 -0.548477 1
      vertex 5.91635 -0.548477 -0.00999928
    endloop
  endfacet
  facet normal 0.797552 -0.603251 0
    outer loop
      vertex 5.89711 -0.573914 1
      vertex 5.91635 -0.548477 -0.00999928
      vertex 5.91635 -0.548477 1
    endloop
  endfacet
  facet normal 0.797552 -0.603251 0
    outer loop
      vertex 5.91635 -0.548477 -0.00999928
      vertex 5.89711 -0.573914 1
      vertex 5.89711 -0.573914 -0.00999928
    endloop
  endfacet
  facet normal 0.846441 -0.532483 0
    outer loop
      vertex 5.88084 -0.599777 1
      vertex 5.89711 -0.573914 -0.00999928
      vertex 5.89711 -0.573914 1
    endloop
  endfacet
  facet normal 0.846441 -0.532483 0
    outer loop
      vertex 5.89711 -0.573914 -0.00999928
      vertex 5.88084 -0.599777 1
      vertex 5.88084 -0.599777 -0.00999928
    endloop
  endfacet
  facet normal 0.89215 -0.451739 0
    outer loop
      vertex 5.86752 -0.626083 1
      vertex 5.88084 -0.599777 -0.00999928
      vertex 5.88084 -0.599777 1
    endloop
  endfacet
  facet normal 0.89215 -0.451739 0
    outer loop
      vertex 5.88084 -0.599777 -0.00999928
      vertex 5.86752 -0.626083 1
      vertex 5.86752 -0.626083 -0.00999928
    endloop
  endfacet
  facet normal 0.932366 -0.361515 0
    outer loop
      vertex 5.85716 -0.652802 1
      vertex 5.86752 -0.626083 -0.00999928
      vertex 5.86752 -0.626083 1
    endloop
  endfacet
  facet normal 0.932366 -0.361515 0
    outer loop
      vertex 5.86752 -0.626083 -0.00999928
      vertex 5.85716 -0.652802 1
      vertex 5.85716 -0.652802 -0.00999928
    endloop
  endfacet
  facet normal 0.964829 -0.262877 0
    outer loop
      vertex 5.84976 -0.679962 1
      vertex 5.85716 -0.652802 -0.00999928
      vertex 5.85716 -0.652802 1
    endloop
  endfacet
  facet normal 0.964829 -0.262877 0
    outer loop
      vertex 5.85716 -0.652802 -0.00999928
      vertex 5.84976 -0.679962 1
      vertex 5.84976 -0.679962 -0.00999928
    endloop
  endfacet
  facet normal 0.987296 -0.158895 0
    outer loop
      vertex 5.84532 -0.70755 1
      vertex 5.84976 -0.679962 -0.00999928
      vertex 5.84976 -0.679962 1
    endloop
  endfacet
  facet normal 0.987296 -0.158895 0
    outer loop
      vertex 5.84976 -0.679962 -0.00999928
      vertex 5.84532 -0.70755 1
      vertex 5.84532 -0.70755 -0.00999928
    endloop
  endfacet
  facet normal 0.998607 -0.0527553 0
    outer loop
      vertex 5.84384 -0.735565 1
      vertex 5.84532 -0.70755 -0.00999928
      vertex 5.84532 -0.70755 1
    endloop
  endfacet
  facet normal 0.998607 -0.0527553 0
    outer loop
      vertex 5.84532 -0.70755 -0.00999928
      vertex 5.84384 -0.735565 1
      vertex 5.84384 -0.735565 -0.00999928
    endloop
  endfacet
  facet normal 0.998691 0.0511478 0
    outer loop
      vertex 5.84595 -0.776764 1
      vertex 5.84384 -0.735565 -0.00999928
      vertex 5.84384 -0.735565 1
    endloop
  endfacet
  facet normal 0.998691 0.0511478 0
    outer loop
      vertex 5.84384 -0.735565 -0.00999928
      vertex 5.84595 -0.776764 1
      vertex 5.84595 -0.776764 -0.00999928
    endloop
  endfacet
  facet normal 0.98677 0.162124 0
    outer loop
      vertex 5.85225 -0.815109 1
      vertex 5.84595 -0.776764 -0.00999928
      vertex 5.84595 -0.776764 1
    endloop
  endfacet
  facet normal 0.98677 0.162124 0
    outer loop
      vertex 5.84595 -0.776764 -0.00999928
      vertex 5.85225 -0.815109 1
      vertex 5.85225 -0.815109 -0.00999928
    endloop
  endfacet
  facet normal 0.958778 0.284156 0
    outer loop
      vertex 5.86276 -0.850571 1
      vertex 5.85225 -0.815109 -0.00999928
      vertex 5.85225 -0.815109 1
    endloop
  endfacet
  facet normal 0.958778 0.284156 0
    outer loop
      vertex 5.85225 -0.815109 -0.00999928
      vertex 5.86276 -0.850571 1
      vertex 5.86276 -0.850571 -0.00999928
    endloop
  endfacet
  facet normal 0.911184 0.412 0
    outer loop
      vertex 5.87749 -0.883148 1
      vertex 5.86276 -0.850571 -0.00999928
      vertex 5.86276 -0.850571 1
    endloop
  endfacet
  facet normal 0.911184 0.412 0
    outer loop
      vertex 5.86276 -0.850571 -0.00999928
      vertex 5.87749 -0.883148 1
      vertex 5.87749 -0.883148 -0.00999928
    endloop
  endfacet
  facet normal 0.843478 0.537164 0
    outer loop
      vertex 5.89641 -0.912857 1
      vertex 5.87749 -0.883148 -0.00999928
      vertex 5.87749 -0.883148 1
    endloop
  endfacet
  facet normal 0.843478 0.537164 0
    outer loop
      vertex 5.87749 -0.883148 -0.00999928
      vertex 5.89641 -0.912857 1
      vertex 5.89641 -0.912857 -0.00999928
    endloop
  endfacet
  facet normal 0.75766 0.652649 0
    outer loop
      vertex 5.91953 -0.939697 1
      vertex 5.89641 -0.912857 -0.00999928
      vertex 5.89641 -0.912857 1
    endloop
  endfacet
  facet normal 0.75766 0.652649 0
    outer loop
      vertex 5.89641 -0.912857 -0.00999928
      vertex 5.91953 -0.939697 1
      vertex 5.91953 -0.939697 -0.00999928
    endloop
  endfacet
  facet normal 0.659315 0.751867 -0
    outer loop
      vertex 5.94685 -0.963654 -0.00999928
      vertex 5.91953 -0.939697 1
      vertex 5.94685 -0.963654 1
    endloop
  endfacet
  facet normal 0.659315 0.751867 0
    outer loop
      vertex 5.91953 -0.939697 1
      vertex 5.94685 -0.963654 -0.00999928
      vertex 5.91953 -0.939697 -0.00999928
    endloop
  endfacet
  facet normal 0.557878 0.829923 -0
    outer loop
      vertex 5.97797 -0.984573 -0.00999928
      vertex 5.94685 -0.963654 1
      vertex 5.97797 -0.984573 1
    endloop
  endfacet
  facet normal 0.557878 0.829923 0
    outer loop
      vertex 5.94685 -0.963654 1
      vertex 5.97797 -0.984573 -0.00999928
      vertex 5.94685 -0.963654 -0.00999928
    endloop
  endfacet
  facet normal 0.457042 0.889445 -0
    outer loop
      vertex 6.01241 -1.00227 -0.00999928
      vertex 5.97797 -0.984573 1
      vertex 6.01241 -1.00227 1
    endloop
  endfacet
  facet normal 0.457042 0.889445 0
    outer loop
      vertex 5.97797 -0.984573 1
      vertex 6.01241 -1.00227 -0.00999928
      vertex 5.97797 -0.984573 -0.00999928
    endloop
  endfacet
  facet normal 0.357803 0.933797 -0
    outer loop
      vertex 6.0502 -1.01675 -0.00999928
      vertex 6.01241 -1.00227 1
      vertex 6.0502 -1.01675 1
    endloop
  endfacet
  facet normal 0.357803 0.933797 0
    outer loop
      vertex 6.01241 -1.00227 1
      vertex 6.0502 -1.01675 -0.00999928
      vertex 6.01241 -1.00227 -0.00999928
    endloop
  endfacet
  facet normal 0.264149 0.964482 -0
    outer loop
      vertex 6.09135 -1.02802 -0.00999928
      vertex 6.0502 -1.01675 1
      vertex 6.09135 -1.02802 1
    endloop
  endfacet
  facet normal 0.264149 0.964482 0
    outer loop
      vertex 6.0502 -1.01675 1
      vertex 6.09135 -1.02802 -0.00999928
      vertex 6.0502 -1.01675 -0.00999928
    endloop
  endfacet
  facet normal 0.177873 0.984053 -0
    outer loop
      vertex 6.13583 -1.03606 -0.00999928
      vertex 6.09135 -1.02802 1
      vertex 6.13583 -1.03606 1
    endloop
  endfacet
  facet normal 0.177873 0.984053 0
    outer loop
      vertex 6.09135 -1.02802 1
      vertex 6.13583 -1.03606 -0.00999928
      vertex 6.09135 -1.02802 -0.00999928
    endloop
  endfacet
  facet normal 0.100245 0.994963 -0
    outer loop
      vertex 6.18367 -1.04088 -0.00999928
      vertex 6.13583 -1.03606 1
      vertex 6.18367 -1.04088 1
    endloop
  endfacet
  facet normal 0.100245 0.994963 0
    outer loop
      vertex 6.13583 -1.03606 1
      vertex 6.18367 -1.04088 -0.00999928
      vertex 6.13583 -1.03606 -0.00999928
    endloop
  endfacet
  facet normal 0.0316371 0.999499 -0
    outer loop
      vertex 6.23485 -1.0425 -0.00999928
      vertex 6.18367 -1.04088 1
      vertex 6.23485 -1.0425 1
    endloop
  endfacet
  facet normal 0.0316371 0.999499 0
    outer loop
      vertex 6.18367 -1.04088 1
      vertex 6.23485 -1.0425 -0.00999928
      vertex 6.18367 -1.04088 -0.00999928
    endloop
  endfacet
  facet normal -0.0389414 0.999241 0
    outer loop
      vertex 6.27411 -1.04097 -0.00999928
      vertex 6.23485 -1.0425 1
      vertex 6.27411 -1.04097 1
    endloop
  endfacet
  facet normal -0.0389414 0.999241 0
    outer loop
      vertex 6.23485 -1.0425 1
      vertex 6.27411 -1.04097 -0.00999928
      vertex 6.23485 -1.0425 -0.00999928
    endloop
  endfacet
  facet normal -0.114691 0.993401 0
    outer loop
      vertex 6.31378 -1.03639 -0.00999928
      vertex 6.27411 -1.04097 1
      vertex 6.31378 -1.03639 1
    endloop
  endfacet
  facet normal -0.114691 0.993401 0
    outer loop
      vertex 6.27411 -1.04097 1
      vertex 6.31378 -1.03639 -0.00999928
      vertex 6.27411 -1.04097 -0.00999928
    endloop
  endfacet
  facet normal -0.186358 0.982482 0
    outer loop
      vertex 6.3539 -1.02878 -0.00999928
      vertex 6.31378 -1.03639 1
      vertex 6.3539 -1.02878 1
    endloop
  endfacet
  facet normal -0.186358 0.982482 0
    outer loop
      vertex 6.31378 -1.03639 1
      vertex 6.3539 -1.02878 -0.00999928
      vertex 6.31378 -1.03639 -0.00999928
    endloop
  endfacet
  facet normal -0.254529 0.967065 0
    outer loop
      vertex 6.39444 -1.01811 -0.00999928
      vertex 6.3539 -1.02878 1
      vertex 6.39444 -1.01811 1
    endloop
  endfacet
  facet normal -0.254529 0.967065 0
    outer loop
      vertex 6.3539 -1.02878 1
      vertex 6.39444 -1.01811 -0.00999928
      vertex 6.3539 -1.02878 -0.00999928
    endloop
  endfacet
  facet normal -0.317061 0.948405 0
    outer loop
      vertex 6.43542 -1.00441 -0.00999928
      vertex 6.39444 -1.01811 1
      vertex 6.43542 -1.00441 1
    endloop
  endfacet
  facet normal -0.317061 0.948405 0
    outer loop
      vertex 6.39444 -1.01811 1
      vertex 6.43542 -1.00441 -0.00999928
      vertex 6.39444 -1.01811 -0.00999928
    endloop
  endfacet
  facet normal -0.37544 0.926847 0
    outer loop
      vertex 6.47682 -0.98764 -0.00999928
      vertex 6.43542 -1.00441 1
      vertex 6.47682 -0.98764 1
    endloop
  endfacet
  facet normal -0.37544 0.926847 0
    outer loop
      vertex 6.43542 -1.00441 1
      vertex 6.47682 -0.98764 -0.00999928
      vertex 6.43542 -1.00441 -0.00999928
    endloop
  endfacet
  facet normal -0.427659 0.90394 0
    outer loop
      vertex 6.51865 -0.96785 -0.00999928
      vertex 6.47682 -0.98764 1
      vertex 6.51865 -0.96785 1
    endloop
  endfacet
  facet normal -0.427659 0.90394 0
    outer loop
      vertex 6.47682 -0.98764 1
      vertex 6.51865 -0.96785 -0.00999928
      vertex 6.47682 -0.98764 -0.00999928
    endloop
  endfacet
  facet normal -0.474321 0.880352 0
    outer loop
      vertex 6.56065 -0.945221 -0.00999928
      vertex 6.51865 -0.96785 1
      vertex 6.56065 -0.945221 1
    endloop
  endfacet
  facet normal -0.474321 0.880352 0
    outer loop
      vertex 6.51865 -0.96785 1
      vertex 6.56065 -0.945221 -0.00999928
      vertex 6.51865 -0.96785 -0.00999928
    endloop
  endfacet
  facet normal -0.516012 0.856581 0
    outer loop
      vertex 6.60257 -0.919968 -0.00999928
      vertex 6.56065 -0.945221 1
      vertex 6.60257 -0.919968 1
    endloop
  endfacet
  facet normal -0.516012 0.856581 0
    outer loop
      vertex 6.56065 -0.945221 1
      vertex 6.60257 -0.919968 -0.00999928
      vertex 6.56065 -0.945221 -0.00999928
    endloop
  endfacet
  facet normal -0.554466 0.832206 0
    outer loop
      vertex 6.64439 -0.892105 -0.00999928
      vertex 6.60257 -0.919968 1
      vertex 6.64439 -0.892105 1
    endloop
  endfacet
  facet normal -0.554466 0.832206 0
    outer loop
      vertex 6.60257 -0.919968 1
      vertex 6.64439 -0.892105 -0.00999928
      vertex 6.60257 -0.919968 -0.00999928
    endloop
  endfacet
  facet normal -0.589542 0.807738 0
    outer loop
      vertex 6.68614 -0.861633 -0.00999928
      vertex 6.64439 -0.892105 1
      vertex 6.68614 -0.861633 1
    endloop
  endfacet
  facet normal -0.589542 0.807738 0
    outer loop
      vertex 6.64439 -0.892105 1
      vertex 6.68614 -0.861633 -0.00999928
      vertex 6.64439 -0.892105 -0.00999928
    endloop
  endfacet
  facet normal -0.622033 0.782991 0
    outer loop
      vertex 6.7278 -0.828537 -0.00999928
      vertex 6.68614 -0.861633 1
      vertex 6.7278 -0.828537 1
    endloop
  endfacet
  facet normal -0.622033 0.782991 0
    outer loop
      vertex 6.68614 -0.861633 1
      vertex 6.7278 -0.828537 -0.00999928
      vertex 6.68614 -0.861633 -0.00999928
    endloop
  endfacet
  facet normal -0.651485 0.758661 0
    outer loop
      vertex 6.76938 -0.792831 -0.00999928
      vertex 6.7278 -0.828537 1
      vertex 6.76938 -0.792831 1
    endloop
  endfacet
  facet normal -0.651485 0.758661 0
    outer loop
      vertex 6.7278 -0.828537 1
      vertex 6.76938 -0.792831 -0.00999928
      vertex 6.7278 -0.828537 -0.00999928
    endloop
  endfacet
  facet normal -0.678758 0.734362 0
    outer loop
      vertex 6.81085 -0.754501 -0.00999928
      vertex 6.76938 -0.792831 1
      vertex 6.81085 -0.754501 1
    endloop
  endfacet
  facet normal -0.678758 0.734362 0
    outer loop
      vertex 6.76938 -0.792831 1
      vertex 6.81085 -0.754501 -0.00999928
      vertex 6.76938 -0.792831 -0.00999928
    endloop
  endfacet
  facet normal 0.754122 0.656734 0
    outer loop
      vertex 7.19347 -1.19386 1
      vertex 6.81085 -0.754501 -0.00999928
      vertex 6.81085 -0.754501 1
    endloop
  endfacet
  facet normal 0.754122 0.656734 0
    outer loop
      vertex 6.81085 -0.754501 -0.00999928
      vertex 7.19347 -1.19386 1
      vertex 7.19347 -1.19386 -0.00999928
    endloop
  endfacet
  facet normal 0.670879 -0.741567 0
    outer loop
      vertex 7.13766 -1.24435 -0.00999928
      vertex 7.19347 -1.19386 1
      vertex 7.13766 -1.24435 1
    endloop
  endfacet
  facet normal 0.670879 -0.741567 0
    outer loop
      vertex 7.19347 -1.19386 1
      vertex 7.13766 -1.24435 -0.00999928
      vertex 7.19347 -1.19386 -0.00999928
    endloop
  endfacet
  facet normal 0.628882 -0.7775 0
    outer loop
      vertex 7.07959 -1.29132 -0.00999928
      vertex 7.13766 -1.24435 1
      vertex 7.07959 -1.29132 1
    endloop
  endfacet
  facet normal 0.628882 -0.7775 0
    outer loop
      vertex 7.13766 -1.24435 1
      vertex 7.07959 -1.29132 -0.00999928
      vertex 7.13766 -1.24435 -0.00999928
    endloop
  endfacet
  facet normal 0.584503 -0.811391 0
    outer loop
      vertex 7.01926 -1.33478 -0.00999928
      vertex 7.07959 -1.29132 1
      vertex 7.01926 -1.33478 1
    endloop
  endfacet
  facet normal 0.584503 -0.811391 0
    outer loop
      vertex 7.07959 -1.29132 1
      vertex 7.01926 -1.33478 -0.00999928
      vertex 7.07959 -1.29132 -0.00999928
    endloop
  endfacet
  facet normal 0.53759 -0.843207 0
    outer loop
      vertex 6.95663 -1.37471 -0.00999928
      vertex 7.01926 -1.33478 1
      vertex 6.95663 -1.37471 1
    endloop
  endfacet
  facet normal 0.53759 -0.843207 0
    outer loop
      vertex 7.01926 -1.33478 1
      vertex 6.95663 -1.37471 -0.00999928
      vertex 7.01926 -1.33478 -0.00999928
    endloop
  endfacet
  facet normal 0.489495 -0.872006 0
    outer loop
      vertex 6.89175 -1.41113 -0.00999928
      vertex 6.95663 -1.37471 1
      vertex 6.89175 -1.41113 1
    endloop
  endfacet
  facet normal 0.489495 -0.872006 0
    outer loop
      vertex 6.95663 -1.37471 1
      vertex 6.89175 -1.41113 -0.00999928
      vertex 6.95663 -1.37471 -0.00999928
    endloop
  endfacet
  facet normal 0.439872 -0.898061 0
    outer loop
      vertex 6.82458 -1.44403 -0.00999928
      vertex 6.89175 -1.41113 1
      vertex 6.82458 -1.44403 1
    endloop
  endfacet
  facet normal 0.439872 -0.898061 0
    outer loop
      vertex 6.89175 -1.41113 1
      vertex 6.82458 -1.44403 -0.00999928
      vertex 6.89175 -1.41113 -0.00999928
    endloop
  endfacet
  facet normal 0.389865 -0.920872 0
    outer loop
      vertex 6.75516 -1.47342 -0.00999928
      vertex 6.82458 -1.44403 1
      vertex 6.75516 -1.47342 1
    endloop
  endfacet
  facet normal 0.389865 -0.920872 0
    outer loop
      vertex 6.82458 -1.44403 1
      vertex 6.75516 -1.47342 -0.00999928
      vertex 6.82458 -1.44403 -0.00999928
    endloop
  endfacet
  facet normal 0.339173 -0.940724 0
    outer loop
      vertex 6.68399 -1.49908 -0.00999928
      vertex 6.75516 -1.47342 1
      vertex 6.68399 -1.49908 1
    endloop
  endfacet
  facet normal 0.339173 -0.940724 0
    outer loop
      vertex 6.75516 -1.47342 1
      vertex 6.68399 -1.49908 -0.00999928
      vertex 6.75516 -1.47342 -0.00999928
    endloop
  endfacet
  facet normal 0.287712 -0.957717 0
    outer loop
      vertex 6.61169 -1.5208 -0.00999928
      vertex 6.68399 -1.49908 1
      vertex 6.61169 -1.5208 1
    endloop
  endfacet
  facet normal 0.287712 -0.957717 0
    outer loop
      vertex 6.68399 -1.49908 1
      vertex 6.61169 -1.5208 -0.00999928
      vertex 6.68399 -1.49908 -0.00999928
    endloop
  endfacet
  facet normal 0.234964 -0.972004 0
    outer loop
      vertex 6.53822 -1.53856 -0.00999928
      vertex 6.61169 -1.5208 1
      vertex 6.53822 -1.53856 1
    endloop
  endfacet
  facet normal 0.234964 -0.972004 0
    outer loop
      vertex 6.61169 -1.5208 1
      vertex 6.53822 -1.53856 -0.00999928
      vertex 6.61169 -1.5208 -0.00999928
    endloop
  endfacet
  facet normal 0.182085 -0.983283 0
    outer loop
      vertex 6.46359 -1.55238 -0.00999928
      vertex 6.53822 -1.53856 1
      vertex 6.46359 -1.55238 1
    endloop
  endfacet
  facet normal 0.182085 -0.983283 0
    outer loop
      vertex 6.53822 -1.53856 1
      vertex 6.46359 -1.55238 -0.00999928
      vertex 6.53822 -1.53856 -0.00999928
    endloop
  endfacet
  facet normal 0.129009 -0.991643 0
    outer loop
      vertex 6.3878 -1.56224 -0.00999928
      vertex 6.46359 -1.55238 1
      vertex 6.3878 -1.56224 1
    endloop
  endfacet
  facet normal 0.129009 -0.991643 0
    outer loop
      vertex 6.46359 -1.55238 1
      vertex 6.3878 -1.56224 -0.00999928
      vertex 6.46359 -1.55238 -0.00999928
    endloop
  endfacet
  facet normal 0.0767262 -0.997052 0
    outer loop
      vertex 6.31087 -1.56816 -0.00999928
      vertex 6.3878 -1.56224 1
      vertex 6.31087 -1.56816 1
    endloop
  endfacet
  facet normal 0.0767262 -0.997052 0
    outer loop
      vertex 6.3878 -1.56224 1
      vertex 6.31087 -1.56816 -0.00999928
      vertex 6.3878 -1.56224 -0.00999928
    endloop
  endfacet
  facet normal 0.025344 -0.999679 0
    outer loop
      vertex 6.23277 -1.57014 -0.00999928
      vertex 6.31087 -1.56816 1
      vertex 6.23277 -1.57014 1
    endloop
  endfacet
  facet normal 0.025344 -0.999679 0
    outer loop
      vertex 6.31087 -1.56816 1
      vertex 6.23277 -1.57014 -0.00999928
      vertex 6.31087 -1.56816 -0.00999928
    endloop
  endfacet
  facet normal -0.0334014 -0.999442 0
    outer loop
      vertex 6.10201 -1.56577 -0.00999928
      vertex 6.23277 -1.57014 1
      vertex 6.10201 -1.56577 1
    endloop
  endfacet
  facet normal -0.0334014 -0.999442 -0
    outer loop
      vertex 6.23277 -1.57014 1
      vertex 6.10201 -1.56577 -0.00999928
      vertex 6.23277 -1.57014 -0.00999928
    endloop
  endfacet
  facet normal -0.106996 -0.994259 0
    outer loop
      vertex 5.98 -1.55264 -0.00999928
      vertex 6.10201 -1.56577 1
      vertex 5.98 -1.55264 1
    endloop
  endfacet
  facet normal -0.106996 -0.994259 -0
    outer loop
      vertex 6.10201 -1.56577 1
      vertex 5.98 -1.55264 -0.00999928
      vertex 6.10201 -1.56577 -0.00999928
    endloop
  endfacet
  facet normal -0.189661 -0.98185 0
    outer loop
      vertex 5.86673 -1.53076 -0.00999928
      vertex 5.98 -1.55264 1
      vertex 5.86673 -1.53076 1
    endloop
  endfacet
  facet normal -0.189661 -0.98185 -0
    outer loop
      vertex 5.98 -1.55264 1
      vertex 5.86673 -1.53076 -0.00999928
      vertex 5.98 -1.55264 -0.00999928
    endloop
  endfacet
  facet normal -0.281336 -0.959609 0
    outer loop
      vertex 5.76222 -1.50012 -0.00999928
      vertex 5.86673 -1.53076 1
      vertex 5.76222 -1.50012 1
    endloop
  endfacet
  facet normal -0.281336 -0.959609 -0
    outer loop
      vertex 5.86673 -1.53076 1
      vertex 5.76222 -1.50012 -0.00999928
      vertex 5.86673 -1.53076 -0.00999928
    endloop
  endfacet
  facet normal -0.380332 -0.92485 0
    outer loop
      vertex 5.66646 -1.46074 -0.00999928
      vertex 5.76222 -1.50012 1
      vertex 5.66646 -1.46074 1
    endloop
  endfacet
  facet normal -0.380332 -0.92485 -0
    outer loop
      vertex 5.76222 -1.50012 1
      vertex 5.66646 -1.46074 -0.00999928
      vertex 5.76222 -1.50012 -0.00999928
    endloop
  endfacet
  facet normal -0.484114 -0.875005 0
    outer loop
      vertex 5.57945 -1.4126 -0.00999928
      vertex 5.66646 -1.46074 1
      vertex 5.57945 -1.4126 1
    endloop
  endfacet
  facet normal -0.484114 -0.875005 -0
    outer loop
      vertex 5.66646 -1.46074 1
      vertex 5.57945 -1.4126 -0.00999928
      vertex 5.66646 -1.46074 -0.00999928
    endloop
  endfacet
  facet normal -0.588092 -0.808794 0
    outer loop
      vertex 5.50121 -1.35571 -0.00999928
      vertex 5.57945 -1.4126 1
      vertex 5.50121 -1.35571 1
    endloop
  endfacet
  facet normal -0.588092 -0.808794 -0
    outer loop
      vertex 5.57945 -1.4126 1
      vertex 5.50121 -1.35571 -0.00999928
      vertex 5.57945 -1.4126 -0.00999928
    endloop
  endfacet
  facet normal -0.686969 -0.726687 0
    outer loop
      vertex 5.4326 -1.29085 -0.00999928
      vertex 5.50121 -1.35571 1
      vertex 5.4326 -1.29085 1
    endloop
  endfacet
  facet normal -0.686969 -0.726687 -0
    outer loop
      vertex 5.50121 -1.35571 1
      vertex 5.4326 -1.29085 -0.00999928
      vertex 5.50121 -1.35571 -0.00999928
    endloop
  endfacet
  facet normal -0.778883 -0.627169 0
    outer loop
      vertex 5.4326 -1.29085 -0.00999928
      vertex 5.37456 -1.21877 1
      vertex 5.37456 -1.21877 -0.00999928
    endloop
  endfacet
  facet normal -0.778883 -0.627169 0
    outer loop
      vertex 5.37456 -1.21877 1
      vertex 5.4326 -1.29085 -0.00999928
      vertex 5.4326 -1.29085 1
    endloop
  endfacet
  facet normal -0.857789 -0.514002 0
    outer loop
      vertex 5.37456 -1.21877 -0.00999928
      vertex 5.32706 -1.1395 1
      vertex 5.32706 -1.1395 -0.00999928
    endloop
  endfacet
  facet normal -0.857789 -0.514002 0
    outer loop
      vertex 5.32706 -1.1395 1
      vertex 5.37456 -1.21877 -0.00999928
      vertex 5.37456 -1.21877 1
    endloop
  endfacet
  facet normal -0.919667 -0.3927 0
    outer loop
      vertex 5.32706 -1.1395 -0.00999928
      vertex 5.29012 -1.05299 1
      vertex 5.29012 -1.05299 -0.00999928
    endloop
  endfacet
  facet normal -0.919667 -0.3927 0
    outer loop
      vertex 5.29012 -1.05299 1
      vertex 5.32706 -1.1395 -0.00999928
      vertex 5.32706 -1.1395 1
    endloop
  endfacet
  facet normal -0.962541 -0.271137 0
    outer loop
      vertex 5.29012 -1.05299 -0.00999928
      vertex 5.26373 -0.959305 1
      vertex 5.26373 -0.959305 -0.00999928
    endloop
  endfacet
  facet normal -0.962541 -0.271137 0
    outer loop
      vertex 5.26373 -0.959305 1
      vertex 5.29012 -1.05299 -0.00999928
      vertex 5.29012 -1.05299 1
    endloop
  endfacet
  facet normal -0.987932 -0.154886 0
    outer loop
      vertex 5.26373 -0.959305 -0.00999928
      vertex 5.24791 -0.858398 1
      vertex 5.24791 -0.858398 -0.00999928
    endloop
  endfacet
  facet normal -0.987932 -0.154886 0
    outer loop
      vertex 5.24791 -0.858398 1
      vertex 5.26373 -0.959305 -0.00999928
      vertex 5.26373 -0.959305 1
    endloop
  endfacet
  facet normal -0.998809 -0.0487819 0
    outer loop
      vertex 5.24791 -0.858398 -0.00999928
      vertex 5.24263 -0.75029 1
      vertex 5.24263 -0.75029 -0.00999928
    endloop
  endfacet
  facet normal -0.998809 -0.0487819 0
    outer loop
      vertex 5.24263 -0.75029 1
      vertex 5.24791 -0.858398 -0.00999928
      vertex 5.24791 -0.858398 1
    endloop
  endfacet
  facet normal -0.998968 0.0454233 0
    outer loop
      vertex 5.24263 -0.75029 -0.00999928
      vertex 5.24619 -0.671997 1
      vertex 5.24619 -0.671997 -0.00999928
    endloop
  endfacet
  facet normal -0.998968 0.0454233 0
    outer loop
      vertex 5.24619 -0.671997 1
      vertex 5.24263 -0.75029 -0.00999928
      vertex 5.24263 -0.75029 1
    endloop
  endfacet
  facet normal -0.990351 0.13858 0
    outer loop
      vertex 5.24619 -0.671997 -0.00999928
      vertex 5.25687 -0.595673 1
      vertex 5.25687 -0.595673 -0.00999928
    endloop
  endfacet
  facet normal -0.990351 0.13858 0
    outer loop
      vertex 5.25687 -0.595673 1
      vertex 5.24619 -0.671997 -0.00999928
      vertex 5.24619 -0.671997 1
    endloop
  endfacet
  facet normal -0.972522 0.232811 0
    outer loop
      vertex 5.25687 -0.595673 -0.00999928
      vertex 5.27467 -0.521317 1
      vertex 5.27467 -0.521317 -0.00999928
    endloop
  endfacet
  facet normal -0.972522 0.232811 0
    outer loop
      vertex 5.27467 -0.521317 1
      vertex 5.25687 -0.595673 -0.00999928
      vertex 5.25687 -0.595673 1
    endloop
  endfacet
  facet normal -0.945519 0.325568 0
    outer loop
      vertex 5.27467 -0.521317 -0.00999928
      vertex 5.29959 -0.448944 1
      vertex 5.29959 -0.448944 -0.00999928
    endloop
  endfacet
  facet normal -0.945519 0.325568 0
    outer loop
      vertex 5.29959 -0.448944 1
      vertex 5.27467 -0.521317 -0.00999928
      vertex 5.27467 -0.521317 1
    endloop
  endfacet
  facet normal -0.910083 0.414426 0
    outer loop
      vertex 5.29959 -0.448944 -0.00999928
      vertex 5.33165 -0.37854 1
      vertex 5.33165 -0.37854 -0.00999928
    endloop
  endfacet
  facet normal -0.910083 0.414426 0
    outer loop
      vertex 5.33165 -0.37854 1
      vertex 5.29959 -0.448944 -0.00999928
      vertex 5.29959 -0.448944 1
    endloop
  endfacet
  facet normal -0.868004 0.496557 0
    outer loop
      vertex 5.33165 -0.37854 -0.00999928
      vertex 5.3708 -0.310104 1
      vertex 5.3708 -0.310104 -0.00999928
    endloop
  endfacet
  facet normal -0.868004 0.496557 0
    outer loop
      vertex 5.3708 -0.310104 1
      vertex 5.33165 -0.37854 -0.00999928
      vertex 5.33165 -0.37854 1
    endloop
  endfacet
  facet normal -0.820485 0.571668 0
    outer loop
      vertex 5.3708 -0.310104 -0.00999928
      vertex 5.4171 -0.243652 1
      vertex 5.4171 -0.243652 -0.00999928
    endloop
  endfacet
  facet normal -0.820485 0.571668 0
    outer loop
      vertex 5.4171 -0.243652 1
      vertex 5.3708 -0.310104 -0.00999928
      vertex 5.3708 -0.310104 1
    endloop
  endfacet
  facet normal -0.771434 0.636309 0
    outer loop
      vertex 5.4171 -0.243652 -0.00999928
      vertex 5.46986 -0.179688 1
      vertex 5.46986 -0.179688 -0.00999928
    endloop
  endfacet
  facet normal -0.771434 0.636309 0
    outer loop
      vertex 5.46986 -0.179688 1
      vertex 5.4171 -0.243652 -0.00999928
      vertex 5.4171 -0.243652 1
    endloop
  endfacet
  facet normal -0.720859 0.693082 0
    outer loop
      vertex 5.46986 -0.179688 -0.00999928
      vertex 5.52847 -0.118729 1
      vertex 5.52847 -0.118729 -0.00999928
    endloop
  endfacet
  facet normal -0.720859 0.693082 0
    outer loop
      vertex 5.52847 -0.118729 1
      vertex 5.46986 -0.179688 -0.00999928
      vertex 5.46986 -0.179688 1
    endloop
  endfacet
  facet normal -0.668692 0.74354 0
    outer loop
      vertex 5.59291 -0.0607758 -0.00999928
      vertex 5.52847 -0.118729 1
      vertex 5.59291 -0.0607758 1
    endloop
  endfacet
  facet normal -0.668692 0.74354 0
    outer loop
      vertex 5.52847 -0.118729 1
      vertex 5.59291 -0.0607758 -0.00999928
      vertex 5.52847 -0.118729 -0.00999928
    endloop
  endfacet
  facet normal -0.616033 0.78772 0
    outer loop
      vertex 5.66319 -0.0058136 -0.00999928
      vertex 5.59291 -0.0607758 1
      vertex 5.66319 -0.0058136 1
    endloop
  endfacet
  facet normal -0.616033 0.78772 0
    outer loop
      vertex 5.59291 -0.0607758 1
      vertex 5.66319 -0.0058136 -0.00999928
      vertex 5.59291 -0.0607758 -0.00999928
    endloop
  endfacet
  facet normal -0.563628 0.826029 0
    outer loop
      vertex 5.73929 0.0461121 -0.00999928
      vertex 5.66319 -0.0058136 1
      vertex 5.73929 0.0461121 1
    endloop
  endfacet
  facet normal -0.563628 0.826029 0
    outer loop
      vertex 5.66319 -0.0058136 1
      vertex 5.73929 0.0461121 -0.00999928
      vertex 5.66319 -0.0058136 -0.00999928
    endloop
  endfacet
  facet normal -0.512848 0.85848 0
    outer loop
      vertex 5.82123 0.0950623 -0.00999928
      vertex 5.73929 0.0461121 1
      vertex 5.82123 0.0950623 1
    endloop
  endfacet
  facet normal -0.512848 0.85848 0
    outer loop
      vertex 5.73929 0.0461121 1
      vertex 5.82123 0.0950623 -0.00999928
      vertex 5.73929 0.0461121 -0.00999928
    endloop
  endfacet
  facet normal -0.463719 0.885982 0
    outer loop
      vertex 5.90901 0.141006 -0.00999928
      vertex 5.82123 0.0950623 1
      vertex 5.90901 0.141006 1
    endloop
  endfacet
  facet normal -0.463719 0.885982 0
    outer loop
      vertex 5.82123 0.0950623 1
      vertex 5.90901 0.141006 -0.00999928
      vertex 5.82123 0.0950623 -0.00999928
    endloop
  endfacet
  facet normal -0.436645 0.899634 0
    outer loop
      vertex 6.33786 0.349152 -0.00999928
      vertex 5.90901 0.141006 1
      vertex 6.33786 0.349152 1
    endloop
  endfacet
  facet normal -0.436645 0.899634 0
    outer loop
      vertex 5.90901 0.141006 1
      vertex 6.33786 0.349152 -0.00999928
      vertex 5.90901 0.141006 -0.00999928
    endloop
  endfacet
  facet normal -0.469028 0.883183 0
    outer loop
      vertex 6.40311 0.383804 -0.00999928
      vertex 6.33786 0.349152 1
      vertex 6.40311 0.383804 1
    endloop
  endfacet
  facet normal -0.469028 0.883183 0
    outer loop
      vertex 6.33786 0.349152 1
      vertex 6.40311 0.383804 -0.00999928
      vertex 6.33786 0.349152 -0.00999928
    endloop
  endfacet
  facet normal -0.566065 0.824361 0
    outer loop
      vertex 6.45833 0.421722 -0.00999928
      vertex 6.40311 0.383804 1
      vertex 6.45833 0.421722 1
    endloop
  endfacet
  facet normal -0.566065 0.824361 0
    outer loop
      vertex 6.40311 0.383804 1
      vertex 6.45833 0.421722 -0.00999928
      vertex 6.40311 0.383804 -0.00999928
    endloop
  endfacet
  facet normal -0.673832 0.738885 0
    outer loop
      vertex 6.50349 0.462906 -0.00999928
      vertex 6.45833 0.421722 1
      vertex 6.50349 0.462906 1
    endloop
  endfacet
  facet normal -0.673832 0.738885 0
    outer loop
      vertex 6.45833 0.421722 1
      vertex 6.50349 0.462906 -0.00999928
      vertex 6.45833 0.421722 -0.00999928
    endloop
  endfacet
  facet normal -0.784379 0.620282 0
    outer loop
      vertex 6.50349 0.462906 -0.00999928
      vertex 6.53864 0.507355 1
      vertex 6.53864 0.507355 -0.00999928
    endloop
  endfacet
  facet normal -0.784379 0.620282 0
    outer loop
      vertex 6.53864 0.507355 1
      vertex 6.50349 0.462906 -0.00999928
      vertex 6.50349 0.462906 1
    endloop
  endfacet
  facet normal -0.884954 0.465678 0
    outer loop
      vertex 6.53864 0.507355 -0.00999928
      vertex 6.56374 0.555054 1
      vertex 6.56374 0.555054 -0.00999928
    endloop
  endfacet
  facet normal -0.884954 0.465678 0
    outer loop
      vertex 6.56374 0.555054 1
      vertex 6.53864 0.507355 -0.00999928
      vertex 6.53864 0.507355 1
    endloop
  endfacet
  facet normal -0.959028 0.283312 0
    outer loop
      vertex 6.56374 0.555054 -0.00999928
      vertex 6.5788 0.606033 1
      vertex 6.5788 0.606033 -0.00999928
    endloop
  endfacet
  facet normal -0.959028 0.283312 0
    outer loop
      vertex 6.5788 0.606033 1
      vertex 6.56374 0.555054 -0.00999928
      vertex 6.56374 0.555054 1
    endloop
  endfacet
  facet normal -0.995743 0.0921746 0
    outer loop
      vertex 6.5788 0.606033 -0.00999928
      vertex 6.58382 0.660263 1
      vertex 6.58382 0.660263 -0.00999928
    endloop
  endfacet
  facet normal -0.995743 0.0921746 0
    outer loop
      vertex 6.58382 0.660263 1
      vertex 6.5788 0.606033 -0.00999928
      vertex 6.5788 0.606033 1
    endloop
  endfacet
  facet normal -0.998253 -0.0590783 0
    outer loop
      vertex 6.58382 0.660263 -0.00999928
      vertex 6.58138 0.701492 1
      vertex 6.58138 0.701492 -0.00999928
    endloop
  endfacet
  facet normal -0.998253 -0.0590783 0
    outer loop
      vertex 6.58138 0.701492 1
      vertex 6.58382 0.660263 -0.00999928
      vertex 6.58382 0.660263 1
    endloop
  endfacet
  facet normal -0.982224 -0.187714 0
    outer loop
      vertex 6.58138 0.701492 -0.00999928
      vertex 6.57404 0.739899 1
      vertex 6.57404 0.739899 -0.00999928
    endloop
  endfacet
  facet normal -0.982224 -0.187714 0
    outer loop
      vertex 6.57404 0.739899 1
      vertex 6.58138 0.701492 -0.00999928
      vertex 6.58138 0.701492 1
    endloop
  endfacet
  facet normal -0.945658 -0.325163 0
    outer loop
      vertex 6.57404 0.739899 -0.00999928
      vertex 6.56181 0.775467 1
      vertex 6.56181 0.775467 -0.00999928
    endloop
  endfacet
  facet normal -0.945658 -0.325163 0
    outer loop
      vertex 6.56181 0.775467 1
      vertex 6.57404 0.739899 -0.00999928
      vertex 6.57404 0.739899 1
    endloop
  endfacet
  facet normal -0.886102 -0.463491 0
    outer loop
      vertex 6.56181 0.775467 -0.00999928
      vertex 6.54469 0.808197 1
      vertex 6.54469 0.808197 -0.00999928
    endloop
  endfacet
  facet normal -0.886102 -0.463491 0
    outer loop
      vertex 6.54469 0.808197 1
      vertex 6.56181 0.775467 -0.00999928
      vertex 6.56181 0.775467 1
    endloop
  endfacet
  facet normal -0.805528 -0.592558 0
    outer loop
      vertex 6.54469 0.808197 -0.00999928
      vertex 6.52269 0.838104 1
      vertex 6.52269 0.838104 -0.00999928
    endloop
  endfacet
  facet normal -0.805528 -0.592558 0
    outer loop
      vertex 6.52269 0.838104 1
      vertex 6.54469 0.808197 -0.00999928
      vertex 6.54469 0.808197 1
    endloop
  endfacet
  facet normal -0.709318 -0.704889 0
    outer loop
      vertex 6.52269 0.838104 -0.00999928
      vertex 6.49579 0.865173 1
      vertex 6.49579 0.865173 -0.00999928
    endloop
  endfacet
  facet normal -0.709318 -0.704889 0
    outer loop
      vertex 6.49579 0.865173 1
      vertex 6.52269 0.838104 -0.00999928
      vertex 6.52269 0.838104 1
    endloop
  endfacet
  facet normal -0.606455 -0.795118 0
    outer loop
      vertex 6.464 0.88942 -0.00999928
      vertex 6.49579 0.865173 1
      vertex 6.464 0.88942 1
    endloop
  endfacet
  facet normal -0.606455 -0.795118 -0
    outer loop
      vertex 6.49579 0.865173 1
      vertex 6.464 0.88942 -0.00999928
      vertex 6.49579 0.865173 -0.00999928
    endloop
  endfacet
  facet normal -0.503011 -0.86428 0
    outer loop
      vertex 6.42761 0.910599 -0.00999928
      vertex 6.464 0.88942 1
      vertex 6.42761 0.910599 1
    endloop
  endfacet
  facet normal -0.503011 -0.86428 -0
    outer loop
      vertex 6.464 0.88942 1
      vertex 6.42761 0.910599 -0.00999928
      vertex 6.464 0.88942 -0.00999928
    endloop
  endfacet
  facet normal -0.403466 -0.914995 0
    outer loop
      vertex 6.38695 0.928528 -0.00999928
      vertex 6.42761 0.910599 1
      vertex 6.38695 0.928528 1
    endloop
  endfacet
  facet normal -0.403466 -0.914995 -0
    outer loop
      vertex 6.42761 0.910599 1
      vertex 6.38695 0.928528 -0.00999928
      vertex 6.42761 0.910599 -0.00999928
    endloop
  endfacet
  facet normal -0.310143 -0.95069 0
    outer loop
      vertex 6.342 0.943192 -0.00999928
      vertex 6.38695 0.928528 1
      vertex 6.342 0.943192 1
    endloop
  endfacet
  facet normal -0.310143 -0.95069 -0
    outer loop
      vertex 6.38695 0.928528 1
      vertex 6.342 0.943192 -0.00999928
      vertex 6.38695 0.928528 -0.00999928
    endloop
  endfacet
  facet normal -0.22571 -0.974195 0
    outer loop
      vertex 6.29274 0.954605 -0.00999928
      vertex 6.342 0.943192 1
      vertex 6.29274 0.954605 1
    endloop
  endfacet
  facet normal -0.22571 -0.974195 -0
    outer loop
      vertex 6.342 0.943192 1
      vertex 6.29274 0.954605 -0.00999928
      vertex 6.342 0.943192 -0.00999928
    endloop
  endfacet
  facet normal -0.150453 -0.988617 0
    outer loop
      vertex 6.2392 0.962753 -0.00999928
      vertex 6.29274 0.954605 1
      vertex 6.2392 0.962753 1
    endloop
  endfacet
  facet normal -0.150453 -0.988617 -0
    outer loop
      vertex 6.29274 0.954605 1
      vertex 6.2392 0.962753 -0.00999928
      vertex 6.29274 0.954605 -0.00999928
    endloop
  endfacet
  facet normal -0.0841377 -0.996454 0
    outer loop
      vertex 6.18137 0.967636 -0.00999928
      vertex 6.2392 0.962753 1
      vertex 6.18137 0.967636 1
    endloop
  endfacet
  facet normal -0.0841377 -0.996454 -0
    outer loop
      vertex 6.2392 0.962753 1
      vertex 6.18137 0.967636 -0.00999928
      vertex 6.2392 0.962753 -0.00999928
    endloop
  endfacet
  facet normal -0.0262788 -0.999655 0
    outer loop
      vertex 6.11925 0.969269 -0.00999928
      vertex 6.18137 0.967636 1
      vertex 6.11925 0.969269 1
    endloop
  endfacet
  facet normal -0.0262788 -0.999655 -0
    outer loop
      vertex 6.18137 0.967636 1
      vertex 6.11925 0.969269 -0.00999928
      vertex 6.18137 0.967636 -0.00999928
    endloop
  endfacet
  facet normal 0.0190782 -0.999818 0
    outer loop
      vertex 6.06328 0.968201 -0.00999928
      vertex 6.11925 0.969269 1
      vertex 6.06328 0.968201 1
    endloop
  endfacet
  facet normal 0.0190782 -0.999818 0
    outer loop
      vertex 6.11925 0.969269 1
      vertex 6.06328 0.968201 -0.00999928
      vertex 6.11925 0.969269 -0.00999928
    endloop
  endfacet
  facet normal 0.0560192 -0.99843 0
    outer loop
      vertex 6.00589 0.964981 -0.00999928
      vertex 6.06328 0.968201 1
      vertex 6.00589 0.964981 1
    endloop
  endfacet
  facet normal 0.0560192 -0.99843 0
    outer loop
      vertex 6.06328 0.968201 1
      vertex 6.00589 0.964981 -0.00999928
      vertex 6.06328 0.968201 -0.00999928
    endloop
  endfacet
  facet normal 0.0907282 -0.995876 0
    outer loop
      vertex 5.9471 0.959625 -0.00999928
      vertex 6.00589 0.964981 1
      vertex 5.9471 0.959625 1
    endloop
  endfacet
  facet normal 0.0907282 -0.995876 0
    outer loop
      vertex 6.00589 0.964981 1
      vertex 5.9471 0.959625 -0.00999928
      vertex 6.00589 0.964981 -0.00999928
    endloop
  endfacet
  facet normal 0.123722 -0.992317 0
    outer loop
      vertex 5.88689 0.952118 -0.00999928
      vertex 5.9471 0.959625 1
      vertex 5.88689 0.952118 1
    endloop
  endfacet
  facet normal 0.123722 -0.992317 0
    outer loop
      vertex 5.9471 0.959625 1
      vertex 5.88689 0.952118 -0.00999928
      vertex 5.9471 0.959625 -0.00999928
    endloop
  endfacet
  facet normal 0.154836 -0.98794 0
    outer loop
      vertex 5.82526 0.942459 -0.00999928
      vertex 5.88689 0.952118 1
      vertex 5.82526 0.942459 1
    endloop
  endfacet
  facet normal 0.154836 -0.98794 0
    outer loop
      vertex 5.88689 0.952118 1
      vertex 5.82526 0.942459 -0.00999928
      vertex 5.88689 0.952118 -0.00999928
    endloop
  endfacet
  facet normal 0.183884 -0.982948 0
    outer loop
      vertex 5.76221 0.930664 -0.00999928
      vertex 5.82526 0.942459 1
      vertex 5.76221 0.930664 1
    endloop
  endfacet
  facet normal 0.183884 -0.982948 0
    outer loop
      vertex 5.82526 0.942459 1
      vertex 5.76221 0.930664 -0.00999928
      vertex 5.82526 0.942459 -0.00999928
    endloop
  endfacet
  facet normal 0.211428 -0.977394 0
    outer loop
      vertex 5.69774 0.916718 -0.00999928
      vertex 5.76221 0.930664 1
      vertex 5.69774 0.916718 1
    endloop
  endfacet
  facet normal 0.211428 -0.977394 0
    outer loop
      vertex 5.76221 0.930664 1
      vertex 5.69774 0.916718 -0.00999928
      vertex 5.76221 0.930664 -0.00999928
    endloop
  endfacet
  facet normal 0.23703 -0.971502 0
    outer loop
      vertex 5.63251 0.900803 -0.00999928
      vertex 5.69774 0.916718 1
      vertex 5.63251 0.900803 1
    endloop
  endfacet
  facet normal 0.23703 -0.971502 0
    outer loop
      vertex 5.69774 0.916718 1
      vertex 5.63251 0.900803 -0.00999928
      vertex 5.69774 0.916718 -0.00999928
    endloop
  endfacet
  facet normal 0.261613 -0.965173 0
    outer loop
      vertex 5.56715 0.883087 -0.00999928
      vertex 5.63251 0.900803 1
      vertex 5.56715 0.883087 1
    endloop
  endfacet
  facet normal 0.261613 -0.965173 0
    outer loop
      vertex 5.63251 0.900803 1
      vertex 5.56715 0.883087 -0.00999928
      vertex 5.63251 0.900803 -0.00999928
    endloop
  endfacet
  facet normal 0.285589 -0.958352 0
    outer loop
      vertex 5.50166 0.863571 -0.00999928
      vertex 5.56715 0.883087 1
      vertex 5.50166 0.863571 1
    endloop
  endfacet
  facet normal 0.285589 -0.958352 0
    outer loop
      vertex 5.56715 0.883087 1
      vertex 5.50166 0.863571 -0.00999928
      vertex 5.56715 0.883087 -0.00999928
    endloop
  endfacet
  facet normal 0.308991 -0.951065 0
    outer loop
      vertex 5.43605 0.842255 -0.00999928
      vertex 5.50166 0.863571 1
      vertex 5.43605 0.842255 1
    endloop
  endfacet
  facet normal 0.308991 -0.951065 0
    outer loop
      vertex 5.50166 0.863571 1
      vertex 5.43605 0.842255 -0.00999928
      vertex 5.50166 0.863571 -0.00999928
    endloop
  endfacet
  facet normal 0.33189 -0.943318 0
    outer loop
      vertex 5.3703 0.819122 -0.00999928
      vertex 5.43605 0.842255 1
      vertex 5.3703 0.819122 1
    endloop
  endfacet
  facet normal 0.33189 -0.943318 0
    outer loop
      vertex 5.43605 0.842255 1
      vertex 5.3703 0.819122 -0.00999928
      vertex 5.43605 0.842255 -0.00999928
    endloop
  endfacet
  facet normal 0.354007 -0.935243 0
    outer loop
      vertex 5.30443 0.794189 -0.00999928
      vertex 5.3703 0.819122 1
      vertex 5.30443 0.794189 1
    endloop
  endfacet
  facet normal 0.354007 -0.935243 0
    outer loop
      vertex 5.3703 0.819122 1
      vertex 5.30443 0.794189 -0.00999928
      vertex 5.3703 0.819122 -0.00999928
    endloop
  endfacet
  facet normal 0.37537 -0.926875 0
    outer loop
      vertex 5.23842 0.767456 -0.00999928
      vertex 5.30443 0.794189 1
      vertex 5.23842 0.767456 1
    endloop
  endfacet
  facet normal 0.37537 -0.926875 0
    outer loop
      vertex 5.30443 0.794189 1
      vertex 5.23842 0.767456 -0.00999928
      vertex 5.30443 0.794189 -0.00999928
    endloop
  endfacet
  facet normal -0.991226 -0.132178 0
    outer loop
      vertex 5.23842 0.767456 -0.00999928
      vertex 5.16273 1.33507 1
      vertex 5.16273 1.33507 -0.00999928
    endloop
  endfacet
  facet normal -0.991226 -0.132178 0
    outer loop
      vertex 5.16273 1.33507 1
      vertex 5.23842 0.767456 -0.00999928
      vertex 5.23842 0.767456 1
    endloop
  endfacet
  facet normal -0.363711 0.931512 0
    outer loop
      vertex 5.21782 1.35658 -0.00999928
      vertex 5.16273 1.33507 1
      vertex 5.21782 1.35658 1
    endloop
  endfacet
  facet normal -0.363711 0.931512 0
    outer loop
      vertex 5.16273 1.33507 1
      vertex 5.21782 1.35658 -0.00999928
      vertex 5.16273 1.33507 -0.00999928
    endloop
  endfacet
  facet normal -0.331835 0.943337 0
    outer loop
      vertex 5.27496 1.37668 -0.00999928
      vertex 5.21782 1.35658 1
      vertex 5.27496 1.37668 1
    endloop
  endfacet
  facet normal -0.331835 0.943337 0
    outer loop
      vertex 5.21782 1.35658 1
      vertex 5.27496 1.37668 -0.00999928
      vertex 5.21782 1.35658 -0.00999928
    endloop
  endfacet
  facet normal -0.301016 0.953619 0
    outer loop
      vertex 5.33417 1.39537 -0.00999928
      vertex 5.27496 1.37668 1
      vertex 5.33417 1.39537 1
    endloop
  endfacet
  facet normal -0.301016 0.953619 0
    outer loop
      vertex 5.27496 1.37668 1
      vertex 5.33417 1.39537 -0.00999928
      vertex 5.27496 1.37668 -0.00999928
    endloop
  endfacet
  facet normal -0.271191 0.962525 0
    outer loop
      vertex 5.39543 1.41263 -0.00999928
      vertex 5.33417 1.39537 1
      vertex 5.39543 1.41263 1
    endloop
  endfacet
  facet normal -0.271191 0.962525 0
    outer loop
      vertex 5.33417 1.39537 1
      vertex 5.39543 1.41263 -0.00999928
      vertex 5.33417 1.39537 -0.00999928
    endloop
  endfacet
  facet normal -0.242788 0.970079 0
    outer loop
      vertex 5.45876 1.42848 -0.00999928
      vertex 5.39543 1.41263 1
      vertex 5.45876 1.42848 1
    endloop
  endfacet
  facet normal -0.242788 0.970079 0
    outer loop
      vertex 5.39543 1.41263 1
      vertex 5.45876 1.42848 -0.00999928
      vertex 5.39543 1.41263 -0.00999928
    endloop
  endfacet
  facet normal -0.215728 0.976453 0
    outer loop
      vertex 5.52412 1.44292 -0.00999928
      vertex 5.45876 1.42848 1
      vertex 5.52412 1.44292 1
    endloop
  endfacet
  facet normal -0.215728 0.976453 0
    outer loop
      vertex 5.45876 1.42848 1
      vertex 5.52412 1.44292 -0.00999928
      vertex 5.45876 1.42848 -0.00999928
    endloop
  endfacet
  facet normal -0.189393 0.981901 0
    outer loop
      vertex 5.59157 1.45593 -0.00999928
      vertex 5.52412 1.44292 1
      vertex 5.59157 1.45593 1
    endloop
  endfacet
  facet normal -0.189393 0.981901 0
    outer loop
      vertex 5.52412 1.44292 1
      vertex 5.59157 1.45593 -0.00999928
      vertex 5.52412 1.44292 -0.00999928
    endloop
  endfacet
  facet normal -0.164236 0.986421 0
    outer loop
      vertex 5.66034 1.46738 -0.00999928
      vertex 5.59157 1.45593 1
      vertex 5.66034 1.46738 1
    endloop
  endfacet
  facet normal -0.164236 0.986421 0
    outer loop
      vertex 5.59157 1.45593 1
      vertex 5.66034 1.46738 -0.00999928
      vertex 5.59157 1.45593 -0.00999928
    endloop
  endfacet
  facet normal -0.138043 0.990426 0
    outer loop
      vertex 5.72972 1.47705 -0.00999928
      vertex 5.66034 1.46738 1
      vertex 5.72972 1.47705 1
    endloop
  endfacet
  facet normal -0.138043 0.990426 0
    outer loop
      vertex 5.66034 1.46738 1
      vertex 5.72972 1.47705 -0.00999928
      vertex 5.66034 1.46738 -0.00999928
    endloop
  endfacet
  facet normal -0.112177 0.993688 0
    outer loop
      vertex 5.7997 1.48495 -0.00999928
      vertex 5.72972 1.47705 1
      vertex 5.7997 1.48495 1
    endloop
  endfacet
  facet normal -0.112177 0.993688 0
    outer loop
      vertex 5.72972 1.47705 1
      vertex 5.7997 1.48495 -0.00999928
      vertex 5.72972 1.47705 -0.00999928
    endloop
  endfacet
  facet normal -0.0870987 0.9962 0
    outer loop
      vertex 5.87027 1.49112 -0.00999928
      vertex 5.7997 1.48495 1
      vertex 5.87027 1.49112 1
    endloop
  endfacet
  facet normal -0.0870987 0.9962 0
    outer loop
      vertex 5.7997 1.48495 1
      vertex 5.87027 1.49112 -0.00999928
      vertex 5.7997 1.48495 -0.00999928
    endloop
  endfacet
  facet normal -0.0615577 0.998104 0
    outer loop
      vertex 5.94145 1.49551 -0.00999928
      vertex 5.87027 1.49112 1
      vertex 5.94145 1.49551 1
    endloop
  endfacet
  facet normal -0.0615577 0.998104 0
    outer loop
      vertex 5.87027 1.49112 1
      vertex 5.94145 1.49551 -0.00999928
      vertex 5.87027 1.49112 -0.00999928
    endloop
  endfacet
  facet normal -0.0367542 0.999324 0
    outer loop
      vertex 6.01323 1.49815 -0.00999928
      vertex 5.94145 1.49551 1
      vertex 6.01323 1.49815 1
    endloop
  endfacet
  facet normal -0.0367542 0.999324 0
    outer loop
      vertex 5.94145 1.49551 1
      vertex 6.01323 1.49815 -0.00999928
      vertex 5.94145 1.49551 -0.00999928
    endloop
  endfacet
  facet normal -0.0120174 0.999928 0
    outer loop
      vertex 6.08562 1.49902 -0.00999928
      vertex 6.01323 1.49815 1
      vertex 6.08562 1.49902 1
    endloop
  endfacet
  facet normal -0.0120174 0.999928 0
    outer loop
      vertex 6.01323 1.49815 1
      vertex 6.08562 1.49902 -0.00999928
      vertex 6.01323 1.49815 -0.00999928
    endloop
  endfacet
  facet normal 0.030094 0.999547 -0
    outer loop
      vertex 6.23143 1.49463 -0.00999928
      vertex 6.08562 1.49902 1
      vertex 6.23143 1.49463 1
    endloop
  endfacet
  facet normal 0.030094 0.999547 0
    outer loop
      vertex 6.08562 1.49902 1
      vertex 6.23143 1.49463 -0.00999928
      vertex 6.08562 1.49902 -0.00999928
    endloop
  endfacet
  facet normal 0 1 -0
    outer loop
      vertex -5.67282 0.891495 -0.00999928
      vertex -6.58646 0.891495 1
      vertex -5.67282 0.891495 1
    endloop
  endfacet
  facet normal 0 1 0
    outer loop
      vertex -6.58646 0.891495 1
      vertex -5.67282 0.891495 -0.00999928
      vertex -6.58646 0.891495 -0.00999928
    endloop
  endfacet
  facet normal -0.968038 0.250802 0
    outer loop
      vertex -5.67282 0.891495 -0.00999928
      vertex -5.52631 1.45699 1
      vertex -5.52631 1.45699 -0.00999928
    endloop
  endfacet
  facet normal -0.968038 0.250802 0
    outer loop
      vertex -5.52631 1.45699 1
      vertex -5.67282 0.891495 -0.00999928
      vertex -5.67282 0.891495 1
    endloop
  endfacet
  facet normal 0 1 -0
    outer loop
      vertex -4.9272 1.45699 -0.00999928
      vertex -5.52631 1.45699 1
      vertex -4.9272 1.45699 1
    endloop
  endfacet
  facet normal 0 1 0
    outer loop
      vertex -5.52631 1.45699 1
      vertex -4.9272 1.45699 -0.00999928
      vertex -5.52631 1.45699 -0.00999928
    endloop
  endfacet
  facet normal 0.960755 -0.277399 0
    outer loop
      vertex -5.78909 -1.52811 1
      vertex -4.9272 1.45699 -0.00999928
      vertex -4.9272 1.45699 1
    endloop
  endfacet
  facet normal 0.960755 -0.277399 0
    outer loop
      vertex -4.9272 1.45699 -0.00999928
      vertex -5.78909 -1.52811 1
      vertex -5.78909 -1.52811 -0.00999928
    endloop
  endfacet
  facet normal 0 -1 0
    outer loop
      vertex -6.47018 -1.52811 -0.00999928
      vertex -5.78909 -1.52811 1
      vertex -6.47018 -1.52811 1
    endloop
  endfacet
  facet normal 0 -1 -0
    outer loop
      vertex -5.78909 -1.52811 1
      vertex -6.47018 -1.52811 -0.00999928
      vertex -5.78909 -1.52811 -0.00999928
    endloop
  endfacet
  facet normal -0.960754 -0.277402 0
    outer loop
      vertex -6.47018 -1.52811 -0.00999928
      vertex -7.33208 1.45699 1
      vertex -7.33208 1.45699 -0.00999928
    endloop
  endfacet
  facet normal -0.960754 -0.277402 0
    outer loop
      vertex -7.33208 1.45699 1
      vertex -6.47018 -1.52811 -0.00999928
      vertex -6.47018 -1.52811 1
    endloop
  endfacet
  facet normal 0 1 -0
    outer loop
      vertex -6.73297 1.45699 -0.00999928
      vertex -7.33208 1.45699 1
      vertex -6.73297 1.45699 1
    endloop
  endfacet
  facet normal 0 1 0
    outer loop
      vertex -7.33208 1.45699 1
      vertex -6.73297 1.45699 -0.00999928
      vertex -7.33208 1.45699 -0.00999928
    endloop
  endfacet
  facet normal 0.968038 0.250802 0
    outer loop
      vertex -6.58646 0.891495 1
      vertex -6.73297 1.45699 -0.00999928
      vertex -6.73297 1.45699 1
    endloop
  endfacet
  facet normal 0.968038 0.250802 0
    outer loop
      vertex -6.73297 1.45699 -0.00999928
      vertex -6.58646 0.891495 1
      vertex -6.58646 0.891495 -0.00999928
    endloop
  endfacet
  facet normal 0.968036 0.250813 0
    outer loop
      vertex -6.14856 -0.798645 1
      vertex -6.45357 0.378571 -0.00999928
      vertex -6.45357 0.378571 1
    endloop
  endfacet
  facet normal 0.968036 0.250813 0
    outer loop
      vertex -6.45357 0.378571 -0.00999928
      vertex -6.14856 -0.798645 1
      vertex -6.14856 -0.798645 -0.00999928
    endloop
  endfacet
  facet normal 0 1 -0
    outer loop
      vertex -6.11072 -0.798645 -0.00999928
      vertex -6.14856 -0.798645 1
      vertex -6.11072 -0.798645 1
    endloop
  endfacet
  facet normal 0 1 0
    outer loop
      vertex -6.14856 -0.798645 1
      vertex -6.11072 -0.798645 -0.00999928
      vertex -6.14856 -0.798645 -0.00999928
    endloop
  endfacet
  facet normal -0.968036 0.250813 0
    outer loop
      vertex -6.11072 -0.798645 -0.00999928
      vertex -5.80571 0.378571 1
      vertex -5.80571 0.378571 -0.00999928
    endloop
  endfacet
  facet normal -0.968036 0.250813 0
    outer loop
      vertex -5.80571 0.378571 1
      vertex -6.11072 -0.798645 -0.00999928
      vertex -6.11072 -0.798645 1
    endloop
  endfacet
  facet normal 0 -1 0
    outer loop
      vertex -6.45357 0.378571 -0.00999928
      vertex -5.80571 0.378571 1
      vertex -6.45357 0.378571 1
    endloop
  endfacet
  facet normal 0 -1 -0
    outer loop
      vertex -5.80571 0.378571 1
      vertex -6.45357 0.378571 -0.00999928
      vertex -5.80571 0.378571 -0.00999928
    endloop
  endfacet
  facet normal 0 -1 0
    outer loop
      vertex -4.0717 0.946167 -0.00999928
      vertex -2.57915 0.946167 1
      vertex -4.0717 0.946167 1
    endloop
  endfacet
  facet normal 0 -1 -0
    outer loop
      vertex -2.57915 0.946167 1
      vertex -4.0717 0.946167 -0.00999928
      vertex -2.57915 0.946167 -0.00999928
    endloop
  endfacet
  facet normal 1 -0 0
    outer loop
      vertex -4.0717 -1.52811 1
      vertex -4.0717 0.946167 -0.00999928
      vertex -4.0717 0.946167 1
    endloop
  endfacet
  facet normal 1 0 0
    outer loop
      vertex -4.0717 0.946167 -0.00999928
      vertex -4.0717 -1.52811 1
      vertex -4.0717 -1.52811 -0.00999928
    endloop
  endfacet
  facet normal 0 -1 0
    outer loop
      vertex -4.62669 -1.52811 -0.00999928
      vertex -4.0717 -1.52811 1
      vertex -4.62669 -1.52811 1
    endloop
  endfacet
  facet normal 0 -1 -0
    outer loop
      vertex -4.0717 -1.52811 1
      vertex -4.62669 -1.52811 -0.00999928
      vertex -4.0717 -1.52811 -0.00999928
    endloop
  endfacet
  facet normal -1 0 0
    outer loop
      vertex -4.62669 -1.52811 -0.00999928
      vertex -4.62669 1.45699 1
      vertex -4.62669 1.45699 -0.00999928
    endloop
  endfacet
  facet normal -1 -0 0
    outer loop
      vertex -4.62669 1.45699 1
      vertex -4.62669 -1.52811 -0.00999928
      vertex -4.62669 -1.52811 1
    endloop
  endfacet
  facet normal 0 1 -0
    outer loop
      vertex -2.57915 1.45699 -0.00999928
      vertex -4.62669 1.45699 1
      vertex -2.57915 1.45699 1
    endloop
  endfacet
  facet normal 0 1 0
    outer loop
      vertex -4.62669 1.45699 1
      vertex -2.57915 1.45699 -0.00999928
      vertex -4.62669 1.45699 -0.00999928
    endloop
  endfacet
  facet normal 1 -0 0
    outer loop
      vertex -2.57915 0.946167 1
      vertex -2.57915 1.45699 -0.00999928
      vertex -2.57915 1.45699 1
    endloop
  endfacet
  facet normal 1 0 0
    outer loop
      vertex -2.57915 1.45699 -0.00999928
      vertex -2.57915 0.946167 1
      vertex -2.57915 0.946167 -0.00999928
    endloop
  endfacet
  facet normal 0.902608 0.430464 0
    outer loop
      vertex 4.96947 -1.52811 1
      vertex 4.00246 0.499542 -0.00999928
      vertex 4.00246 0.499542 1
    endloop
  endfacet
  facet normal 0.902608 0.430464 0
    outer loop
      vertex 4.00246 0.499542 -0.00999928
      vertex 4.96947 -1.52811 1
      vertex 4.96947 -1.52811 -0.00999928
    endloop
  endfacet
  facet normal 0 -1 0
    outer loop
      vertex 4.34932 -1.52811 -0.00999928
      vertex 4.96947 -1.52811 1
      vertex 4.34932 -1.52811 1
    endloop
  endfacet
  facet normal 0 -1 -0
    outer loop
      vertex 4.96947 -1.52811 1
      vertex 4.34932 -1.52811 -0.00999928
      vertex 4.96947 -1.52811 -0.00999928
    endloop
  endfacet
  facet normal -0.916536 -0.399951 0
    outer loop
      vertex 4.34932 -1.52811 -0.00999928
      vertex 3.74388 -0.140671 1
      vertex 3.74388 -0.140671 -0.00999928
    endloop
  endfacet
  facet normal -0.916536 -0.399951 0
    outer loop
      vertex 3.74388 -0.140671 1
      vertex 4.34932 -1.52811 -0.00999928
      vertex 4.34932 -1.52811 1
    endloop
  endfacet
  facet normal 0 -1 0
    outer loop
      vertex 3.70602 -0.140671 -0.00999928
      vertex 3.74388 -0.140671 1
      vertex 3.70602 -0.140671 1
    endloop
  endfacet
  facet normal 0 -1 -0
    outer loop
      vertex 3.74388 -0.140671 1
      vertex 3.70602 -0.140671 -0.00999928
      vertex 3.74388 -0.140671 -0.00999928
    endloop
  endfacet
  facet normal 0.916541 -0.39994 0
    outer loop
      vertex 3.1006 -1.52811 1
      vertex 3.70602 -0.140671 -0.00999928
      vertex 3.70602 -0.140671 1
    endloop
  endfacet
  facet normal 0.916541 -0.39994 0
    outer loop
      vertex 3.70602 -0.140671 -0.00999928
      vertex 3.1006 -1.52811 1
      vertex 3.1006 -1.52811 -0.00999928
    endloop
  endfacet
  facet normal 0 -1 0
    outer loop
      vertex 2.48048 -1.52811 -0.00999928
      vertex 3.1006 -1.52811 1
      vertex 2.48048 -1.52811 1
    endloop
  endfacet
  facet normal 0 -1 -0
    outer loop
      vertex 3.1006 -1.52811 1
      vertex 2.48048 -1.52811 -0.00999928
      vertex 3.1006 -1.52811 -0.00999928
    endloop
  endfacet
  facet normal -0.902613 0.430453 0
    outer loop
      vertex 2.48048 -1.52811 -0.00999928
      vertex 3.44746 0.499542 1
      vertex 3.44746 0.499542 -0.00999928
    endloop
  endfacet
  facet normal -0.902613 0.430453 0
    outer loop
      vertex 3.44746 0.499542 1
      vertex 2.48048 -1.52811 -0.00999928
      vertex 2.48048 -1.52811 1
    endloop
  endfacet
  facet normal -1 0 0
    outer loop
      vertex 3.44746 0.499542 -0.00999928
      vertex 3.44746 1.45699 1
      vertex 3.44746 1.45699 -0.00999928
    endloop
  endfacet
  facet normal -1 -0 0
    outer loop
      vertex 3.44746 1.45699 1
      vertex 3.44746 0.499542 -0.00999928
      vertex 3.44746 0.499542 1
    endloop
  endfacet
  facet normal 0 1 -0
    outer loop
      vertex 4.00246 1.45699 -0.00999928
      vertex 3.44746 1.45699 1
      vertex 4.00246 1.45699 1
    endloop
  endfacet
  facet normal 0 1 0
    outer loop
      vertex 3.44746 1.45699 1
      vertex 4.00246 1.45699 -0.00999928
      vertex 3.44746 1.45699 -0.00999928
    endloop
  endfacet
  facet normal 1 -0 0
    outer loop
      vertex 4.00246 0.499542 1
      vertex 4.00246 1.45699 -0.00999928
      vertex 4.00246 1.45699 1
    endloop
  endfacet
  facet normal 1 0 0
    outer loop
      vertex 4.00246 1.45699 -0.00999928
      vertex 4.00246 0.499542 1
      vertex 4.00246 0.499542 -0.00999928
    endloop
  endfacet
  facet normal 0.997316 -0.0732166 0
    outer loop
      vertex -1.91077 -1.52811 1
      vertex -1.72789 0.962982 -0.00999928
      vertex -1.72789 0.962982 1
    endloop
  endfacet
  facet normal 0.997316 -0.0732166 0
    outer loop
      vertex -1.72789 0.962982 -0.00999928
      vertex -1.91077 -1.52811 1
      vertex -1.91077 -1.52811 -0.00999928
    endloop
  endfacet
  facet normal 0 -1 0
    outer loop
      vertex -2.45735 -1.52811 -0.00999928
      vertex -1.91077 -1.52811 1
      vertex -2.45735 -1.52811 1
    endloop
  endfacet
  facet normal 0 -1 -0
    outer loop
      vertex -1.91077 -1.52811 1
      vertex -2.45735 -1.52811 -0.00999928
      vertex -1.91077 -1.52811 -0.00999928
    endloop
  endfacet
  facet normal -0.994319 0.10644 0
    outer loop
      vertex -2.45735 -1.52811 -0.00999928
      vertex -2.1378 1.45699 1
      vertex -2.1378 1.45699 -0.00999928
    endloop
  endfacet
  facet normal -0.994319 0.10644 0
    outer loop
      vertex -2.1378 1.45699 1
      vertex -2.45735 -1.52811 -0.00999928
      vertex -2.45735 -1.52811 1
    endloop
  endfacet
  facet normal 0 1 -0
    outer loop
      vertex -1.3831 1.45699 -0.00999928
      vertex -2.1378 1.45699 1
      vertex -1.3831 1.45699 1
    endloop
  endfacet
  facet normal 0 1 0
    outer loop
      vertex -2.1378 1.45699 1
      vertex -1.3831 1.45699 -0.00999928
      vertex -2.1378 1.45699 -0.00999928
    endloop
  endfacet
  facet normal 0.994874 0.101123 0
    outer loop
      vertex -1.21494 -0.197403 1
      vertex -1.3831 1.45699 -0.00999928
      vertex -1.3831 1.45699 1
    endloop
  endfacet
  facet normal 0.994874 0.101123 0
    outer loop
      vertex -1.3831 1.45699 -0.00999928
      vertex -1.21494 -0.197403 1
      vertex -1.21494 -0.197403 -0.00999928
    endloop
  endfacet
  facet normal 0 1 -0
    outer loop
      vertex -1.18973 -0.197403 -0.00999928
      vertex -1.21494 -0.197403 1
      vertex -1.18973 -0.197403 1
    endloop
  endfacet
  facet normal 0 1 0
    outer loop
      vertex -1.21494 -0.197403 1
      vertex -1.18973 -0.197403 -0.00999928
      vertex -1.21494 -0.197403 -0.00999928
    endloop
  endfacet
  facet normal -0.994873 0.101129 0
    outer loop
      vertex -1.18973 -0.197403 -0.00999928
      vertex -1.02156 1.45699 1
      vertex -1.02156 1.45699 -0.00999928
    endloop
  endfacet
  facet normal -0.994873 0.101129 0
    outer loop
      vertex -1.02156 1.45699 1
      vertex -1.18973 -0.197403 -0.00999928
      vertex -1.18973 -0.197403 1
    endloop
  endfacet
  facet normal 0 1 -0
    outer loop
      vertex -0.266861 1.45699 -0.00999928
      vertex -1.02156 1.45699 1
      vertex -0.266861 1.45699 1
    endloop
  endfacet
  facet normal 0 1 0
    outer loop
      vertex -1.02156 1.45699 1
      vertex -0.266861 1.45699 -0.00999928
      vertex -1.02156 1.45699 -0.00999928
    endloop
  endfacet
  facet normal 0.99432 0.106435 0
    outer loop
      vertex 0.0526733 -1.52811 1
      vertex -0.266861 1.45699 -0.00999928
      vertex -0.266861 1.45699 1
    endloop
  endfacet
  facet normal 0.99432 0.106435 0
    outer loop
      vertex -0.266861 1.45699 -0.00999928
      vertex 0.0526733 -1.52811 1
      vertex 0.0526733 -1.52811 -0.00999928
    endloop
  endfacet
  facet normal 0 -1 0
    outer loop
      vertex -0.493912 -1.52811 -0.00999928
      vertex 0.0526733 -1.52811 1
      vertex -0.493912 -1.52811 1
    endloop
  endfacet
  facet normal 0 -1 -0
    outer loop
      vertex 0.0526733 -1.52811 1
      vertex -0.493912 -1.52811 -0.00999928
      vertex 0.0526733 -1.52811 -0.00999928
    endloop
  endfacet
  facet normal -0.997317 -0.073209 0
    outer loop
      vertex -0.493912 -1.52811 -0.00999928
      vertex -0.676773 0.962982 1
      vertex -0.676773 0.962982 -0.00999928
    endloop
  endfacet
  facet normal -0.997317 -0.073209 0
    outer loop
      vertex -0.676773 0.962982 1
      vertex -0.493912 -1.52811 -0.00999928
      vertex -0.493912 -1.52811 1
    endloop
  endfacet
  facet normal 0 -1 0
    outer loop
      vertex -0.735641 0.962982 -0.00999928
      vertex -0.676773 0.962982 1
      vertex -0.735641 0.962982 1
    endloop
  endfacet
  facet normal 0 -1 -0
    outer loop
      vertex -0.676773 0.962982 1
      vertex -0.735641 0.962982 -0.00999928
      vertex -0.676773 0.962982 -0.00999928
    endloop
  endfacet
  facet normal 0.992146 -0.125082 0
    outer loop
      vertex -0.954285 -0.771301 1
      vertex -0.735641 0.962982 -0.00999928
      vertex -0.735641 0.962982 1
    endloop
  endfacet
  facet normal 0.992146 -0.125082 0
    outer loop
      vertex -0.735641 0.962982 -0.00999928
      vertex -0.954285 -0.771301 1
      vertex -0.954285 -0.771301 -0.00999928
    endloop
  endfacet
  facet normal 0 -1 0
    outer loop
      vertex -1.4462 -0.771301 -0.00999928
      vertex -0.954285 -0.771301 1
      vertex -1.4462 -0.771301 1
    endloop
  endfacet
  facet normal 0 -1 -0
    outer loop
      vertex -0.954285 -0.771301 1
      vertex -1.4462 -0.771301 -0.00999928
      vertex -0.954285 -0.771301 -0.00999928
    endloop
  endfacet
  facet normal -0.991847 -0.127432 0
    outer loop
      vertex -1.4462 -0.771301 -0.00999928
      vertex -1.66902 0.962982 1
      vertex -1.66902 0.962982 -0.00999928
    endloop
  endfacet
  facet normal -0.991847 -0.127432 0
    outer loop
      vertex -1.66902 0.962982 1
      vertex -1.4462 -0.771301 -0.00999928
      vertex -1.4462 -0.771301 1
    endloop
  endfacet
  facet normal 0 -1 0
    outer loop
      vertex -1.72789 0.962982 -0.00999928
      vertex -1.66902 0.962982 1
      vertex -1.72789 0.962982 1
    endloop
  endfacet
  facet normal 0 -1 -0
    outer loop
      vertex -1.66902 0.962982 1
      vertex -1.72789 0.962982 -0.00999928
      vertex -1.66902 0.962982 -0.00999928
    endloop
  endfacet
  facet normal 0 1 -0
    outer loop
      vertex 1.71812 0.891495 -0.00999928
      vertex 0.804489 0.891495 1
      vertex 1.71812 0.891495 1
    endloop
  endfacet
  facet normal 0 1 0
    outer loop
      vertex 0.804489 0.891495 1
      vertex 1.71812 0.891495 -0.00999928
      vertex 0.804489 0.891495 -0.00999928
    endloop
  endfacet
  facet normal -0.968034 0.250818 0
    outer loop
      vertex 1.71812 0.891495 -0.00999928
      vertex 1.86464 1.45699 1
      vertex 1.86464 1.45699 -0.00999928
    endloop
  endfacet
  facet normal -0.968034 0.250818 0
    outer loop
      vertex 1.86464 1.45699 1
      vertex 1.71812 0.891495 -0.00999928
      vertex 1.71812 0.891495 1
    endloop
  endfacet
  facet normal 0 1 -0
    outer loop
      vertex 2.46375 1.45699 -0.00999928
      vertex 1.86464 1.45699 1
      vertex 2.46375 1.45699 1
    endloop
  endfacet
  facet normal 0 1 0
    outer loop
      vertex 1.86464 1.45699 1
      vertex 2.46375 1.45699 -0.00999928
      vertex 1.86464 1.45699 -0.00999928
    endloop
  endfacet
  facet normal 0.960754 -0.277402 0
    outer loop
      vertex 1.60185 -1.52811 1
      vertex 2.46375 1.45699 -0.00999928
      vertex 2.46375 1.45699 1
    endloop
  endfacet
  facet normal 0.960754 -0.277402 0
    outer loop
      vertex 2.46375 1.45699 -0.00999928
      vertex 1.60185 -1.52811 1
      vertex 1.60185 -1.52811 -0.00999928
    endloop
  endfacet
  facet normal 0 -1 0
    outer loop
      vertex 0.920761 -1.52811 -0.00999928
      vertex 1.60185 -1.52811 1
      vertex 0.920761 -1.52811 1
    endloop
  endfacet
  facet normal 0 -1 -0
    outer loop
      vertex 1.60185 -1.52811 1
      vertex 0.920761 -1.52811 -0.00999928
      vertex 1.60185 -1.52811 -0.00999928
    endloop
  endfacet
  facet normal -0.960754 -0.2774 0
    outer loop
      vertex 0.920761 -1.52811 -0.00999928
      vertex 0.0588684 1.45699 1
      vertex 0.0588684 1.45699 -0.00999928
    endloop
  endfacet
  facet normal -0.960754 -0.2774 0
    outer loop
      vertex 0.0588684 1.45699 1
      vertex 0.920761 -1.52811 -0.00999928
      vertex 0.920761 -1.52811 1
    endloop
  endfacet
  facet normal 0 1 -0
    outer loop
      vertex 0.657974 1.45699 -0.00999928
      vertex 0.0588684 1.45699 1
      vertex 0.657974 1.45699 1
    endloop
  endfacet
  facet normal 0 1 0
    outer loop
      vertex 0.0588684 1.45699 1
      vertex 0.657974 1.45699 -0.00999928
      vertex 0.0588684 1.45699 -0.00999928
    endloop
  endfacet
  facet normal 0.968036 0.25081 0
    outer loop
      vertex 0.804489 0.891495 1
      vertex 0.657974 1.45699 -0.00999928
      vertex 0.657974 1.45699 1
    endloop
  endfacet
  facet normal 0.968036 0.25081 0
    outer loop
      vertex 0.657974 1.45699 -0.00999928
      vertex 0.804489 0.891495 1
      vertex 0.804489 0.891495 -0.00999928
    endloop
  endfacet
  facet normal 0.968035 0.250814 0
    outer loop
      vertex 1.24239 -0.798645 1
      vertex 0.937378 0.378571 -0.00999928
      vertex 0.937378 0.378571 1
    endloop
  endfacet
  facet normal 0.968035 0.250814 0
    outer loop
      vertex 0.937378 0.378571 -0.00999928
      vertex 1.24239 -0.798645 1
      vertex 1.24239 -0.798645 -0.00999928
    endloop
  endfacet
  facet normal 0 1 -0
    outer loop
      vertex 1.28023 -0.798645 -0.00999928
      vertex 1.24239 -0.798645 1
      vertex 1.28023 -0.798645 1
    endloop
  endfacet
  facet normal 0 1 0
    outer loop
      vertex 1.24239 -0.798645 1
      vertex 1.28023 -0.798645 -0.00999928
      vertex 1.24239 -0.798645 -0.00999928
    endloop
  endfacet
  facet normal -0.968036 0.250813 0
    outer loop
      vertex 1.28023 -0.798645 -0.00999928
      vertex 1.58524 0.378571 1
      vertex 1.58524 0.378571 -0.00999928
    endloop
  endfacet
  facet normal -0.968036 0.250813 0
    outer loop
      vertex 1.58524 0.378571 1
      vertex 1.28023 -0.798645 -0.00999928
      vertex 1.28023 -0.798645 1
    endloop
  endfacet
  facet normal 0 -1 0
    outer loop
      vertex 0.937378 0.378571 -0.00999928
      vertex 1.58524 0.378571 1
      vertex 0.937378 0.378571 1
    endloop
  endfacet
  facet normal 0 -1 -0
    outer loop
      vertex 1.58524 0.378571 1
      vertex 0.937378 0.378571 -0.00999928
      vertex 1.58524 0.378571 -0.00999928
    endloop
  endfacet
  facet normal 0 0 1
    outer loop
      vertex 27.6284 1.08189 1
      vertex 26.6547 1.13144 1
      vertex 26.6586 1.06494 1
    endloop
  endfacet
  facet normal 0 0 1
    outer loop
      vertex 26.8719 2.24049 1
      vertex 26.6428 1.19337 1
      vertex 26.6547 1.13144 1
    endloop
  endfacet
  facet normal 0 0 1
    outer loop
      vertex 26.8719 2.24049 1
      vertex 26.6231 1.25075 1
      vertex 26.6428 1.19337 1
    endloop
  endfacet
  facet normal 0 0 1
    outer loop
      vertex 26.8719 2.24049 1
      vertex 26.5955 1.30354 1
      vertex 26.6231 1.25075 1
    endloop
  endfacet
  facet normal 0 0 1
    outer loop
      vertex 26.8719 2.24049 1
      vertex 26.56 1.35178 1
      vertex 26.5955 1.30354 1
    endloop
  endfacet
  facet normal 0 0 1
    outer loop
      vertex 26.8719 2.24049 1
      vertex 26.5166 1.39545 1
      vertex 26.56 1.35178 1
    endloop
  endfacet
  facet normal 0 0 1
    outer loop
      vertex 26.3411 1.49763 1
      vertex 26.7004 2.30432 1
      vertex 26.5129 2.35397 1
    endloop
  endfacet
  facet normal 0 0 1
    outer loop
      vertex 26.8719 2.24049 1
      vertex 26.4654 1.43454 1
      vertex 26.5166 1.39545 1
    endloop
  endfacet
  facet normal 0 0 1
    outer loop
      vertex 26.8719 2.24049 1
      vertex 26.4067 1.46872 1
      vertex 26.4654 1.43454 1
    endloop
  endfacet
  facet normal 0 0 1
    outer loop
      vertex 26.7004 2.30432 1
      vertex 26.3411 1.49763 1
      vertex 26.4067 1.46872 1
    endloop
  endfacet
  facet normal 0 0 1
    outer loop
      vertex 26.2686 1.52129 1
      vertex 26.5129 2.35397 1
      vertex 26.3095 2.38942 1
    endloop
  endfacet
  facet normal 0 0 1
    outer loop
      vertex 26.5129 2.35397 1
      vertex 26.2686 1.52129 1
      vertex 26.3411 1.49763 1
    endloop
  endfacet
  facet normal 0 0 1
    outer loop
      vertex 26.3095 2.38942 1
      vertex 26.1891 1.53969 1
      vertex 26.2686 1.52129 1
    endloop
  endfacet
  facet normal 0 0 1
    outer loop
      vertex 26.3095 2.38942 1
      vertex 26.1028 1.55283 1
      vertex 26.1891 1.53969 1
    endloop
  endfacet
  facet normal 0 0 1
    outer loop
      vertex 26.0903 2.41071 1
      vertex 26.1028 1.55283 1
      vertex 26.3095 2.38942 1
    endloop
  endfacet
  facet normal 0 0 1
    outer loop
      vertex 26.0903 2.41071 1
      vertex 26.0095 1.56071 1
      vertex 26.1028 1.55283 1
    endloop
  endfacet
  facet normal 0 0 1
    outer loop
      vertex 26.0903 2.41071 1
      vertex 25.9093 1.56334 1
      vertex 26.0095 1.56071 1
    endloop
  endfacet
  facet normal 0 0 1
    outer loop
      vertex 25.8551 2.41779 1
      vertex 25.9093 1.56334 1
      vertex 26.0903 2.41071 1
    endloop
  endfacet
  facet normal 0 0 1
    outer loop
      vertex 25.8551 2.41779 1
      vertex 25.819 1.56161 1
      vertex 25.9093 1.56334 1
    endloop
  endfacet
  facet normal -0 0 1
    outer loop
      vertex 25.7383 2.41637 1
      vertex 25.819 1.56161 1
      vertex 25.8551 2.41779 1
    endloop
  endfacet
  facet normal 0 0 1
    outer loop
      vertex 25.7383 2.41637 1
      vertex 25.7265 1.55643 1
      vertex 25.819 1.56161 1
    endloop
  endfacet
  facet normal -0 0 1
    outer loop
      vertex 25.6225 2.41212 1
      vertex 25.7265 1.55643 1
      vertex 25.7383 2.41637 1
    endloop
  endfacet
  facet normal 0 0 1
    outer loop
      vertex 25.7265 1.55643 1
      vertex 25.6225 2.41212 1
      vertex 25.6317 1.54778 1
    endloop
  endfacet
  facet normal -0 0 1
    outer loop
      vertex 25.5077 2.40503 1
      vertex 25.6317 1.54778 1
      vertex 25.6225 2.41212 1
    endloop
  endfacet
  facet normal 0 0 1
    outer loop
      vertex 25.6317 1.54778 1
      vertex 25.5077 2.40503 1
      vertex 25.5345 1.53568 1
    endloop
  endfacet
  facet normal -0 0 1
    outer loop
      vertex 25.3939 2.3951 1
      vertex 25.5345 1.53568 1
      vertex 25.5077 2.40503 1
    endloop
  endfacet
  facet normal 0 0 1
    outer loop
      vertex 25.5345 1.53568 1
      vertex 25.3939 2.3951 1
      vertex 25.4351 1.5201 1
    endloop
  endfacet
  facet normal -0 0 1
    outer loop
      vertex 25.281 2.38234 1
      vertex 25.4351 1.5201 1
      vertex 25.3939 2.3951 1
    endloop
  endfacet
  facet normal 0 0 1
    outer loop
      vertex 25.4351 1.5201 1
      vertex 25.281 2.38234 1
      vertex 25.3334 1.50108 1
    endloop
  endfacet
  facet normal -0 0 1
    outer loop
      vertex 25.1691 2.36673 1
      vertex 25.3334 1.50108 1
      vertex 25.281 2.38234 1
    endloop
  endfacet
  facet normal 0 0 1
    outer loop
      vertex 25.3334 1.50108 1
      vertex 25.1691 2.36673 1
      vertex 25.2295 1.47859 1
    endloop
  endfacet
  facet normal -0 0 1
    outer loop
      vertex 25.0582 2.3483 1
      vertex 25.2295 1.47859 1
      vertex 25.1691 2.36673 1
    endloop
  endfacet
  facet normal -0 0 1
    outer loop
      vertex 24.9494 2.32729 1
      vertex 25.2295 1.47859 1
      vertex 25.0582 2.3483 1
    endloop
  endfacet
  facet normal 0 0 1
    outer loop
      vertex 25.2295 1.47859 1
      vertex 24.9494 2.32729 1
      vertex 25.1243 1.45293 1
    endloop
  endfacet
  facet normal -0 0 1
    outer loop
      vertex 24.844 2.30402 1
      vertex 25.1243 1.45293 1
      vertex 24.9494 2.32729 1
    endloop
  endfacet
  facet normal 0 0 1
    outer loop
      vertex 25.1243 1.45293 1
      vertex 24.844 2.30402 1
      vertex 25.0188 1.42435 1
    endloop
  endfacet
  facet normal -0 0 1
    outer loop
      vertex 24.7419 2.27844 1
      vertex 25.0188 1.42435 1
      vertex 24.844 2.30402 1
    endloop
  endfacet
  facet normal 0 0 1
    outer loop
      vertex 25.0188 1.42435 1
      vertex 24.7419 2.27844 1
      vertex 24.9132 1.39287 1
    endloop
  endfacet
  facet normal -0 0 1
    outer loop
      vertex 24.6431 2.2506 1
      vertex 24.9132 1.39287 1
      vertex 24.7419 2.27844 1
    endloop
  endfacet
  facet normal -0 0 1
    outer loop
      vertex 24.5476 2.22046 1
      vertex 24.9132 1.39287 1
      vertex 24.6431 2.2506 1
    endloop
  endfacet
  facet normal 0 0 1
    outer loop
      vertex 24.9132 1.39287 1
      vertex 24.5476 2.22046 1
      vertex 24.8074 1.35847 1
    endloop
  endfacet
  facet normal -0 0 1
    outer loop
      vertex 24.4554 2.18805 1
      vertex 24.8074 1.35847 1
      vertex 24.5476 2.22046 1
    endloop
  endfacet
  facet normal 0 0 1
    outer loop
      vertex 24.8074 1.35847 1
      vertex 24.4554 2.18805 1
      vertex 24.7013 1.32117 1
    endloop
  endfacet
  facet normal -0 0 1
    outer loop
      vertex 24.3666 2.15334 1
      vertex 24.7013 1.32117 1
      vertex 24.4554 2.18805 1
    endloop
  endfacet
  facet normal 0 0 1
    outer loop
      vertex 24.7013 1.32117 1
      vertex 24.3666 2.15334 1
      vertex 24.5951 1.28096 1
    endloop
  endfacet
  facet normal 0 0 1
    outer loop
      vertex 24.5951 1.28096 1
      vertex 24.3666 2.15334 1
      vertex 24.4886 1.23784 1
    endloop
  endfacet
  facet normal -0 0 1
    outer loop
      vertex 26.6547 1.13144 1
      vertex 27.6284 1.08189 1
      vertex 27.6189 1.259 1
    endloop
  endfacet
  facet normal 0 0 1
    outer loop
      vertex 27.6284 1.08189 1
      vertex 26.6586 1.06494 1
      vertex 27.6227 0.967651 1
    endloop
  endfacet
  facet normal 0 0 1
    outer loop
      vertex 26.6547 1.13144 1
      vertex 27.6189 1.259 1
      vertex 27.5907 1.42415 1
    endloop
  endfacet
  facet normal 0 0 1
    outer loop
      vertex 27.6227 0.967651 1
      vertex 26.6586 1.06494 1
      vertex 27.6058 0.855469 1
    endloop
  endfacet
  facet normal 0 0 1
    outer loop
      vertex 26.6547 1.13144 1
      vertex 27.5907 1.42415 1
      vertex 27.5437 1.57732 1
    endloop
  endfacet
  facet normal -0 0 1
    outer loop
      vertex 26.6505 0.977478 1
      vertex 27.6058 0.855469 1
      vertex 26.6586 1.06494 1
    endloop
  endfacet
  facet normal 0 0 1
    outer loop
      vertex 27.6058 0.855469 1
      vertex 26.6505 0.977478 1
      vertex 27.5776 0.745377 1
    endloop
  endfacet
  facet normal 0 0 1
    outer loop
      vertex 26.6547 1.13144 1
      vertex 27.5437 1.57732 1
      vertex 27.4778 1.71852 1
    endloop
  endfacet
  facet normal 0 0 1
    outer loop
      vertex 27.5776 0.745377 1
      vertex 26.6505 0.977478 1
      vertex 27.5381 0.637375 1
    endloop
  endfacet
  facet normal 0 0 1
    outer loop
      vertex 26.6547 1.13144 1
      vertex 27.4778 1.71852 1
      vertex 27.3931 1.84775 1
    endloop
  endfacet
  facet normal -0 0 1
    outer loop
      vertex 26.6262 0.895264 1
      vertex 27.5381 0.637375 1
      vertex 26.6505 0.977478 1
    endloop
  endfacet
  facet normal 0 0 1
    outer loop
      vertex 26.6547 1.13144 1
      vertex 27.3931 1.84775 1
      vertex 27.2896 1.96501 1
    endloop
  endfacet
  facet normal 0 0 1
    outer loop
      vertex 27.5381 0.637375 1
      vertex 26.6262 0.895264 1
      vertex 27.4874 0.531433 1
    endloop
  endfacet
  facet normal 0 0 1
    outer loop
      vertex 27.4874 0.531433 1
      vertex 26.6262 0.895264 1
      vertex 27.4253 0.427567 1
    endloop
  endfacet
  facet normal 0 0 1
    outer loop
      vertex 26.6547 1.13144 1
      vertex 27.2896 1.96501 1
      vertex 27.1672 2.0703 1
    endloop
  endfacet
  facet normal 0 0 1
    outer loop
      vertex 27.4253 0.427567 1
      vertex 26.6262 0.895264 1
      vertex 27.352 0.32579 1
    endloop
  endfacet
  facet normal 0 0 1
    outer loop
      vertex 26.6547 1.13144 1
      vertex 27.1672 2.0703 1
      vertex 27.0275 2.16249 1
    endloop
  endfacet
  facet normal -0 0 1
    outer loop
      vertex 26.5857 0.818314 1
      vertex 27.352 0.32579 1
      vertex 26.6262 0.895264 1
    endloop
  endfacet
  facet normal 0 0 1
    outer loop
      vertex 26.6547 1.13144 1
      vertex 27.0275 2.16249 1
      vertex 26.8719 2.24049 1
    endloop
  endfacet
  facet normal 0 0 1
    outer loop
      vertex 27.352 0.32579 1
      vertex 26.5857 0.818314 1
      vertex 27.2683 0.226837 1
    endloop
  endfacet
  facet normal -0 0 1
    outer loop
      vertex 26.5291 0.746628 1
      vertex 27.2683 0.226837 1
      vertex 26.5857 0.818314 1
    endloop
  endfacet
  facet normal 0 0 1
    outer loop
      vertex 26.4067 1.46872 1
      vertex 26.8719 2.24049 1
      vertex 26.7004 2.30432 1
    endloop
  endfacet
  facet normal 0 0 1
    outer loop
      vertex 27.2683 0.226837 1
      vertex 26.5291 0.746628 1
      vertex 27.1751 0.131485 1
    endloop
  endfacet
  facet normal 0 0 1
    outer loop
      vertex 27.1751 0.131485 1
      vertex 26.5291 0.746628 1
      vertex 27.0725 0.0397186 1
    endloop
  endfacet
  facet normal -0 0 1
    outer loop
      vertex 26.4562 0.680206 1
      vertex 27.0725 0.0397186 1
      vertex 26.5291 0.746628 1
    endloop
  endfacet
  facet normal 0 0 1
    outer loop
      vertex 27.0725 0.0397186 1
      vertex 26.4562 0.680206 1
      vertex 26.9603 -0.0484161 1
    endloop
  endfacet
  facet normal -0 0 1
    outer loop
      vertex 26.3672 0.619049 1
      vertex 26.9603 -0.0484161 1
      vertex 26.4562 0.680206 1
    endloop
  endfacet
  facet normal 0 0 1
    outer loop
      vertex 26.9603 -0.0484161 1
      vertex 26.3672 0.619049 1
      vertex 26.8387 -0.13298 1
    endloop
  endfacet
  facet normal 0 0 1
    outer loop
      vertex 26.8387 -0.13298 1
      vertex 26.3672 0.619049 1
      vertex 26.7076 -0.213928 1
    endloop
  endfacet
  facet normal -0 0 1
    outer loop
      vertex 26.2619 0.563141 1
      vertex 26.7076 -0.213928 1
      vertex 26.3672 0.619049 1
    endloop
  endfacet
  facet normal 0 0 1
    outer loop
      vertex 26.7076 -0.213928 1
      vertex 26.2619 0.563141 1
      vertex 26.5671 -0.29129 1
    endloop
  endfacet
  facet normal -0 0 1
    outer loop
      vertex 25.5702 0.227448 1
      vertex 26.5671 -0.29129 1
      vertex 26.2619 0.563141 1
    endloop
  endfacet
  facet normal 0 0 1
    outer loop
      vertex 26.5671 -0.29129 1
      vertex 25.5702 0.227448 1
      vertex 25.9161 -0.626938 1
    endloop
  endfacet
  facet normal -0 0 1
    outer loop
      vertex 25.4286 0.153336 1
      vertex 25.9161 -0.626938 1
      vertex 25.5702 0.227448 1
    endloop
  endfacet
  facet normal 0 0 1
    outer loop
      vertex 25.9161 -0.626938 1
      vertex 25.4286 0.153336 1
      vertex 25.8561 -0.660431 1
    endloop
  endfacet
  facet normal -0 0 1
    outer loop
      vertex 25.2965 0.0743866 1
      vertex 25.8561 -0.660431 1
      vertex 25.4286 0.153336 1
    endloop
  endfacet
  facet normal 0 0 1
    outer loop
      vertex 25.8561 -0.660431 1
      vertex 25.2965 0.0743866 1
      vertex 25.8002 -0.695038 1
    endloop
  endfacet
  facet normal 0 0 1
    outer loop
      vertex 25.8002 -0.695038 1
      vertex 25.2965 0.0743866 1
      vertex 25.7484 -0.730743 1
    endloop
  endfacet
  facet normal -0 0 1
    outer loop
      vertex 25.1737 -0.00939941 1
      vertex 25.7484 -0.730743 1
      vertex 25.2965 0.0743866 1
    endloop
  endfacet
  facet normal 0 0 1
    outer loop
      vertex 25.7484 -0.730743 1
      vertex 25.1737 -0.00939941 1
      vertex 25.7007 -0.767563 1
    endloop
  endfacet
  facet normal -0 0 1
    outer loop
      vertex 25.0604 -0.0980225 1
      vertex 25.7007 -0.767563 1
      vertex 25.1737 -0.00939941 1
    endloop
  endfacet
  facet normal 0 0 1
    outer loop
      vertex 25.7007 -0.767563 1
      vertex 25.0604 -0.0980225 1
      vertex 25.6571 -0.805481 1
    endloop
  endfacet
  facet normal -0 0 1
    outer loop
      vertex 24.9565 -0.191513 1
      vertex 25.6571 -0.805481 1
      vertex 25.0604 -0.0980225 1
    endloop
  endfacet
  facet normal 0 0 1
    outer loop
      vertex 25.6571 -0.805481 1
      vertex 24.9565 -0.191513 1
      vertex 25.6175 -0.844513 1
    endloop
  endfacet
  facet normal 0 0 1
    outer loop
      vertex 25.6175 -0.844513 1
      vertex 24.9565 -0.191513 1
      vertex 25.5821 -0.884644 1
    endloop
  endfacet
  facet normal -0 0 1
    outer loop
      vertex 24.8619 -0.289825 1
      vertex 25.5821 -0.884644 1
      vertex 24.9565 -0.191513 1
    endloop
  endfacet
  facet normal -0 0 1
    outer loop
      vertex 24.7768 -0.39299 1
      vertex 25.551 -0.925674 1
      vertex 24.8619 -0.289825 1
    endloop
  endfacet
  facet normal 0 0 1
    outer loop
      vertex 25.5821 -0.884644 1
      vertex 24.8619 -0.289825 1
      vertex 25.551 -0.925674 1
    endloop
  endfacet
  facet normal 0 0 1
    outer loop
      vertex 26.9579 -1.27876 1
      vertex 27.5519 -2.00703 1
      vertex 27.6419 -1.9256 1
    endloop
  endfacet
  facet normal -0 0 1
    outer loop
      vertex 26.8908 -1.33636 1
      vertex 27.5519 -2.00703 1
      vertex 26.9579 -1.27876 1
    endloop
  endfacet
  facet normal -0 0 1
    outer loop
      vertex 26.8237 -1.38974 1
      vertex 27.4583 -2.08279 1
      vertex 26.8908 -1.33636 1
    endloop
  endfacet
  facet normal 0 0 1
    outer loop
      vertex 27.4583 -2.08279 1
      vertex 26.8237 -1.38974 1
      vertex 27.3609 -2.15288 1
    endloop
  endfacet
  facet normal 0 0 1
    outer loop
      vertex 27.3609 -2.15288 1
      vertex 26.7563 -1.43889 1
      vertex 27.2599 -2.21729 1
    endloop
  endfacet
  facet normal -0 0 1
    outer loop
      vertex 26.9579 -1.27876 1
      vertex 27.6419 -1.9256 1
      vertex 27.0248 -1.21695 1
    endloop
  endfacet
  facet normal 0 0 1
    outer loop
      vertex 27.5519 -2.00703 1
      vertex 26.8908 -1.33636 1
      vertex 27.4583 -2.08279 1
    endloop
  endfacet
  facet normal -0 0 1
    outer loop
      vertex 26.7563 -1.43889 1
      vertex 27.3609 -2.15288 1
      vertex 26.8237 -1.38974 1
    endloop
  endfacet
  facet normal 0 0 1
    outer loop
      vertex 27.2599 -2.21729 1
      vertex 26.7563 -1.43889 1
      vertex 27.1553 -2.27603 1
    endloop
  endfacet
  facet normal -0 0 1
    outer loop
      vertex 26.6889 -1.48383 1
      vertex 27.1553 -2.27603 1
      vertex 26.7563 -1.43889 1
    endloop
  endfacet
  facet normal 0 0 1
    outer loop
      vertex 27.1553 -2.27603 1
      vertex 26.6889 -1.48383 1
      vertex 27.047 -2.3291 1
    endloop
  endfacet
  facet normal -0 0 1
    outer loop
      vertex 26.6212 -1.52455 1
      vertex 27.047 -2.3291 1
      vertex 26.6889 -1.48383 1
    endloop
  endfacet
  facet normal 0 0 1
    outer loop
      vertex 27.047 -2.3291 1
      vertex 26.6212 -1.52455 1
      vertex 26.935 -2.3765 1
    endloop
  endfacet
  facet normal -0 0 1
    outer loop
      vertex 26.5535 -1.56104 1
      vertex 26.935 -2.3765 1
      vertex 26.6212 -1.52455 1
    endloop
  endfacet
  facet normal 0 0 1
    outer loop
      vertex 26.935 -2.3765 1
      vertex 26.5535 -1.56104 1
      vertex 26.8202 -2.41788 1
    endloop
  endfacet
  facet normal -0 0 1
    outer loop
      vertex 26.486 -1.59299 1
      vertex 26.8202 -2.41788 1
      vertex 26.5535 -1.56104 1
    endloop
  endfacet
  facet normal 0 0 1
    outer loop
      vertex 26.8202 -2.41788 1
      vertex 26.486 -1.59299 1
      vertex 26.7036 -2.4529 1
    endloop
  endfacet
  facet normal -0 0 1
    outer loop
      vertex 26.4193 -1.62001 1
      vertex 26.7036 -2.4529 1
      vertex 26.486 -1.59299 1
    endloop
  endfacet
  facet normal 0 0 1
    outer loop
      vertex 26.7036 -2.4529 1
      vertex 26.4193 -1.62001 1
      vertex 26.5851 -2.48155 1
    endloop
  endfacet
  facet normal -0 0 1
    outer loop
      vertex 26.3532 -1.64214 1
      vertex 26.5851 -2.48155 1
      vertex 26.4193 -1.62001 1
    endloop
  endfacet
  facet normal 0 0 1
    outer loop
      vertex 26.5851 -2.48155 1
      vertex 26.3532 -1.64214 1
      vertex 26.4647 -2.50385 1
    endloop
  endfacet
  facet normal -0 0 1
    outer loop
      vertex 26.2878 -1.65933 1
      vertex 26.4647 -2.50385 1
      vertex 26.3532 -1.64214 1
    endloop
  endfacet
  facet normal 0 0 1
    outer loop
      vertex 26.4647 -2.50385 1
      vertex 26.2878 -1.65933 1
      vertex 26.3425 -2.51976 1
    endloop
  endfacet
  facet normal -0 0 1
    outer loop
      vertex 26.2231 -1.67162 1
      vertex 26.3425 -2.51976 1
      vertex 26.2878 -1.65933 1
    endloop
  endfacet
  facet normal 0 0 1
    outer loop
      vertex 26.2231 -1.67162 1
      vertex 26.2184 -2.52931 1
      vertex 26.3425 -2.51976 1
    endloop
  endfacet
  facet normal -0 0 1
    outer loop
      vertex 26.1591 -1.67899 1
      vertex 26.2184 -2.52931 1
      vertex 26.2231 -1.67162 1
    endloop
  endfacet
  facet normal -0 0 1
    outer loop
      vertex 26.0958 -1.68144 1
      vertex 26.2184 -2.52931 1
      vertex 26.1591 -1.67899 1
    endloop
  endfacet
  facet normal 0 0 1
    outer loop
      vertex 26.0958 -1.68144 1
      vertex 26.0924 -2.53249 1
      vertex 26.2184 -2.52931 1
    endloop
  endfacet
  facet normal 0 0 1
    outer loop
      vertex 26.0132 -1.67885 1
      vertex 26.0924 -2.53249 1
      vertex 26.0958 -1.68144 1
    endloop
  endfacet
  facet normal 0 0 1
    outer loop
      vertex 25.8815 -2.52544 1
      vertex 26.0132 -1.67885 1
      vertex 25.9361 -1.67107 1
    endloop
  endfacet
  facet normal 0 0 1
    outer loop
      vertex 26.0132 -1.67885 1
      vertex 25.8815 -2.52544 1
      vertex 26.0924 -2.53249 1
    endloop
  endfacet
  facet normal 0 0 1
    outer loop
      vertex 25.6847 -2.50426 1
      vertex 25.9361 -1.67107 1
      vertex 25.8643 -1.65808 1
    endloop
  endfacet
  facet normal 0 0 1
    outer loop
      vertex 25.6847 -2.50426 1
      vertex 25.8643 -1.65808 1
      vertex 25.798 -1.63992 1
    endloop
  endfacet
  facet normal 0 0 1
    outer loop
      vertex 25.502 -2.46896 1
      vertex 25.798 -1.63992 1
      vertex 25.737 -1.61658 1
    endloop
  endfacet
  facet normal 0 0 1
    outer loop
      vertex 25.9361 -1.67107 1
      vertex 25.6847 -2.50426 1
      vertex 25.8815 -2.52544 1
    endloop
  endfacet
  facet normal 0 0 1
    outer loop
      vertex 25.3335 -2.41956 1
      vertex 25.737 -1.61658 1
      vertex 25.6814 -1.58803 1
    endloop
  endfacet
  facet normal 0 0 1
    outer loop
      vertex 25.179 -2.35603 1
      vertex 25.6814 -1.58803 1
      vertex 25.6313 -1.55429 1
    endloop
  endfacet
  facet normal 0 0 1
    outer loop
      vertex 25.0387 -2.2784 1
      vertex 25.6313 -1.55429 1
      vertex 25.5872 -1.51564 1
    endloop
  endfacet
  facet normal 0 0 1
    outer loop
      vertex 24.9125 -2.18665 1
      vertex 25.5872 -1.51564 1
      vertex 25.5499 -1.47237 1
    endloop
  endfacet
  facet normal 0 0 1
    outer loop
      vertex 24.7082 -1.96576 1
      vertex 25.5499 -1.47237 1
      vertex 25.5194 -1.42444 1
    endloop
  endfacet
  facet normal 0 0 1
    outer loop
      vertex 25.798 -1.63992 1
      vertex 25.502 -2.46896 1
      vertex 25.6847 -2.50426 1
    endloop
  endfacet
  facet normal 0 0 1
    outer loop
      vertex 24.6316 -1.83789 1
      vertex 25.5194 -1.42444 1
      vertex 25.4956 -1.37189 1
    endloop
  endfacet
  facet normal 0 0 1
    outer loop
      vertex 24.5294 -1.54727 1
      vertex 25.4956 -1.37189 1
      vertex 25.4787 -1.3147 1
    endloop
  endfacet
  facet normal 0 0 1
    outer loop
      vertex 24.5039 -1.38452 1
      vertex 25.4787 -1.3147 1
      vertex 25.4685 -1.25285 1
    endloop
  endfacet
  facet normal -0 0 1
    outer loop
      vertex 24.4954 -1.21014 1
      vertex 25.4685 -1.25285 1
      vertex 25.4651 -1.18639 1
    endloop
  endfacet
  facet normal 0 0 1
    outer loop
      vertex 25.737 -1.61658 1
      vertex 25.3335 -2.41956 1
      vertex 25.502 -2.46896 1
    endloop
  endfacet
  facet normal 0 0 1
    outer loop
      vertex 25.551 -0.925674 1
      vertex 24.7768 -0.39299 1
      vertex 25.5248 -0.967392 1
    endloop
  endfacet
  facet normal -0 0 1
    outer loop
      vertex 24.7021 -0.500183 1
      vertex 25.5248 -0.967392 1
      vertex 24.7768 -0.39299 1
    endloop
  endfacet
  facet normal 0 0 1
    outer loop
      vertex 25.5248 -0.967392 1
      vertex 24.7021 -0.500183 1
      vertex 25.5033 -1.00981 1
    endloop
  endfacet
  facet normal -0 0 1
    outer loop
      vertex 24.639 -0.61055 1
      vertex 25.5033 -1.00981 1
      vertex 24.7021 -0.500183 1
    endloop
  endfacet
  facet normal 0 0 1
    outer loop
      vertex 25.5033 -1.00981 1
      vertex 24.639 -0.61055 1
      vertex 25.4866 -1.05292 1
    endloop
  endfacet
  facet normal -0 0 1
    outer loop
      vertex 24.5873 -0.724106 1
      vertex 25.4866 -1.05292 1
      vertex 24.639 -0.61055 1
    endloop
  endfacet
  facet normal -0 0 1
    outer loop
      vertex 24.5471 -0.840851 1
      vertex 25.4866 -1.05292 1
      vertex 24.5873 -0.724106 1
    endloop
  endfacet
  facet normal 0 0 1
    outer loop
      vertex 25.4866 -1.05292 1
      vertex 24.5471 -0.840851 1
      vertex 25.4747 -1.09673 1
    endloop
  endfacet
  facet normal 0 0 1
    outer loop
      vertex 25.4685 -1.25285 1
      vertex 24.4954 -1.21014 1
      vertex 24.5039 -1.38452 1
    endloop
  endfacet
  facet normal 0 0 1
    outer loop
      vertex 25.4787 -1.3147 1
      vertex 24.5039 -1.38452 1
      vertex 24.5294 -1.54727 1
    endloop
  endfacet
  facet normal 0 0 1
    outer loop
      vertex 25.6814 -1.58803 1
      vertex 25.179 -2.35603 1
      vertex 25.3335 -2.41956 1
    endloop
  endfacet
  facet normal 0 0 1
    outer loop
      vertex 25.6313 -1.55429 1
      vertex 25.0387 -2.2784 1
      vertex 25.179 -2.35603 1
    endloop
  endfacet
  facet normal 0 0 1
    outer loop
      vertex 25.5872 -1.51564 1
      vertex 24.9125 -2.18665 1
      vertex 25.0387 -2.2784 1
    endloop
  endfacet
  facet normal -0 0 1
    outer loop
      vertex 24.5184 -0.96077 1
      vertex 25.4747 -1.09673 1
      vertex 24.5471 -0.840851 1
    endloop
  endfacet
  facet normal 0 0 1
    outer loop
      vertex 25.5499 -1.47237 1
      vertex 24.8018 -2.08202 1
      vertex 24.9125 -2.18665 1
    endloop
  endfacet
  facet normal 0 0 1
    outer loop
      vertex 25.4747 -1.09673 1
      vertex 24.5184 -0.96077 1
      vertex 25.4675 -1.1412 1
    endloop
  endfacet
  facet normal 0 0 1
    outer loop
      vertex 25.5499 -1.47237 1
      vertex 24.7082 -1.96576 1
      vertex 24.8018 -2.08202 1
    endloop
  endfacet
  facet normal -0 0 1
    outer loop
      vertex 24.5011 -1.08386 1
      vertex 25.4675 -1.1412 1
      vertex 24.5184 -0.96077 1
    endloop
  endfacet
  facet normal 0 0 1
    outer loop
      vertex 25.5194 -1.42444 1
      vertex 24.6316 -1.83789 1
      vertex 24.7082 -1.96576 1
    endloop
  endfacet
  facet normal 0 0 1
    outer loop
      vertex 25.4675 -1.1412 1
      vertex 24.5011 -1.08386 1
      vertex 25.4651 -1.18639 1
    endloop
  endfacet
  facet normal 0 0 1
    outer loop
      vertex 25.4956 -1.37189 1
      vertex 24.572 -1.69839 1
      vertex 24.6316 -1.83789 1
    endloop
  endfacet
  facet normal 0 0 1
    outer loop
      vertex 25.4651 -1.18639 1
      vertex 24.5011 -1.08386 1
      vertex 24.4954 -1.21014 1
    endloop
  endfacet
  facet normal 0 0 1
    outer loop
      vertex 25.4956 -1.37189 1
      vertex 24.5294 -1.54727 1
      vertex 24.572 -1.69839 1
    endloop
  endfacet
  facet normal 0 0 1
    outer loop
      vertex 17.6264 0.805695 1
      vertex 18.5215 0.805695 1
      vertex 18.5215 2.34999 1
    endloop
  endfacet
  facet normal 0 0 1
    outer loop
      vertex 18.5215 0.805695 1
      vertex 17.6264 0.805695 1
      vertex 18.1045 -0.226898 1
    endloop
  endfacet
  facet normal 0 0 1
    outer loop
      vertex 17.6264 0.805695 1
      vertex 18.5215 2.34999 1
      vertex 17.6264 2.34999 1
    endloop
  endfacet
  facet normal 0 0 1
    outer loop
      vertex 18.1045 -0.226898 1
      vertex 17.6264 0.805695 1
      vertex 18.0434 -0.226898 1
    endloop
  endfacet
  facet normal 0 0 1
    outer loop
      vertex 16.0667 -2.46469 1
      vertex 18.0434 -0.226898 1
      vertex 17.6264 0.805695 1
    endloop
  endfacet
  facet normal 0 0 1
    outer loop
      vertex 18.0434 -0.226898 1
      vertex 16.0667 -2.46469 1
      vertex 17.0669 -2.46469 1
    endloop
  endfacet
  facet normal -0 0 1
    outer loop
      vertex 18.1045 -0.226898 1
      vertex 20.0812 -2.46469 1
      vertex 18.5215 0.805695 1
    endloop
  endfacet
  facet normal 0 0 1
    outer loop
      vertex 20.0812 -2.46469 1
      vertex 18.1045 -0.226898 1
      vertex 19.081 -2.46469 1
    endloop
  endfacet
  facet normal 0 0 1
    outer loop
      vertex 23.8005 2.34999 1
      vertex 21.3932 1.52609 1
      vertex 23.8005 1.52609 1
    endloop
  endfacet
  facet normal 0 0 1
    outer loop
      vertex 20.498 2.34999 1
      vertex 21.3932 0.35289 1
      vertex 21.3932 1.52609 1
    endloop
  endfacet
  facet normal 0 0 1
    outer loop
      vertex 21.3932 0.35289 1
      vertex 20.498 2.34999 1
      vertex 21.3932 -0.474396 1
    endloop
  endfacet
  facet normal 0 0 1
    outer loop
      vertex 20.498 -2.46469 1
      vertex 21.3932 -0.474396 1
      vertex 20.498 2.34999 1
    endloop
  endfacet
  facet normal -0 0 1
    outer loop
      vertex 20.498 2.34999 1
      vertex 21.3932 1.52609 1
      vertex 23.8005 2.34999 1
    endloop
  endfacet
  facet normal -0 0 1
    outer loop
      vertex 21.3932 0.35289 1
      vertex 23.1902 -0.474396 1
      vertex 23.1902 0.35289 1
    endloop
  endfacet
  facet normal 0 0 1
    outer loop
      vertex 23.1902 -0.474396 1
      vertex 21.3932 0.35289 1
      vertex 21.3932 -0.474396 1
    endloop
  endfacet
  facet normal -0 0 1
    outer loop
      vertex 21.3932 -1.64075 1
      vertex 23.8005 -2.46469 1
      vertex 23.8005 -1.64075 1
    endloop
  endfacet
  facet normal 0 0 1
    outer loop
      vertex 21.3932 -1.64075 1
      vertex 20.498 -2.46469 1
      vertex 23.8005 -2.46469 1
    endloop
  endfacet
  facet normal 0 0 1
    outer loop
      vertex 21.3932 -0.474396 1
      vertex 20.498 -2.46469 1
      vertex 21.3932 -1.64075 1
    endloop
  endfacet
  facet normal 0 0 -1
    outer loop
      vertex 26.8908 -1.33636 -0.00999928
      vertex 27.5519 -2.00703 -0.00999928
      vertex 27.4583 -2.08279 -0.00999928
    endloop
  endfacet
  facet normal 0 0 -1
    outer loop
      vertex 26.8237 -1.38974 -0.00999928
      vertex 27.4583 -2.08279 -0.00999928
      vertex 27.3609 -2.15288 -0.00999928
    endloop
  endfacet
  facet normal 0 0 -1
    outer loop
      vertex 26.7563 -1.43889 -0.00999928
      vertex 27.3609 -2.15288 -0.00999928
      vertex 27.2599 -2.21729 -0.00999928
    endloop
  endfacet
  facet normal 0 0 -1
    outer loop
      vertex 26.7563 -1.43889 -0.00999928
      vertex 27.2599 -2.21729 -0.00999928
      vertex 27.1553 -2.27603 -0.00999928
    endloop
  endfacet
  facet normal 0 0 -1
    outer loop
      vertex 26.6889 -1.48383 -0.00999928
      vertex 27.1553 -2.27603 -0.00999928
      vertex 27.047 -2.3291 -0.00999928
    endloop
  endfacet
  facet normal 0 0 -1
    outer loop
      vertex 27.4583 -2.08279 -0.00999928
      vertex 26.8237 -1.38974 -0.00999928
      vertex 26.8908 -1.33636 -0.00999928
    endloop
  endfacet
  facet normal 0 0 -1
    outer loop
      vertex 27.6419 -1.9256 -0.00999928
      vertex 26.9579 -1.27876 -0.00999928
      vertex 27.0248 -1.21695 -0.00999928
    endloop
  endfacet
  facet normal 0 0 -1
    outer loop
      vertex 26.6212 -1.52455 -0.00999928
      vertex 27.047 -2.3291 -0.00999928
      vertex 26.935 -2.3765 -0.00999928
    endloop
  endfacet
  facet normal 0 0 -1
    outer loop
      vertex 27.5519 -2.00703 -0.00999928
      vertex 26.9579 -1.27876 -0.00999928
      vertex 27.6419 -1.9256 -0.00999928
    endloop
  endfacet
  facet normal 0 0 -1
    outer loop
      vertex 27.5519 -2.00703 -0.00999928
      vertex 26.8908 -1.33636 -0.00999928
      vertex 26.9579 -1.27876 -0.00999928
    endloop
  endfacet
  facet normal 0 0 -1
    outer loop
      vertex 26.5535 -1.56104 -0.00999928
      vertex 26.935 -2.3765 -0.00999928
      vertex 26.8202 -2.41788 -0.00999928
    endloop
  endfacet
  facet normal 0 0 -1
    outer loop
      vertex 27.3609 -2.15288 -0.00999928
      vertex 26.7563 -1.43889 -0.00999928
      vertex 26.8237 -1.38974 -0.00999928
    endloop
  endfacet
  facet normal 0 0 -1
    outer loop
      vertex 26.486 -1.59299 -0.00999928
      vertex 26.8202 -2.41788 -0.00999928
      vertex 26.7036 -2.4529 -0.00999928
    endloop
  endfacet
  facet normal 0 0 -1
    outer loop
      vertex 27.1553 -2.27603 -0.00999928
      vertex 26.6889 -1.48383 -0.00999928
      vertex 26.7563 -1.43889 -0.00999928
    endloop
  endfacet
  facet normal 0 0 -1
    outer loop
      vertex 27.047 -2.3291 -0.00999928
      vertex 26.6212 -1.52455 -0.00999928
      vertex 26.6889 -1.48383 -0.00999928
    endloop
  endfacet
  facet normal 0 0 -1
    outer loop
      vertex 26.4193 -1.62001 -0.00999928
      vertex 26.7036 -2.4529 -0.00999928
      vertex 26.5851 -2.48155 -0.00999928
    endloop
  endfacet
  facet normal 0 0 -1
    outer loop
      vertex 26.935 -2.3765 -0.00999928
      vertex 26.5535 -1.56104 -0.00999928
      vertex 26.6212 -1.52455 -0.00999928
    endloop
  endfacet
  facet normal 0 0 -1
    outer loop
      vertex 26.8202 -2.41788 -0.00999928
      vertex 26.486 -1.59299 -0.00999928
      vertex 26.5535 -1.56104 -0.00999928
    endloop
  endfacet
  facet normal 0 0 -1
    outer loop
      vertex 26.3532 -1.64214 -0.00999928
      vertex 26.5851 -2.48155 -0.00999928
      vertex 26.4647 -2.50385 -0.00999928
    endloop
  endfacet
  facet normal 0 0 -1
    outer loop
      vertex 26.7036 -2.4529 -0.00999928
      vertex 26.4193 -1.62001 -0.00999928
      vertex 26.486 -1.59299 -0.00999928
    endloop
  endfacet
  facet normal 0 0 -1
    outer loop
      vertex 26.5851 -2.48155 -0.00999928
      vertex 26.3532 -1.64214 -0.00999928
      vertex 26.4193 -1.62001 -0.00999928
    endloop
  endfacet
  facet normal 0 0 -1
    outer loop
      vertex 26.2878 -1.65933 -0.00999928
      vertex 26.4647 -2.50385 -0.00999928
      vertex 26.3425 -2.51976 -0.00999928
    endloop
  endfacet
  facet normal 0 0 -1
    outer loop
      vertex 26.4647 -2.50385 -0.00999928
      vertex 26.2878 -1.65933 -0.00999928
      vertex 26.3532 -1.64214 -0.00999928
    endloop
  endfacet
  facet normal 0 0 -1
    outer loop
      vertex 26.3425 -2.51976 -0.00999928
      vertex 26.2231 -1.67162 -0.00999928
      vertex 26.2878 -1.65933 -0.00999928
    endloop
  endfacet
  facet normal 0 0 -1
    outer loop
      vertex 26.2184 -2.52931 -0.00999928
      vertex 26.2231 -1.67162 -0.00999928
      vertex 26.3425 -2.51976 -0.00999928
    endloop
  endfacet
  facet normal 0 0 -1
    outer loop
      vertex 26.2184 -2.52931 -0.00999928
      vertex 26.1591 -1.67899 -0.00999928
      vertex 26.2231 -1.67162 -0.00999928
    endloop
  endfacet
  facet normal 0 0 -1
    outer loop
      vertex 26.2184 -2.52931 -0.00999928
      vertex 26.0958 -1.68144 -0.00999928
      vertex 26.1591 -1.67899 -0.00999928
    endloop
  endfacet
  facet normal 0 0 -1
    outer loop
      vertex 26.0924 -2.53249 -0.00999928
      vertex 26.0958 -1.68144 -0.00999928
      vertex 26.2184 -2.52931 -0.00999928
    endloop
  endfacet
  facet normal 0 0 -1
    outer loop
      vertex 26.0924 -2.53249 -0.00999928
      vertex 26.0132 -1.67885 -0.00999928
      vertex 26.0958 -1.68144 -0.00999928
    endloop
  endfacet
  facet normal 0 0 -1
    outer loop
      vertex 25.8815 -2.52544 -0.00999928
      vertex 26.0132 -1.67885 -0.00999928
      vertex 26.0924 -2.53249 -0.00999928
    endloop
  endfacet
  facet normal -0 0 -1
    outer loop
      vertex 26.0132 -1.67885 -0.00999928
      vertex 25.8815 -2.52544 -0.00999928
      vertex 25.9361 -1.67107 -0.00999928
    endloop
  endfacet
  facet normal 0 0 -1
    outer loop
      vertex 25.6847 -2.50426 -0.00999928
      vertex 25.9361 -1.67107 -0.00999928
      vertex 25.8815 -2.52544 -0.00999928
    endloop
  endfacet
  facet normal -0 0 -1
    outer loop
      vertex 25.9361 -1.67107 -0.00999928
      vertex 25.6847 -2.50426 -0.00999928
      vertex 25.8643 -1.65808 -0.00999928
    endloop
  endfacet
  facet normal -0 0 -1
    outer loop
      vertex 25.8643 -1.65808 -0.00999928
      vertex 25.6847 -2.50426 -0.00999928
      vertex 25.798 -1.63992 -0.00999928
    endloop
  endfacet
  facet normal 0 0 -1
    outer loop
      vertex 25.502 -2.46896 -0.00999928
      vertex 25.798 -1.63992 -0.00999928
      vertex 25.6847 -2.50426 -0.00999928
    endloop
  endfacet
  facet normal -0 0 -1
    outer loop
      vertex 25.798 -1.63992 -0.00999928
      vertex 25.502 -2.46896 -0.00999928
      vertex 25.737 -1.61658 -0.00999928
    endloop
  endfacet
  facet normal 0 0 -1
    outer loop
      vertex 25.3335 -2.41956 -0.00999928
      vertex 25.737 -1.61658 -0.00999928
      vertex 25.502 -2.46896 -0.00999928
    endloop
  endfacet
  facet normal -0 0 -1
    outer loop
      vertex 25.737 -1.61658 -0.00999928
      vertex 25.3335 -2.41956 -0.00999928
      vertex 25.6814 -1.58803 -0.00999928
    endloop
  endfacet
  facet normal 0 0 -1
    outer loop
      vertex 25.179 -2.35603 -0.00999928
      vertex 25.6814 -1.58803 -0.00999928
      vertex 25.3335 -2.41956 -0.00999928
    endloop
  endfacet
  facet normal -0 0 -1
    outer loop
      vertex 25.6814 -1.58803 -0.00999928
      vertex 25.179 -2.35603 -0.00999928
      vertex 25.6313 -1.55429 -0.00999928
    endloop
  endfacet
  facet normal 0 0 -1
    outer loop
      vertex 25.0387 -2.2784 -0.00999928
      vertex 25.6313 -1.55429 -0.00999928
      vertex 25.179 -2.35603 -0.00999928
    endloop
  endfacet
  facet normal -0 0 -1
    outer loop
      vertex 25.6313 -1.55429 -0.00999928
      vertex 25.0387 -2.2784 -0.00999928
      vertex 25.5872 -1.51564 -0.00999928
    endloop
  endfacet
  facet normal 0 0 -1
    outer loop
      vertex 24.9125 -2.18665 -0.00999928
      vertex 25.5872 -1.51564 -0.00999928
      vertex 25.0387 -2.2784 -0.00999928
    endloop
  endfacet
  facet normal -0 0 -1
    outer loop
      vertex 25.5872 -1.51564 -0.00999928
      vertex 24.9125 -2.18665 -0.00999928
      vertex 25.5499 -1.47237 -0.00999928
    endloop
  endfacet
  facet normal 0 0 -1
    outer loop
      vertex 24.8018 -2.08202 -0.00999928
      vertex 25.5499 -1.47237 -0.00999928
      vertex 24.9125 -2.18665 -0.00999928
    endloop
  endfacet
  facet normal 0 0 -1
    outer loop
      vertex 24.7082 -1.96576 -0.00999928
      vertex 25.5499 -1.47237 -0.00999928
      vertex 24.8018 -2.08202 -0.00999928
    endloop
  endfacet
  facet normal -0 0 -1
    outer loop
      vertex 25.5499 -1.47237 -0.00999928
      vertex 24.7082 -1.96576 -0.00999928
      vertex 25.5194 -1.42444 -0.00999928
    endloop
  endfacet
  facet normal 0 0 -1
    outer loop
      vertex 25.4651 -1.18639 -0.00999928
      vertex 25.2965 0.0743866 -0.00999928
      vertex 25.4286 0.153336 -0.00999928
    endloop
  endfacet
  facet normal 0 0 -1
    outer loop
      vertex 24.6316 -1.83789 -0.00999928
      vertex 25.5194 -1.42444 -0.00999928
      vertex 24.7082 -1.96576 -0.00999928
    endloop
  endfacet
  facet normal 0 0 -1
    outer loop
      vertex 25.4651 -1.18639 -0.00999928
      vertex 25.1737 -0.00939941 -0.00999928
      vertex 25.2965 0.0743866 -0.00999928
    endloop
  endfacet
  facet normal 0 0 -1
    outer loop
      vertex 25.4651 -1.18639 -0.00999928
      vertex 25.0604 -0.0980225 -0.00999928
      vertex 25.1737 -0.00939941 -0.00999928
    endloop
  endfacet
  facet normal -0 0 -1
    outer loop
      vertex 25.5194 -1.42444 -0.00999928
      vertex 24.6316 -1.83789 -0.00999928
      vertex 25.4956 -1.37189 -0.00999928
    endloop
  endfacet
  facet normal 0 0 -1
    outer loop
      vertex 25.4651 -1.18639 -0.00999928
      vertex 24.9565 -0.191513 -0.00999928
      vertex 25.0604 -0.0980225 -0.00999928
    endloop
  endfacet
  facet normal 0 0 -1
    outer loop
      vertex 24.572 -1.69839 -0.00999928
      vertex 25.4956 -1.37189 -0.00999928
      vertex 24.6316 -1.83789 -0.00999928
    endloop
  endfacet
  facet normal 0 0 -1
    outer loop
      vertex 25.4651 -1.18639 -0.00999928
      vertex 24.8619 -0.289825 -0.00999928
      vertex 24.9565 -0.191513 -0.00999928
    endloop
  endfacet
  facet normal 0 0 -1
    outer loop
      vertex 24.5294 -1.54727 -0.00999928
      vertex 25.4956 -1.37189 -0.00999928
      vertex 24.572 -1.69839 -0.00999928
    endloop
  endfacet
  facet normal 0 0 -1
    outer loop
      vertex 25.4651 -1.18639 -0.00999928
      vertex 24.7768 -0.39299 -0.00999928
      vertex 24.8619 -0.289825 -0.00999928
    endloop
  endfacet
  facet normal -0 0 -1
    outer loop
      vertex 25.4956 -1.37189 -0.00999928
      vertex 24.5294 -1.54727 -0.00999928
      vertex 25.4787 -1.3147 -0.00999928
    endloop
  endfacet
  facet normal 0 0 -1
    outer loop
      vertex 25.4651 -1.18639 -0.00999928
      vertex 24.7021 -0.500183 -0.00999928
      vertex 24.7768 -0.39299 -0.00999928
    endloop
  endfacet
  facet normal 0 0 -1
    outer loop
      vertex 25.4685 -1.25285 -0.00999928
      vertex 24.4954 -1.21014 -0.00999928
      vertex 25.4651 -1.18639 -0.00999928
    endloop
  endfacet
  facet normal 0 0 -1
    outer loop
      vertex 24.5039 -1.38452 -0.00999928
      vertex 25.4787 -1.3147 -0.00999928
      vertex 24.5294 -1.54727 -0.00999928
    endloop
  endfacet
  facet normal 0 -0 -1
    outer loop
      vertex 24.5011 -1.08386 -0.00999928
      vertex 25.4651 -1.18639 -0.00999928
      vertex 24.4954 -1.21014 -0.00999928
    endloop
  endfacet
  facet normal -0 0 -1
    outer loop
      vertex 25.4787 -1.3147 -0.00999928
      vertex 24.5039 -1.38452 -0.00999928
      vertex 25.4685 -1.25285 -0.00999928
    endloop
  endfacet
  facet normal 0 0 -1
    outer loop
      vertex 25.4651 -1.18639 -0.00999928
      vertex 24.639 -0.61055 -0.00999928
      vertex 24.7021 -0.500183 -0.00999928
    endloop
  endfacet
  facet normal 0 0 -1
    outer loop
      vertex 24.4954 -1.21014 -0.00999928
      vertex 25.4685 -1.25285 -0.00999928
      vertex 24.5039 -1.38452 -0.00999928
    endloop
  endfacet
  facet normal 0 0 -1
    outer loop
      vertex 25.4651 -1.18639 -0.00999928
      vertex 24.5873 -0.724106 -0.00999928
      vertex 24.639 -0.61055 -0.00999928
    endloop
  endfacet
  facet normal 0 0 -1
    outer loop
      vertex 25.4651 -1.18639 -0.00999928
      vertex 24.5471 -0.840851 -0.00999928
      vertex 24.5873 -0.724106 -0.00999928
    endloop
  endfacet
  facet normal 0 0 -1
    outer loop
      vertex 25.4651 -1.18639 -0.00999928
      vertex 24.5184 -0.96077 -0.00999928
      vertex 24.5471 -0.840851 -0.00999928
    endloop
  endfacet
  facet normal 0 0 -1
    outer loop
      vertex 25.4651 -1.18639 -0.00999928
      vertex 24.5011 -1.08386 -0.00999928
      vertex 24.5184 -0.96077 -0.00999928
    endloop
  endfacet
  facet normal 0 0 -1
    outer loop
      vertex 26.6586 1.06494 -0.00999928
      vertex 27.6284 1.08189 -0.00999928
      vertex 27.6227 0.967651 -0.00999928
    endloop
  endfacet
  facet normal 0 0 -1
    outer loop
      vertex 26.6586 1.06494 -0.00999928
      vertex 27.6227 0.967651 -0.00999928
      vertex 27.6058 0.855469 -0.00999928
    endloop
  endfacet
  facet normal 0 0 -1
    outer loop
      vertex 26.6547 1.13144 -0.00999928
      vertex 27.6284 1.08189 -0.00999928
      vertex 26.6586 1.06494 -0.00999928
    endloop
  endfacet
  facet normal 0 0 -1
    outer loop
      vertex 26.6505 0.977478 -0.00999928
      vertex 27.6058 0.855469 -0.00999928
      vertex 27.5776 0.745377 -0.00999928
    endloop
  endfacet
  facet normal 0 0 -1
    outer loop
      vertex 27.6284 1.08189 -0.00999928
      vertex 26.6547 1.13144 -0.00999928
      vertex 27.6189 1.259 -0.00999928
    endloop
  endfacet
  facet normal 0 0 -1
    outer loop
      vertex 26.6505 0.977478 -0.00999928
      vertex 27.5776 0.745377 -0.00999928
      vertex 27.5381 0.637375 -0.00999928
    endloop
  endfacet
  facet normal 0 0 -1
    outer loop
      vertex 26.6262 0.895264 -0.00999928
      vertex 27.5381 0.637375 -0.00999928
      vertex 27.4874 0.531433 -0.00999928
    endloop
  endfacet
  facet normal 0 0 -1
    outer loop
      vertex 26.6428 1.19337 -0.00999928
      vertex 27.6189 1.259 -0.00999928
      vertex 26.6547 1.13144 -0.00999928
    endloop
  endfacet
  facet normal 0 0 -1
    outer loop
      vertex 26.6262 0.895264 -0.00999928
      vertex 27.4874 0.531433 -0.00999928
      vertex 27.4253 0.427567 -0.00999928
    endloop
  endfacet
  facet normal -0 0 -1
    outer loop
      vertex 27.6189 1.259 -0.00999928
      vertex 26.6428 1.19337 -0.00999928
      vertex 27.5907 1.42415 -0.00999928
    endloop
  endfacet
  facet normal 0 0 -1
    outer loop
      vertex 26.6262 0.895264 -0.00999928
      vertex 27.4253 0.427567 -0.00999928
      vertex 27.352 0.32579 -0.00999928
    endloop
  endfacet
  facet normal -0 0 -1
    outer loop
      vertex 27.5907 1.42415 -0.00999928
      vertex 26.6428 1.19337 -0.00999928
      vertex 27.5437 1.57732 -0.00999928
    endloop
  endfacet
  facet normal 0 0 -1
    outer loop
      vertex 26.5857 0.818314 -0.00999928
      vertex 27.352 0.32579 -0.00999928
      vertex 27.2683 0.226837 -0.00999928
    endloop
  endfacet
  facet normal 0 0 -1
    outer loop
      vertex 26.5291 0.746628 -0.00999928
      vertex 27.2683 0.226837 -0.00999928
      vertex 27.1751 0.131485 -0.00999928
    endloop
  endfacet
  facet normal 0 0 -1
    outer loop
      vertex 26.6231 1.25075 -0.00999928
      vertex 27.5437 1.57732 -0.00999928
      vertex 26.6428 1.19337 -0.00999928
    endloop
  endfacet
  facet normal 0 0 -1
    outer loop
      vertex 26.5291 0.746628 -0.00999928
      vertex 27.1751 0.131485 -0.00999928
      vertex 27.0725 0.0397186 -0.00999928
    endloop
  endfacet
  facet normal -0 0 -1
    outer loop
      vertex 27.5437 1.57732 -0.00999928
      vertex 26.6231 1.25075 -0.00999928
      vertex 27.4778 1.71852 -0.00999928
    endloop
  endfacet
  facet normal 0 0 -1
    outer loop
      vertex 26.4562 0.680206 -0.00999928
      vertex 27.0725 0.0397186 -0.00999928
      vertex 26.9603 -0.0484161 -0.00999928
    endloop
  endfacet
  facet normal 0 0 -1
    outer loop
      vertex 26.5955 1.30354 -0.00999928
      vertex 27.4778 1.71852 -0.00999928
      vertex 26.6231 1.25075 -0.00999928
    endloop
  endfacet
  facet normal 0 0 -1
    outer loop
      vertex 26.3672 0.619049 -0.00999928
      vertex 26.9603 -0.0484161 -0.00999928
      vertex 26.8387 -0.13298 -0.00999928
    endloop
  endfacet
  facet normal 0 0 -1
    outer loop
      vertex 26.3672 0.619049 -0.00999928
      vertex 26.8387 -0.13298 -0.00999928
      vertex 26.7076 -0.213928 -0.00999928
    endloop
  endfacet
  facet normal -0 0 -1
    outer loop
      vertex 27.4778 1.71852 -0.00999928
      vertex 26.5955 1.30354 -0.00999928
      vertex 27.3931 1.84775 -0.00999928
    endloop
  endfacet
  facet normal -0 0 -1
    outer loop
      vertex 27.3931 1.84775 -0.00999928
      vertex 26.5955 1.30354 -0.00999928
      vertex 27.2896 1.96501 -0.00999928
    endloop
  endfacet
  facet normal 0 0 -1
    outer loop
      vertex 27.6058 0.855469 -0.00999928
      vertex 26.6505 0.977478 -0.00999928
      vertex 26.6586 1.06494 -0.00999928
    endloop
  endfacet
  facet normal 0 0 -1
    outer loop
      vertex 27.5381 0.637375 -0.00999928
      vertex 26.6262 0.895264 -0.00999928
      vertex 26.6505 0.977478 -0.00999928
    endloop
  endfacet
  facet normal 0 0 -1
    outer loop
      vertex 27.352 0.32579 -0.00999928
      vertex 26.5857 0.818314 -0.00999928
      vertex 26.6262 0.895264 -0.00999928
    endloop
  endfacet
  facet normal 0 0 -1
    outer loop
      vertex 26.2619 0.563141 -0.00999928
      vertex 26.7076 -0.213928 -0.00999928
      vertex 26.5671 -0.29129 -0.00999928
    endloop
  endfacet
  facet normal 0 0 -1
    outer loop
      vertex 27.2683 0.226837 -0.00999928
      vertex 26.5291 0.746628 -0.00999928
      vertex 26.5857 0.818314 -0.00999928
    endloop
  endfacet
  facet normal 0 0 -1
    outer loop
      vertex 27.0725 0.0397186 -0.00999928
      vertex 26.4562 0.680206 -0.00999928
      vertex 26.5291 0.746628 -0.00999928
    endloop
  endfacet
  facet normal 0 0 -1
    outer loop
      vertex 26.9603 -0.0484161 -0.00999928
      vertex 26.3672 0.619049 -0.00999928
      vertex 26.4562 0.680206 -0.00999928
    endloop
  endfacet
  facet normal 0 0 -1
    outer loop
      vertex 26.7076 -0.213928 -0.00999928
      vertex 26.2619 0.563141 -0.00999928
      vertex 26.3672 0.619049 -0.00999928
    endloop
  endfacet
  facet normal 0 0 -1
    outer loop
      vertex 25.5702 0.227448 -0.00999928
      vertex 26.5671 -0.29129 -0.00999928
      vertex 25.9161 -0.626938 -0.00999928
    endloop
  endfacet
  facet normal 0 0 -1
    outer loop
      vertex 25.4286 0.153336 -0.00999928
      vertex 25.9161 -0.626938 -0.00999928
      vertex 25.8561 -0.660431 -0.00999928
    endloop
  endfacet
  facet normal 0 0 -1
    outer loop
      vertex 25.4286 0.153336 -0.00999928
      vertex 25.8561 -0.660431 -0.00999928
      vertex 25.8002 -0.695038 -0.00999928
    endloop
  endfacet
  facet normal 0 0 -1
    outer loop
      vertex 25.4286 0.153336 -0.00999928
      vertex 25.8002 -0.695038 -0.00999928
      vertex 25.7484 -0.730743 -0.00999928
    endloop
  endfacet
  facet normal 0 0 -1
    outer loop
      vertex 25.4286 0.153336 -0.00999928
      vertex 25.7484 -0.730743 -0.00999928
      vertex 25.7007 -0.767563 -0.00999928
    endloop
  endfacet
  facet normal 0 0 -1
    outer loop
      vertex 25.4286 0.153336 -0.00999928
      vertex 25.7007 -0.767563 -0.00999928
      vertex 25.6571 -0.805481 -0.00999928
    endloop
  endfacet
  facet normal 0 0 -1
    outer loop
      vertex 25.4286 0.153336 -0.00999928
      vertex 25.6571 -0.805481 -0.00999928
      vertex 25.6175 -0.844513 -0.00999928
    endloop
  endfacet
  facet normal 0 0 -1
    outer loop
      vertex 25.4286 0.153336 -0.00999928
      vertex 25.6175 -0.844513 -0.00999928
      vertex 25.5821 -0.884644 -0.00999928
    endloop
  endfacet
  facet normal 0 0 -1
    outer loop
      vertex 26.5671 -0.29129 -0.00999928
      vertex 25.5702 0.227448 -0.00999928
      vertex 26.2619 0.563141 -0.00999928
    endloop
  endfacet
  facet normal 0 0 -1
    outer loop
      vertex 25.4286 0.153336 -0.00999928
      vertex 25.5821 -0.884644 -0.00999928
      vertex 25.551 -0.925674 -0.00999928
    endloop
  endfacet
  facet normal 0 0 -1
    outer loop
      vertex 25.4286 0.153336 -0.00999928
      vertex 25.551 -0.925674 -0.00999928
      vertex 25.5248 -0.967392 -0.00999928
    endloop
  endfacet
  facet normal 0 0 -1
    outer loop
      vertex 25.4286 0.153336 -0.00999928
      vertex 25.5248 -0.967392 -0.00999928
      vertex 25.5033 -1.00981 -0.00999928
    endloop
  endfacet
  facet normal 0 0 -1
    outer loop
      vertex 25.4286 0.153336 -0.00999928
      vertex 25.5033 -1.00981 -0.00999928
      vertex 25.4866 -1.05292 -0.00999928
    endloop
  endfacet
  facet normal 0 0 -1
    outer loop
      vertex 25.4286 0.153336 -0.00999928
      vertex 25.4866 -1.05292 -0.00999928
      vertex 25.4747 -1.09673 -0.00999928
    endloop
  endfacet
  facet normal 0 0 -1
    outer loop
      vertex 25.4286 0.153336 -0.00999928
      vertex 25.4747 -1.09673 -0.00999928
      vertex 25.4675 -1.1412 -0.00999928
    endloop
  endfacet
  facet normal 0 0 -1
    outer loop
      vertex 25.9161 -0.626938 -0.00999928
      vertex 25.4286 0.153336 -0.00999928
      vertex 25.5702 0.227448 -0.00999928
    endloop
  endfacet
  facet normal 0 0 -1
    outer loop
      vertex 25.4286 0.153336 -0.00999928
      vertex 25.4675 -1.1412 -0.00999928
      vertex 25.4651 -1.18639 -0.00999928
    endloop
  endfacet
  facet normal 0 0 -1
    outer loop
      vertex 26.56 1.35178 -0.00999928
      vertex 27.2896 1.96501 -0.00999928
      vertex 26.5955 1.30354 -0.00999928
    endloop
  endfacet
  facet normal -0 0 -1
    outer loop
      vertex 27.2896 1.96501 -0.00999928
      vertex 26.56 1.35178 -0.00999928
      vertex 27.1672 2.0703 -0.00999928
    endloop
  endfacet
  facet normal 0 0 -1
    outer loop
      vertex 26.5166 1.39545 -0.00999928
      vertex 27.1672 2.0703 -0.00999928
      vertex 26.56 1.35178 -0.00999928
    endloop
  endfacet
  facet normal -0 0 -1
    outer loop
      vertex 27.1672 2.0703 -0.00999928
      vertex 26.5166 1.39545 -0.00999928
      vertex 27.0275 2.16249 -0.00999928
    endloop
  endfacet
  facet normal 0 0 -1
    outer loop
      vertex 26.4654 1.43454 -0.00999928
      vertex 27.0275 2.16249 -0.00999928
      vertex 26.5166 1.39545 -0.00999928
    endloop
  endfacet
  facet normal -0 0 -1
    outer loop
      vertex 27.0275 2.16249 -0.00999928
      vertex 26.4654 1.43454 -0.00999928
      vertex 26.8719 2.24049 -0.00999928
    endloop
  endfacet
  facet normal 0 0 -1
    outer loop
      vertex 26.4067 1.46872 -0.00999928
      vertex 26.8719 2.24049 -0.00999928
      vertex 26.4654 1.43454 -0.00999928
    endloop
  endfacet
  facet normal -0 0 -1
    outer loop
      vertex 26.8719 2.24049 -0.00999928
      vertex 26.4067 1.46872 -0.00999928
      vertex 26.7004 2.30432 -0.00999928
    endloop
  endfacet
  facet normal 0 0 -1
    outer loop
      vertex 26.3411 1.49763 -0.00999928
      vertex 26.7004 2.30432 -0.00999928
      vertex 26.4067 1.46872 -0.00999928
    endloop
  endfacet
  facet normal -0 0 -1
    outer loop
      vertex 26.7004 2.30432 -0.00999928
      vertex 26.3411 1.49763 -0.00999928
      vertex 26.5129 2.35397 -0.00999928
    endloop
  endfacet
  facet normal 0 0 -1
    outer loop
      vertex 26.2686 1.52129 -0.00999928
      vertex 26.5129 2.35397 -0.00999928
      vertex 26.3411 1.49763 -0.00999928
    endloop
  endfacet
  facet normal -0 0 -1
    outer loop
      vertex 26.5129 2.35397 -0.00999928
      vertex 26.2686 1.52129 -0.00999928
      vertex 26.3095 2.38942 -0.00999928
    endloop
  endfacet
  facet normal 0 0 -1
    outer loop
      vertex 26.1891 1.53969 -0.00999928
      vertex 26.3095 2.38942 -0.00999928
      vertex 26.2686 1.52129 -0.00999928
    endloop
  endfacet
  facet normal 0 0 -1
    outer loop
      vertex 26.1028 1.55283 -0.00999928
      vertex 26.3095 2.38942 -0.00999928
      vertex 26.1891 1.53969 -0.00999928
    endloop
  endfacet
  facet normal 0 0 -1
    outer loop
      vertex 26.1028 1.55283 -0.00999928
      vertex 26.0903 2.41071 -0.00999928
      vertex 26.3095 2.38942 -0.00999928
    endloop
  endfacet
  facet normal 0 0 -1
    outer loop
      vertex 26.0095 1.56071 -0.00999928
      vertex 26.0903 2.41071 -0.00999928
      vertex 26.1028 1.55283 -0.00999928
    endloop
  endfacet
  facet normal 0 0 -1
    outer loop
      vertex 25.9093 1.56334 -0.00999928
      vertex 26.0903 2.41071 -0.00999928
      vertex 26.0095 1.56071 -0.00999928
    endloop
  endfacet
  facet normal 0 0 -1
    outer loop
      vertex 25.9093 1.56334 -0.00999928
      vertex 25.8551 2.41779 -0.00999928
      vertex 26.0903 2.41071 -0.00999928
    endloop
  endfacet
  facet normal 0 0 -1
    outer loop
      vertex 25.819 1.56161 -0.00999928
      vertex 25.8551 2.41779 -0.00999928
      vertex 25.9093 1.56334 -0.00999928
    endloop
  endfacet
  facet normal 0 0 -1
    outer loop
      vertex 25.819 1.56161 -0.00999928
      vertex 25.7383 2.41637 -0.00999928
      vertex 25.8551 2.41779 -0.00999928
    endloop
  endfacet
  facet normal 0 0 -1
    outer loop
      vertex 25.7265 1.55643 -0.00999928
      vertex 25.7383 2.41637 -0.00999928
      vertex 25.819 1.56161 -0.00999928
    endloop
  endfacet
  facet normal 0 0 -1
    outer loop
      vertex 25.6225 2.41212 -0.00999928
      vertex 25.7265 1.55643 -0.00999928
      vertex 25.6317 1.54778 -0.00999928
    endloop
  endfacet
  facet normal 0 0 -1
    outer loop
      vertex 25.7265 1.55643 -0.00999928
      vertex 25.6225 2.41212 -0.00999928
      vertex 25.7383 2.41637 -0.00999928
    endloop
  endfacet
  facet normal 0 0 -1
    outer loop
      vertex 25.5077 2.40503 -0.00999928
      vertex 25.6317 1.54778 -0.00999928
      vertex 25.5345 1.53568 -0.00999928
    endloop
  endfacet
  facet normal 0 0 -1
    outer loop
      vertex 25.6317 1.54778 -0.00999928
      vertex 25.5077 2.40503 -0.00999928
      vertex 25.6225 2.41212 -0.00999928
    endloop
  endfacet
  facet normal 0 0 -1
    outer loop
      vertex 25.3939 2.3951 -0.00999928
      vertex 25.5345 1.53568 -0.00999928
      vertex 25.4351 1.5201 -0.00999928
    endloop
  endfacet
  facet normal 0 0 -1
    outer loop
      vertex 25.5345 1.53568 -0.00999928
      vertex 25.3939 2.3951 -0.00999928
      vertex 25.5077 2.40503 -0.00999928
    endloop
  endfacet
  facet normal 0 0 -1
    outer loop
      vertex 25.281 2.38234 -0.00999928
      vertex 25.4351 1.5201 -0.00999928
      vertex 25.3334 1.50108 -0.00999928
    endloop
  endfacet
  facet normal 0 0 -1
    outer loop
      vertex 25.4351 1.5201 -0.00999928
      vertex 25.281 2.38234 -0.00999928
      vertex 25.3939 2.3951 -0.00999928
    endloop
  endfacet
  facet normal 0 0 -1
    outer loop
      vertex 25.1691 2.36673 -0.00999928
      vertex 25.3334 1.50108 -0.00999928
      vertex 25.2295 1.47859 -0.00999928
    endloop
  endfacet
  facet normal 0 0 -1
    outer loop
      vertex 25.3334 1.50108 -0.00999928
      vertex 25.1691 2.36673 -0.00999928
      vertex 25.281 2.38234 -0.00999928
    endloop
  endfacet
  facet normal 0 0 -1
    outer loop
      vertex 24.9494 2.32729 -0.00999928
      vertex 25.2295 1.47859 -0.00999928
      vertex 25.1243 1.45293 -0.00999928
    endloop
  endfacet
  facet normal 0 0 -1
    outer loop
      vertex 25.2295 1.47859 -0.00999928
      vertex 25.0582 2.3483 -0.00999928
      vertex 25.1691 2.36673 -0.00999928
    endloop
  endfacet
  facet normal 0 0 -1
    outer loop
      vertex 24.844 2.30402 -0.00999928
      vertex 25.1243 1.45293 -0.00999928
      vertex 25.0188 1.42435 -0.00999928
    endloop
  endfacet
  facet normal 0 0 -1
    outer loop
      vertex 25.2295 1.47859 -0.00999928
      vertex 24.9494 2.32729 -0.00999928
      vertex 25.0582 2.3483 -0.00999928
    endloop
  endfacet
  facet normal 0 0 -1
    outer loop
      vertex 24.7419 2.27844 -0.00999928
      vertex 25.0188 1.42435 -0.00999928
      vertex 24.9132 1.39287 -0.00999928
    endloop
  endfacet
  facet normal 0 0 -1
    outer loop
      vertex 25.1243 1.45293 -0.00999928
      vertex 24.844 2.30402 -0.00999928
      vertex 24.9494 2.32729 -0.00999928
    endloop
  endfacet
  facet normal 0 0 -1
    outer loop
      vertex 24.5476 2.22046 -0.00999928
      vertex 24.9132 1.39287 -0.00999928
      vertex 24.8074 1.35847 -0.00999928
    endloop
  endfacet
  facet normal 0 0 -1
    outer loop
      vertex 25.0188 1.42435 -0.00999928
      vertex 24.7419 2.27844 -0.00999928
      vertex 24.844 2.30402 -0.00999928
    endloop
  endfacet
  facet normal 0 0 -1
    outer loop
      vertex 24.4554 2.18805 -0.00999928
      vertex 24.8074 1.35847 -0.00999928
      vertex 24.7013 1.32117 -0.00999928
    endloop
  endfacet
  facet normal 0 0 -1
    outer loop
      vertex 24.9132 1.39287 -0.00999928
      vertex 24.6431 2.2506 -0.00999928
      vertex 24.7419 2.27844 -0.00999928
    endloop
  endfacet
  facet normal 0 0 -1
    outer loop
      vertex 24.3666 2.15334 -0.00999928
      vertex 24.7013 1.32117 -0.00999928
      vertex 24.5951 1.28096 -0.00999928
    endloop
  endfacet
  facet normal 0 0 -1
    outer loop
      vertex 24.9132 1.39287 -0.00999928
      vertex 24.5476 2.22046 -0.00999928
      vertex 24.6431 2.2506 -0.00999928
    endloop
  endfacet
  facet normal 0 0 -1
    outer loop
      vertex 24.3666 2.15334 -0.00999928
      vertex 24.5951 1.28096 -0.00999928
      vertex 24.4886 1.23784 -0.00999928
    endloop
  endfacet
  facet normal 0 0 -1
    outer loop
      vertex 24.8074 1.35847 -0.00999928
      vertex 24.4554 2.18805 -0.00999928
      vertex 24.5476 2.22046 -0.00999928
    endloop
  endfacet
  facet normal 0 0 -1
    outer loop
      vertex 24.7013 1.32117 -0.00999928
      vertex 24.3666 2.15334 -0.00999928
      vertex 24.4554 2.18805 -0.00999928
    endloop
  endfacet
  facet normal 0 0 -1
    outer loop
      vertex 16.0667 -2.46469 -0.00999928
      vertex 18.0434 -0.226898 -0.00999928
      vertex 17.0669 -2.46469 -0.00999928
    endloop
  endfacet
  facet normal -0 0 -1
    outer loop
      vertex 18.0434 -0.226898 -0.00999928
      vertex 16.0667 -2.46469 -0.00999928
      vertex 17.6264 0.805695 -0.00999928
    endloop
  endfacet
  facet normal 0 0 -1
    outer loop
      vertex 18.1045 -0.226898 -0.00999928
      vertex 20.0812 -2.46469 -0.00999928
      vertex 19.081 -2.46469 -0.00999928
    endloop
  endfacet
  facet normal 0 0 -1
    outer loop
      vertex 20.0812 -2.46469 -0.00999928
      vertex 18.1045 -0.226898 -0.00999928
      vertex 18.5215 0.805695 -0.00999928
    endloop
  endfacet
  facet normal 0 0 -1
    outer loop
      vertex 17.6264 0.805695 -0.00999928
      vertex 18.5215 0.805695 -0.00999928
      vertex 18.1045 -0.226898 -0.00999928
    endloop
  endfacet
  facet normal 0 0 -1
    outer loop
      vertex 17.6264 0.805695 -0.00999928
      vertex 18.1045 -0.226898 -0.00999928
      vertex 18.0434 -0.226898 -0.00999928
    endloop
  endfacet
  facet normal 0 0 -1
    outer loop
      vertex 18.5215 0.805695 -0.00999928
      vertex 17.6264 0.805695 -0.00999928
      vertex 18.5215 2.34999 -0.00999928
    endloop
  endfacet
  facet normal -0 0 -1
    outer loop
      vertex 18.5215 2.34999 -0.00999928
      vertex 17.6264 0.805695 -0.00999928
      vertex 17.6264 2.34999 -0.00999928
    endloop
  endfacet
  facet normal 0 0 -1
    outer loop
      vertex 23.8005 -2.46469 -0.00999928
      vertex 21.3932 -1.64075 -0.00999928
      vertex 23.8005 -1.64075 -0.00999928
    endloop
  endfacet
  facet normal 0 0 -1
    outer loop
      vertex 20.498 -2.46469 -0.00999928
      vertex 21.3932 -0.474396 -0.00999928
      vertex 21.3932 -1.64075 -0.00999928
    endloop
  endfacet
  facet normal -0 0 -1
    outer loop
      vertex 21.3932 -0.474396 -0.00999928
      vertex 20.498 -2.46469 -0.00999928
      vertex 21.3932 0.35289 -0.00999928
    endloop
  endfacet
  facet normal 0 0 -1
    outer loop
      vertex 20.498 2.34999 -0.00999928
      vertex 21.3932 0.35289 -0.00999928
      vertex 20.498 -2.46469 -0.00999928
    endloop
  endfacet
  facet normal 0 0 -1
    outer loop
      vertex 20.498 -2.46469 -0.00999928
      vertex 21.3932 -1.64075 -0.00999928
      vertex 23.8005 -2.46469 -0.00999928
    endloop
  endfacet
  facet normal 0 0 -1
    outer loop
      vertex 21.3932 -0.474396 -0.00999928
      vertex 23.1902 0.35289 -0.00999928
      vertex 23.1902 -0.474396 -0.00999928
    endloop
  endfacet
  facet normal -0 0 -1
    outer loop
      vertex 23.1902 0.35289 -0.00999928
      vertex 21.3932 -0.474396 -0.00999928
      vertex 21.3932 0.35289 -0.00999928
    endloop
  endfacet
  facet normal 0 0 -1
    outer loop
      vertex 21.3932 1.52609 -0.00999928
      vertex 23.8005 2.34999 -0.00999928
      vertex 23.8005 1.52609 -0.00999928
    endloop
  endfacet
  facet normal 0 0 -1
    outer loop
      vertex 21.3932 1.52609 -0.00999928
      vertex 20.498 2.34999 -0.00999928
      vertex 23.8005 2.34999 -0.00999928
    endloop
  endfacet
  facet normal 0 0 -1
    outer loop
      vertex 21.3932 0.35289 -0.00999928
      vertex 20.498 2.34999 -0.00999928
      vertex 21.3932 1.52609 -0.00999928
    endloop
  endfacet
  facet normal 0.096671 0.995316 -0
    outer loop
      vertex 26.3095 2.38942 -0.00999928
      vertex 26.0903 2.41071 1
      vertex 26.3095 2.38942 1
    endloop
  endfacet
  facet normal 0.096671 0.995316 0
    outer loop
      vertex 26.0903 2.41071 1
      vertex 26.3095 2.38942 -0.00999928
      vertex 26.0903 2.41071 -0.00999928
    endloop
  endfacet
  facet normal 0.171699 0.985149 -0
    outer loop
      vertex 26.5129 2.35397 -0.00999928
      vertex 26.3095 2.38942 1
      vertex 26.5129 2.35397 1
    endloop
  endfacet
  facet normal 0.171699 0.985149 0
    outer loop
      vertex 26.3095 2.38942 1
      vertex 26.5129 2.35397 -0.00999928
      vertex 26.3095 2.38942 -0.00999928
    endloop
  endfacet
  facet normal 0.255978 0.966683 -0
    outer loop
      vertex 26.7004 2.30432 -0.00999928
      vertex 26.5129 2.35397 1
      vertex 26.7004 2.30432 1
    endloop
  endfacet
  facet normal 0.255978 0.966683 0
    outer loop
      vertex 26.5129 2.35397 1
      vertex 26.7004 2.30432 -0.00999928
      vertex 26.5129 2.35397 -0.00999928
    endloop
  endfacet
  facet normal 0.348811 0.937193 -0
    outer loop
      vertex 26.8719 2.24049 -0.00999928
      vertex 26.7004 2.30432 1
      vertex 26.8719 2.24049 1
    endloop
  endfacet
  facet normal 0.348811 0.937193 0
    outer loop
      vertex 26.7004 2.30432 1
      vertex 26.8719 2.24049 -0.00999928
      vertex 26.7004 2.30432 -0.00999928
    endloop
  endfacet
  facet normal 0.448133 0.893967 -0
    outer loop
      vertex 27.0275 2.16249 -0.00999928
      vertex 26.8719 2.24049 1
      vertex 27.0275 2.16249 1
    endloop
  endfacet
  facet normal 0.448133 0.893967 0
    outer loop
      vertex 26.8719 2.24049 1
      vertex 27.0275 2.16249 -0.00999928
      vertex 26.8719 2.24049 -0.00999928
    endloop
  endfacet
  facet normal 0.550792 0.834642 -0
    outer loop
      vertex 27.1672 2.0703 -0.00999928
      vertex 27.0275 2.16249 1
      vertex 27.1672 2.0703 1
    endloop
  endfacet
  facet normal 0.550792 0.834642 0
    outer loop
      vertex 27.0275 2.16249 1
      vertex 27.1672 2.0703 -0.00999928
      vertex 27.0275 2.16249 -0.00999928
    endloop
  endfacet
  facet normal 0.652132 0.758106 -0
    outer loop
      vertex 27.2896 1.96501 -0.00999928
      vertex 27.1672 2.0703 1
      vertex 27.2896 1.96501 1
    endloop
  endfacet
  facet normal 0.652132 0.758106 0
    outer loop
      vertex 27.1672 2.0703 1
      vertex 27.2896 1.96501 -0.00999928
      vertex 27.1672 2.0703 -0.00999928
    endloop
  endfacet
  facet normal 0.749726 0.661749 0
    outer loop
      vertex 27.3931 1.84775 1
      vertex 27.2896 1.96501 -0.00999928
      vertex 27.2896 1.96501 1
    endloop
  endfacet
  facet normal 0.749726 0.661749 0
    outer loop
      vertex 27.2896 1.96501 -0.00999928
      vertex 27.3931 1.84775 1
      vertex 27.3931 1.84775 -0.00999928
    endloop
  endfacet
  facet normal 0.836366 0.548171 0
    outer loop
      vertex 27.4778 1.71852 1
      vertex 27.3931 1.84775 -0.00999928
      vertex 27.3931 1.84775 1
    endloop
  endfacet
  facet normal 0.836366 0.548171 0
    outer loop
      vertex 27.3931 1.84775 -0.00999928
      vertex 27.4778 1.71852 1
      vertex 27.4778 1.71852 -0.00999928
    endloop
  endfacet
  facet normal 0.906167 0.422921 0
    outer loop
      vertex 27.5437 1.57732 1
      vertex 27.4778 1.71852 -0.00999928
      vertex 27.4778 1.71852 1
    endloop
  endfacet
  facet normal 0.906167 0.422921 0
    outer loop
      vertex 27.4778 1.71852 -0.00999928
      vertex 27.5437 1.57732 1
      vertex 27.5437 1.57732 -0.00999928
    endloop
  endfacet
  facet normal 0.956005 0.293349 0
    outer loop
      vertex 27.5907 1.42415 1
      vertex 27.5437 1.57732 -0.00999928
      vertex 27.5437 1.57732 1
    endloop
  endfacet
  facet normal 0.956005 0.293349 0
    outer loop
      vertex 27.5437 1.57732 -0.00999928
      vertex 27.5907 1.42415 1
      vertex 27.5907 1.42415 -0.00999928
    endloop
  endfacet
  facet normal 0.985733 0.168318 0
    outer loop
      vertex 27.6189 1.259 1
      vertex 27.5907 1.42415 -0.00999928
      vertex 27.5907 1.42415 1
    endloop
  endfacet
  facet normal 0.985733 0.168318 0
    outer loop
      vertex 27.5907 1.42415 -0.00999928
      vertex 27.6189 1.259 1
      vertex 27.6189 1.259 -0.00999928
    endloop
  endfacet
  facet normal 0.998565 0.053562 0
    outer loop
      vertex 27.6284 1.08189 1
      vertex 27.6189 1.259 -0.00999928
      vertex 27.6189 1.259 1
    endloop
  endfacet
  facet normal 0.998565 0.053562 0
    outer loop
      vertex 27.6189 1.259 -0.00999928
      vertex 27.6284 1.08189 1
      vertex 27.6284 1.08189 -0.00999928
    endloop
  endfacet
  facet normal 0.998758 -0.0498334 0
    outer loop
      vertex 27.6227 0.967651 1
      vertex 27.6284 1.08189 -0.00999928
      vertex 27.6284 1.08189 1
    endloop
  endfacet
  facet normal 0.998758 -0.0498334 0
    outer loop
      vertex 27.6284 1.08189 -0.00999928
      vertex 27.6227 0.967651 1
      vertex 27.6227 0.967651 -0.00999928
    endloop
  endfacet
  facet normal 0.988842 -0.148967 0
    outer loop
      vertex 27.6058 0.855469 1
      vertex 27.6227 0.967651 -0.00999928
      vertex 27.6227 0.967651 1
    endloop
  endfacet
  facet normal 0.988842 -0.148967 0
    outer loop
      vertex 27.6227 0.967651 -0.00999928
      vertex 27.6058 0.855469 1
      vertex 27.6058 0.855469 -0.00999928
    endloop
  endfacet
  facet normal 0.968725 -0.248138 0
    outer loop
      vertex 27.5776 0.745377 1
      vertex 27.6058 0.855469 -0.00999928
      vertex 27.6058 0.855469 1
    endloop
  endfacet
  facet normal 0.968725 -0.248138 0
    outer loop
      vertex 27.6058 0.855469 -0.00999928
      vertex 27.5776 0.745377 1
      vertex 27.5776 0.745377 -0.00999928
    endloop
  endfacet
  facet normal 0.939159 -0.343482 0
    outer loop
      vertex 27.5381 0.637375 1
      vertex 27.5776 0.745377 -0.00999928
      vertex 27.5776 0.745377 1
    endloop
  endfacet
  facet normal 0.939159 -0.343482 0
    outer loop
      vertex 27.5776 0.745377 -0.00999928
      vertex 27.5381 0.637375 1
      vertex 27.5381 0.637375 -0.00999928
    endloop
  endfacet
  facet normal 0.902028 -0.431678 0
    outer loop
      vertex 27.4874 0.531433 1
      vertex 27.5381 0.637375 -0.00999928
      vertex 27.5381 0.637375 1
    endloop
  endfacet
  facet normal 0.902028 -0.431678 0
    outer loop
      vertex 27.5381 0.637375 -0.00999928
      vertex 27.4874 0.531433 1
      vertex 27.4874 0.531433 -0.00999928
    endloop
  endfacet
  facet normal 0.858292 -0.513161 0
    outer loop
      vertex 27.4253 0.427567 1
      vertex 27.4874 0.531433 -0.00999928
      vertex 27.4874 0.531433 1
    endloop
  endfacet
  facet normal 0.858292 -0.513161 0
    outer loop
      vertex 27.4874 0.531433 -0.00999928
      vertex 27.4253 0.427567 1
      vertex 27.4253 0.427567 -0.00999928
    endloop
  endfacet
  facet normal 0.811457 -0.584413 0
    outer loop
      vertex 27.352 0.32579 1
      vertex 27.4253 0.427567 -0.00999928
      vertex 27.4253 0.427567 1
    endloop
  endfacet
  facet normal 0.811457 -0.584413 0
    outer loop
      vertex 27.4253 0.427567 -0.00999928
      vertex 27.352 0.32579 1
      vertex 27.352 0.32579 -0.00999928
    endloop
  endfacet
  facet normal 0.763498 -0.64581 0
    outer loop
      vertex 27.2683 0.226837 1
      vertex 27.352 0.32579 -0.00999928
      vertex 27.352 0.32579 1
    endloop
  endfacet
  facet normal 0.763498 -0.64581 0
    outer loop
      vertex 27.352 0.32579 -0.00999928
      vertex 27.2683 0.226837 1
      vertex 27.2683 0.226837 -0.00999928
    endloop
  endfacet
  facet normal 0.715131 -0.698991 0
    outer loop
      vertex 27.1751 0.131485 1
      vertex 27.2683 0.226837 -0.00999928
      vertex 27.2683 0.226837 1
    endloop
  endfacet
  facet normal 0.715131 -0.698991 0
    outer loop
      vertex 27.2683 0.226837 -0.00999928
      vertex 27.1751 0.131485 1
      vertex 27.1751 0.131485 -0.00999928
    endloop
  endfacet
  facet normal 0.666659 -0.745363 0
    outer loop
      vertex 27.0725 0.0397186 -0.00999928
      vertex 27.1751 0.131485 1
      vertex 27.0725 0.0397186 1
    endloop
  endfacet
  facet normal 0.666659 -0.745363 0
    outer loop
      vertex 27.1751 0.131485 1
      vertex 27.0725 0.0397186 -0.00999928
      vertex 27.1751 0.131485 -0.00999928
    endloop
  endfacet
  facet normal 0.617724 -0.786395 0
    outer loop
      vertex 26.9603 -0.0484161 -0.00999928
      vertex 27.0725 0.0397186 1
      vertex 26.9603 -0.0484161 1
    endloop
  endfacet
  facet normal 0.617724 -0.786395 0
    outer loop
      vertex 27.0725 0.0397186 1
      vertex 26.9603 -0.0484161 -0.00999928
      vertex 27.0725 0.0397186 -0.00999928
    endloop
  endfacet
  facet normal 0.57094 -0.820992 0
    outer loop
      vertex 26.8387 -0.13298 -0.00999928
      vertex 26.9603 -0.0484161 1
      vertex 26.8387 -0.13298 1
    endloop
  endfacet
  facet normal 0.57094 -0.820992 0
    outer loop
      vertex 26.9603 -0.0484161 1
      vertex 26.8387 -0.13298 -0.00999928
      vertex 26.9603 -0.0484161 -0.00999928
    endloop
  endfacet
  facet normal 0.525373 -0.850872 0
    outer loop
      vertex 26.7076 -0.213928 -0.00999928
      vertex 26.8387 -0.13298 1
      vertex 26.7076 -0.213928 1
    endloop
  endfacet
  facet normal 0.525373 -0.850872 0
    outer loop
      vertex 26.8387 -0.13298 1
      vertex 26.7076 -0.213928 -0.00999928
      vertex 26.8387 -0.13298 -0.00999928
    endloop
  endfacet
  facet normal 0.482335 -0.875987 0
    outer loop
      vertex 26.5671 -0.29129 -0.00999928
      vertex 26.7076 -0.213928 1
      vertex 26.5671 -0.29129 1
    endloop
  endfacet
  facet normal 0.482335 -0.875987 0
    outer loop
      vertex 26.7076 -0.213928 1
      vertex 26.5671 -0.29129 -0.00999928
      vertex 26.7076 -0.213928 -0.00999928
    endloop
  endfacet
  facet normal 0.458263 -0.888816 0
    outer loop
      vertex 25.9161 -0.626938 -0.00999928
      vertex 26.5671 -0.29129 1
      vertex 25.9161 -0.626938 1
    endloop
  endfacet
  facet normal 0.458263 -0.888816 0
    outer loop
      vertex 26.5671 -0.29129 1
      vertex 25.9161 -0.626938 -0.00999928
      vertex 26.5671 -0.29129 -0.00999928
    endloop
  endfacet
  facet normal 0.487418 -0.873169 0
    outer loop
      vertex 25.8561 -0.660431 -0.00999928
      vertex 25.9161 -0.626938 1
      vertex 25.8561 -0.660431 1
    endloop
  endfacet
  facet normal 0.487418 -0.873169 0
    outer loop
      vertex 25.9161 -0.626938 1
      vertex 25.8561 -0.660431 -0.00999928
      vertex 25.9161 -0.626938 -0.00999928
    endloop
  endfacet
  facet normal 0.526379 -0.85025 0
    outer loop
      vertex 25.8002 -0.695038 -0.00999928
      vertex 25.8561 -0.660431 1
      vertex 25.8002 -0.695038 1
    endloop
  endfacet
  facet normal 0.526379 -0.85025 0
    outer loop
      vertex 25.8561 -0.660431 1
      vertex 25.8002 -0.695038 -0.00999928
      vertex 25.8561 -0.660431 -0.00999928
    endloop
  endfacet
  facet normal 0.567527 -0.823355 0
    outer loop
      vertex 25.7484 -0.730743 -0.00999928
      vertex 25.8002 -0.695038 1
      vertex 25.7484 -0.730743 1
    endloop
  endfacet
  facet normal 0.567527 -0.823355 0
    outer loop
      vertex 25.8002 -0.695038 1
      vertex 25.7484 -0.730743 -0.00999928
      vertex 25.8002 -0.695038 -0.00999928
    endloop
  endfacet
  facet normal 0.611041 -0.791599 0
    outer loop
      vertex 25.7007 -0.767563 -0.00999928
      vertex 25.7484 -0.730743 1
      vertex 25.7007 -0.767563 1
    endloop
  endfacet
  facet normal 0.611041 -0.791599 0
    outer loop
      vertex 25.7484 -0.730743 1
      vertex 25.7007 -0.767563 -0.00999928
      vertex 25.7484 -0.730743 -0.00999928
    endloop
  endfacet
  facet normal 0.656228 -0.754563 0
    outer loop
      vertex 25.6571 -0.805481 -0.00999928
      vertex 25.7007 -0.767563 1
      vertex 25.6571 -0.805481 1
    endloop
  endfacet
  facet normal 0.656228 -0.754563 0
    outer loop
      vertex 25.7007 -0.767563 1
      vertex 25.6571 -0.805481 -0.00999928
      vertex 25.7007 -0.767563 -0.00999928
    endloop
  endfacet
  facet normal 0.701981 -0.712196 0
    outer loop
      vertex 25.6175 -0.844513 -0.00999928
      vertex 25.6571 -0.805481 1
      vertex 25.6175 -0.844513 1
    endloop
  endfacet
  facet normal 0.701981 -0.712196 0
    outer loop
      vertex 25.6571 -0.805481 1
      vertex 25.6175 -0.844513 -0.00999928
      vertex 25.6571 -0.805481 -0.00999928
    endloop
  endfacet
  facet normal 0.749928 -0.66152 0
    outer loop
      vertex 25.5821 -0.884644 1
      vertex 25.6175 -0.844513 -0.00999928
      vertex 25.6175 -0.844513 1
    endloop
  endfacet
  facet normal 0.749928 -0.66152 0
    outer loop
      vertex 25.6175 -0.844513 -0.00999928
      vertex 25.5821 -0.884644 1
      vertex 25.5821 -0.884644 -0.00999928
    endloop
  endfacet
  facet normal 0.796936 -0.604063 0
    outer loop
      vertex 25.551 -0.925674 1
      vertex 25.5821 -0.884644 -0.00999928
      vertex 25.5821 -0.884644 1
    endloop
  endfacet
  facet normal 0.796936 -0.604063 0
    outer loop
      vertex 25.5821 -0.884644 -0.00999928
      vertex 25.551 -0.925674 1
      vertex 25.551 -0.925674 -0.00999928
    endloop
  endfacet
  facet normal 0.846844 -0.531841 0
    outer loop
      vertex 25.5248 -0.967392 1
      vertex 25.551 -0.925674 -0.00999928
      vertex 25.551 -0.925674 1
    endloop
  endfacet
  facet normal 0.846844 -0.531841 0
    outer loop
      vertex 25.551 -0.925674 -0.00999928
      vertex 25.5248 -0.967392 1
      vertex 25.5248 -0.967392 -0.00999928
    endloop
  endfacet
  facet normal 0.891966 -0.452102 0
    outer loop
      vertex 25.5033 -1.00981 1
      vertex 25.5248 -0.967392 -0.00999928
      vertex 25.5248 -0.967392 1
    endloop
  endfacet
  facet normal 0.891966 -0.452102 0
    outer loop
      vertex 25.5248 -0.967392 -0.00999928
      vertex 25.5033 -1.00981 1
      vertex 25.5033 -1.00981 -0.00999928
    endloop
  endfacet
  facet normal 0.932479 -0.361225 0
    outer loop
      vertex 25.4866 -1.05292 1
      vertex 25.5033 -1.00981 -0.00999928
      vertex 25.5033 -1.00981 1
    endloop
  endfacet
  facet normal 0.932479 -0.361225 0
    outer loop
      vertex 25.5033 -1.00981 -0.00999928
      vertex 25.4866 -1.05292 1
      vertex 25.4866 -1.05292 -0.00999928
    endloop
  endfacet
  facet normal 0.965033 -0.262129 0
    outer loop
      vertex 25.4747 -1.09673 1
      vertex 25.4866 -1.05292 -0.00999928
      vertex 25.4866 -1.05292 1
    endloop
  endfacet
  facet normal 0.965033 -0.262129 0
    outer loop
      vertex 25.4866 -1.05292 -0.00999928
      vertex 25.4747 -1.09673 1
      vertex 25.4747 -1.09673 -0.00999928
    endloop
  endfacet
  facet normal 0.987145 -0.159826 0
    outer loop
      vertex 25.4675 -1.1412 1
      vertex 25.4747 -1.09673 -0.00999928
      vertex 25.4747 -1.09673 1
    endloop
  endfacet
  facet normal 0.987145 -0.159826 0
    outer loop
      vertex 25.4747 -1.09673 -0.00999928
      vertex 25.4675 -1.1412 1
      vertex 25.4675 -1.1412 -0.00999928
    endloop
  endfacet
  facet normal 0.998593 -0.0530344 0
    outer loop
      vertex 25.4651 -1.18639 1
      vertex 25.4675 -1.1412 -0.00999928
      vertex 25.4675 -1.1412 1
    endloop
  endfacet
  facet normal 0.998593 -0.0530344 0
    outer loop
      vertex 25.4675 -1.1412 -0.00999928
      vertex 25.4651 -1.18639 1
      vertex 25.4651 -1.18639 -0.00999928
    endloop
  endfacet
  facet normal 0.998694 0.0510918 0
    outer loop
      vertex 25.4685 -1.25285 1
      vertex 25.4651 -1.18639 -0.00999928
      vertex 25.4651 -1.18639 1
    endloop
  endfacet
  facet normal 0.998694 0.0510918 0
    outer loop
      vertex 25.4651 -1.18639 -0.00999928
      vertex 25.4685 -1.25285 1
      vertex 25.4685 -1.25285 -0.00999928
    endloop
  endfacet
  facet normal 0.986673 0.162717 0
    outer loop
      vertex 25.4787 -1.3147 1
      vertex 25.4685 -1.25285 -0.00999928
      vertex 25.4685 -1.25285 1
    endloop
  endfacet
  facet normal 0.986673 0.162717 0
    outer loop
      vertex 25.4685 -1.25285 -0.00999928
      vertex 25.4787 -1.3147 1
      vertex 25.4787 -1.3147 -0.00999928
    endloop
  endfacet
  facet normal 0.959004 0.283392 0
    outer loop
      vertex 25.4956 -1.37189 1
      vertex 25.4787 -1.3147 -0.00999928
      vertex 25.4787 -1.3147 1
    endloop
  endfacet
  facet normal 0.959004 0.283392 0
    outer loop
      vertex 25.4787 -1.3147 -0.00999928
      vertex 25.4956 -1.37189 1
      vertex 25.4956 -1.37189 -0.00999928
    endloop
  endfacet
  facet normal 0.91093 0.412562 0
    outer loop
      vertex 25.5194 -1.42444 1
      vertex 25.4956 -1.37189 -0.00999928
      vertex 25.4956 -1.37189 1
    endloop
  endfacet
  facet normal 0.91093 0.412562 0
    outer loop
      vertex 25.4956 -1.37189 -0.00999928
      vertex 25.5194 -1.42444 1
      vertex 25.5194 -1.42444 -0.00999928
    endloop
  endfacet
  facet normal 0.843669 0.536864 0
    outer loop
      vertex 25.5499 -1.47237 1
      vertex 25.5194 -1.42444 -0.00999928
      vertex 25.5194 -1.42444 1
    endloop
  endfacet
  facet normal 0.843669 0.536864 0
    outer loop
      vertex 25.5194 -1.42444 -0.00999928
      vertex 25.5499 -1.47237 1
      vertex 25.5499 -1.47237 -0.00999928
    endloop
  endfacet
  facet normal 0.757425 0.652922 0
    outer loop
      vertex 25.5872 -1.51564 1
      vertex 25.5499 -1.47237 -0.00999928
      vertex 25.5499 -1.47237 1
    endloop
  endfacet
  facet normal 0.757425 0.652922 0
    outer loop
      vertex 25.5499 -1.47237 -0.00999928
      vertex 25.5872 -1.51564 1
      vertex 25.5872 -1.51564 -0.00999928
    endloop
  endfacet
  facet normal 0.659108 0.752048 -0
    outer loop
      vertex 25.6313 -1.55429 -0.00999928
      vertex 25.5872 -1.51564 1
      vertex 25.6313 -1.55429 1
    endloop
  endfacet
  facet normal 0.659108 0.752048 0
    outer loop
      vertex 25.5872 -1.51564 1
      vertex 25.6313 -1.55429 -0.00999928
      vertex 25.5872 -1.51564 -0.00999928
    endloop
  endfacet
  facet normal 0.558591 0.829443 -0
    outer loop
      vertex 25.6814 -1.58803 -0.00999928
      vertex 25.6313 -1.55429 1
      vertex 25.6814 -1.58803 1
    endloop
  endfacet
  facet normal 0.558591 0.829443 0
    outer loop
      vertex 25.6313 -1.55429 1
      vertex 25.6814 -1.58803 -0.00999928
      vertex 25.6313 -1.55429 -0.00999928
    endloop
  endfacet
  facet normal 0.456788 0.889576 -0
    outer loop
      vertex 25.737 -1.61658 -0.00999928
      vertex 25.6814 -1.58803 1
      vertex 25.737 -1.61658 1
    endloop
  endfacet
  facet normal 0.456788 0.889576 0
    outer loop
      vertex 25.6814 -1.58803 1
      vertex 25.737 -1.61658 -0.00999928
      vertex 25.6814 -1.58803 -0.00999928
    endloop
  endfacet
  facet normal 0.357357 0.933968 -0
    outer loop
      vertex 25.798 -1.63992 -0.00999928
      vertex 25.737 -1.61658 1
      vertex 25.798 -1.63992 1
    endloop
  endfacet
  facet normal 0.357357 0.933968 0
    outer loop
      vertex 25.737 -1.61658 1
      vertex 25.798 -1.63992 -0.00999928
      vertex 25.737 -1.61658 -0.00999928
    endloop
  endfacet
  facet normal 0.264176 0.964475 -0
    outer loop
      vertex 25.8643 -1.65808 -0.00999928
      vertex 25.798 -1.63992 1
      vertex 25.8643 -1.65808 1
    endloop
  endfacet
  facet normal 0.264176 0.964475 0
    outer loop
      vertex 25.798 -1.63992 1
      vertex 25.8643 -1.65808 -0.00999928
      vertex 25.798 -1.63992 -0.00999928
    endloop
  endfacet
  facet normal 0.178029 0.984025 -0
    outer loop
      vertex 25.9361 -1.67107 -0.00999928
      vertex 25.8643 -1.65808 1
      vertex 25.9361 -1.67107 1
    endloop
  endfacet
  facet normal 0.178029 0.984025 0
    outer loop
      vertex 25.8643 -1.65808 1
      vertex 25.9361 -1.67107 -0.00999928
      vertex 25.8643 -1.65808 -0.00999928
    endloop
  endfacet
  facet normal 0.100398 0.994947 -0
    outer loop
      vertex 26.0132 -1.67885 -0.00999928
      vertex 25.9361 -1.67107 1
      vertex 26.0132 -1.67885 1
    endloop
  endfacet
  facet normal 0.100398 0.994947 0
    outer loop
      vertex 25.9361 -1.67107 1
      vertex 26.0132 -1.67885 -0.00999928
      vertex 25.9361 -1.67107 -0.00999928
    endloop
  endfacet
  facet normal 0.0313405 0.999509 -0
    outer loop
      vertex 26.0958 -1.68144 -0.00999928
      vertex 26.0132 -1.67885 1
      vertex 26.0958 -1.68144 1
    endloop
  endfacet
  facet normal 0.0313405 0.999509 0
    outer loop
      vertex 26.0132 -1.67885 1
      vertex 26.0958 -1.68144 -0.00999928
      vertex 26.0132 -1.67885 -0.00999928
    endloop
  endfacet
  facet normal -0.0386756 0.999252 0
    outer loop
      vertex 26.1591 -1.67899 -0.00999928
      vertex 26.0958 -1.68144 1
      vertex 26.1591 -1.67899 1
    endloop
  endfacet
  facet normal -0.0386756 0.999252 0
    outer loop
      vertex 26.0958 -1.68144 1
      vertex 26.1591 -1.67899 -0.00999928
      vertex 26.0958 -1.68144 -0.00999928
    endloop
  endfacet
  facet normal -0.1144 0.993435 0
    outer loop
      vertex 26.2231 -1.67162 -0.00999928
      vertex 26.1591 -1.67899 1
      vertex 26.2231 -1.67162 1
    endloop
  endfacet
  facet normal -0.1144 0.993435 0
    outer loop
      vertex 26.1591 -1.67899 1
      vertex 26.2231 -1.67162 -0.00999928
      vertex 26.1591 -1.67899 -0.00999928
    endloop
  endfacet
  facet normal -0.186617 0.982433 0
    outer loop
      vertex 26.2878 -1.65933 -0.00999928
      vertex 26.2231 -1.67162 1
      vertex 26.2878 -1.65933 1
    endloop
  endfacet
  facet normal -0.186617 0.982433 0
    outer loop
      vertex 26.2231 -1.67162 1
      vertex 26.2878 -1.65933 -0.00999928
      vertex 26.2231 -1.67162 -0.00999928
    endloop
  endfacet
  facet normal -0.254209 0.967149 0
    outer loop
      vertex 26.3532 -1.64214 -0.00999928
      vertex 26.2878 -1.65933 1
      vertex 26.3532 -1.64214 1
    endloop
  endfacet
  facet normal -0.254209 0.967149 0
    outer loop
      vertex 26.2878 -1.65933 1
      vertex 26.3532 -1.64214 -0.00999928
      vertex 26.2878 -1.65933 -0.00999928
    endloop
  endfacet
  facet normal -0.317476 0.948266 0
    outer loop
      vertex 26.4193 -1.62001 -0.00999928
      vertex 26.3532 -1.64214 1
      vertex 26.4193 -1.62001 1
    endloop
  endfacet
  facet normal -0.317476 0.948266 0
    outer loop
      vertex 26.3532 -1.64214 1
      vertex 26.4193 -1.62001 -0.00999928
      vertex 26.3532 -1.64214 -0.00999928
    endloop
  endfacet
  facet normal -0.37546 0.926839 0
    outer loop
      vertex 26.486 -1.59299 -0.00999928
      vertex 26.4193 -1.62001 1
      vertex 26.486 -1.59299 1
    endloop
  endfacet
  facet normal -0.37546 0.926839 0
    outer loop
      vertex 26.4193 -1.62001 1
      vertex 26.486 -1.59299 -0.00999928
      vertex 26.4193 -1.62001 -0.00999928
    endloop
  endfacet
  facet normal -0.427827 0.90386 0
    outer loop
      vertex 26.5535 -1.56104 -0.00999928
      vertex 26.486 -1.59299 1
      vertex 26.5535 -1.56104 1
    endloop
  endfacet
  facet normal -0.427827 0.90386 0
    outer loop
      vertex 26.486 -1.59299 1
      vertex 26.5535 -1.56104 -0.00999928
      vertex 26.486 -1.59299 -0.00999928
    endloop
  endfacet
  facet normal -0.474464 0.880275 0
    outer loop
      vertex 26.6212 -1.52455 -0.00999928
      vertex 26.5535 -1.56104 1
      vertex 26.6212 -1.52455 1
    endloop
  endfacet
  facet normal -0.474464 0.880275 0
    outer loop
      vertex 26.5535 -1.56104 1
      vertex 26.6212 -1.52455 -0.00999928
      vertex 26.5535 -1.56104 -0.00999928
    endloop
  endfacet
  facet normal -0.515426 0.856934 0
    outer loop
      vertex 26.6889 -1.48383 -0.00999928
      vertex 26.6212 -1.52455 1
      vertex 26.6889 -1.48383 1
    endloop
  endfacet
  facet normal -0.515426 0.856934 0
    outer loop
      vertex 26.6212 -1.52455 1
      vertex 26.6889 -1.48383 -0.00999928
      vertex 26.6212 -1.52455 -0.00999928
    endloop
  endfacet
  facet normal -0.554757 0.832012 0
    outer loop
      vertex 26.7563 -1.43889 -0.00999928
      vertex 26.6889 -1.48383 1
      vertex 26.7563 -1.43889 1
    endloop
  endfacet
  facet normal -0.554757 0.832012 0
    outer loop
      vertex 26.6889 -1.48383 1
      vertex 26.7563 -1.43889 -0.00999928
      vertex 26.6889 -1.48383 -0.00999928
    endloop
  endfacet
  facet normal -0.589205 0.807984 0
    outer loop
      vertex 26.8237 -1.38974 -0.00999928
      vertex 26.7563 -1.43889 1
      vertex 26.8237 -1.38974 1
    endloop
  endfacet
  facet normal -0.589205 0.807984 0
    outer loop
      vertex 26.7563 -1.43889 1
      vertex 26.8237 -1.38974 -0.00999928
      vertex 26.7563 -1.43889 -0.00999928
    endloop
  endfacet
  facet normal -0.622559 0.782573 0
    outer loop
      vertex 26.8908 -1.33636 -0.00999928
      vertex 26.8237 -1.38974 1
      vertex 26.8908 -1.33636 1
    endloop
  endfacet
  facet normal -0.622559 0.782573 0
    outer loop
      vertex 26.8237 -1.38974 1
      vertex 26.8908 -1.33636 -0.00999928
      vertex 26.8237 -1.38974 -0.00999928
    endloop
  endfacet
  facet normal -0.65135 0.758777 0
    outer loop
      vertex 26.9579 -1.27876 -0.00999928
      vertex 26.8908 -1.33636 1
      vertex 26.9579 -1.27876 1
    endloop
  endfacet
  facet normal -0.65135 0.758777 0
    outer loop
      vertex 26.8908 -1.33636 1
      vertex 26.9579 -1.27876 -0.00999928
      vertex 26.8908 -1.33636 -0.00999928
    endloop
  endfacet
  facet normal -0.678613 0.734496 0
    outer loop
      vertex 27.0248 -1.21695 -0.00999928
      vertex 26.9579 -1.27876 1
      vertex 27.0248 -1.21695 1
    endloop
  endfacet
  facet normal -0.678613 0.734496 0
    outer loop
      vertex 26.9579 -1.27876 1
      vertex 27.0248 -1.21695 -0.00999928
      vertex 26.9579 -1.27876 -0.00999928
    endloop
  endfacet
  facet normal 0.75414 0.656713 0
    outer loop
      vertex 27.6419 -1.9256 1
      vertex 27.0248 -1.21695 -0.00999928
      vertex 27.0248 -1.21695 1
    endloop
  endfacet
  facet normal 0.75414 0.656713 0
    outer loop
      vertex 27.0248 -1.21695 -0.00999928
      vertex 27.6419 -1.9256 1
      vertex 27.6419 -1.9256 -0.00999928
    endloop
  endfacet
  facet normal 0.67092 -0.74153 0
    outer loop
      vertex 27.5519 -2.00703 -0.00999928
      vertex 27.6419 -1.9256 1
      vertex 27.5519 -2.00703 1
    endloop
  endfacet
  facet normal 0.67092 -0.74153 0
    outer loop
      vertex 27.6419 -1.9256 1
      vertex 27.5519 -2.00703 -0.00999928
      vertex 27.6419 -1.9256 -0.00999928
    endloop
  endfacet
  facet normal 0.629141 -0.777291 0
    outer loop
      vertex 27.4583 -2.08279 -0.00999928
      vertex 27.5519 -2.00703 1
      vertex 27.4583 -2.08279 1
    endloop
  endfacet
  facet normal 0.629141 -0.777291 0
    outer loop
      vertex 27.5519 -2.00703 1
      vertex 27.4583 -2.08279 -0.00999928
      vertex 27.5519 -2.00703 -0.00999928
    endloop
  endfacet
  facet normal 0.584096 -0.811684 0
    outer loop
      vertex 27.3609 -2.15288 -0.00999928
      vertex 27.4583 -2.08279 1
      vertex 27.3609 -2.15288 1
    endloop
  endfacet
  facet normal 0.584096 -0.811684 0
    outer loop
      vertex 27.4583 -2.08279 1
      vertex 27.3609 -2.15288 -0.00999928
      vertex 27.4583 -2.08279 -0.00999928
    endloop
  endfacet
  facet normal 0.537691 -0.843142 0
    outer loop
      vertex 27.2599 -2.21729 -0.00999928
      vertex 27.3609 -2.15288 1
      vertex 27.2599 -2.21729 1
    endloop
  endfacet
  facet normal 0.537691 -0.843142 0
    outer loop
      vertex 27.3609 -2.15288 1
      vertex 27.2599 -2.21729 -0.00999928
      vertex 27.3609 -2.15288 -0.00999928
    endloop
  endfacet
  facet normal 0.489644 -0.871923 0
    outer loop
      vertex 27.1553 -2.27603 -0.00999928
      vertex 27.2599 -2.21729 1
      vertex 27.1553 -2.27603 1
    endloop
  endfacet
  facet normal 0.489644 -0.871923 0
    outer loop
      vertex 27.2599 -2.21729 1
      vertex 27.1553 -2.27603 -0.00999928
      vertex 27.2599 -2.21729 -0.00999928
    endloop
  endfacet
  facet normal 0.440035 -0.89798 0
    outer loop
      vertex 27.047 -2.3291 -0.00999928
      vertex 27.1553 -2.27603 1
      vertex 27.047 -2.3291 1
    endloop
  endfacet
  facet normal 0.440035 -0.89798 0
    outer loop
      vertex 27.1553 -2.27603 1
      vertex 27.047 -2.3291 -0.00999928
      vertex 27.1553 -2.27603 -0.00999928
    endloop
  endfacet
  facet normal 0.389747 -0.920922 0
    outer loop
      vertex 26.935 -2.3765 -0.00999928
      vertex 27.047 -2.3291 1
      vertex 26.935 -2.3765 1
    endloop
  endfacet
  facet normal 0.389747 -0.920922 0
    outer loop
      vertex 27.047 -2.3291 1
      vertex 26.935 -2.3765 -0.00999928
      vertex 27.047 -2.3291 -0.00999928
    endloop
  endfacet
  facet normal 0.339097 -0.940752 0
    outer loop
      vertex 26.8202 -2.41788 -0.00999928
      vertex 26.935 -2.3765 1
      vertex 26.8202 -2.41788 1
    endloop
  endfacet
  facet normal 0.339097 -0.940752 0
    outer loop
      vertex 26.935 -2.3765 1
      vertex 26.8202 -2.41788 -0.00999928
      vertex 26.935 -2.3765 -0.00999928
    endloop
  endfacet
  facet normal 0.287649 -0.957736 0
    outer loop
      vertex 26.7036 -2.4529 -0.00999928
      vertex 26.8202 -2.41788 1
      vertex 26.7036 -2.4529 1
    endloop
  endfacet
  facet normal 0.287649 -0.957736 0
    outer loop
      vertex 26.8202 -2.41788 1
      vertex 26.7036 -2.4529 -0.00999928
      vertex 26.8202 -2.41788 -0.00999928
    endloop
  endfacet
  facet normal 0.235001 -0.971995 0
    outer loop
      vertex 26.5851 -2.48155 -0.00999928
      vertex 26.7036 -2.4529 1
      vertex 26.5851 -2.48155 1
    endloop
  endfacet
  facet normal 0.235001 -0.971995 0
    outer loop
      vertex 26.7036 -2.4529 1
      vertex 26.5851 -2.48155 -0.00999928
      vertex 26.7036 -2.4529 -0.00999928
    endloop
  endfacet
  facet normal 0.182119 -0.983277 0
    outer loop
      vertex 26.4647 -2.50385 -0.00999928
      vertex 26.5851 -2.48155 1
      vertex 26.4647 -2.50385 1
    endloop
  endfacet
  facet normal 0.182119 -0.983277 0
    outer loop
      vertex 26.5851 -2.48155 1
      vertex 26.4647 -2.50385 -0.00999928
      vertex 26.5851 -2.48155 -0.00999928
    endloop
  endfacet
  facet normal 0.129107 -0.991631 0
    outer loop
      vertex 26.3425 -2.51976 -0.00999928
      vertex 26.4647 -2.50385 1
      vertex 26.3425 -2.51976 1
    endloop
  endfacet
  facet normal 0.129107 -0.991631 0
    outer loop
      vertex 26.4647 -2.50385 1
      vertex 26.3425 -2.51976 -0.00999928
      vertex 26.4647 -2.50385 -0.00999928
    endloop
  endfacet
  facet normal 0.0767272 -0.997052 0
    outer loop
      vertex 26.2184 -2.52931 -0.00999928
      vertex 26.3425 -2.51976 1
      vertex 26.2184 -2.52931 1
    endloop
  endfacet
  facet normal 0.0767272 -0.997052 0
    outer loop
      vertex 26.3425 -2.51976 1
      vertex 26.2184 -2.52931 -0.00999928
      vertex 26.3425 -2.51976 -0.00999928
    endloop
  endfacet
  facet normal 0.0252301 -0.999682 0
    outer loop
      vertex 26.0924 -2.53249 -0.00999928
      vertex 26.2184 -2.52931 1
      vertex 26.0924 -2.53249 1
    endloop
  endfacet
  facet normal 0.0252301 -0.999682 0
    outer loop
      vertex 26.2184 -2.52931 1
      vertex 26.0924 -2.53249 -0.00999928
      vertex 26.2184 -2.52931 -0.00999928
    endloop
  endfacet
  facet normal -0.0334095 -0.999442 0
    outer loop
      vertex 25.8815 -2.52544 -0.00999928
      vertex 26.0924 -2.53249 1
      vertex 25.8815 -2.52544 1
    endloop
  endfacet
  facet normal -0.0334095 -0.999442 -0
    outer loop
      vertex 26.0924 -2.53249 1
      vertex 25.8815 -2.52544 -0.00999928
      vertex 26.0924 -2.53249 -0.00999928
    endloop
  endfacet
  facet normal -0.107004 -0.994259 0
    outer loop
      vertex 25.6847 -2.50426 -0.00999928
      vertex 25.8815 -2.52544 1
      vertex 25.6847 -2.50426 1
    endloop
  endfacet
  facet normal -0.107004 -0.994259 -0
    outer loop
      vertex 25.8815 -2.52544 1
      vertex 25.6847 -2.50426 -0.00999928
      vertex 25.8815 -2.52544 -0.00999928
    endloop
  endfacet
  facet normal -0.189704 -0.981841 0
    outer loop
      vertex 25.502 -2.46896 -0.00999928
      vertex 25.6847 -2.50426 1
      vertex 25.502 -2.46896 1
    endloop
  endfacet
  facet normal -0.189704 -0.981841 -0
    outer loop
      vertex 25.6847 -2.50426 1
      vertex 25.502 -2.46896 -0.00999928
      vertex 25.6847 -2.50426 -0.00999928
    endloop
  endfacet
  facet normal -0.281334 -0.95961 0
    outer loop
      vertex 25.3335 -2.41956 -0.00999928
      vertex 25.502 -2.46896 1
      vertex 25.3335 -2.41956 1
    endloop
  endfacet
  facet normal -0.281334 -0.95961 -0
    outer loop
      vertex 25.502 -2.46896 1
      vertex 25.3335 -2.41956 -0.00999928
      vertex 25.502 -2.46896 -0.00999928
    endloop
  endfacet
  facet normal -0.380301 -0.924863 0
    outer loop
      vertex 25.179 -2.35603 -0.00999928
      vertex 25.3335 -2.41956 1
      vertex 25.179 -2.35603 1
    endloop
  endfacet
  facet normal -0.380301 -0.924863 -0
    outer loop
      vertex 25.3335 -2.41956 1
      vertex 25.179 -2.35603 -0.00999928
      vertex 25.3335 -2.41956 -0.00999928
    endloop
  endfacet
  facet normal -0.484144 -0.874989 0
    outer loop
      vertex 25.0387 -2.2784 -0.00999928
      vertex 25.179 -2.35603 1
      vertex 25.0387 -2.2784 1
    endloop
  endfacet
  facet normal -0.484144 -0.874989 -0
    outer loop
      vertex 25.179 -2.35603 1
      vertex 25.0387 -2.2784 -0.00999928
      vertex 25.179 -2.35603 -0.00999928
    endloop
  endfacet
  facet normal -0.588038 -0.808833 0
    outer loop
      vertex 24.9125 -2.18665 -0.00999928
      vertex 25.0387 -2.2784 1
      vertex 24.9125 -2.18665 1
    endloop
  endfacet
  facet normal -0.588038 -0.808833 -0
    outer loop
      vertex 25.0387 -2.2784 1
      vertex 24.9125 -2.18665 -0.00999928
      vertex 25.0387 -2.2784 -0.00999928
    endloop
  endfacet
  facet normal -0.686901 -0.726751 0
    outer loop
      vertex 24.8018 -2.08202 -0.00999928
      vertex 24.9125 -2.18665 1
      vertex 24.8018 -2.08202 1
    endloop
  endfacet
  facet normal -0.686901 -0.726751 -0
    outer loop
      vertex 24.9125 -2.18665 1
      vertex 24.8018 -2.08202 -0.00999928
      vertex 24.9125 -2.18665 -0.00999928
    endloop
  endfacet
  facet normal -0.77893 -0.627111 0
    outer loop
      vertex 24.8018 -2.08202 -0.00999928
      vertex 24.7082 -1.96576 1
      vertex 24.7082 -1.96576 -0.00999928
    endloop
  endfacet
  facet normal -0.77893 -0.627111 0
    outer loop
      vertex 24.7082 -1.96576 1
      vertex 24.8018 -2.08202 -0.00999928
      vertex 24.8018 -2.08202 1
    endloop
  endfacet
  facet normal -0.857854 -0.513894 0
    outer loop
      vertex 24.7082 -1.96576 -0.00999928
      vertex 24.6316 -1.83789 1
      vertex 24.6316 -1.83789 -0.00999928
    endloop
  endfacet
  facet normal -0.857854 -0.513894 0
    outer loop
      vertex 24.6316 -1.83789 1
      vertex 24.7082 -1.96576 -0.00999928
      vertex 24.7082 -1.96576 1
    endloop
  endfacet
  facet normal -0.919588 -0.392885 0
    outer loop
      vertex 24.6316 -1.83789 -0.00999928
      vertex 24.572 -1.69839 1
      vertex 24.572 -1.69839 -0.00999928
    endloop
  endfacet
  facet normal -0.919588 -0.392885 0
    outer loop
      vertex 24.572 -1.69839 1
      vertex 24.6316 -1.83789 -0.00999928
      vertex 24.6316 -1.83789 1
    endloop
  endfacet
  facet normal -0.962489 -0.271321 0
    outer loop
      vertex 24.572 -1.69839 -0.00999928
      vertex 24.5294 -1.54727 1
      vertex 24.5294 -1.54727 -0.00999928
    endloop
  endfacet
  facet normal -0.962489 -0.271321 0
    outer loop
      vertex 24.5294 -1.54727 1
      vertex 24.572 -1.69839 -0.00999928
      vertex 24.572 -1.69839 1
    endloop
  endfacet
  facet normal -0.987947 -0.154794 0
    outer loop
      vertex 24.5294 -1.54727 -0.00999928
      vertex 24.5039 -1.38452 1
      vertex 24.5039 -1.38452 -0.00999928
    endloop
  endfacet
  facet normal -0.987947 -0.154794 0
    outer loop
      vertex 24.5039 -1.38452 1
      vertex 24.5294 -1.54727 -0.00999928
      vertex 24.5294 -1.54727 1
    endloop
  endfacet
  facet normal -0.998814 -0.0486863 0
    outer loop
      vertex 24.5039 -1.38452 -0.00999928
      vertex 24.4954 -1.21014 1
      vertex 24.4954 -1.21014 -0.00999928
    endloop
  endfacet
  facet normal -0.998814 -0.0486863 0
    outer loop
      vertex 24.4954 -1.21014 1
      vertex 24.5039 -1.38452 -0.00999928
      vertex 24.5039 -1.38452 1
    endloop
  endfacet
  facet normal -0.998983 0.0450919 0
    outer loop
      vertex 24.4954 -1.21014 -0.00999928
      vertex 24.5011 -1.08386 1
      vertex 24.5011 -1.08386 -0.00999928
    endloop
  endfacet
  facet normal -0.998983 0.0450919 0
    outer loop
      vertex 24.5011 -1.08386 1
      vertex 24.4954 -1.21014 -0.00999928
      vertex 24.4954 -1.21014 1
    endloop
  endfacet
  facet normal -0.990267 0.13918 0
    outer loop
      vertex 24.5011 -1.08386 -0.00999928
      vertex 24.5184 -0.96077 1
      vertex 24.5184 -0.96077 -0.00999928
    endloop
  endfacet
  facet normal -0.990267 0.13918 0
    outer loop
      vertex 24.5184 -0.96077 1
      vertex 24.5011 -1.08386 -0.00999928
      vertex 24.5011 -1.08386 1
    endloop
  endfacet
  facet normal -0.972535 0.232755 0
    outer loop
      vertex 24.5184 -0.96077 -0.00999928
      vertex 24.5471 -0.840851 1
      vertex 24.5471 -0.840851 -0.00999928
    endloop
  endfacet
  facet normal -0.972535 0.232755 0
    outer loop
      vertex 24.5471 -0.840851 1
      vertex 24.5184 -0.96077 -0.00999928
      vertex 24.5184 -0.96077 1
    endloop
  endfacet
  facet normal -0.945515 0.325579 0
    outer loop
      vertex 24.5471 -0.840851 -0.00999928
      vertex 24.5873 -0.724106 1
      vertex 24.5873 -0.724106 -0.00999928
    endloop
  endfacet
  facet normal -0.945515 0.325579 0
    outer loop
      vertex 24.5873 -0.724106 1
      vertex 24.5471 -0.840851 -0.00999928
      vertex 24.5471 -0.840851 1
    endloop
  endfacet
  facet normal -0.910114 0.414358 0
    outer loop
      vertex 24.5873 -0.724106 -0.00999928
      vertex 24.639 -0.61055 1
      vertex 24.639 -0.61055 -0.00999928
    endloop
  endfacet
  facet normal -0.910114 0.414358 0
    outer loop
      vertex 24.639 -0.61055 1
      vertex 24.5873 -0.724106 -0.00999928
      vertex 24.5873 -0.724106 1
    endloop
  endfacet
  facet normal -0.868131 0.496335 0
    outer loop
      vertex 24.639 -0.61055 -0.00999928
      vertex 24.7021 -0.500183 1
      vertex 24.7021 -0.500183 -0.00999928
    endloop
  endfacet
  facet normal -0.868131 0.496335 0
    outer loop
      vertex 24.7021 -0.500183 1
      vertex 24.639 -0.61055 -0.00999928
      vertex 24.639 -0.61055 1
    endloop
  endfacet
  facet normal -0.820435 0.57174 0
    outer loop
      vertex 24.7021 -0.500183 -0.00999928
      vertex 24.7768 -0.39299 1
      vertex 24.7768 -0.39299 -0.00999928
    endloop
  endfacet
  facet normal -0.820435 0.57174 0
    outer loop
      vertex 24.7768 -0.39299 1
      vertex 24.7021 -0.500183 -0.00999928
      vertex 24.7021 -0.500183 1
    endloop
  endfacet
  facet normal -0.771414 0.636333 0
    outer loop
      vertex 24.7768 -0.39299 -0.00999928
      vertex 24.8619 -0.289825 1
      vertex 24.8619 -0.289825 -0.00999928
    endloop
  endfacet
  facet normal -0.771414 0.636333 0
    outer loop
      vertex 24.8619 -0.289825 1
      vertex 24.7768 -0.39299 -0.00999928
      vertex 24.7768 -0.39299 1
    endloop
  endfacet
  facet normal -0.720579 0.693372 0
    outer loop
      vertex 24.8619 -0.289825 -0.00999928
      vertex 24.9565 -0.191513 1
      vertex 24.9565 -0.191513 -0.00999928
    endloop
  endfacet
  facet normal -0.720579 0.693372 0
    outer loop
      vertex 24.9565 -0.191513 1
      vertex 24.8619 -0.289825 -0.00999928
      vertex 24.8619 -0.289825 1
    endloop
  endfacet
  facet normal -0.668888 0.743364 0
    outer loop
      vertex 25.0604 -0.0980225 -0.00999928
      vertex 24.9565 -0.191513 1
      vertex 25.0604 -0.0980225 1
    endloop
  endfacet
  facet normal -0.668888 0.743364 0
    outer loop
      vertex 24.9565 -0.191513 1
      vertex 25.0604 -0.0980225 -0.00999928
      vertex 24.9565 -0.191513 -0.00999928
    endloop
  endfacet
  facet normal -0.616108 0.787662 0
    outer loop
      vertex 25.1737 -0.00939941 -0.00999928
      vertex 25.0604 -0.0980225 1
      vertex 25.1737 -0.00939941 1
    endloop
  endfacet
  facet normal -0.616108 0.787662 0
    outer loop
      vertex 25.0604 -0.0980225 1
      vertex 25.1737 -0.00939941 -0.00999928
      vertex 25.0604 -0.0980225 -0.00999928
    endloop
  endfacet
  facet normal -0.563607 0.826043 0
    outer loop
      vertex 25.2965 0.0743866 -0.00999928
      vertex 25.1737 -0.00939941 1
      vertex 25.2965 0.0743866 1
    endloop
  endfacet
  facet normal -0.563607 0.826043 0
    outer loop
      vertex 25.1737 -0.00939941 1
      vertex 25.2965 0.0743866 -0.00999928
      vertex 25.1737 -0.00939941 -0.00999928
    endloop
  endfacet
  facet normal -0.513011 0.858382 0
    outer loop
      vertex 25.4286 0.153336 -0.00999928
      vertex 25.2965 0.0743866 1
      vertex 25.4286 0.153336 1
    endloop
  endfacet
  facet normal -0.513011 0.858382 0
    outer loop
      vertex 25.2965 0.0743866 1
      vertex 25.4286 0.153336 -0.00999928
      vertex 25.2965 0.0743866 -0.00999928
    endloop
  endfacet
  facet normal -0.463715 0.885984 0
    outer loop
      vertex 25.5702 0.227448 -0.00999928
      vertex 25.4286 0.153336 1
      vertex 25.5702 0.227448 1
    endloop
  endfacet
  facet normal -0.463715 0.885984 0
    outer loop
      vertex 25.4286 0.153336 1
      vertex 25.5702 0.227448 -0.00999928
      vertex 25.4286 0.153336 -0.00999928
    endloop
  endfacet
  facet normal -0.436614 0.899649 0
    outer loop
      vertex 26.2619 0.563141 -0.00999928
      vertex 25.5702 0.227448 1
      vertex 26.2619 0.563141 1
    endloop
  endfacet
  facet normal -0.436614 0.899649 0
    outer loop
      vertex 25.5702 0.227448 1
      vertex 26.2619 0.563141 -0.00999928
      vertex 25.5702 0.227448 -0.00999928
    endloop
  endfacet
  facet normal -0.468942 0.883229 0
    outer loop
      vertex 26.3672 0.619049 -0.00999928
      vertex 26.2619 0.563141 1
      vertex 26.3672 0.619049 1
    endloop
  endfacet
  facet normal -0.468942 0.883229 0
    outer loop
      vertex 26.2619 0.563141 1
      vertex 26.3672 0.619049 -0.00999928
      vertex 26.2619 0.563141 -0.00999928
    endloop
  endfacet
  facet normal -0.566337 0.824174 0
    outer loop
      vertex 26.4562 0.680206 -0.00999928
      vertex 26.3672 0.619049 1
      vertex 26.4562 0.680206 1
    endloop
  endfacet
  facet normal -0.566337 0.824174 0
    outer loop
      vertex 26.3672 0.619049 1
      vertex 26.4562 0.680206 -0.00999928
      vertex 26.3672 0.619049 -0.00999928
    endloop
  endfacet
  facet normal -0.673501 0.739186 0
    outer loop
      vertex 26.5291 0.746628 -0.00999928
      vertex 26.4562 0.680206 1
      vertex 26.5291 0.746628 1
    endloop
  endfacet
  facet normal -0.673501 0.739186 0
    outer loop
      vertex 26.4562 0.680206 1
      vertex 26.5291 0.746628 -0.00999928
      vertex 26.4562 0.680206 -0.00999928
    endloop
  endfacet
  facet normal -0.784852 0.619683 0
    outer loop
      vertex 26.5291 0.746628 -0.00999928
      vertex 26.5857 0.818314 1
      vertex 26.5857 0.818314 -0.00999928
    endloop
  endfacet
  facet normal -0.784852 0.619683 0
    outer loop
      vertex 26.5857 0.818314 1
      vertex 26.5291 0.746628 -0.00999928
      vertex 26.5291 0.746628 1
    endloop
  endfacet
  facet normal -0.884918 0.465746 0
    outer loop
      vertex 26.5857 0.818314 -0.00999928
      vertex 26.6262 0.895264 1
      vertex 26.6262 0.895264 -0.00999928
    endloop
  endfacet
  facet normal -0.884918 0.465746 0
    outer loop
      vertex 26.6262 0.895264 1
      vertex 26.5857 0.818314 -0.00999928
      vertex 26.5857 0.818314 1
    endloop
  endfacet
  facet normal -0.958988 0.283448 0
    outer loop
      vertex 26.6262 0.895264 -0.00999928
      vertex 26.6505 0.977478 1
      vertex 26.6505 0.977478 -0.00999928
    endloop
  endfacet
  facet normal -0.958988 0.283448 0
    outer loop
      vertex 26.6505 0.977478 1
      vertex 26.6262 0.895264 -0.00999928
      vertex 26.6262 0.895264 1
    endloop
  endfacet
  facet normal -0.995739 0.092217 0
    outer loop
      vertex 26.6505 0.977478 -0.00999928
      vertex 26.6586 1.06494 1
      vertex 26.6586 1.06494 -0.00999928
    endloop
  endfacet
  facet normal -0.995739 0.092217 0
    outer loop
      vertex 26.6586 1.06494 1
      vertex 26.6505 0.977478 -0.00999928
      vertex 26.6505 0.977478 1
    endloop
  endfacet
  facet normal -0.998285 -0.058546 0
    outer loop
      vertex 26.6586 1.06494 -0.00999928
      vertex 26.6547 1.13144 1
      vertex 26.6547 1.13144 -0.00999928
    endloop
  endfacet
  facet normal -0.998285 -0.058546 0
    outer loop
      vertex 26.6547 1.13144 1
      vertex 26.6586 1.06494 -0.00999928
      vertex 26.6586 1.06494 1
    endloop
  endfacet
  facet normal -0.982035 -0.1887 0
    outer loop
      vertex 26.6547 1.13144 -0.00999928
      vertex 26.6428 1.19337 1
      vertex 26.6428 1.19337 -0.00999928
    endloop
  endfacet
  facet normal -0.982035 -0.1887 0
    outer loop
      vertex 26.6428 1.19337 1
      vertex 26.6547 1.13144 -0.00999928
      vertex 26.6547 1.13144 1
    endloop
  endfacet
  facet normal -0.94581 -0.32472 0
    outer loop
      vertex 26.6428 1.19337 -0.00999928
      vertex 26.6231 1.25075 1
      vertex 26.6231 1.25075 -0.00999928
    endloop
  endfacet
  facet normal -0.94581 -0.32472 0
    outer loop
      vertex 26.6231 1.25075 1
      vertex 26.6428 1.19337 -0.00999928
      vertex 26.6428 1.19337 1
    endloop
  endfacet
  facet normal -0.886189 -0.463323 0
    outer loop
      vertex 26.6231 1.25075 -0.00999928
      vertex 26.5955 1.30354 1
      vertex 26.5955 1.30354 -0.00999928
    endloop
  endfacet
  facet normal -0.886189 -0.463323 0
    outer loop
      vertex 26.5955 1.30354 1
      vertex 26.6231 1.25075 -0.00999928
      vertex 26.6231 1.25075 1
    endloop
  endfacet
  facet normal -0.805417 -0.592709 0
    outer loop
      vertex 26.5955 1.30354 -0.00999928
      vertex 26.56 1.35178 1
      vertex 26.56 1.35178 -0.00999928
    endloop
  endfacet
  facet normal -0.805417 -0.592709 0
    outer loop
      vertex 26.56 1.35178 1
      vertex 26.5955 1.30354 -0.00999928
      vertex 26.5955 1.30354 1
    endloop
  endfacet
  facet normal -0.709296 -0.704911 0
    outer loop
      vertex 26.56 1.35178 -0.00999928
      vertex 26.5166 1.39545 1
      vertex 26.5166 1.39545 -0.00999928
    endloop
  endfacet
  facet normal -0.709296 -0.704911 0
    outer loop
      vertex 26.5166 1.39545 1
      vertex 26.56 1.35178 -0.00999928
      vertex 26.56 1.35178 1
    endloop
  endfacet
  facet normal -0.606833 -0.794829 0
    outer loop
      vertex 26.4654 1.43454 -0.00999928
      vertex 26.5166 1.39545 1
      vertex 26.4654 1.43454 1
    endloop
  endfacet
  facet normal -0.606833 -0.794829 -0
    outer loop
      vertex 26.5166 1.39545 1
      vertex 26.4654 1.43454 -0.00999928
      vertex 26.5166 1.39545 -0.00999928
    endloop
  endfacet
  facet normal -0.503194 -0.864174 0
    outer loop
      vertex 26.4067 1.46872 -0.00999928
      vertex 26.4654 1.43454 1
      vertex 26.4067 1.46872 1
    endloop
  endfacet
  facet normal -0.503194 -0.864174 -0
    outer loop
      vertex 26.4654 1.43454 1
      vertex 26.4067 1.46872 -0.00999928
      vertex 26.4654 1.43454 -0.00999928
    endloop
  endfacet
  facet normal -0.403276 -0.915078 0
    outer loop
      vertex 26.3411 1.49763 -0.00999928
      vertex 26.4067 1.46872 1
      vertex 26.3411 1.49763 1
    endloop
  endfacet
  facet normal -0.403276 -0.915078 -0
    outer loop
      vertex 26.4067 1.46872 1
      vertex 26.3411 1.49763 -0.00999928
      vertex 26.4067 1.46872 -0.00999928
    endloop
  endfacet
  facet normal -0.310242 -0.950658 0
    outer loop
      vertex 26.2686 1.52129 -0.00999928
      vertex 26.3411 1.49763 1
      vertex 26.2686 1.52129 1
    endloop
  endfacet
  facet normal -0.310242 -0.950658 -0
    outer loop
      vertex 26.3411 1.49763 1
      vertex 26.2686 1.52129 -0.00999928
      vertex 26.3411 1.49763 -0.00999928
    endloop
  endfacet
  facet normal -0.225486 -0.974246 0
    outer loop
      vertex 26.1891 1.53969 -0.00999928
      vertex 26.2686 1.52129 1
      vertex 26.1891 1.53969 1
    endloop
  endfacet
  facet normal -0.225486 -0.974246 -0
    outer loop
      vertex 26.2686 1.52129 1
      vertex 26.1891 1.53969 -0.00999928
      vertex 26.2686 1.52129 -0.00999928
    endloop
  endfacet
  facet normal -0.150525 -0.988606 0
    outer loop
      vertex 26.1028 1.55283 -0.00999928
      vertex 26.1891 1.53969 1
      vertex 26.1028 1.55283 1
    endloop
  endfacet
  facet normal -0.150525 -0.988606 -0
    outer loop
      vertex 26.1891 1.53969 1
      vertex 26.1028 1.55283 -0.00999928
      vertex 26.1891 1.53969 -0.00999928
    endloop
  endfacet
  facet normal -0.0841591 -0.996452 0
    outer loop
      vertex 26.0095 1.56071 -0.00999928
      vertex 26.1028 1.55283 1
      vertex 26.0095 1.56071 1
    endloop
  endfacet
  facet normal -0.0841591 -0.996452 -0
    outer loop
      vertex 26.1028 1.55283 1
      vertex 26.0095 1.56071 -0.00999928
      vertex 26.1028 1.55283 -0.00999928
    endloop
  endfacet
  facet normal -0.0262385 -0.999656 0
    outer loop
      vertex 25.9093 1.56334 -0.00999928
      vertex 26.0095 1.56071 1
      vertex 25.9093 1.56334 1
    endloop
  endfacet
  facet normal -0.0262385 -0.999656 -0
    outer loop
      vertex 26.0095 1.56071 1
      vertex 25.9093 1.56334 -0.00999928
      vertex 26.0095 1.56071 -0.00999928
    endloop
  endfacet
  facet normal 0.0191548 -0.999817 0
    outer loop
      vertex 25.819 1.56161 -0.00999928
      vertex 25.9093 1.56334 1
      vertex 25.819 1.56161 1
    endloop
  endfacet
  facet normal 0.0191548 -0.999817 0
    outer loop
      vertex 25.9093 1.56334 1
      vertex 25.819 1.56161 -0.00999928
      vertex 25.9093 1.56334 -0.00999928
    endloop
  endfacet
  facet normal 0.0559124 -0.998436 0
    outer loop
      vertex 25.7265 1.55643 -0.00999928
      vertex 25.819 1.56161 1
      vertex 25.7265 1.55643 1
    endloop
  endfacet
  facet normal 0.0559124 -0.998436 0
    outer loop
      vertex 25.819 1.56161 1
      vertex 25.7265 1.55643 -0.00999928
      vertex 25.819 1.56161 -0.00999928
    endloop
  endfacet
  facet normal 0.0908672 -0.995863 0
    outer loop
      vertex 25.6317 1.54778 -0.00999928
      vertex 25.7265 1.55643 1
      vertex 25.6317 1.54778 1
    endloop
  endfacet
  facet normal 0.0908672 -0.995863 0
    outer loop
      vertex 25.7265 1.55643 1
      vertex 25.6317 1.54778 -0.00999928
      vertex 25.7265 1.55643 -0.00999928
    endloop
  endfacet
  facet normal 0.123532 -0.992341 0
    outer loop
      vertex 25.5345 1.53568 -0.00999928
      vertex 25.6317 1.54778 1
      vertex 25.5345 1.53568 1
    endloop
  endfacet
  facet normal 0.123532 -0.992341 0
    outer loop
      vertex 25.6317 1.54778 1
      vertex 25.5345 1.53568 -0.00999928
      vertex 25.6317 1.54778 -0.00999928
    endloop
  endfacet
  facet normal 0.15485 -0.987938 0
    outer loop
      vertex 25.4351 1.5201 -0.00999928
      vertex 25.5345 1.53568 1
      vertex 25.4351 1.5201 1
    endloop
  endfacet
  facet normal 0.15485 -0.987938 0
    outer loop
      vertex 25.5345 1.53568 1
      vertex 25.4351 1.5201 -0.00999928
      vertex 25.5345 1.53568 -0.00999928
    endloop
  endfacet
  facet normal 0.183833 -0.982957 0
    outer loop
      vertex 25.3334 1.50108 -0.00999928
      vertex 25.4351 1.5201 1
      vertex 25.3334 1.50108 1
    endloop
  endfacet
  facet normal 0.183833 -0.982957 0
    outer loop
      vertex 25.4351 1.5201 1
      vertex 25.3334 1.50108 -0.00999928
      vertex 25.4351 1.5201 -0.00999928
    endloop
  endfacet
  facet normal 0.211559 -0.977365 0
    outer loop
      vertex 25.2295 1.47859 -0.00999928
      vertex 25.3334 1.50108 1
      vertex 25.2295 1.47859 1
    endloop
  endfacet
  facet normal 0.211559 -0.977365 0
    outer loop
      vertex 25.3334 1.50108 1
      vertex 25.2295 1.47859 -0.00999928
      vertex 25.3334 1.50108 -0.00999928
    endloop
  endfacet
  facet normal 0.236969 -0.971517 0
    outer loop
      vertex 25.1243 1.45293 -0.00999928
      vertex 25.2295 1.47859 1
      vertex 25.1243 1.45293 1
    endloop
  endfacet
  facet normal 0.236969 -0.971517 0
    outer loop
      vertex 25.2295 1.47859 1
      vertex 25.1243 1.45293 -0.00999928
      vertex 25.2295 1.47859 -0.00999928
    endloop
  endfacet
  facet normal 0.261476 -0.96521 0
    outer loop
      vertex 25.0188 1.42435 -0.00999928
      vertex 25.1243 1.45293 1
      vertex 25.0188 1.42435 1
    endloop
  endfacet
  facet normal 0.261476 -0.96521 0
    outer loop
      vertex 25.1243 1.45293 1
      vertex 25.0188 1.42435 -0.00999928
      vertex 25.1243 1.45293 -0.00999928
    endloop
  endfacet
  facet normal 0.285682 -0.958324 0
    outer loop
      vertex 24.9132 1.39287 -0.00999928
      vertex 25.0188 1.42435 1
      vertex 24.9132 1.39287 1
    endloop
  endfacet
  facet normal 0.285682 -0.958324 0
    outer loop
      vertex 25.0188 1.42435 1
      vertex 24.9132 1.39287 -0.00999928
      vertex 25.0188 1.42435 -0.00999928
    endloop
  endfacet
  facet normal 0.309208 -0.950994 0
    outer loop
      vertex 24.8074 1.35847 -0.00999928
      vertex 24.9132 1.39287 1
      vertex 24.8074 1.35847 1
    endloop
  endfacet
  facet normal 0.309208 -0.950994 0
    outer loop
      vertex 24.9132 1.39287 1
      vertex 24.8074 1.35847 -0.00999928
      vertex 24.9132 1.39287 -0.00999928
    endloop
  endfacet
  facet normal 0.331657 -0.9434 0
    outer loop
      vertex 24.7013 1.32117 -0.00999928
      vertex 24.8074 1.35847 1
      vertex 24.7013 1.32117 1
    endloop
  endfacet
  facet normal 0.331657 -0.9434 0
    outer loop
      vertex 24.8074 1.35847 1
      vertex 24.7013 1.32117 -0.00999928
      vertex 24.8074 1.35847 -0.00999928
    endloop
  endfacet
  facet normal 0.354094 -0.93521 0
    outer loop
      vertex 24.5951 1.28096 -0.00999928
      vertex 24.7013 1.32117 1
      vertex 24.5951 1.28096 1
    endloop
  endfacet
  facet normal 0.354094 -0.93521 0
    outer loop
      vertex 24.7013 1.32117 1
      vertex 24.5951 1.28096 -0.00999928
      vertex 24.7013 1.32117 -0.00999928
    endloop
  endfacet
  facet normal 0.375289 -0.926908 0
    outer loop
      vertex 24.4886 1.23784 -0.00999928
      vertex 24.5951 1.28096 1
      vertex 24.4886 1.23784 1
    endloop
  endfacet
  facet normal 0.375289 -0.926908 0
    outer loop
      vertex 24.5951 1.28096 1
      vertex 24.4886 1.23784 -0.00999928
      vertex 24.5951 1.28096 -0.00999928
    endloop
  endfacet
  facet normal -0.991237 -0.132093 0
    outer loop
      vertex 24.4886 1.23784 -0.00999928
      vertex 24.3666 2.15334 1
      vertex 24.3666 2.15334 -0.00999928
    endloop
  endfacet
  facet normal -0.991237 -0.132093 0
    outer loop
      vertex 24.3666 2.15334 1
      vertex 24.4886 1.23784 -0.00999928
      vertex 24.4886 1.23784 1
    endloop
  endfacet
  facet normal -0.364055 0.931377 0
    outer loop
      vertex 24.4554 2.18805 -0.00999928
      vertex 24.3666 2.15334 1
      vertex 24.4554 2.18805 1
    endloop
  endfacet
  facet normal -0.364055 0.931377 0
    outer loop
      vertex 24.3666 2.15334 1
      vertex 24.4554 2.18805 -0.00999928
      vertex 24.3666 2.15334 -0.00999928
    endloop
  endfacet
  facet normal -0.331626 0.943411 0
    outer loop
      vertex 24.5476 2.22046 -0.00999928
      vertex 24.4554 2.18805 1
      vertex 24.5476 2.22046 1
    endloop
  endfacet
  facet normal -0.331626 0.943411 0
    outer loop
      vertex 24.4554 2.18805 1
      vertex 24.5476 2.22046 -0.00999928
      vertex 24.4554 2.18805 -0.00999928
    endloop
  endfacet
  facet normal -0.300969 0.953634 0
    outer loop
      vertex 24.6431 2.2506 -0.00999928
      vertex 24.5476 2.22046 1
      vertex 24.6431 2.2506 1
    endloop
  endfacet
  facet normal -0.300969 0.953634 0
    outer loop
      vertex 24.5476 2.22046 1
      vertex 24.6431 2.2506 -0.00999928
      vertex 24.5476 2.22046 -0.00999928
    endloop
  endfacet
  facet normal -0.27122 0.962518 0
    outer loop
      vertex 24.7419 2.27844 -0.00999928
      vertex 24.6431 2.2506 1
      vertex 24.7419 2.27844 1
    endloop
  endfacet
  facet normal -0.27122 0.962518 0
    outer loop
      vertex 24.6431 2.2506 1
      vertex 24.7419 2.27844 -0.00999928
      vertex 24.6431 2.2506 -0.00999928
    endloop
  endfacet
  facet normal -0.243027 0.970019 0
    outer loop
      vertex 24.844 2.30402 -0.00999928
      vertex 24.7419 2.27844 1
      vertex 24.844 2.30402 1
    endloop
  endfacet
  facet normal -0.243027 0.970019 0
    outer loop
      vertex 24.7419 2.27844 1
      vertex 24.844 2.30402 -0.00999928
      vertex 24.7419 2.27844 -0.00999928
    endloop
  endfacet
  facet normal -0.215586 0.976485 0
    outer loop
      vertex 24.9494 2.32729 -0.00999928
      vertex 24.844 2.30402 1
      vertex 24.9494 2.32729 1
    endloop
  endfacet
  facet normal -0.215586 0.976485 0
    outer loop
      vertex 24.844 2.30402 1
      vertex 24.9494 2.32729 -0.00999928
      vertex 24.844 2.30402 -0.00999928
    endloop
  endfacet
  facet normal -0.189604 0.981861 0
    outer loop
      vertex 25.0582 2.3483 -0.00999928
      vertex 24.9494 2.32729 1
      vertex 25.0582 2.3483 1
    endloop
  endfacet
  facet normal -0.189604 0.981861 0
    outer loop
      vertex 24.9494 2.32729 1
      vertex 25.0582 2.3483 -0.00999928
      vertex 24.9494 2.32729 -0.00999928
    endloop
  endfacet
  facet normal -0.163937 0.986471 0
    outer loop
      vertex 25.1691 2.36673 -0.00999928
      vertex 25.0582 2.3483 1
      vertex 25.1691 2.36673 1
    endloop
  endfacet
  facet normal -0.163937 0.986471 0
    outer loop
      vertex 25.0582 2.3483 1
      vertex 25.1691 2.36673 -0.00999928
      vertex 25.0582 2.3483 -0.00999928
    endloop
  endfacet
  facet normal -0.138162 0.99041 0
    outer loop
      vertex 25.281 2.38234 -0.00999928
      vertex 25.1691 2.36673 1
      vertex 25.281 2.38234 1
    endloop
  endfacet
  facet normal -0.138162 0.99041 0
    outer loop
      vertex 25.1691 2.36673 1
      vertex 25.281 2.38234 -0.00999928
      vertex 25.1691 2.36673 -0.00999928
    endloop
  endfacet
  facet normal -0.112305 0.993674 0
    outer loop
      vertex 25.3939 2.3951 -0.00999928
      vertex 25.281 2.38234 1
      vertex 25.3939 2.3951 1
    endloop
  endfacet
  facet normal -0.112305 0.993674 0
    outer loop
      vertex 25.281 2.38234 1
      vertex 25.3939 2.3951 -0.00999928
      vertex 25.281 2.38234 -0.00999928
    endloop
  endfacet
  facet normal -0.086928 0.996215 0
    outer loop
      vertex 25.5077 2.40503 -0.00999928
      vertex 25.3939 2.3951 1
      vertex 25.5077 2.40503 1
    endloop
  endfacet
  facet normal -0.086928 0.996215 0
    outer loop
      vertex 25.3939 2.3951 1
      vertex 25.5077 2.40503 -0.00999928
      vertex 25.3939 2.3951 -0.00999928
    endloop
  endfacet
  facet normal -0.0616421 0.998098 0
    outer loop
      vertex 25.6225 2.41212 -0.00999928
      vertex 25.5077 2.40503 1
      vertex 25.6225 2.41212 1
    endloop
  endfacet
  facet normal -0.0616421 0.998098 0
    outer loop
      vertex 25.5077 2.40503 1
      vertex 25.6225 2.41212 -0.00999928
      vertex 25.5077 2.40503 -0.00999928
    endloop
  endfacet
  facet normal -0.0366765 0.999327 0
    outer loop
      vertex 25.7383 2.41637 -0.00999928
      vertex 25.6225 2.41212 1
      vertex 25.7383 2.41637 1
    endloop
  endfacet
  facet normal -0.0366765 0.999327 0
    outer loop
      vertex 25.6225 2.41212 1
      vertex 25.7383 2.41637 -0.00999928
      vertex 25.6225 2.41212 -0.00999928
    endloop
  endfacet
  facet normal -0.0121566 0.999926 0
    outer loop
      vertex 25.8551 2.41779 -0.00999928
      vertex 25.7383 2.41637 1
      vertex 25.8551 2.41779 1
    endloop
  endfacet
  facet normal -0.0121566 0.999926 0
    outer loop
      vertex 25.7383 2.41637 1
      vertex 25.8551 2.41779 -0.00999928
      vertex 25.7383 2.41637 -0.00999928
    endloop
  endfacet
  facet normal 0.0300884 0.999547 -0
    outer loop
      vertex 26.0903 2.41071 -0.00999928
      vertex 25.8551 2.41779 1
      vertex 26.0903 2.41071 1
    endloop
  endfacet
  facet normal 0.0300884 0.999547 0
    outer loop
      vertex 25.8551 2.41779 1
      vertex 26.0903 2.41071 -0.00999928
      vertex 25.8551 2.41779 -0.00999928
    endloop
  endfacet
  facet normal 0.902606 0.430468 0
    outer loop
      vertex 20.0812 -2.46469 1
      vertex 18.5215 0.805695 -0.00999928
      vertex 18.5215 0.805695 1
    endloop
  endfacet
  facet normal 0.902606 0.430468 0
    outer loop
      vertex 18.5215 0.805695 -0.00999928
      vertex 20.0812 -2.46469 1
      vertex 20.0812 -2.46469 -0.00999928
    endloop
  endfacet
  facet normal 0 -1 0
    outer loop
      vertex 19.081 -2.46469 -0.00999928
      vertex 20.0812 -2.46469 1
      vertex 19.081 -2.46469 1
    endloop
  endfacet
  facet normal 0 -1 -0
    outer loop
      vertex 20.0812 -2.46469 1
      vertex 19.081 -2.46469 -0.00999928
      vertex 20.0812 -2.46469 -0.00999928
    endloop
  endfacet
  facet normal -0.916538 -0.399948 0
    outer loop
      vertex 19.081 -2.46469 -0.00999928
      vertex 18.1045 -0.226898 1
      vertex 18.1045 -0.226898 -0.00999928
    endloop
  endfacet
  facet normal -0.916538 -0.399948 0
    outer loop
      vertex 18.1045 -0.226898 1
      vertex 19.081 -2.46469 -0.00999928
      vertex 19.081 -2.46469 1
    endloop
  endfacet
  facet normal 0 -1 0
    outer loop
      vertex 18.0434 -0.226898 -0.00999928
      vertex 18.1045 -0.226898 1
      vertex 18.0434 -0.226898 1
    endloop
  endfacet
  facet normal 0 -1 -0
    outer loop
      vertex 18.1045 -0.226898 1
      vertex 18.0434 -0.226898 -0.00999928
      vertex 18.1045 -0.226898 -0.00999928
    endloop
  endfacet
  facet normal 0.916538 -0.399948 0
    outer loop
      vertex 17.0669 -2.46469 1
      vertex 18.0434 -0.226898 -0.00999928
      vertex 18.0434 -0.226898 1
    endloop
  endfacet
  facet normal 0.916538 -0.399948 0
    outer loop
      vertex 18.0434 -0.226898 -0.00999928
      vertex 17.0669 -2.46469 1
      vertex 17.0669 -2.46469 -0.00999928
    endloop
  endfacet
  facet normal 0 -1 0
    outer loop
      vertex 16.0667 -2.46469 -0.00999928
      vertex 17.0669 -2.46469 1
      vertex 16.0667 -2.46469 1
    endloop
  endfacet
  facet normal 0 -1 -0
    outer loop
      vertex 17.0669 -2.46469 1
      vertex 16.0667 -2.46469 -0.00999928
      vertex 17.0669 -2.46469 -0.00999928
    endloop
  endfacet
  facet normal -0.902606 0.430468 0
    outer loop
      vertex 16.0667 -2.46469 -0.00999928
      vertex 17.6264 0.805695 1
      vertex 17.6264 0.805695 -0.00999928
    endloop
  endfacet
  facet normal -0.902606 0.430468 0
    outer loop
      vertex 17.6264 0.805695 1
      vertex 16.0667 -2.46469 -0.00999928
      vertex 16.0667 -2.46469 1
    endloop
  endfacet
  facet normal -1 0 0
    outer loop
      vertex 17.6264 0.805695 -0.00999928
      vertex 17.6264 2.34999 1
      vertex 17.6264 2.34999 -0.00999928
    endloop
  endfacet
  facet normal -1 -0 0
    outer loop
      vertex 17.6264 2.34999 1
      vertex 17.6264 0.805695 -0.00999928
      vertex 17.6264 0.805695 1
    endloop
  endfacet
  facet normal 0 1 -0
    outer loop
      vertex 18.5215 2.34999 -0.00999928
      vertex 17.6264 2.34999 1
      vertex 18.5215 2.34999 1
    endloop
  endfacet
  facet normal 0 1 0
    outer loop
      vertex 17.6264 2.34999 1
      vertex 18.5215 2.34999 -0.00999928
      vertex 17.6264 2.34999 -0.00999928
    endloop
  endfacet
  facet normal 1 -0 0
    outer loop
      vertex 18.5215 0.805695 1
      vertex 18.5215 2.34999 -0.00999928
      vertex 18.5215 2.34999 1
    endloop
  endfacet
  facet normal 1 0 0
    outer loop
      vertex 18.5215 2.34999 -0.00999928
      vertex 18.5215 0.805695 1
      vertex 18.5215 0.805695 -0.00999928
    endloop
  endfacet
  facet normal 0 -1 0
    outer loop
      vertex 21.3932 1.52609 -0.00999928
      vertex 23.8005 1.52609 1
      vertex 21.3932 1.52609 1
    endloop
  endfacet
  facet normal 0 -1 -0
    outer loop
      vertex 23.8005 1.52609 1
      vertex 21.3932 1.52609 -0.00999928
      vertex 23.8005 1.52609 -0.00999928
    endloop
  endfacet
  facet normal 1 -0 0
    outer loop
      vertex 21.3932 0.35289 1
      vertex 21.3932 1.52609 -0.00999928
      vertex 21.3932 1.52609 1
    endloop
  endfacet
  facet normal 1 0 0
    outer loop
      vertex 21.3932 1.52609 -0.00999928
      vertex 21.3932 0.35289 1
      vertex 21.3932 0.35289 -0.00999928
    endloop
  endfacet
  facet normal 0 1 -0
    outer loop
      vertex 23.1902 0.35289 -0.00999928
      vertex 21.3932 0.35289 1
      vertex 23.1902 0.35289 1
    endloop
  endfacet
  facet normal 0 1 0
    outer loop
      vertex 21.3932 0.35289 1
      vertex 23.1902 0.35289 -0.00999928
      vertex 21.3932 0.35289 -0.00999928
    endloop
  endfacet
  facet normal 1 -0 0
    outer loop
      vertex 23.1902 -0.474396 1
      vertex 23.1902 0.35289 -0.00999928
      vertex 23.1902 0.35289 1
    endloop
  endfacet
  facet normal 1 0 0
    outer loop
      vertex 23.1902 0.35289 -0.00999928
      vertex 23.1902 -0.474396 1
      vertex 23.1902 -0.474396 -0.00999928
    endloop
  endfacet
  facet normal 0 -1 0
    outer loop
      vertex 21.3932 -0.474396 -0.00999928
      vertex 23.1902 -0.474396 1
      vertex 21.3932 -0.474396 1
    endloop
  endfacet
  facet normal 0 -1 -0
    outer loop
      vertex 23.1902 -0.474396 1
      vertex 21.3932 -0.474396 -0.00999928
      vertex 23.1902 -0.474396 -0.00999928
    endloop
  endfacet
  facet normal 1 -0 0
    outer loop
      vertex 21.3932 -1.64075 1
      vertex 21.3932 -0.474396 -0.00999928
      vertex 21.3932 -0.474396 1
    endloop
  endfacet
  facet normal 1 0 0
    outer loop
      vertex 21.3932 -0.474396 -0.00999928
      vertex 21.3932 -1.64075 1
      vertex 21.3932 -1.64075 -0.00999928
    endloop
  endfacet
  facet normal 0 1 -0
    outer loop
      vertex 23.8005 -1.64075 -0.00999928
      vertex 21.3932 -1.64075 1
      vertex 23.8005 -1.64075 1
    endloop
  endfacet
  facet normal 0 1 0
    outer loop
      vertex 21.3932 -1.64075 1
      vertex 23.8005 -1.64075 -0.00999928
      vertex 21.3932 -1.64075 -0.00999928
    endloop
  endfacet
  facet normal 1 -0 0
    outer loop
      vertex 23.8005 -2.46469 1
      vertex 23.8005 -1.64075 -0.00999928
      vertex 23.8005 -1.64075 1
    endloop
  endfacet
  facet normal 1 0 0
    outer loop
      vertex 23.8005 -1.64075 -0.00999928
      vertex 23.8005 -2.46469 1
      vertex 23.8005 -2.46469 -0.00999928
    endloop
  endfacet
  facet normal 0 -1 0
    outer loop
      vertex 20.498 -2.46469 -0.00999928
      vertex 23.8005 -2.46469 1
      vertex 20.498 -2.46469 1
    endloop
  endfacet
  facet normal 0 -1 -0
    outer loop
      vertex 23.8005 -2.46469 1
      vertex 20.498 -2.46469 -0.00999928
      vertex 23.8005 -2.46469 -0.00999928
    endloop
  endfacet
  facet normal -1 0 0
    outer loop
      vertex 20.498 -2.46469 -0.00999928
      vertex 20.498 2.34999 1
      vertex 20.498 2.34999 -0.00999928
    endloop
  endfacet
  facet normal -1 -0 0
    outer loop
      vertex 20.498 2.34999 1
      vertex 20.498 -2.46469 -0.00999928
      vertex 20.498 -2.46469 1
    endloop
  endfacet
  facet normal 0 1 -0
    outer loop
      vertex 23.8005 2.34999 -0.00999928
      vertex 20.498 2.34999 1
      vertex 23.8005 2.34999 1
    endloop
  endfacet
  facet normal 0 1 0
    outer loop
      vertex 20.498 2.34999 1
      vertex 23.8005 2.34999 -0.00999928
      vertex 20.498 2.34999 -0.00999928
    endloop
  endfacet
  facet normal 1 -0 0
    outer loop
      vertex 23.8005 1.52609 1
      vertex 23.8005 2.34999 -0.00999928
      vertex 23.8005 2.34999 1
    endloop
  endfacet
  facet normal 1 0 0
    outer loop
      vertex 23.8005 2.34999 -0.00999928
      vertex 23.8005 1.52609 1
      vertex 23.8005 1.52609 -0.00999928
    endloop
  endfacet
endsolid OpenSCAD_Model
