solid OpenSCAD_Model
  facet normal -1 0 0
    outer loop
      vertex -32.5 0 31.5
      vertex -32.5 36 40
      vertex -32.5 36 31.5
    endloop
  endfacet
  facet normal -1 -0 0
    outer loop
      vertex -32.5 36 40
      vertex -32.5 0 31.5
      vertex -32.5 0 40
    endloop
  endfacet
  facet normal -1 0 0
    outer loop
      vertex -32.5 0 0
      vertex -32.5 36 21
      vertex -32.5 36 0
    endloop
  endfacet
  facet normal -1 -0 0
    outer loop
      vertex -32.5 36 21
      vertex -32.5 0 0
      vertex -32.5 0 21
    endloop
  endfacet
  facet normal 0 0 -1
    outer loop
      vertex 32.5 0 0
      vertex 29.05 8 0
      vertex 32.5 36 0
    endloop
  endfacet
  facet normal 0 0 -1
    outer loop
      vertex 32.5 0 0
      vertex -29.05 8 0
      vertex 29.05 8 0
    endloop
  endfacet
  facet normal -0 0 -1
    outer loop
      vertex -29.05 8 0
      vertex -32.5 0 0
      vertex -29.05 28 0
    endloop
  endfacet
  facet normal 0 0 -1
    outer loop
      vertex -32.5 0 0
      vertex -29.05 8 0
      vertex 32.5 0 0
    endloop
  endfacet
  facet normal 0 0 -1
    outer loop
      vertex 29.05 28 0
      vertex 32.5 36 0
      vertex 29.05 8 0
    endloop
  endfacet
  facet normal 0 0 -1
    outer loop
      vertex -29.05 28 0
      vertex 32.5 36 0
      vertex 29.05 28 0
    endloop
  endfacet
  facet normal 0 0 -1
    outer loop
      vertex -29.05 28 0
      vertex -32.5 36 0
      vertex 32.5 36 0
    endloop
  endfacet
  facet normal 0 0 -1
    outer loop
      vertex -32.5 36 0
      vertex -29.05 28 0
      vertex -32.5 0 0
    endloop
  endfacet
  facet normal 1 -0 0
    outer loop
      vertex 32.5 0 21
      vertex 32.5 36 0
      vertex 32.5 36 21
    endloop
  endfacet
  facet normal 1 0 0
    outer loop
      vertex 32.5 36 0
      vertex 32.5 0 21
      vertex 32.5 0 0
    endloop
  endfacet
  facet normal 1 -0 0
    outer loop
      vertex 32.5 0 40
      vertex 32.5 36 31.5
      vertex 32.5 36 40
    endloop
  endfacet
  facet normal 1 0 0
    outer loop
      vertex 32.5 36 31.5
      vertex 32.5 0 40
      vertex 32.5 0 31.5
    endloop
  endfacet
  facet normal 0 -1 0
    outer loop
      vertex -32.5 0 0
      vertex 32.5 0 21
      vertex -32.5 0 21
    endloop
  endfacet
  facet normal 0 -1 -0
    outer loop
      vertex 32.5 0 21
      vertex -32.5 0 0
      vertex 32.5 0 0
    endloop
  endfacet
  facet normal 0 -1 0
    outer loop
      vertex -32.5 0 21
      vertex -32.5 0 31.5
      vertex -42.5 0 31.5
    endloop
  endfacet
  facet normal 0 -1 0
    outer loop
      vertex -32.5 0 31.5
      vertex -32.5 0 21
      vertex 32.5 0 31.5
    endloop
  endfacet
  facet normal 0 -1 0
    outer loop
      vertex -32.5 0 21
      vertex -42.5 0 31.5
      vertex -42.5 0 21
    endloop
  endfacet
  facet normal 0 -1 0
    outer loop
      vertex 32.5 0 21
      vertex 32.5 0 31.5
      vertex -32.5 0 21
    endloop
  endfacet
  facet normal 0 -1 0
    outer loop
      vertex 32.5 0 31.5
      vertex 32.5 0 21
      vertex 42.5 0 31.5
    endloop
  endfacet
  facet normal 0 -1 -0
    outer loop
      vertex 42.5 0 31.5
      vertex 32.5 0 21
      vertex 42.5 0 21
    endloop
  endfacet
  facet normal 0 -1 0
    outer loop
      vertex -32.5 0 40
      vertex -6.25 0 38.9
      vertex -4.67 0 40
    endloop
  endfacet
  facet normal 0 -1 0
    outer loop
      vertex -32.5 0 31.5
      vertex -6.25 0 38.9
      vertex -32.5 0 40
    endloop
  endfacet
  facet normal 0 -1 -0
    outer loop
      vertex -6.25 0 31.9
      vertex -32.5 0 31.5
      vertex 6.25 0 31.9
    endloop
  endfacet
  facet normal 0 -1 -0
    outer loop
      vertex -6.25 0 38.9
      vertex -32.5 0 31.5
      vertex -6.25 0 31.9
    endloop
  endfacet
  facet normal 0 -1 -0
    outer loop
      vertex -4.67 0 40
      vertex -6.25 0 38.9
      vertex -4.67 0 38.9
    endloop
  endfacet
  facet normal 0 -1 0
    outer loop
      vertex 18.3 0 38.95
      vertex 4.67 0 40
      vertex 13.9 0 38.95
    endloop
  endfacet
  facet normal 0 -1 0
    outer loop
      vertex 6.25 0 38.9
      vertex 4.67 0 40
      vertex 4.67 0 38.9
    endloop
  endfacet
  facet normal 0 -1 0
    outer loop
      vertex 4.67 0 40
      vertex 6.25 0 38.9
      vertex 13.9 0 38.95
    endloop
  endfacet
  facet normal 0 -1 0
    outer loop
      vertex 6.25 0 38.9
      vertex 13.9 0 37.05
      vertex 13.9 0 38.95
    endloop
  endfacet
  facet normal 0 -1 -0
    outer loop
      vertex 13.9 0 37.05
      vertex 6.25 0 31.9
      vertex 18.3 0 37.05
    endloop
  endfacet
  facet normal 0 -1 0
    outer loop
      vertex 6.25 0 31.9
      vertex 13.9 0 37.05
      vertex 6.25 0 38.9
    endloop
  endfacet
  facet normal 0 -1 0
    outer loop
      vertex 4.67 0 40
      vertex 18.3 0 38.95
      vertex 32.5 0 40
    endloop
  endfacet
  facet normal 0 -1 0
    outer loop
      vertex 18.3 0 37.05
      vertex 32.5 0 40
      vertex 18.3 0 38.95
    endloop
  endfacet
  facet normal 0 -1 0
    outer loop
      vertex 32.5 0 31.5
      vertex 18.3 0 37.05
      vertex 6.25 0 31.9
    endloop
  endfacet
  facet normal 0 -1 0
    outer loop
      vertex 18.3 0 37.05
      vertex 32.5 0 31.5
      vertex 32.5 0 40
    endloop
  endfacet
  facet normal 0 -1 0
    outer loop
      vertex 32.5 0 31.5
      vertex 6.25 0 31.9
      vertex -32.5 0 31.5
    endloop
  endfacet
  facet normal 0 0 1
    outer loop
      vertex 11.6 5.9 40
      vertex 10.4 5.9 40
      vertex 11.6 2.4 40
    endloop
  endfacet
  facet normal 0 0 1
    outer loop
      vertex 21.8 5.9 40
      vertex 20.6 5.9 40
      vertex 21.8 2.4 40
    endloop
  endfacet
  facet normal 0 0 1
    outer loop
      vertex 32.5 36 40
      vertex 30.1 33.6 40
      vertex 32.5 0 40
    endloop
  endfacet
  facet normal 0 0 1
    outer loop
      vertex 32.5 36 40
      vertex -30.1 33.6 40
      vertex 30.1 33.6 40
    endloop
  endfacet
  facet normal 0 0 1
    outer loop
      vertex -30.1 33.6 40
      vertex -32.5 36 40
      vertex -30.1 2.4 40
    endloop
  endfacet
  facet normal -0 0 1
    outer loop
      vertex -32.5 36 40
      vertex -30.1 33.6 40
      vertex 32.5 36 40
    endloop
  endfacet
  facet normal -0 0 1
    outer loop
      vertex 30.1 2.4 40
      vertex 32.5 0 40
      vertex 30.1 33.6 40
    endloop
  endfacet
  facet normal -0 0 1
    outer loop
      vertex 21.8 2.4 40
      vertex 32.5 0 40
      vertex 30.1 2.4 40
    endloop
  endfacet
  facet normal 0 0 1
    outer loop
      vertex 20.6 2.4 40
      vertex 21.8 2.4 40
      vertex 20.6 5.9 40
    endloop
  endfacet
  facet normal -0 0 1
    outer loop
      vertex 20.6 2.4 40
      vertex 32.5 0 40
      vertex 21.8 2.4 40
    endloop
  endfacet
  facet normal 0 0 1
    outer loop
      vertex 4.67 0 40
      vertex 20.6 2.4 40
      vertex 11.6 2.4 40
    endloop
  endfacet
  facet normal 0 0 1
    outer loop
      vertex 10.4 2.4 40
      vertex 11.6 2.4 40
      vertex 10.4 5.9 40
    endloop
  endfacet
  facet normal 0 0 1
    outer loop
      vertex 4.67 0 40
      vertex 11.6 2.4 40
      vertex 10.4 2.4 40
    endloop
  endfacet
  facet normal 0 0 1
    outer loop
      vertex 4.67 0 40
      vertex 10.4 2.4 40
      vertex 4.67 2.4 40
    endloop
  endfacet
  facet normal 0 0 1
    outer loop
      vertex 20.6 2.4 40
      vertex 4.67 0 40
      vertex 32.5 0 40
    endloop
  endfacet
  facet normal -0 0 1
    outer loop
      vertex -30.1 2.4 40
      vertex -4.67 0 40
      vertex -4.67 2.4 40
    endloop
  endfacet
  facet normal 0 0 1
    outer loop
      vertex -30.1 2.4 40
      vertex -32.5 0 40
      vertex -4.67 0 40
    endloop
  endfacet
  facet normal 0 0 1
    outer loop
      vertex -32.5 0 40
      vertex -30.1 2.4 40
      vertex -32.5 36 40
    endloop
  endfacet
  facet normal 0 1 -0
    outer loop
      vertex -22.5 36 10.5
      vertex -32.5 36 21
      vertex -22.5 36 21
    endloop
  endfacet
  facet normal 0 1 0
    outer loop
      vertex -22.5 36 10.5
      vertex -32.5 36 0
      vertex -32.5 36 21
    endloop
  endfacet
  facet normal 0 1 0
    outer loop
      vertex -17.5 36 10.5
      vertex -32.5 36 0
      vertex -22.5 36 10.5
    endloop
  endfacet
  facet normal 0 1 -0
    outer loop
      vertex 17.5 36 10.5
      vertex -17.5 36 21
      vertex 17.5 36 21
    endloop
  endfacet
  facet normal 0 1 0
    outer loop
      vertex -17.5 36 21
      vertex 17.5 36 10.5
      vertex -17.5 36 10.5
    endloop
  endfacet
  facet normal 0 1 0
    outer loop
      vertex 32.5 36 21
      vertex 22.5 36 10.5
      vertex 22.5 36 21
    endloop
  endfacet
  facet normal 0 1 0
    outer loop
      vertex 32.5 36 0
      vertex 17.5 36 10.5
      vertex 22.5 36 10.5
    endloop
  endfacet
  facet normal 0 1 0
    outer loop
      vertex 17.5 36 10.5
      vertex 32.5 36 0
      vertex -17.5 36 10.5
    endloop
  endfacet
  facet normal 0 1 0
    outer loop
      vertex -32.5 36 0
      vertex -17.5 36 10.5
      vertex 32.5 36 0
    endloop
  endfacet
  facet normal 0 1 -0
    outer loop
      vertex 32.5 36 0
      vertex 22.5 36 10.5
      vertex 32.5 36 21
    endloop
  endfacet
  facet normal 0 1 0
    outer loop
      vertex 32.5 36 21
      vertex 32.5 36 31.5
      vertex 42.5 36 31.5
    endloop
  endfacet
  facet normal 0 1 0
    outer loop
      vertex 32.5 36 31.5
      vertex 17.5 36 21
      vertex -32.5 36 31.5
    endloop
  endfacet
  facet normal 0 1 0
    outer loop
      vertex 32.5 36 21
      vertex 42.5 36 31.5
      vertex 42.5 36 21
    endloop
  endfacet
  facet normal 0 1 0
    outer loop
      vertex 32.5 36 31.5
      vertex 32.5 36 21
      vertex 22.5 36 21
    endloop
  endfacet
  facet normal 0 1 0
    outer loop
      vertex 32.5 36 31.5
      vertex 22.5 36 21
      vertex 17.5 36 21
    endloop
  endfacet
  facet normal 0 1 -0
    outer loop
      vertex -17.5 36 21
      vertex -32.5 36 31.5
      vertex 17.5 36 21
    endloop
  endfacet
  facet normal 0 1 -0
    outer loop
      vertex -22.5 36 21
      vertex -32.5 36 31.5
      vertex -17.5 36 21
    endloop
  endfacet
  facet normal 0 1 0
    outer loop
      vertex -32.5 36 21
      vertex -32.5 36 31.5
      vertex -22.5 36 21
    endloop
  endfacet
  facet normal 0 1 0
    outer loop
      vertex -32.5 36 31.5
      vertex -32.5 36 21
      vertex -42.5 36 31.5
    endloop
  endfacet
  facet normal 0 1 0
    outer loop
      vertex -42.5 36 31.5
      vertex -32.5 36 21
      vertex -42.5 36 21
    endloop
  endfacet
  facet normal 0 1 -0
    outer loop
      vertex 32.5 36 31.5
      vertex -32.5 36 40
      vertex 32.5 36 40
    endloop
  endfacet
  facet normal 0 1 0
    outer loop
      vertex -32.5 36 40
      vertex 32.5 36 31.5
      vertex -32.5 36 31.5
    endloop
  endfacet
  facet normal 1 0 0
    outer loop
      vertex -30.1 32.0858 36.8
      vertex -30.1 33.6 40
      vertex -30.1 32.0858 39.4
    endloop
  endfacet
  facet normal 1 0 0
    outer loop
      vertex -30.1 33.6 40
      vertex -30.1 27.7142 39.4
      vertex -30.1 32.0858 39.4
    endloop
  endfacet
  facet normal 1 0 0
    outer loop
      vertex -30.1 27.7142 39.4
      vertex -30.1 8.28578 39.4
      vertex -30.1 27.7142 36.8
    endloop
  endfacet
  facet normal 1 0 0
    outer loop
      vertex -30.1 33.6 40
      vertex -30.1 8.28578 39.4
      vertex -30.1 27.7142 39.4
    endloop
  endfacet
  facet normal 1 -0 0
    outer loop
      vertex -30.1 2.4 40
      vertex -30.1 8.28578 39.4
      vertex -30.1 33.6 40
    endloop
  endfacet
  facet normal 1 0 0
    outer loop
      vertex -30.1 3.91422 39.4
      vertex -30.1 2.4 40
      vertex -30.1 3.91422 36.8
    endloop
  endfacet
  facet normal 1 0 0
    outer loop
      vertex -30.1 8.28578 39.4
      vertex -30.1 2.4 40
      vertex -30.1 3.91422 39.4
    endloop
  endfacet
  facet normal 1 0 0
    outer loop
      vertex -30.1 33.6 40
      vertex -30.1 32.0858 36.8
      vertex -30.1 33.6 14.5
    endloop
  endfacet
  facet normal 1 -0 0
    outer loop
      vertex -30.1 32.0362 36.7724
      vertex -30.1 33.6 14.5
      vertex -30.1 32.0858 36.8
    endloop
  endfacet
  facet normal 1 -0 0
    outer loop
      vertex -30.1 31.4326 36.5049
      vertex -30.1 33.6 14.5
      vertex -30.1 32.0362 36.7724
    endloop
  endfacet
  facet normal 1 -0 0
    outer loop
      vertex -30.1 30.8914 36.3305
      vertex -30.1 33.6 14.5
      vertex -30.1 31.4326 36.5049
    endloop
  endfacet
  facet normal 1 -0 0
    outer loop
      vertex -30.1 30.3871 36.2319
      vertex -30.1 33.6 14.5
      vertex -30.1 30.8914 36.3305
    endloop
  endfacet
  facet normal 1 -0 0
    outer loop
      vertex -30.1 29.9 36.2
      vertex -30.1 33.6 14.5
      vertex -30.1 30.3871 36.2319
    endloop
  endfacet
  facet normal 1 0 0
    outer loop
      vertex -30.1 29.4129 36.2319
      vertex -30.1 33.6 14.5
      vertex -30.1 29.9 36.2
    endloop
  endfacet
  facet normal 1 0 0
    outer loop
      vertex -30.1 28.9086 36.3305
      vertex -30.1 33.6 14.5
      vertex -30.1 29.4129 36.2319
    endloop
  endfacet
  facet normal 1 0 0
    outer loop
      vertex -30.1 28.3674 36.5049
      vertex -30.1 33.6 14.5
      vertex -30.1 28.9086 36.3305
    endloop
  endfacet
  facet normal 1 0 0
    outer loop
      vertex -30.1 27.7638 36.7724
      vertex -30.1 33.6 14.5
      vertex -30.1 28.3674 36.5049
    endloop
  endfacet
  facet normal 1 0 0
    outer loop
      vertex -30.1 27.7142 36.8
      vertex -30.1 33.6 14.5
      vertex -30.1 27.7638 36.7724
    endloop
  endfacet
  facet normal 1 0 0
    outer loop
      vertex -30.1 8.28578 36.8
      vertex -30.1 27.7142 36.8
      vertex -30.1 8.28578 39.4
    endloop
  endfacet
  facet normal 1 0 0
    outer loop
      vertex -30.1 27.7142 36.8
      vertex -30.1 8.28578 36.8
      vertex -30.1 33.6 14.5
    endloop
  endfacet
  facet normal 1 0 0
    outer loop
      vertex -30.1 2.4 14.5
      vertex -30.1 8.28578 36.8
      vertex -30.1 8.2362 36.7724
    endloop
  endfacet
  facet normal 1 0 0
    outer loop
      vertex -30.1 2.4 14.5
      vertex -30.1 8.2362 36.7724
      vertex -30.1 7.63259 36.5049
    endloop
  endfacet
  facet normal 1 0 0
    outer loop
      vertex -30.1 2.4 14.5
      vertex -30.1 7.63259 36.5049
      vertex -30.1 7.09141 36.3305
    endloop
  endfacet
  facet normal 1 0 0
    outer loop
      vertex -30.1 2.4 14.5
      vertex -30.1 7.09141 36.3305
      vertex -30.1 6.58711 36.2319
    endloop
  endfacet
  facet normal 1 0 0
    outer loop
      vertex -30.1 2.4 14.5
      vertex -30.1 6.58711 36.2319
      vertex -30.1 6.1 36.2
    endloop
  endfacet
  facet normal 1 0 0
    outer loop
      vertex -30.1 2.4 14.5
      vertex -30.1 6.1 36.2
      vertex -30.1 5.61289 36.2319
    endloop
  endfacet
  facet normal 1 0 0
    outer loop
      vertex -30.1 2.4 14.5
      vertex -30.1 5.61289 36.2319
      vertex -30.1 5.10859 36.3305
    endloop
  endfacet
  facet normal 1 0 0
    outer loop
      vertex -30.1 2.4 14.5
      vertex -30.1 5.10859 36.3305
      vertex -30.1 4.56741 36.5049
    endloop
  endfacet
  facet normal 1 0 0
    outer loop
      vertex -30.1 2.4 14.5
      vertex -30.1 4.56741 36.5049
      vertex -30.1 3.9638 36.7724
    endloop
  endfacet
  facet normal 1 0 0
    outer loop
      vertex -30.1 2.4 14.5
      vertex -30.1 3.9638 36.7724
      vertex -30.1 3.91422 36.8
    endloop
  endfacet
  facet normal 1 0 0
    outer loop
      vertex -30.1 8.28578 36.8
      vertex -30.1 2.4 14.5
      vertex -30.1 33.6 14.5
    endloop
  endfacet
  facet normal 1 0 0
    outer loop
      vertex -30.1 2.4 14.5
      vertex -30.1 3.91422 36.8
      vertex -30.1 2.4 40
    endloop
  endfacet
  facet normal 0 0 1
    outer loop
      vertex 30.1 33.6 14.5
      vertex 27.55 26.5 14.5
      vertex 30.1 2.4 14.5
    endloop
  endfacet
  facet normal 0 0 1
    outer loop
      vertex 30.1 33.6 14.5
      vertex -27.55 26.5 14.5
      vertex 27.55 26.5 14.5
    endloop
  endfacet
  facet normal 0 0 1
    outer loop
      vertex -27.55 26.5 14.5
      vertex -30.1 33.6 14.5
      vertex -27.55 9.5 14.5
    endloop
  endfacet
  facet normal -0 0 1
    outer loop
      vertex -30.1 33.6 14.5
      vertex -27.55 26.5 14.5
      vertex 30.1 33.6 14.5
    endloop
  endfacet
  facet normal -0 0 1
    outer loop
      vertex 27.55 9.5 14.5
      vertex 30.1 2.4 14.5
      vertex 27.55 26.5 14.5
    endloop
  endfacet
  facet normal -0 0 1
    outer loop
      vertex -27.55 9.5 14.5
      vertex 30.1 2.4 14.5
      vertex 27.55 9.5 14.5
    endloop
  endfacet
  facet normal 0 0 1
    outer loop
      vertex -27.55 9.5 14.5
      vertex -30.1 2.4 14.5
      vertex 30.1 2.4 14.5
    endloop
  endfacet
  facet normal 0 0 1
    outer loop
      vertex -30.1 2.4 14.5
      vertex -27.55 9.5 14.5
      vertex -30.1 33.6 14.5
    endloop
  endfacet
  facet normal -1 0 0
    outer loop
      vertex 30.1 33.6 14.5
      vertex 30.1 32.0858 36.8
      vertex 30.1 33.6 40
    endloop
  endfacet
  facet normal -1 0 0
    outer loop
      vertex 30.1 33.6 14.5
      vertex 30.1 32.0362 36.7724
      vertex 30.1 32.0858 36.8
    endloop
  endfacet
  facet normal -1 0 0
    outer loop
      vertex 30.1 33.6 14.5
      vertex 30.1 31.4326 36.5049
      vertex 30.1 32.0362 36.7724
    endloop
  endfacet
  facet normal -1 0 0
    outer loop
      vertex 30.1 33.6 14.5
      vertex 30.1 30.8914 36.3305
      vertex 30.1 31.4326 36.5049
    endloop
  endfacet
  facet normal -1 0 0
    outer loop
      vertex 30.1 33.6 14.5
      vertex 30.1 30.3871 36.2319
      vertex 30.1 30.8914 36.3305
    endloop
  endfacet
  facet normal -1 0 0
    outer loop
      vertex 30.1 33.6 14.5
      vertex 30.1 29.9 36.2
      vertex 30.1 30.3871 36.2319
    endloop
  endfacet
  facet normal -1 0 0
    outer loop
      vertex 30.1 33.6 14.5
      vertex 30.1 29.4129 36.2319
      vertex 30.1 29.9 36.2
    endloop
  endfacet
  facet normal -1 0 0
    outer loop
      vertex 30.1 33.6 14.5
      vertex 30.1 28.9086 36.3305
      vertex 30.1 29.4129 36.2319
    endloop
  endfacet
  facet normal -1 0 0
    outer loop
      vertex 30.1 33.6 14.5
      vertex 30.1 28.3674 36.5049
      vertex 30.1 28.9086 36.3305
    endloop
  endfacet
  facet normal -1 0 0
    outer loop
      vertex 30.1 33.6 14.5
      vertex 30.1 27.7638 36.7724
      vertex 30.1 28.3674 36.5049
    endloop
  endfacet
  facet normal -1 0 0
    outer loop
      vertex 30.1 33.6 14.5
      vertex 30.1 27.7142 36.8
      vertex 30.1 27.7638 36.7724
    endloop
  endfacet
  facet normal -1 0 0
    outer loop
      vertex 30.1 27.7142 36.8
      vertex 30.1 8.28578 36.8
      vertex 30.1 27.7142 39.4
    endloop
  endfacet
  facet normal -1 0 0
    outer loop
      vertex 30.1 33.6 14.5
      vertex 30.1 8.28578 36.8
      vertex 30.1 27.7142 36.8
    endloop
  endfacet
  facet normal -1 0 0
    outer loop
      vertex 30.1 2.4 14.5
      vertex 30.1 8.28578 36.8
      vertex 30.1 33.6 14.5
    endloop
  endfacet
  facet normal -1 0 0
    outer loop
      vertex 30.1 8.28578 36.8
      vertex 30.1 2.4 14.5
      vertex 30.1 8.2362 36.7724
    endloop
  endfacet
  facet normal -1 0 0
    outer loop
      vertex 30.1 8.2362 36.7724
      vertex 30.1 2.4 14.5
      vertex 30.1 7.63259 36.5049
    endloop
  endfacet
  facet normal -1 0 0
    outer loop
      vertex 30.1 7.63259 36.5049
      vertex 30.1 2.4 14.5
      vertex 30.1 7.09141 36.3305
    endloop
  endfacet
  facet normal -1 0 0
    outer loop
      vertex 30.1 7.09141 36.3305
      vertex 30.1 2.4 14.5
      vertex 30.1 6.58711 36.2319
    endloop
  endfacet
  facet normal -1 0 0
    outer loop
      vertex 30.1 6.58711 36.2319
      vertex 30.1 2.4 14.5
      vertex 30.1 6.1 36.2
    endloop
  endfacet
  facet normal -1 -0 0
    outer loop
      vertex 30.1 6.1 36.2
      vertex 30.1 2.4 14.5
      vertex 30.1 5.61289 36.2319
    endloop
  endfacet
  facet normal -1 -0 0
    outer loop
      vertex 30.1 5.61289 36.2319
      vertex 30.1 2.4 14.5
      vertex 30.1 5.10859 36.3305
    endloop
  endfacet
  facet normal -1 -0 0
    outer loop
      vertex 30.1 5.10859 36.3305
      vertex 30.1 2.4 14.5
      vertex 30.1 4.56741 36.5049
    endloop
  endfacet
  facet normal -1 -0 0
    outer loop
      vertex 30.1 4.56741 36.5049
      vertex 30.1 2.4 14.5
      vertex 30.1 3.9638 36.7724
    endloop
  endfacet
  facet normal -1 0 0
    outer loop
      vertex 30.1 2.4 40
      vertex 30.1 3.91422 36.8
      vertex 30.1 2.4 14.5
    endloop
  endfacet
  facet normal -1 -0 0
    outer loop
      vertex 30.1 3.9638 36.7724
      vertex 30.1 2.4 14.5
      vertex 30.1 3.91422 36.8
    endloop
  endfacet
  facet normal -1 0 0
    outer loop
      vertex 30.1 32.0858 39.4
      vertex 30.1 33.6 40
      vertex 30.1 32.0858 36.8
    endloop
  endfacet
  facet normal -1 0 0
    outer loop
      vertex 30.1 27.7142 39.4
      vertex 30.1 33.6 40
      vertex 30.1 32.0858 39.4
    endloop
  endfacet
  facet normal -1 0 0
    outer loop
      vertex 30.1 8.28578 39.4
      vertex 30.1 27.7142 39.4
      vertex 30.1 8.28578 36.8
    endloop
  endfacet
  facet normal -1 0 0
    outer loop
      vertex 30.1 8.28578 39.4
      vertex 30.1 33.6 40
      vertex 30.1 27.7142 39.4
    endloop
  endfacet
  facet normal -1 0 0
    outer loop
      vertex 30.1 2.4 40
      vertex 30.1 8.28578 39.4
      vertex 30.1 3.91422 39.4
    endloop
  endfacet
  facet normal -1 0 0
    outer loop
      vertex 30.1 8.28578 39.4
      vertex 30.1 2.4 40
      vertex 30.1 33.6 40
    endloop
  endfacet
  facet normal -1 0 0
    outer loop
      vertex 30.1 3.91422 36.8
      vertex 30.1 2.4 40
      vertex 30.1 3.91422 39.4
    endloop
  endfacet
  facet normal 0 1 0
    outer loop
      vertex -4.67 2.4 40
      vertex -24.2142 2.4 39.4
      vertex -30.1 2.4 40
    endloop
  endfacet
  facet normal 0 1 0
    outer loop
      vertex -4.67 2.4 40
      vertex -24.2142 2.4 36.8
      vertex -24.2142 2.4 39.4
    endloop
  endfacet
  facet normal 0 1 -0
    outer loop
      vertex -6 2.4 31.4
      vertex -24.2142 2.4 36.8
      vertex -4.67 2.4 40
    endloop
  endfacet
  facet normal 0 1 0
    outer loop
      vertex -25.5 2.4 29.8
      vertex -24.2142 2.4 36.8
      vertex -6 2.4 31.4
    endloop
  endfacet
  facet normal 0 1 0
    outer loop
      vertex -24.2142 2.4 36.8
      vertex -25.5 2.4 29.8
      vertex -24.2638 2.4 36.7724
    endloop
  endfacet
  facet normal 0 1 0
    outer loop
      vertex -24.2638 2.4 36.7724
      vertex -25.5 2.4 29.8
      vertex -24.8674 2.4 36.5049
    endloop
  endfacet
  facet normal 0 1 0
    outer loop
      vertex -24.8674 2.4 36.5049
      vertex -25.5 2.4 29.8
      vertex -25.4086 2.4 36.3305
    endloop
  endfacet
  facet normal 0 1 0
    outer loop
      vertex -6 2.4 31.4
      vertex -4.67 2.4 40
      vertex -4.67 2.4 33.57
    endloop
  endfacet
  facet normal 0 1 -0
    outer loop
      vertex -28.5858 2.4 39.4
      vertex -30.1 2.4 40
      vertex -24.2142 2.4 39.4
    endloop
  endfacet
  facet normal 0 1 -0
    outer loop
      vertex -28.5858 2.4 36.8
      vertex -30.1 2.4 40
      vertex -28.5858 2.4 39.4
    endloop
  endfacet
  facet normal 0 1 0
    outer loop
      vertex -25.4086 2.4 36.3305
      vertex -25.5 2.4 29.8
      vertex -25.9129 2.4 36.2319
    endloop
  endfacet
  facet normal 0 1 0
    outer loop
      vertex -6 2.4 31.4
      vertex -4.67 2.4 33.57
      vertex 6 2.4 31.4
    endloop
  endfacet
  facet normal 0 1 0
    outer loop
      vertex -25.9129 2.4 36.2319
      vertex -25.5 2.4 29.8
      vertex -26.4 2.4 36.2
    endloop
  endfacet
  facet normal 0 1 0
    outer loop
      vertex -26.4 2.4 36.2
      vertex -25.5 2.4 29.8
      vertex -26.8871 2.4 36.2319
    endloop
  endfacet
  facet normal 0 1 0
    outer loop
      vertex -25.5 2.4 29.8
      vertex -6 2.4 31.4
      vertex -6 2.4 29.9
    endloop
  endfacet
  facet normal 0 1 0
    outer loop
      vertex -25.5 2.4 29.8
      vertex -6 2.4 29.9
      vertex 25.5 2.4 29.8
    endloop
  endfacet
  facet normal 0 1 0
    outer loop
      vertex -26.8871 2.4 36.2319
      vertex -25.5 2.4 29.8
      vertex -27.3914 2.4 36.3305
    endloop
  endfacet
  facet normal 0 1 0
    outer loop
      vertex -25.5 2.4 29.8
      vertex -27.9326 2.4 36.5049
      vertex -27.3914 2.4 36.3305
    endloop
  endfacet
  facet normal 0 1 0
    outer loop
      vertex -25.5 2.4 29.8
      vertex -28.5362 2.4 36.7724
      vertex -27.9326 2.4 36.5049
    endloop
  endfacet
  facet normal 0 1 0
    outer loop
      vertex -25.5 2.4 29.8
      vertex -28.5858 2.4 36.8
      vertex -28.5362 2.4 36.7724
    endloop
  endfacet
  facet normal 0 1 0
    outer loop
      vertex -30.1 2.4 14.5
      vertex -28.5858 2.4 36.8
      vertex -25.5 2.4 29.8
    endloop
  endfacet
  facet normal 0 1 0
    outer loop
      vertex -30.1 2.4 14.5
      vertex -25.5 2.4 29.8
      vertex -25.5 2.4 14.8
    endloop
  endfacet
  facet normal 0 1 0
    outer loop
      vertex -28.5858 2.4 36.8
      vertex -30.1 2.4 14.5
      vertex -30.1 2.4 40
    endloop
  endfacet
  facet normal 0 1 0
    outer loop
      vertex -30.1 2.4 14.5
      vertex -25.5 2.4 14.8
      vertex 30.1 2.4 14.5
    endloop
  endfacet
  facet normal 0 1 0
    outer loop
      vertex 24.2142 2.4 39.4
      vertex 30.1 2.4 40
      vertex 28.5858 2.4 39.4
    endloop
  endfacet
  facet normal 0 1 0
    outer loop
      vertex 30.1 2.4 40
      vertex 28.5858 2.4 36.8
      vertex 28.5858 2.4 39.4
    endloop
  endfacet
  facet normal 0 1 0
    outer loop
      vertex 25.5 2.4 29.8
      vertex 26.4 2.4 36.2
      vertex 26.8871 2.4 36.2319
    endloop
  endfacet
  facet normal 0 1 0
    outer loop
      vertex 25.5 2.4 29.8
      vertex 26.8871 2.4 36.2319
      vertex 27.3914 2.4 36.3305
    endloop
  endfacet
  facet normal 0 1 0
    outer loop
      vertex 25.5 2.4 29.8
      vertex 20.6 2.4 34.7
      vertex 21.8 2.4 34.7
    endloop
  endfacet
  facet normal 0 1 0
    outer loop
      vertex 20.6 2.4 34.7
      vertex 25.5 2.4 29.8
      vertex 11.6 2.4 34.7
    endloop
  endfacet
  facet normal -0 1 0
    outer loop
      vertex 6 2.4 29.9
      vertex 11.6 2.4 34.7
      vertex 25.5 2.4 29.8
    endloop
  endfacet
  facet normal 0 1 0
    outer loop
      vertex 4.67 2.4 33.57
      vertex 6 2.4 31.4
      vertex -4.67 2.4 33.57
    endloop
  endfacet
  facet normal 0 1 0
    outer loop
      vertex 10.4 2.4 34.7
      vertex 6 2.4 31.4
      vertex 4.67 2.4 33.57
    endloop
  endfacet
  facet normal 0 1 0
    outer loop
      vertex 10.4 2.4 34.7
      vertex 6 2.4 29.9
      vertex 6 2.4 31.4
    endloop
  endfacet
  facet normal 0 1 0
    outer loop
      vertex 26.4 2.4 36.2
      vertex 25.5 2.4 29.8
      vertex 21.8 2.4 34.7
    endloop
  endfacet
  facet normal 0 1 0
    outer loop
      vertex 6 2.4 29.9
      vertex 25.5 2.4 29.8
      vertex -6 2.4 29.9
    endloop
  endfacet
  facet normal 0 1 0
    outer loop
      vertex 11.6 2.4 34.7
      vertex 6 2.4 29.9
      vertex 10.4 2.4 34.7
    endloop
  endfacet
  facet normal 0 1 0
    outer loop
      vertex 27.9326 2.4 36.5049
      vertex 25.5 2.4 29.8
      vertex 27.3914 2.4 36.3305
    endloop
  endfacet
  facet normal 0 1 0
    outer loop
      vertex 28.5362 2.4 36.7724
      vertex 25.5 2.4 29.8
      vertex 27.9326 2.4 36.5049
    endloop
  endfacet
  facet normal 0 1 0
    outer loop
      vertex 28.5858 2.4 36.8
      vertex 25.5 2.4 29.8
      vertex 28.5362 2.4 36.7724
    endloop
  endfacet
  facet normal 0 1 -0
    outer loop
      vertex 30.1 2.4 14.5
      vertex 28.5858 2.4 36.8
      vertex 30.1 2.4 40
    endloop
  endfacet
  facet normal 0 1 0
    outer loop
      vertex 28.5858 2.4 36.8
      vertex 30.1 2.4 14.5
      vertex 25.5 2.4 29.8
    endloop
  endfacet
  facet normal 0 1 0
    outer loop
      vertex 25.5 2.4 14.8
      vertex 30.1 2.4 14.5
      vertex -25.5 2.4 14.8
    endloop
  endfacet
  facet normal 0 1 0
    outer loop
      vertex 25.5 2.4 29.8
      vertex 30.1 2.4 14.5
      vertex 25.5 2.4 14.8
    endloop
  endfacet
  facet normal 0 1 0
    outer loop
      vertex 30.1 2.4 40
      vertex 24.2142 2.4 39.4
      vertex 21.8 2.4 40
    endloop
  endfacet
  facet normal 0 1 -0
    outer loop
      vertex 24.2142 2.4 36.8
      vertex 21.8 2.4 40
      vertex 24.2142 2.4 39.4
    endloop
  endfacet
  facet normal 0 1 0
    outer loop
      vertex 24.2142 2.4 36.8
      vertex 21.8 2.4 34.7
      vertex 21.8 2.4 40
    endloop
  endfacet
  facet normal 0 1 0
    outer loop
      vertex 24.2638 2.4 36.7724
      vertex 21.8 2.4 34.7
      vertex 24.2142 2.4 36.8
    endloop
  endfacet
  facet normal 0 1 0
    outer loop
      vertex 24.8674 2.4 36.5049
      vertex 21.8 2.4 34.7
      vertex 24.2638 2.4 36.7724
    endloop
  endfacet
  facet normal 0 1 0
    outer loop
      vertex 25.4086 2.4 36.3305
      vertex 21.8 2.4 34.7
      vertex 24.8674 2.4 36.5049
    endloop
  endfacet
  facet normal 0 1 0
    outer loop
      vertex 25.9129 2.4 36.2319
      vertex 21.8 2.4 34.7
      vertex 25.4086 2.4 36.3305
    endloop
  endfacet
  facet normal 0 1 0
    outer loop
      vertex 21.8 2.4 34.7
      vertex 25.9129 2.4 36.2319
      vertex 26.4 2.4 36.2
    endloop
  endfacet
  facet normal 0 1 -0
    outer loop
      vertex 10.4 2.4 34.7
      vertex 4.67 2.4 40
      vertex 10.4 2.4 40
    endloop
  endfacet
  facet normal 0 1 0
    outer loop
      vertex 4.67 2.4 40
      vertex 10.4 2.4 34.7
      vertex 4.67 2.4 33.57
    endloop
  endfacet
  facet normal 0 1 0
    outer loop
      vertex 20.6 2.4 40
      vertex 18.3 2.4 38.95
      vertex 11.6 2.4 40
    endloop
  endfacet
  facet normal 0 1 0
    outer loop
      vertex 20.6 2.4 40
      vertex 18.3 2.4 37.05
      vertex 18.3 2.4 38.95
    endloop
  endfacet
  facet normal 0 1 0
    outer loop
      vertex 18.3 2.4 37.05
      vertex 20.6 2.4 34.7
      vertex 13.9 2.4 37.05
    endloop
  endfacet
  facet normal 0 1 -0
    outer loop
      vertex 20.6 2.4 34.7
      vertex 18.3 2.4 37.05
      vertex 20.6 2.4 40
    endloop
  endfacet
  facet normal 0 1 -0
    outer loop
      vertex 13.9 2.4 38.95
      vertex 11.6 2.4 40
      vertex 18.3 2.4 38.95
    endloop
  endfacet
  facet normal 0 1 -0
    outer loop
      vertex 13.9 2.4 37.05
      vertex 11.6 2.4 40
      vertex 13.9 2.4 38.95
    endloop
  endfacet
  facet normal 0 1 0
    outer loop
      vertex 13.9 2.4 37.05
      vertex 11.6 2.4 34.7
      vertex 11.6 2.4 40
    endloop
  endfacet
  facet normal 0 1 0
    outer loop
      vertex 11.6 2.4 34.7
      vertex 13.9 2.4 37.05
      vertex 20.6 2.4 34.7
    endloop
  endfacet
  facet normal 0 -1 0
    outer loop
      vertex -24.2142 33.6 36.8
      vertex 24.2142 33.6 39.4
      vertex -24.2142 33.6 39.4
    endloop
  endfacet
  facet normal 0 -1 0
    outer loop
      vertex -24.2142 33.6 36.8
      vertex 24.2142 33.6 36.8
      vertex 24.2142 33.6 39.4
    endloop
  endfacet
  facet normal 0 -1 0
    outer loop
      vertex -30.1 33.6 14.5
      vertex -24.2142 33.6 36.8
      vertex -24.2638 33.6 36.7724
    endloop
  endfacet
  facet normal 0 -1 -0
    outer loop
      vertex -24.2142 33.6 36.8
      vertex -30.1 33.6 14.5
      vertex 24.2142 33.6 36.8
    endloop
  endfacet
  facet normal 0 -1 0
    outer loop
      vertex -30.1 33.6 14.5
      vertex -24.2638 33.6 36.7724
      vertex -24.8674 33.6 36.5049
    endloop
  endfacet
  facet normal 0 -1 0
    outer loop
      vertex 30.1 33.6 14.5
      vertex 24.2142 33.6 36.8
      vertex -30.1 33.6 14.5
    endloop
  endfacet
  facet normal 0 -1 0
    outer loop
      vertex -30.1 33.6 14.5
      vertex -24.8674 33.6 36.5049
      vertex -25.4086 33.6 36.3305
    endloop
  endfacet
  facet normal 0 -1 0
    outer loop
      vertex 24.2142 33.6 36.8
      vertex 30.1 33.6 14.5
      vertex 24.2638 33.6 36.7724
    endloop
  endfacet
  facet normal 0 -1 0
    outer loop
      vertex -30.1 33.6 14.5
      vertex -25.4086 33.6 36.3305
      vertex -25.9129 33.6 36.2319
    endloop
  endfacet
  facet normal 0 -1 0
    outer loop
      vertex 24.2638 33.6 36.7724
      vertex 30.1 33.6 14.5
      vertex 24.8674 33.6 36.5049
    endloop
  endfacet
  facet normal 0 -1 0
    outer loop
      vertex -30.1 33.6 14.5
      vertex -25.9129 33.6 36.2319
      vertex -26.4 33.6 36.2
    endloop
  endfacet
  facet normal 0 -1 0
    outer loop
      vertex 24.8674 33.6 36.5049
      vertex 30.1 33.6 14.5
      vertex 25.4086 33.6 36.3305
    endloop
  endfacet
  facet normal 0 -1 0
    outer loop
      vertex -24.2142 33.6 39.4
      vertex -30.1 33.6 40
      vertex -28.5858 33.6 39.4
    endloop
  endfacet
  facet normal 0 -1 0
    outer loop
      vertex -30.1 33.6 40
      vertex -28.5858 33.6 36.8
      vertex -28.5858 33.6 39.4
    endloop
  endfacet
  facet normal 0 -1 0
    outer loop
      vertex 25.4086 33.6 36.3305
      vertex 30.1 33.6 14.5
      vertex 25.9129 33.6 36.2319
    endloop
  endfacet
  facet normal 0 -1 -0
    outer loop
      vertex -26.8871 33.6 36.2319
      vertex -30.1 33.6 14.5
      vertex -26.4 33.6 36.2
    endloop
  endfacet
  facet normal 0 -1 -0
    outer loop
      vertex -27.3914 33.6 36.3305
      vertex -30.1 33.6 14.5
      vertex -26.8871 33.6 36.2319
    endloop
  endfacet
  facet normal 0 -1 -0
    outer loop
      vertex -27.9326 33.6 36.5049
      vertex -30.1 33.6 14.5
      vertex -27.3914 33.6 36.3305
    endloop
  endfacet
  facet normal 0 -1 -0
    outer loop
      vertex -28.5362 33.6 36.7724
      vertex -30.1 33.6 14.5
      vertex -27.9326 33.6 36.5049
    endloop
  endfacet
  facet normal 0 -1 -0
    outer loop
      vertex -28.5858 33.6 36.8
      vertex -30.1 33.6 14.5
      vertex -28.5362 33.6 36.7724
    endloop
  endfacet
  facet normal 0 -1 0
    outer loop
      vertex -30.1 33.6 14.5
      vertex -28.5858 33.6 36.8
      vertex -30.1 33.6 40
    endloop
  endfacet
  facet normal 0 -1 0
    outer loop
      vertex -30.1 33.6 40
      vertex -24.2142 33.6 39.4
      vertex 30.1 33.6 40
    endloop
  endfacet
  facet normal 0 -1 0
    outer loop
      vertex 24.2142 33.6 39.4
      vertex 30.1 33.6 40
      vertex -24.2142 33.6 39.4
    endloop
  endfacet
  facet normal 0 -1 0
    outer loop
      vertex 28.5858 33.6 39.4
      vertex 30.1 33.6 40
      vertex 24.2142 33.6 39.4
    endloop
  endfacet
  facet normal 0 -1 0
    outer loop
      vertex 28.5858 33.6 36.8
      vertex 30.1 33.6 40
      vertex 28.5858 33.6 39.4
    endloop
  endfacet
  facet normal 0 -1 0
    outer loop
      vertex 25.9129 33.6 36.2319
      vertex 30.1 33.6 14.5
      vertex 26.4 33.6 36.2
    endloop
  endfacet
  facet normal 0 -1 0
    outer loop
      vertex 26.4 33.6 36.2
      vertex 30.1 33.6 14.5
      vertex 26.8871 33.6 36.2319
    endloop
  endfacet
  facet normal 0 -1 0
    outer loop
      vertex 26.8871 33.6 36.2319
      vertex 30.1 33.6 14.5
      vertex 27.3914 33.6 36.3305
    endloop
  endfacet
  facet normal 0 -1 0
    outer loop
      vertex 28.5858 33.6 36.8
      vertex 30.1 33.6 14.5
      vertex 30.1 33.6 40
    endloop
  endfacet
  facet normal 0 -1 0
    outer loop
      vertex 28.5362 33.6 36.7724
      vertex 30.1 33.6 14.5
      vertex 28.5858 33.6 36.8
    endloop
  endfacet
  facet normal 0 -1 0
    outer loop
      vertex 27.9326 33.6 36.5049
      vertex 30.1 33.6 14.5
      vertex 28.5362 33.6 36.7724
    endloop
  endfacet
  facet normal 0 -1 0
    outer loop
      vertex 27.3914 33.6 36.3305
      vertex 30.1 33.6 14.5
      vertex 27.9326 33.6 36.5049
    endloop
  endfacet
  facet normal -1 0 0
    outer loop
      vertex 10.4 2.4 34.7
      vertex 10.4 5.9 40
      vertex 10.4 5.9 34.7
    endloop
  endfacet
  facet normal -1 -0 0
    outer loop
      vertex 10.4 5.9 40
      vertex 10.4 2.4 34.7
      vertex 10.4 2.4 40
    endloop
  endfacet
  facet normal 0 0 -1
    outer loop
      vertex 10.4 2.4 34.7
      vertex 11.6 5.9 34.7
      vertex 11.6 2.4 34.7
    endloop
  endfacet
  facet normal -0 0 -1
    outer loop
      vertex 11.6 5.9 34.7
      vertex 10.4 2.4 34.7
      vertex 10.4 5.9 34.7
    endloop
  endfacet
  facet normal 1 -0 0
    outer loop
      vertex 11.6 2.4 40
      vertex 11.6 5.9 34.7
      vertex 11.6 5.9 40
    endloop
  endfacet
  facet normal 1 0 0
    outer loop
      vertex 11.6 5.9 34.7
      vertex 11.6 2.4 40
      vertex 11.6 2.4 34.7
    endloop
  endfacet
  facet normal 0 1 -0
    outer loop
      vertex 11.6 5.9 34.7
      vertex 10.4 5.9 40
      vertex 11.6 5.9 40
    endloop
  endfacet
  facet normal 0 1 0
    outer loop
      vertex 10.4 5.9 40
      vertex 11.6 5.9 34.7
      vertex 10.4 5.9 34.7
    endloop
  endfacet
  facet normal -1 0 0
    outer loop
      vertex 20.6 2.4 34.7
      vertex 20.6 5.9 40
      vertex 20.6 5.9 34.7
    endloop
  endfacet
  facet normal -1 -0 0
    outer loop
      vertex 20.6 5.9 40
      vertex 20.6 2.4 34.7
      vertex 20.6 2.4 40
    endloop
  endfacet
  facet normal 0 0 -1
    outer loop
      vertex 20.6 2.4 34.7
      vertex 21.8 5.9 34.7
      vertex 21.8 2.4 34.7
    endloop
  endfacet
  facet normal -0 0 -1
    outer loop
      vertex 21.8 5.9 34.7
      vertex 20.6 2.4 34.7
      vertex 20.6 5.9 34.7
    endloop
  endfacet
  facet normal 1 -0 0
    outer loop
      vertex 21.8 2.4 40
      vertex 21.8 5.9 34.7
      vertex 21.8 5.9 40
    endloop
  endfacet
  facet normal 1 0 0
    outer loop
      vertex 21.8 5.9 34.7
      vertex 21.8 2.4 40
      vertex 21.8 2.4 34.7
    endloop
  endfacet
  facet normal 0 1 -0
    outer loop
      vertex 21.8 5.9 34.7
      vertex 20.6 5.9 40
      vertex 21.8 5.9 40
    endloop
  endfacet
  facet normal 0 1 0
    outer loop
      vertex 20.6 5.9 40
      vertex 21.8 5.9 34.7
      vertex 20.6 5.9 34.7
    endloop
  endfacet
  facet normal -1 0 0
    outer loop
      vertex -42.5 0 21
      vertex -42.5 36 31.5
      vertex -42.5 36 21
    endloop
  endfacet
  facet normal -1 -0 0
    outer loop
      vertex -42.5 36 31.5
      vertex -42.5 0 21
      vertex -42.5 0 31.5
    endloop
  endfacet
  facet normal 0 0 -1
    outer loop
      vertex -42.5 0 21
      vertex -32.5 36 21
      vertex -32.5 0 21
    endloop
  endfacet
  facet normal -0 0 -1
    outer loop
      vertex -32.5 36 21
      vertex -42.5 0 21
      vertex -42.5 36 21
    endloop
  endfacet
  facet normal -0 0 1
    outer loop
      vertex -42.5 36 31.5
      vertex -32.5 0 31.5
      vertex -32.5 36 31.5
    endloop
  endfacet
  facet normal 0 0 1
    outer loop
      vertex -32.5 0 31.5
      vertex -42.5 36 31.5
      vertex -42.5 0 31.5
    endloop
  endfacet
  facet normal 0 0 -1
    outer loop
      vertex 32.5 0 21
      vertex 42.5 36 21
      vertex 42.5 0 21
    endloop
  endfacet
  facet normal -0 0 -1
    outer loop
      vertex 42.5 36 21
      vertex 32.5 0 21
      vertex 32.5 36 21
    endloop
  endfacet
  facet normal 1 -0 0
    outer loop
      vertex 42.5 0 31.5
      vertex 42.5 36 21
      vertex 42.5 36 31.5
    endloop
  endfacet
  facet normal 1 0 0
    outer loop
      vertex 42.5 36 21
      vertex 42.5 0 31.5
      vertex 42.5 0 21
    endloop
  endfacet
  facet normal -0 0 1
    outer loop
      vertex 32.5 36 31.5
      vertex 42.5 0 31.5
      vertex 42.5 36 31.5
    endloop
  endfacet
  facet normal 0 0 1
    outer loop
      vertex 42.5 0 31.5
      vertex 32.5 36 31.5
      vertex 32.5 0 31.5
    endloop
  endfacet
  facet normal 0.831475 -0.555561 0
    outer loop
      vertex -22.9886 27.2823 39.4
      vertex -22.6761 27.75 36.8
      vertex -22.6761 27.75 39.4
    endloop
  endfacet
  facet normal 0.831475 -0.555561 0
    outer loop
      vertex -22.6761 27.75 36.8
      vertex -22.9886 27.2823 39.4
      vertex -22.9886 27.2823 36.8
    endloop
  endfacet
  facet normal 0.32145 -0.946927 0
    outer loop
      vertex -25.2871 25.7465 36.8
      vertex -24.7545 25.9273 39.4
      vertex -25.2871 25.7465 39.4
    endloop
  endfacet
  facet normal 0.32145 -0.946927 0
    outer loop
      vertex -24.7545 25.9273 39.4
      vertex -25.2871 25.7465 36.8
      vertex -24.7545 25.9273 36.8
    endloop
  endfacet
  facet normal -0.4423 -0.896867 0
    outer loop
      vertex -28.55 26.1761 36.8
      vertex -28.0455 25.9273 39.4
      vertex -28.55 26.1761 39.4
    endloop
  endfacet
  facet normal -0.4423 -0.896867 -0
    outer loop
      vertex -28.0455 25.9273 39.4
      vertex -28.55 26.1761 36.8
      vertex -28.0455 25.9273 36.8
    endloop
  endfacet
  facet normal 0.980792 0.195056 0
    outer loop
      vertex -22.1368 30.4613 39.4
      vertex -22.2465 31.0129 36.8
      vertex -22.2465 31.0129 39.4
    endloop
  endfacet
  facet normal 0.980792 0.195056 0
    outer loop
      vertex -22.2465 31.0129 36.8
      vertex -22.1368 30.4613 39.4
      vertex -22.1368 30.4613 36.8
    endloop
  endfacet
  facet normal -0.0654216 -0.997858 0
    outer loop
      vertex -26.9613 25.6368 36.8
      vertex -26.4 25.6 39.4
      vertex -26.9613 25.6368 39.4
    endloop
  endfacet
  facet normal -0.0654216 -0.997858 -0
    outer loop
      vertex -26.4 25.6 39.4
      vertex -26.9613 25.6368 36.8
      vertex -26.4 25.6 36.8
    endloop
  endfacet
  facet normal 0.555561 -0.831475 0
    outer loop
      vertex -24.25 26.1761 36.8
      vertex -23.7823 26.4886 39.4
      vertex -24.25 26.1761 39.4
    endloop
  endfacet
  facet normal 0.555561 -0.831475 0
    outer loop
      vertex -23.7823 26.4886 39.4
      vertex -24.25 26.1761 36.8
      vertex -23.7823 26.4886 36.8
    endloop
  endfacet
  facet normal -0.751904 -0.659272 0
    outer loop
      vertex -29.4406 26.8594 36.8
      vertex -29.8114 27.2823 39.4
      vertex -29.8114 27.2823 36.8
    endloop
  endfacet
  facet normal -0.751904 -0.659272 0
    outer loop
      vertex -29.8114 27.2823 39.4
      vertex -29.4406 26.8594 36.8
      vertex -29.4406 26.8594 39.4
    endloop
  endfacet
  facet normal -0.555561 -0.831475 0
    outer loop
      vertex -29.0177 26.4886 36.8
      vertex -28.55 26.1761 39.4
      vertex -29.0177 26.4886 39.4
    endloop
  endfacet
  facet normal -0.555561 -0.831475 -0
    outer loop
      vertex -28.55 26.1761 39.4
      vertex -29.0177 26.4886 36.8
      vertex -28.55 26.1761 36.8
    endloop
  endfacet
  facet normal -0.195056 -0.980792 0
    outer loop
      vertex -27.5129 25.7465 36.8
      vertex -26.9613 25.6368 39.4
      vertex -27.5129 25.7465 39.4
    endloop
  endfacet
  facet normal -0.195056 -0.980792 -0
    outer loop
      vertex -26.9613 25.6368 39.4
      vertex -27.5129 25.7465 36.8
      vertex -26.9613 25.6368 36.8
    endloop
  endfacet
  facet normal -0.659272 -0.751904 0
    outer loop
      vertex -29.4406 26.8594 36.8
      vertex -29.0177 26.4886 39.4
      vertex -29.4406 26.8594 39.4
    endloop
  endfacet
  facet normal -0.659272 -0.751904 -0
    outer loop
      vertex -29.0177 26.4886 39.4
      vertex -29.4406 26.8594 36.8
      vertex -29.0177 26.4886 36.8
    endloop
  endfacet
  facet normal 0.997858 -0.0654216 0
    outer loop
      vertex -22.1368 29.3387 39.4
      vertex -22.1 29.9 36.8
      vertex -22.1 29.9 39.4
    endloop
  endfacet
  facet normal 0.997858 -0.0654216 0
    outer loop
      vertex -22.1 29.9 36.8
      vertex -22.1368 29.3387 39.4
      vertex -22.1368 29.3387 36.8
    endloop
  endfacet
  facet normal 0.946927 0.32145 0
    outer loop
      vertex -22.2465 31.0129 39.4
      vertex -22.4273 31.5455 36.8
      vertex -22.4273 31.5455 39.4
    endloop
  endfacet
  facet normal 0.946927 0.32145 0
    outer loop
      vertex -22.4273 31.5455 36.8
      vertex -22.2465 31.0129 39.4
      vertex -22.2465 31.0129 36.8
    endloop
  endfacet
  facet normal -0.659272 0.751904 0
    outer loop
      vertex -29.0177 33.3114 36.8
      vertex -29.4406 32.9406 39.4
      vertex -29.0177 33.3114 39.4
    endloop
  endfacet
  facet normal -0.659272 0.751904 0
    outer loop
      vertex -29.4406 32.9406 39.4
      vertex -29.0177 33.3114 36.8
      vertex -29.4406 32.9406 36.8
    endloop
  endfacet
  facet normal 0.555588 0.831457 -0
    outer loop
      vertex -23.7823 33.3114 36.8
      vertex -24.2142 33.6 39.4
      vertex -23.7823 33.3114 39.4
    endloop
  endfacet
  facet normal 0.555588 0.831457 0
    outer loop
      vertex -24.2142 33.6 39.4
      vertex -23.7823 33.3114 36.8
      vertex -24.2142 33.6 36.8
    endloop
  endfacet
  facet normal 0.659272 -0.751904 0
    outer loop
      vertex -23.7823 26.4886 36.8
      vertex -23.3594 26.8594 39.4
      vertex -23.7823 26.4886 39.4
    endloop
  endfacet
  facet normal 0.659272 -0.751904 0
    outer loop
      vertex -23.3594 26.8594 39.4
      vertex -23.7823 26.4886 36.8
      vertex -23.3594 26.8594 36.8
    endloop
  endfacet
  facet normal 0.195056 -0.980792 0
    outer loop
      vertex -25.8387 25.6368 36.8
      vertex -25.2871 25.7465 39.4
      vertex -25.8387 25.6368 39.4
    endloop
  endfacet
  facet normal 0.195056 -0.980792 0
    outer loop
      vertex -25.2871 25.7465 39.4
      vertex -25.8387 25.6368 36.8
      vertex -25.2871 25.7465 36.8
    endloop
  endfacet
  facet normal 0.0654216 -0.997858 0
    outer loop
      vertex -26.4 25.6 36.8
      vertex -25.8387 25.6368 39.4
      vertex -26.4 25.6 39.4
    endloop
  endfacet
  facet normal 0.0654216 -0.997858 0
    outer loop
      vertex -25.8387 25.6368 39.4
      vertex -26.4 25.6 36.8
      vertex -25.8387 25.6368 36.8
    endloop
  endfacet
  facet normal 0.4423 -0.896867 0
    outer loop
      vertex -24.7545 25.9273 36.8
      vertex -24.25 26.1761 39.4
      vertex -24.7545 25.9273 39.4
    endloop
  endfacet
  facet normal 0.4423 -0.896867 0
    outer loop
      vertex -24.25 26.1761 39.4
      vertex -24.7545 25.9273 36.8
      vertex -24.25 26.1761 36.8
    endloop
  endfacet
  facet normal -0.831457 -0.555588 0
    outer loop
      vertex -29.8114 27.2823 36.8
      vertex -30.1 27.7142 39.4
      vertex -30.1 27.7142 36.8
    endloop
  endfacet
  facet normal -0.831457 -0.555588 0
    outer loop
      vertex -30.1 27.7142 39.4
      vertex -29.8114 27.2823 36.8
      vertex -29.8114 27.2823 39.4
    endloop
  endfacet
  facet normal -0.32145 -0.946927 0
    outer loop
      vertex -28.0455 25.9273 36.8
      vertex -27.5129 25.7465 39.4
      vertex -28.0455 25.9273 39.4
    endloop
  endfacet
  facet normal -0.32145 -0.946927 -0
    outer loop
      vertex -27.5129 25.7465 39.4
      vertex -28.0455 25.9273 36.8
      vertex -27.5129 25.7465 36.8
    endloop
  endfacet
  facet normal 0.997858 0.0654216 0
    outer loop
      vertex -22.1 29.9 39.4
      vertex -22.1368 30.4613 36.8
      vertex -22.1368 30.4613 39.4
    endloop
  endfacet
  facet normal 0.997858 0.0654216 0
    outer loop
      vertex -22.1368 30.4613 36.8
      vertex -22.1 29.9 39.4
      vertex -22.1 29.9 36.8
    endloop
  endfacet
  facet normal 0.831475 0.555561 0
    outer loop
      vertex -22.6761 32.05 39.4
      vertex -22.9886 32.5177 36.8
      vertex -22.9886 32.5177 39.4
    endloop
  endfacet
  facet normal 0.831475 0.555561 0
    outer loop
      vertex -22.9886 32.5177 36.8
      vertex -22.6761 32.05 39.4
      vertex -22.6761 32.05 36.8
    endloop
  endfacet
  facet normal -0.751904 0.659272 0
    outer loop
      vertex -29.8114 32.5177 36.8
      vertex -29.4406 32.9406 39.4
      vertex -29.4406 32.9406 36.8
    endloop
  endfacet
  facet normal -0.751904 0.659272 0
    outer loop
      vertex -29.4406 32.9406 39.4
      vertex -29.8114 32.5177 36.8
      vertex -29.8114 32.5177 39.4
    endloop
  endfacet
  facet normal 0.659272 0.751904 -0
    outer loop
      vertex -23.3594 32.9406 36.8
      vertex -23.7823 33.3114 39.4
      vertex -23.3594 32.9406 39.4
    endloop
  endfacet
  facet normal 0.659272 0.751904 0
    outer loop
      vertex -23.7823 33.3114 39.4
      vertex -23.3594 32.9406 36.8
      vertex -23.7823 33.3114 36.8
    endloop
  endfacet
  facet normal 0.896867 -0.4423 0
    outer loop
      vertex -22.6761 27.75 39.4
      vertex -22.4273 28.2545 36.8
      vertex -22.4273 28.2545 39.4
    endloop
  endfacet
  facet normal 0.896867 -0.4423 0
    outer loop
      vertex -22.4273 28.2545 36.8
      vertex -22.6761 27.75 39.4
      vertex -22.6761 27.75 36.8
    endloop
  endfacet
  facet normal 0.946927 -0.32145 0
    outer loop
      vertex -22.4273 28.2545 39.4
      vertex -22.2465 28.7871 36.8
      vertex -22.2465 28.7871 39.4
    endloop
  endfacet
  facet normal 0.946927 -0.32145 0
    outer loop
      vertex -22.2465 28.7871 36.8
      vertex -22.4273 28.2545 39.4
      vertex -22.4273 28.2545 36.8
    endloop
  endfacet
  facet normal 0.980792 -0.195056 0
    outer loop
      vertex -22.2465 28.7871 39.4
      vertex -22.1368 29.3387 36.8
      vertex -22.1368 29.3387 39.4
    endloop
  endfacet
  facet normal 0.980792 -0.195056 0
    outer loop
      vertex -22.1368 29.3387 36.8
      vertex -22.2465 28.7871 39.4
      vertex -22.2465 28.7871 36.8
    endloop
  endfacet
  facet normal 0.751904 -0.659272 0
    outer loop
      vertex -23.3594 26.8594 39.4
      vertex -22.9886 27.2823 36.8
      vertex -22.9886 27.2823 39.4
    endloop
  endfacet
  facet normal 0.751904 -0.659272 0
    outer loop
      vertex -22.9886 27.2823 36.8
      vertex -23.3594 26.8594 39.4
      vertex -23.3594 26.8594 36.8
    endloop
  endfacet
  facet normal 0.896867 0.4423 0
    outer loop
      vertex -22.4273 31.5455 39.4
      vertex -22.6761 32.05 36.8
      vertex -22.6761 32.05 39.4
    endloop
  endfacet
  facet normal 0.896867 0.4423 0
    outer loop
      vertex -22.6761 32.05 36.8
      vertex -22.4273 31.5455 39.4
      vertex -22.4273 31.5455 36.8
    endloop
  endfacet
  facet normal 0 0 1
    outer loop
      vertex -23.3 29.9 39.4
      vertex -22.1 29.9 39.4
      vertex -22.1368 30.4613 39.4
    endloop
  endfacet
  facet normal 0 0 1
    outer loop
      vertex -23.3265 30.3046 39.4
      vertex -22.1368 30.4613 39.4
      vertex -22.2465 31.0129 39.4
    endloop
  endfacet
  facet normal 0 0 1
    outer loop
      vertex -22.1 29.9 39.4
      vertex -23.3 29.9 39.4
      vertex -22.1368 29.3387 39.4
    endloop
  endfacet
  facet normal 0 0 1
    outer loop
      vertex -23.4056 30.7023 39.4
      vertex -22.2465 31.0129 39.4
      vertex -22.4273 31.5455 39.4
    endloop
  endfacet
  facet normal -0 0 1
    outer loop
      vertex -23.3265 29.4954 39.4
      vertex -22.1368 29.3387 39.4
      vertex -23.3 29.9 39.4
    endloop
  endfacet
  facet normal 0 0 1
    outer loop
      vertex -23.536 31.0863 39.4
      vertex -22.4273 31.5455 39.4
      vertex -22.6761 32.05 39.4
    endloop
  endfacet
  facet normal 0 0 1
    outer loop
      vertex -22.1368 29.3387 39.4
      vertex -23.3265 29.4954 39.4
      vertex -22.2465 28.7871 39.4
    endloop
  endfacet
  facet normal 0 0 1
    outer loop
      vertex -23.7153 31.45 39.4
      vertex -22.6761 32.05 39.4
      vertex -22.9886 32.5177 39.4
    endloop
  endfacet
  facet normal -0 0 1
    outer loop
      vertex -23.4056 29.0977 39.4
      vertex -22.2465 28.7871 39.4
      vertex -23.3265 29.4954 39.4
    endloop
  endfacet
  facet normal 0 0 1
    outer loop
      vertex -22.2465 28.7871 39.4
      vertex -23.4056 29.0977 39.4
      vertex -22.4273 28.2545 39.4
    endloop
  endfacet
  facet normal 0 0 1
    outer loop
      vertex -22.1368 30.4613 39.4
      vertex -23.3265 30.3046 39.4
      vertex -23.3 29.9 39.4
    endloop
  endfacet
  facet normal 0 0 1
    outer loop
      vertex -23.9406 31.7872 39.4
      vertex -22.9886 32.5177 39.4
      vertex -23.3594 32.9406 39.4
    endloop
  endfacet
  facet normal 0 0 1
    outer loop
      vertex -22.2465 31.0129 39.4
      vertex -23.4056 30.7023 39.4
      vertex -23.3265 30.3046 39.4
    endloop
  endfacet
  facet normal 0 0 1
    outer loop
      vertex -22.4273 31.5455 39.4
      vertex -23.536 31.0863 39.4
      vertex -23.4056 30.7023 39.4
    endloop
  endfacet
  facet normal 0 0 1
    outer loop
      vertex -22.6761 32.05 39.4
      vertex -23.7153 31.45 39.4
      vertex -23.536 31.0863 39.4
    endloop
  endfacet
  facet normal 0 0 1
    outer loop
      vertex -24.208 32.092 39.4
      vertex -23.3594 32.9406 39.4
      vertex -23.7823 33.3114 39.4
    endloop
  endfacet
  facet normal 0 0 1
    outer loop
      vertex -22.9886 32.5177 39.4
      vertex -23.9406 31.7872 39.4
      vertex -23.7153 31.45 39.4
    endloop
  endfacet
  facet normal 0 0 1
    outer loop
      vertex -23.3594 32.9406 39.4
      vertex -24.208 32.092 39.4
      vertex -23.9406 31.7872 39.4
    endloop
  endfacet
  facet normal 0 0 1
    outer loop
      vertex -24.5128 32.3594 39.4
      vertex -23.7823 33.3114 39.4
      vertex -24.2142 33.6 39.4
    endloop
  endfacet
  facet normal 0 0 1
    outer loop
      vertex -23.7823 33.3114 39.4
      vertex -24.5128 32.3594 39.4
      vertex -24.208 32.092 39.4
    endloop
  endfacet
  facet normal 0 0 1
    outer loop
      vertex -24.2142 33.6 39.4
      vertex -24.85 32.5847 39.4
      vertex -24.5128 32.3594 39.4
    endloop
  endfacet
  facet normal 0 0 1
    outer loop
      vertex -24.2142 33.6 39.4
      vertex -25.2137 32.764 39.4
      vertex -24.85 32.5847 39.4
    endloop
  endfacet
  facet normal 0 0 1
    outer loop
      vertex -24.2142 33.6 39.4
      vertex -25.5977 32.8944 39.4
      vertex -25.2137 32.764 39.4
    endloop
  endfacet
  facet normal 0 0 1
    outer loop
      vertex -24.2142 33.6 39.4
      vertex -25.9954 32.9735 39.4
      vertex -25.5977 32.8944 39.4
    endloop
  endfacet
  facet normal 0 0 1
    outer loop
      vertex -24.2142 33.6 39.4
      vertex -26.4 33 39.4
      vertex -25.9954 32.9735 39.4
    endloop
  endfacet
  facet normal -0 0 1
    outer loop
      vertex -28.5858 33.6 39.4
      vertex -26.4 33 39.4
      vertex -24.2142 33.6 39.4
    endloop
  endfacet
  facet normal 0 0 1
    outer loop
      vertex -26.4 33 39.4
      vertex -28.5858 33.6 39.4
      vertex -26.8046 32.9735 39.4
    endloop
  endfacet
  facet normal 0 0 1
    outer loop
      vertex -26.8046 32.9735 39.4
      vertex -28.5858 33.6 39.4
      vertex -27.2023 32.8944 39.4
    endloop
  endfacet
  facet normal 0 0 1
    outer loop
      vertex -28.5858 33.6 39.4
      vertex -27.5863 32.764 39.4
      vertex -27.2023 32.8944 39.4
    endloop
  endfacet
  facet normal 0 0 1
    outer loop
      vertex -28.5858 33.6 39.4
      vertex -27.95 32.5847 39.4
      vertex -27.5863 32.764 39.4
    endloop
  endfacet
  facet normal 0 0 1
    outer loop
      vertex -28.5858 33.6 39.4
      vertex -28.2872 32.3594 39.4
      vertex -27.95 32.5847 39.4
    endloop
  endfacet
  facet normal -0 0 1
    outer loop
      vertex -29.0177 33.3114 39.4
      vertex -28.2872 32.3594 39.4
      vertex -28.5858 33.6 39.4
    endloop
  endfacet
  facet normal 0 0 1
    outer loop
      vertex -28.2872 32.3594 39.4
      vertex -29.0177 33.3114 39.4
      vertex -28.592 32.092 39.4
    endloop
  endfacet
  facet normal -0 0 1
    outer loop
      vertex -29.4406 32.9406 39.4
      vertex -28.592 32.092 39.4
      vertex -29.0177 33.3114 39.4
    endloop
  endfacet
  facet normal 0 0 1
    outer loop
      vertex -28.592 32.092 39.4
      vertex -29.4406 32.9406 39.4
      vertex -28.8594 31.7872 39.4
    endloop
  endfacet
  facet normal -0 0 1
    outer loop
      vertex -29.8114 32.5177 39.4
      vertex -28.8594 31.7872 39.4
      vertex -29.4406 32.9406 39.4
    endloop
  endfacet
  facet normal -0 0 1
    outer loop
      vertex -30.1 32.0858 39.4
      vertex -28.8594 31.7872 39.4
      vertex -29.8114 32.5177 39.4
    endloop
  endfacet
  facet normal 0 0 1
    outer loop
      vertex -28.8594 31.7872 39.4
      vertex -30.1 32.0858 39.4
      vertex -29.0847 31.45 39.4
    endloop
  endfacet
  facet normal 0 0 1
    outer loop
      vertex -29.0847 31.45 39.4
      vertex -30.1 32.0858 39.4
      vertex -29.264 31.0863 39.4
    endloop
  endfacet
  facet normal 0 0 1
    outer loop
      vertex -29.264 31.0863 39.4
      vertex -30.1 32.0858 39.4
      vertex -29.3944 30.7023 39.4
    endloop
  endfacet
  facet normal 0 0 1
    outer loop
      vertex -29.3944 30.7023 39.4
      vertex -30.1 32.0858 39.4
      vertex -29.4735 30.3046 39.4
    endloop
  endfacet
  facet normal -0 0 1
    outer loop
      vertex -23.536 28.7137 39.4
      vertex -22.4273 28.2545 39.4
      vertex -23.4056 29.0977 39.4
    endloop
  endfacet
  facet normal 0 0 1
    outer loop
      vertex -22.4273 28.2545 39.4
      vertex -23.536 28.7137 39.4
      vertex -22.6761 27.75 39.4
    endloop
  endfacet
  facet normal -0 0 1
    outer loop
      vertex -23.7153 28.35 39.4
      vertex -22.6761 27.75 39.4
      vertex -23.536 28.7137 39.4
    endloop
  endfacet
  facet normal 0 0 1
    outer loop
      vertex -22.6761 27.75 39.4
      vertex -23.7153 28.35 39.4
      vertex -22.9886 27.2823 39.4
    endloop
  endfacet
  facet normal -0 0 1
    outer loop
      vertex -23.9406 28.0128 39.4
      vertex -22.9886 27.2823 39.4
      vertex -23.7153 28.35 39.4
    endloop
  endfacet
  facet normal 0 0 1
    outer loop
      vertex -22.9886 27.2823 39.4
      vertex -23.9406 28.0128 39.4
      vertex -23.3594 26.8594 39.4
    endloop
  endfacet
  facet normal -0 0 1
    outer loop
      vertex -24.208 27.708 39.4
      vertex -23.3594 26.8594 39.4
      vertex -23.9406 28.0128 39.4
    endloop
  endfacet
  facet normal 0 0 1
    outer loop
      vertex -23.3594 26.8594 39.4
      vertex -24.208 27.708 39.4
      vertex -23.7823 26.4886 39.4
    endloop
  endfacet
  facet normal -0 0 1
    outer loop
      vertex -24.5128 27.4406 39.4
      vertex -23.7823 26.4886 39.4
      vertex -24.208 27.708 39.4
    endloop
  endfacet
  facet normal 0 0 1
    outer loop
      vertex -23.7823 26.4886 39.4
      vertex -24.5128 27.4406 39.4
      vertex -24.25 26.1761 39.4
    endloop
  endfacet
  facet normal -0 0 1
    outer loop
      vertex -24.85 27.2153 39.4
      vertex -24.25 26.1761 39.4
      vertex -24.5128 27.4406 39.4
    endloop
  endfacet
  facet normal 0 0 1
    outer loop
      vertex -24.25 26.1761 39.4
      vertex -24.85 27.2153 39.4
      vertex -24.7545 25.9273 39.4
    endloop
  endfacet
  facet normal -0 0 1
    outer loop
      vertex -25.2137 27.036 39.4
      vertex -24.7545 25.9273 39.4
      vertex -24.85 27.2153 39.4
    endloop
  endfacet
  facet normal 0 0 1
    outer loop
      vertex -25.2137 27.036 39.4
      vertex -25.2871 25.7465 39.4
      vertex -24.7545 25.9273 39.4
    endloop
  endfacet
  facet normal -0 0 1
    outer loop
      vertex -25.5977 26.9056 39.4
      vertex -25.2871 25.7465 39.4
      vertex -25.2137 27.036 39.4
    endloop
  endfacet
  facet normal 0 0 1
    outer loop
      vertex -25.5977 26.9056 39.4
      vertex -25.8387 25.6368 39.4
      vertex -25.2871 25.7465 39.4
    endloop
  endfacet
  facet normal -0 0 1
    outer loop
      vertex -25.9954 26.8265 39.4
      vertex -25.8387 25.6368 39.4
      vertex -25.5977 26.9056 39.4
    endloop
  endfacet
  facet normal -0 0 1
    outer loop
      vertex -26.4 26.8 39.4
      vertex -25.8387 25.6368 39.4
      vertex -25.9954 26.8265 39.4
    endloop
  endfacet
  facet normal 0 0 1
    outer loop
      vertex -26.4 26.8 39.4
      vertex -26.4 25.6 39.4
      vertex -25.8387 25.6368 39.4
    endloop
  endfacet
  facet normal 0 0 1
    outer loop
      vertex -26.8046 26.8265 39.4
      vertex -26.4 25.6 39.4
      vertex -26.4 26.8 39.4
    endloop
  endfacet
  facet normal 0 0 1
    outer loop
      vertex -26.8046 26.8265 39.4
      vertex -26.9613 25.6368 39.4
      vertex -26.4 25.6 39.4
    endloop
  endfacet
  facet normal 0 0 1
    outer loop
      vertex -27.2023 26.9056 39.4
      vertex -26.9613 25.6368 39.4
      vertex -26.8046 26.8265 39.4
    endloop
  endfacet
  facet normal 0 0 1
    outer loop
      vertex -27.2023 26.9056 39.4
      vertex -27.5129 25.7465 39.4
      vertex -26.9613 25.6368 39.4
    endloop
  endfacet
  facet normal 0 0 1
    outer loop
      vertex -27.5863 27.036 39.4
      vertex -27.5129 25.7465 39.4
      vertex -27.2023 26.9056 39.4
    endloop
  endfacet
  facet normal 0 0 1
    outer loop
      vertex -28.0455 25.9273 39.4
      vertex -27.5863 27.036 39.4
      vertex -27.95 27.2153 39.4
    endloop
  endfacet
  facet normal 0 0 1
    outer loop
      vertex -27.5863 27.036 39.4
      vertex -28.0455 25.9273 39.4
      vertex -27.5129 25.7465 39.4
    endloop
  endfacet
  facet normal 0 0 1
    outer loop
      vertex -28.55 26.1761 39.4
      vertex -27.95 27.2153 39.4
      vertex -28.2872 27.4406 39.4
    endloop
  endfacet
  facet normal 0 0 1
    outer loop
      vertex -27.95 27.2153 39.4
      vertex -28.55 26.1761 39.4
      vertex -28.0455 25.9273 39.4
    endloop
  endfacet
  facet normal 0 0 1
    outer loop
      vertex -29.0177 26.4886 39.4
      vertex -28.2872 27.4406 39.4
      vertex -28.592 27.708 39.4
    endloop
  endfacet
  facet normal 0 0 1
    outer loop
      vertex -29.4406 26.8594 39.4
      vertex -28.592 27.708 39.4
      vertex -28.8594 28.0128 39.4
    endloop
  endfacet
  facet normal 0 0 1
    outer loop
      vertex -28.2872 27.4406 39.4
      vertex -29.0177 26.4886 39.4
      vertex -28.55 26.1761 39.4
    endloop
  endfacet
  facet normal 0 0 1
    outer loop
      vertex -30.1 27.7142 39.4
      vertex -28.8594 28.0128 39.4
      vertex -29.0847 28.35 39.4
    endloop
  endfacet
  facet normal 0 0 1
    outer loop
      vertex -30.1 27.7142 39.4
      vertex -29.0847 28.35 39.4
      vertex -29.264 28.7137 39.4
    endloop
  endfacet
  facet normal 0 0 1
    outer loop
      vertex -30.1 27.7142 39.4
      vertex -29.264 28.7137 39.4
      vertex -29.3944 29.0977 39.4
    endloop
  endfacet
  facet normal 0 0 1
    outer loop
      vertex -28.592 27.708 39.4
      vertex -29.4406 26.8594 39.4
      vertex -29.0177 26.4886 39.4
    endloop
  endfacet
  facet normal 0 0 1
    outer loop
      vertex -30.1 27.7142 39.4
      vertex -29.3944 29.0977 39.4
      vertex -29.4735 29.4954 39.4
    endloop
  endfacet
  facet normal 0 0 1
    outer loop
      vertex -30.1 27.7142 39.4
      vertex -29.4735 29.4954 39.4
      vertex -29.5 29.9 39.4
    endloop
  endfacet
  facet normal 0 0 1
    outer loop
      vertex -29.4735 30.3046 39.4
      vertex -30.1 32.0858 39.4
      vertex -29.5 29.9 39.4
    endloop
  endfacet
  facet normal 0 0 1
    outer loop
      vertex -28.8594 28.0128 39.4
      vertex -29.8114 27.2823 39.4
      vertex -29.4406 26.8594 39.4
    endloop
  endfacet
  facet normal 0 0 1
    outer loop
      vertex -30.1 27.7142 39.4
      vertex -29.5 29.9 39.4
      vertex -30.1 32.0858 39.4
    endloop
  endfacet
  facet normal 0 0 1
    outer loop
      vertex -28.8594 28.0128 39.4
      vertex -30.1 27.7142 39.4
      vertex -29.8114 27.2823 39.4
    endloop
  endfacet
  facet normal -0.831457 0.555588 0
    outer loop
      vertex -30.1 32.0858 36.8
      vertex -29.8114 32.5177 39.4
      vertex -29.8114 32.5177 36.8
    endloop
  endfacet
  facet normal -0.831457 0.555588 0
    outer loop
      vertex -29.8114 32.5177 39.4
      vertex -30.1 32.0858 36.8
      vertex -30.1 32.0858 39.4
    endloop
  endfacet
  facet normal 0.751904 0.659272 0
    outer loop
      vertex -22.9886 32.5177 39.4
      vertex -23.3594 32.9406 36.8
      vertex -23.3594 32.9406 39.4
    endloop
  endfacet
  facet normal 0.751904 0.659272 0
    outer loop
      vertex -23.3594 32.9406 36.8
      vertex -22.9886 32.5177 39.4
      vertex -22.9886 32.5177 36.8
    endloop
  endfacet
  facet normal -0.555588 0.831457 0
    outer loop
      vertex -28.5858 33.6 36.8
      vertex -29.0177 33.3114 39.4
      vertex -28.5858 33.6 39.4
    endloop
  endfacet
  facet normal -0.555588 0.831457 0
    outer loop
      vertex -29.0177 33.3114 39.4
      vertex -28.5858 33.6 36.8
      vertex -29.0177 33.3114 36.8
    endloop
  endfacet
  facet normal 0.706348 -0.0463097 -0.706348
    outer loop
      vertex -22.1368 29.3387 36.8
      vertex -26.4 29.9 32.5
      vertex -22.1 29.9 36.8
    endloop
  endfacet
  facet normal -0.670271 0.227618 -0.706347
    outer loop
      vertex -30.1 30.8914 36.3305
      vertex -30.1 31.4326 36.5049
      vertex -26.4 29.9 32.5
    endloop
  endfacet
  facet normal -0.138073 -0.694267 -0.706349
    outer loop
      vertex -26.9613 25.6368 36.8
      vertex -27.5129 25.7465 36.8
      vertex -26.4 29.9 32.5
    endloop
  endfacet
  facet normal 0.227618 0.670271 -0.706347
    outer loop
      vertex -24.8674 33.6 36.5049
      vertex -26.4 29.9 32.5
      vertex -25.4086 33.6 36.3305
    endloop
  endfacet
  facet normal -0.532244 -0.466673 -0.706351
    outer loop
      vertex -29.4406 26.8594 36.8
      vertex -29.8114 27.2823 36.8
      vertex -26.4 29.9 32.5
    endloop
  endfacet
  facet normal 0.393262 -0.588572 -0.706348
    outer loop
      vertex -24.25 26.1761 36.8
      vertex -26.4 29.9 32.5
      vertex -23.7823 26.4886 36.8
    endloop
  endfacet
  facet normal -0.313035 0.634889 -0.706346
    outer loop
      vertex -26.4 29.9 32.5
      vertex -28.5362 33.6 36.7724
      vertex -27.9326 33.6 36.5049
    endloop
  endfacet
  facet normal 0.63486 0.313089 -0.706348
    outer loop
      vertex -22.4273 31.5455 36.8
      vertex -26.4 29.9 32.5
      vertex -22.6761 32.05 36.8
    endloop
  endfacet
  facet normal -0.393262 -0.588572 -0.706348
    outer loop
      vertex -28.55 26.1761 36.8
      vertex -29.0177 26.4886 36.8
      vertex -26.4 29.9 32.5
    endloop
  endfacet
  facet normal -0.670271 -0.227618 -0.706347
    outer loop
      vertex -30.1 28.3674 36.5049
      vertex -30.1 28.9086 36.3305
      vertex -26.4 29.9 32.5
    endloop
  endfacet
  facet normal 0.0463097 -0.706348 -0.706348
    outer loop
      vertex -26.4 25.6 36.8
      vertex -26.4 29.9 32.5
      vertex -25.8387 25.6368 36.8
    endloop
  endfacet
  facet normal 0.588572 -0.393262 -0.706348
    outer loop
      vertex -22.9886 27.2823 36.8
      vertex -26.4 29.9 32.5
      vertex -22.6761 27.75 36.8
    endloop
  endfacet
  facet normal -0.466673 -0.532244 -0.706351
    outer loop
      vertex -29.0177 26.4886 36.8
      vertex -29.4406 26.8594 36.8
      vertex -26.4 29.9 32.5
    endloop
  endfacet
  facet normal -0.0463097 -0.706348 -0.706348
    outer loop
      vertex -26.4 25.6 36.8
      vertex -26.9613 25.6368 36.8
      vertex -26.4 29.9 32.5
    endloop
  endfacet
  facet normal 0.694267 -0.138073 -0.706349
    outer loop
      vertex -22.2465 28.7871 36.8
      vertex -26.4 29.9 32.5
      vertex -22.1368 29.3387 36.8
    endloop
  endfacet
  facet normal -0.694259 0.138105 -0.706351
    outer loop
      vertex -30.1 30.3871 36.2319
      vertex -30.1 30.8914 36.3305
      vertex -26.4 29.9 32.5
    endloop
  endfacet
  facet normal -0.532244 0.466673 -0.706351
    outer loop
      vertex -26.4 29.9 32.5
      vertex -29.8114 32.5177 36.8
      vertex -29.4406 32.9406 36.8
    endloop
  endfacet
  facet normal -0.466673 0.532244 -0.706351
    outer loop
      vertex -26.4 29.9 32.5
      vertex -29.4406 32.9406 36.8
      vertex -29.0177 33.3114 36.8
    endloop
  endfacet
  facet normal -0.227618 0.670271 -0.706347
    outer loop
      vertex -26.4 29.9 32.5
      vertex -27.9326 33.6 36.5049
      vertex -27.3914 33.6 36.3305
    endloop
  endfacet
  facet normal 0.138105 0.694259 -0.706351
    outer loop
      vertex -25.4086 33.6 36.3305
      vertex -26.4 29.9 32.5
      vertex -25.9129 33.6 36.2319
    endloop
  endfacet
  facet normal 0.466673 0.532244 -0.706351
    outer loop
      vertex -23.3594 32.9406 36.8
      vertex -26.4 29.9 32.5
      vertex -23.7823 33.3114 36.8
    endloop
  endfacet
  facet normal 0.532244 0.466673 -0.706351
    outer loop
      vertex -22.9886 32.5177 36.8
      vertex -26.4 29.9 32.5
      vertex -23.3594 32.9406 36.8
    endloop
  endfacet
  facet normal 0.670295 0.227543 -0.706349
    outer loop
      vertex -22.2465 31.0129 36.8
      vertex -26.4 29.9 32.5
      vertex -22.4273 31.5455 36.8
    endloop
  endfacet
  facet normal -0.313089 -0.63486 -0.706348
    outer loop
      vertex -28.0455 25.9273 36.8
      vertex -28.55 26.1761 36.8
      vertex -26.4 29.9 32.5
    endloop
  endfacet
  facet normal -0.227543 -0.670295 -0.706349
    outer loop
      vertex -27.5129 25.7465 36.8
      vertex -28.0455 25.9273 36.8
      vertex -26.4 29.9 32.5
    endloop
  endfacet
  facet normal -0.634889 -0.313035 -0.706346
    outer loop
      vertex -30.1 27.7638 36.7724
      vertex -30.1 28.3674 36.5049
      vertex -26.4 29.9 32.5
    endloop
  endfacet
  facet normal -0.588385 -0.393165 -0.706558
    outer loop
      vertex -30.1 27.7638 36.7724
      vertex -29.8114 27.2823 36.8
      vertex -30.1 27.7142 36.8
    endloop
  endfacet
  facet normal -0.588571 -0.393264 -0.706348
    outer loop
      vertex -29.8114 27.2823 36.8
      vertex -30.1 27.7638 36.7724
      vertex -26.4 29.9 32.5
    endloop
  endfacet
  facet normal -0.70635 -0.0462586 -0.70635
    outer loop
      vertex -30.1 29.4129 36.2319
      vertex -30.1 29.9 36.2
      vertex -26.4 29.9 32.5
    endloop
  endfacet
  facet normal -0.694259 -0.138105 -0.706351
    outer loop
      vertex -30.1 28.9086 36.3305
      vertex -30.1 29.4129 36.2319
      vertex -26.4 29.9 32.5
    endloop
  endfacet
  facet normal 0.227543 -0.670295 -0.706349
    outer loop
      vertex -25.2871 25.7465 36.8
      vertex -26.4 29.9 32.5
      vertex -24.7545 25.9273 36.8
    endloop
  endfacet
  facet normal 0.313089 -0.63486 -0.706348
    outer loop
      vertex -24.7545 25.9273 36.8
      vertex -26.4 29.9 32.5
      vertex -24.25 26.1761 36.8
    endloop
  endfacet
  facet normal 0.138073 -0.694267 -0.706349
    outer loop
      vertex -25.8387 25.6368 36.8
      vertex -26.4 29.9 32.5
      vertex -25.2871 25.7465 36.8
    endloop
  endfacet
  facet normal 0.466673 -0.532244 -0.706351
    outer loop
      vertex -23.7823 26.4886 36.8
      vertex -26.4 29.9 32.5
      vertex -23.3594 26.8594 36.8
    endloop
  endfacet
  facet normal 0.532244 -0.466673 -0.706351
    outer loop
      vertex -23.3594 26.8594 36.8
      vertex -26.4 29.9 32.5
      vertex -22.9886 27.2823 36.8
    endloop
  endfacet
  facet normal 0.63486 -0.313089 -0.706348
    outer loop
      vertex -22.6761 27.75 36.8
      vertex -26.4 29.9 32.5
      vertex -22.4273 28.2545 36.8
    endloop
  endfacet
  facet normal 0.670295 -0.227543 -0.706349
    outer loop
      vertex -22.4273 28.2545 36.8
      vertex -26.4 29.9 32.5
      vertex -22.2465 28.7871 36.8
    endloop
  endfacet
  facet normal -0.70635 0.0462586 -0.70635
    outer loop
      vertex -30.1 29.9 36.2
      vertex -30.1 30.3871 36.2319
      vertex -26.4 29.9 32.5
    endloop
  endfacet
  facet normal -0.588571 0.393264 -0.706348
    outer loop
      vertex -30.1 32.0362 36.7724
      vertex -29.8114 32.5177 36.8
      vertex -26.4 29.9 32.5
    endloop
  endfacet
  facet normal -0.588385 0.393165 -0.706558
    outer loop
      vertex -29.8114 32.5177 36.8
      vertex -30.1 32.0362 36.7724
      vertex -30.1 32.0858 36.8
    endloop
  endfacet
  facet normal -0.634889 0.313035 -0.706346
    outer loop
      vertex -30.1 31.4326 36.5049
      vertex -30.1 32.0362 36.7724
      vertex -26.4 29.9 32.5
    endloop
  endfacet
  facet normal -0.393264 0.588571 -0.706348
    outer loop
      vertex -29.0177 33.3114 36.8
      vertex -28.5362 33.6 36.7724
      vertex -26.4 29.9 32.5
    endloop
  endfacet
  facet normal -0.393165 0.588385 -0.706558
    outer loop
      vertex -28.5362 33.6 36.7724
      vertex -29.0177 33.3114 36.8
      vertex -28.5858 33.6 36.8
    endloop
  endfacet
  facet normal -0.0462586 0.70635 -0.70635
    outer loop
      vertex -26.4 29.9 32.5
      vertex -26.8871 33.6 36.2319
      vertex -26.4 33.6 36.2
    endloop
  endfacet
  facet normal -0.138105 0.694259 -0.706351
    outer loop
      vertex -26.4 29.9 32.5
      vertex -27.3914 33.6 36.3305
      vertex -26.8871 33.6 36.2319
    endloop
  endfacet
  facet normal 0.0462586 0.70635 -0.70635
    outer loop
      vertex -26.4 29.9 32.5
      vertex -26.4 33.6 36.2
      vertex -25.9129 33.6 36.2319
    endloop
  endfacet
  facet normal 0.393165 0.588385 -0.706558
    outer loop
      vertex -23.7823 33.3114 36.8
      vertex -24.2638 33.6 36.7724
      vertex -24.2142 33.6 36.8
    endloop
  endfacet
  facet normal 0.393264 0.588571 -0.706348
    outer loop
      vertex -24.2638 33.6 36.7724
      vertex -23.7823 33.3114 36.8
      vertex -26.4 29.9 32.5
    endloop
  endfacet
  facet normal 0.313035 0.634889 -0.706346
    outer loop
      vertex -24.2638 33.6 36.7724
      vertex -26.4 29.9 32.5
      vertex -24.8674 33.6 36.5049
    endloop
  endfacet
  facet normal 0.588572 0.393262 -0.706348
    outer loop
      vertex -22.6761 32.05 36.8
      vertex -26.4 29.9 32.5
      vertex -22.9886 32.5177 36.8
    endloop
  endfacet
  facet normal 0.706348 0.0463097 -0.706348
    outer loop
      vertex -22.1 29.9 36.8
      vertex -26.4 29.9 32.5
      vertex -22.1368 30.4613 36.8
    endloop
  endfacet
  facet normal 0.694267 0.138073 -0.706349
    outer loop
      vertex -22.1368 30.4613 36.8
      vertex -26.4 29.9 32.5
      vertex -22.2465 31.0129 36.8
    endloop
  endfacet
  facet normal 0.831459 -0.555586 0
    outer loop
      vertex -22.9886 3.48233 39.4
      vertex -22.6761 3.95 36.8
      vertex -22.6761 3.95 39.4
    endloop
  endfacet
  facet normal 0.831459 -0.555586 0
    outer loop
      vertex -22.6761 3.95 36.8
      vertex -22.9886 3.48233 39.4
      vertex -22.9886 3.48233 36.8
    endloop
  endfacet
  facet normal 0.980796 0.195036 0
    outer loop
      vertex -22.1368 6.66126 39.4
      vertex -22.2465 7.21292 36.8
      vertex -22.2465 7.21292 39.4
    endloop
  endfacet
  facet normal 0.980796 0.195036 0
    outer loop
      vertex -22.2465 7.21292 36.8
      vertex -22.1368 6.66126 39.4
      vertex -22.1368 6.66126 36.8
    endloop
  endfacet
  facet normal 0.555562 -0.831475 0
    outer loop
      vertex -24.2142 2.4 36.8
      vertex -23.7823 2.68858 39.4
      vertex -24.2142 2.4 39.4
    endloop
  endfacet
  facet normal 0.555562 -0.831475 0
    outer loop
      vertex -23.7823 2.68858 39.4
      vertex -24.2142 2.4 36.8
      vertex -23.7823 2.68858 36.8
    endloop
  endfacet
  facet normal -0.751897 -0.659281 0
    outer loop
      vertex -29.4406 3.05944 36.8
      vertex -29.8114 3.48233 39.4
      vertex -29.8114 3.48233 36.8
    endloop
  endfacet
  facet normal -0.751897 -0.659281 0
    outer loop
      vertex -29.8114 3.48233 39.4
      vertex -29.4406 3.05944 36.8
      vertex -29.4406 3.05944 39.4
    endloop
  endfacet
  facet normal -0.555562 -0.831475 0
    outer loop
      vertex -29.0177 2.68858 36.8
      vertex -28.5858 2.4 39.4
      vertex -29.0177 2.68858 39.4
    endloop
  endfacet
  facet normal -0.555562 -0.831475 -0
    outer loop
      vertex -28.5858 2.4 39.4
      vertex -29.0177 2.68858 36.8
      vertex -28.5858 2.4 36.8
    endloop
  endfacet
  facet normal -0.659332 -0.751852 0
    outer loop
      vertex -29.4406 3.05944 36.8
      vertex -29.0177 2.68858 39.4
      vertex -29.4406 3.05944 39.4
    endloop
  endfacet
  facet normal -0.659332 -0.751852 -0
    outer loop
      vertex -29.0177 2.68858 39.4
      vertex -29.4406 3.05944 36.8
      vertex -29.0177 2.68858 36.8
    endloop
  endfacet
  facet normal 0.997857 -0.0654263 0
    outer loop
      vertex -22.1368 5.53874 39.4
      vertex -22.1 6.1 36.8
      vertex -22.1 6.1 39.4
    endloop
  endfacet
  facet normal 0.997857 -0.0654263 0
    outer loop
      vertex -22.1 6.1 36.8
      vertex -22.1368 5.53874 39.4
      vertex -22.1368 5.53874 36.8
    endloop
  endfacet
  facet normal 0.94693 0.321439 0
    outer loop
      vertex -22.2465 7.21292 39.4
      vertex -22.4273 7.74554 36.8
      vertex -22.4273 7.74554 39.4
    endloop
  endfacet
  facet normal 0.94693 0.321439 0
    outer loop
      vertex -22.4273 7.74554 36.8
      vertex -22.2465 7.21292 39.4
      vertex -22.2465 7.21292 36.8
    endloop
  endfacet
  facet normal -0.659332 0.751852 0
    outer loop
      vertex -29.0177 9.51142 36.8
      vertex -29.4406 9.14056 39.4
      vertex -29.0177 9.51142 39.4
    endloop
  endfacet
  facet normal -0.659332 0.751852 0
    outer loop
      vertex -29.4406 9.14056 39.4
      vertex -29.0177 9.51142 36.8
      vertex -29.4406 9.14056 36.8
    endloop
  endfacet
  facet normal 0.555549 0.831484 -0
    outer loop
      vertex -23.7823 9.51142 36.8
      vertex -24.25 9.82391 39.4
      vertex -23.7823 9.51142 39.4
    endloop
  endfacet
  facet normal 0.555549 0.831484 0
    outer loop
      vertex -24.25 9.82391 39.4
      vertex -23.7823 9.51142 36.8
      vertex -24.25 9.82391 36.8
    endloop
  endfacet
  facet normal 0.659332 -0.751852 0
    outer loop
      vertex -23.7823 2.68858 36.8
      vertex -23.3594 3.05944 39.4
      vertex -23.7823 2.68858 39.4
    endloop
  endfacet
  facet normal 0.659332 -0.751852 0
    outer loop
      vertex -23.3594 3.05944 39.4
      vertex -23.7823 2.68858 36.8
      vertex -23.3594 3.05944 36.8
    endloop
  endfacet
  facet normal 0.751897 -0.659281 0
    outer loop
      vertex -23.3594 3.05944 39.4
      vertex -22.9886 3.48233 36.8
      vertex -22.9886 3.48233 39.4
    endloop
  endfacet
  facet normal 0.751897 -0.659281 0
    outer loop
      vertex -22.9886 3.48233 36.8
      vertex -23.3594 3.05944 39.4
      vertex -23.3594 3.05944 36.8
    endloop
  endfacet
  facet normal -0.831452 -0.555597 0
    outer loop
      vertex -29.8114 3.48233 36.8
      vertex -30.1 3.91422 39.4
      vertex -30.1 3.91422 36.8
    endloop
  endfacet
  facet normal -0.831452 -0.555597 0
    outer loop
      vertex -30.1 3.91422 39.4
      vertex -29.8114 3.48233 36.8
      vertex -29.8114 3.48233 39.4
    endloop
  endfacet
  facet normal 0.997857 0.0654263 0
    outer loop
      vertex -22.1 6.1 39.4
      vertex -22.1368 6.66126 36.8
      vertex -22.1368 6.66126 39.4
    endloop
  endfacet
  facet normal 0.997857 0.0654263 0
    outer loop
      vertex -22.1368 6.66126 36.8
      vertex -22.1 6.1 39.4
      vertex -22.1 6.1 36.8
    endloop
  endfacet
  facet normal 0.831459 0.555586 0
    outer loop
      vertex -22.6761 8.25 39.4
      vertex -22.9886 8.71767 36.8
      vertex -22.9886 8.71767 39.4
    endloop
  endfacet
  facet normal 0.831459 0.555586 0
    outer loop
      vertex -22.9886 8.71767 36.8
      vertex -22.6761 8.25 39.4
      vertex -22.6761 8.25 36.8
    endloop
  endfacet
  facet normal -0.751897 0.659281 0
    outer loop
      vertex -29.8114 8.71767 36.8
      vertex -29.4406 9.14056 39.4
      vertex -29.4406 9.14056 36.8
    endloop
  endfacet
  facet normal -0.751897 0.659281 0
    outer loop
      vertex -29.4406 9.14056 39.4
      vertex -29.8114 8.71767 36.8
      vertex -29.8114 8.71767 39.4
    endloop
  endfacet
  facet normal 0.195056 0.980792 -0
    outer loop
      vertex -25.2871 10.2535 36.8
      vertex -25.8387 10.3632 39.4
      vertex -25.2871 10.2535 39.4
    endloop
  endfacet
  facet normal 0.195056 0.980792 0
    outer loop
      vertex -25.8387 10.3632 39.4
      vertex -25.2871 10.2535 36.8
      vertex -25.8387 10.3632 36.8
    endloop
  endfacet
  facet normal 0.659332 0.751852 -0
    outer loop
      vertex -23.3594 9.14056 36.8
      vertex -23.7823 9.51142 39.4
      vertex -23.3594 9.14056 39.4
    endloop
  endfacet
  facet normal 0.659332 0.751852 0
    outer loop
      vertex -23.7823 9.51142 39.4
      vertex -23.3594 9.14056 36.8
      vertex -23.7823 9.51142 36.8
    endloop
  endfacet
  facet normal 0.896853 -0.442329 0
    outer loop
      vertex -22.6761 3.95 39.4
      vertex -22.4273 4.45446 36.8
      vertex -22.4273 4.45446 39.4
    endloop
  endfacet
  facet normal 0.896853 -0.442329 0
    outer loop
      vertex -22.4273 4.45446 36.8
      vertex -22.6761 3.95 39.4
      vertex -22.6761 3.95 36.8
    endloop
  endfacet
  facet normal 0.94693 -0.321439 0
    outer loop
      vertex -22.4273 4.45446 39.4
      vertex -22.2465 4.98708 36.8
      vertex -22.2465 4.98708 39.4
    endloop
  endfacet
  facet normal 0.94693 -0.321439 0
    outer loop
      vertex -22.2465 4.98708 36.8
      vertex -22.4273 4.45446 39.4
      vertex -22.4273 4.45446 36.8
    endloop
  endfacet
  facet normal 0.980796 -0.195036 0
    outer loop
      vertex -22.2465 4.98708 39.4
      vertex -22.1368 5.53874 36.8
      vertex -22.1368 5.53874 39.4
    endloop
  endfacet
  facet normal 0.980796 -0.195036 0
    outer loop
      vertex -22.1368 5.53874 36.8
      vertex -22.2465 4.98708 39.4
      vertex -22.2465 4.98708 36.8
    endloop
  endfacet
  facet normal 0.896853 0.442329 0
    outer loop
      vertex -22.4273 7.74554 39.4
      vertex -22.6761 8.25 36.8
      vertex -22.6761 8.25 39.4
    endloop
  endfacet
  facet normal 0.896853 0.442329 0
    outer loop
      vertex -22.6761 8.25 36.8
      vertex -22.4273 7.74554 39.4
      vertex -22.4273 7.74554 36.8
    endloop
  endfacet
  facet normal -0.32145 0.946927 0
    outer loop
      vertex -27.5129 10.2535 36.8
      vertex -28.0455 10.0727 39.4
      vertex -27.5129 10.2535 39.4
    endloop
  endfacet
  facet normal -0.32145 0.946927 0
    outer loop
      vertex -28.0455 10.0727 39.4
      vertex -27.5129 10.2535 36.8
      vertex -28.0455 10.0727 36.8
    endloop
  endfacet
  facet normal 0.0654216 0.997858 -0
    outer loop
      vertex -25.8387 10.3632 36.8
      vertex -26.4 10.4 39.4
      vertex -25.8387 10.3632 39.4
    endloop
  endfacet
  facet normal 0.0654216 0.997858 0
    outer loop
      vertex -26.4 10.4 39.4
      vertex -25.8387 10.3632 36.8
      vertex -26.4 10.4 36.8
    endloop
  endfacet
  facet normal 0.442286 0.896874 -0
    outer loop
      vertex -24.25 9.82391 36.8
      vertex -24.7545 10.0727 39.4
      vertex -24.25 9.82391 39.4
    endloop
  endfacet
  facet normal 0.442286 0.896874 0
    outer loop
      vertex -24.7545 10.0727 39.4
      vertex -24.25 9.82391 36.8
      vertex -24.7545 10.0727 36.8
    endloop
  endfacet
  facet normal 0.32145 0.946927 -0
    outer loop
      vertex -24.7545 10.0727 36.8
      vertex -25.2871 10.2535 39.4
      vertex -24.7545 10.0727 39.4
    endloop
  endfacet
  facet normal 0.32145 0.946927 0
    outer loop
      vertex -25.2871 10.2535 39.4
      vertex -24.7545 10.0727 36.8
      vertex -25.2871 10.2535 36.8
    endloop
  endfacet
  facet normal -0.195056 0.980792 0
    outer loop
      vertex -26.9613 10.3632 36.8
      vertex -27.5129 10.2535 39.4
      vertex -26.9613 10.3632 39.4
    endloop
  endfacet
  facet normal -0.195056 0.980792 0
    outer loop
      vertex -27.5129 10.2535 39.4
      vertex -26.9613 10.3632 36.8
      vertex -27.5129 10.2535 36.8
    endloop
  endfacet
  facet normal -0.442286 0.896874 0
    outer loop
      vertex -28.0455 10.0727 36.8
      vertex -28.55 9.82391 39.4
      vertex -28.0455 10.0727 39.4
    endloop
  endfacet
  facet normal -0.442286 0.896874 0
    outer loop
      vertex -28.55 9.82391 39.4
      vertex -28.0455 10.0727 36.8
      vertex -28.55 9.82391 36.8
    endloop
  endfacet
  facet normal 0 0 1
    outer loop
      vertex -23.3 6.1 39.4
      vertex -22.1 6.1 39.4
      vertex -22.1368 6.66126 39.4
    endloop
  endfacet
  facet normal 0 0 1
    outer loop
      vertex -23.3265 6.50463 39.4
      vertex -22.1368 6.66126 39.4
      vertex -22.2465 7.21292 39.4
    endloop
  endfacet
  facet normal 0 0 1
    outer loop
      vertex -22.1 6.1 39.4
      vertex -23.3 6.1 39.4
      vertex -22.1368 5.53874 39.4
    endloop
  endfacet
  facet normal 0 0 1
    outer loop
      vertex -23.4056 6.90234 39.4
      vertex -22.2465 7.21292 39.4
      vertex -22.4273 7.74554 39.4
    endloop
  endfacet
  facet normal -0 0 1
    outer loop
      vertex -23.3265 5.69537 39.4
      vertex -22.1368 5.53874 39.4
      vertex -23.3 6.1 39.4
    endloop
  endfacet
  facet normal 0 0 1
    outer loop
      vertex -23.536 7.28632 39.4
      vertex -22.4273 7.74554 39.4
      vertex -22.6761 8.25 39.4
    endloop
  endfacet
  facet normal 0 0 1
    outer loop
      vertex -22.1368 5.53874 39.4
      vertex -23.3265 5.69537 39.4
      vertex -22.2465 4.98708 39.4
    endloop
  endfacet
  facet normal 0 0 1
    outer loop
      vertex -23.7153 7.65 39.4
      vertex -22.6761 8.25 39.4
      vertex -22.9886 8.71767 39.4
    endloop
  endfacet
  facet normal -0 0 1
    outer loop
      vertex -23.4056 5.29766 39.4
      vertex -22.2465 4.98708 39.4
      vertex -23.3265 5.69537 39.4
    endloop
  endfacet
  facet normal 0 0 1
    outer loop
      vertex -22.2465 4.98708 39.4
      vertex -23.4056 5.29766 39.4
      vertex -22.4273 4.45446 39.4
    endloop
  endfacet
  facet normal 0 0 1
    outer loop
      vertex -22.1368 6.66126 39.4
      vertex -23.3265 6.50463 39.4
      vertex -23.3 6.1 39.4
    endloop
  endfacet
  facet normal 0 0 1
    outer loop
      vertex -23.9406 7.98716 39.4
      vertex -22.9886 8.71767 39.4
      vertex -23.3594 9.14056 39.4
    endloop
  endfacet
  facet normal 0 0 1
    outer loop
      vertex -22.2465 7.21292 39.4
      vertex -23.4056 6.90234 39.4
      vertex -23.3265 6.50463 39.4
    endloop
  endfacet
  facet normal 0 0 1
    outer loop
      vertex -22.4273 7.74554 39.4
      vertex -23.536 7.28632 39.4
      vertex -23.4056 6.90234 39.4
    endloop
  endfacet
  facet normal 0 0 1
    outer loop
      vertex -22.6761 8.25 39.4
      vertex -23.7153 7.65 39.4
      vertex -23.536 7.28632 39.4
    endloop
  endfacet
  facet normal 0 0 1
    outer loop
      vertex -24.208 8.29203 39.4
      vertex -23.3594 9.14056 39.4
      vertex -23.7823 9.51142 39.4
    endloop
  endfacet
  facet normal 0 0 1
    outer loop
      vertex -22.9886 8.71767 39.4
      vertex -23.9406 7.98716 39.4
      vertex -23.7153 7.65 39.4
    endloop
  endfacet
  facet normal 0 0 1
    outer loop
      vertex -23.3594 9.14056 39.4
      vertex -24.208 8.29203 39.4
      vertex -23.9406 7.98716 39.4
    endloop
  endfacet
  facet normal 0 0 1
    outer loop
      vertex -24.5128 8.5594 39.4
      vertex -23.7823 9.51142 39.4
      vertex -24.25 9.82391 39.4
    endloop
  endfacet
  facet normal 0 0 1
    outer loop
      vertex -23.7823 9.51142 39.4
      vertex -24.5128 8.5594 39.4
      vertex -24.208 8.29203 39.4
    endloop
  endfacet
  facet normal 0 0 1
    outer loop
      vertex -24.85 8.78468 39.4
      vertex -24.25 9.82391 39.4
      vertex -24.7545 10.0727 39.4
    endloop
  endfacet
  facet normal 0 0 1
    outer loop
      vertex -24.25 9.82391 39.4
      vertex -24.85 8.78468 39.4
      vertex -24.5128 8.5594 39.4
    endloop
  endfacet
  facet normal 0 0 1
    outer loop
      vertex -24.7545 10.0727 39.4
      vertex -25.2137 8.96403 39.4
      vertex -24.85 8.78468 39.4
    endloop
  endfacet
  facet normal 0 0 1
    outer loop
      vertex -25.2871 10.2535 39.4
      vertex -25.2137 8.96403 39.4
      vertex -24.7545 10.0727 39.4
    endloop
  endfacet
  facet normal 0 0 1
    outer loop
      vertex -25.2871 10.2535 39.4
      vertex -25.5977 9.09437 39.4
      vertex -25.2137 8.96403 39.4
    endloop
  endfacet
  facet normal 0 0 1
    outer loop
      vertex -25.8387 10.3632 39.4
      vertex -25.5977 9.09437 39.4
      vertex -25.2871 10.2535 39.4
    endloop
  endfacet
  facet normal 0 0 1
    outer loop
      vertex -25.8387 10.3632 39.4
      vertex -25.9954 9.17348 39.4
      vertex -25.5977 9.09437 39.4
    endloop
  endfacet
  facet normal 0 0 1
    outer loop
      vertex -26.4 10.4 39.4
      vertex -25.9954 9.17348 39.4
      vertex -25.8387 10.3632 39.4
    endloop
  endfacet
  facet normal 0 0 1
    outer loop
      vertex -26.4 10.4 39.4
      vertex -26.4 9.2 39.4
      vertex -25.9954 9.17348 39.4
    endloop
  endfacet
  facet normal 0 0 1
    outer loop
      vertex -26.4 10.4 39.4
      vertex -26.8046 9.17348 39.4
      vertex -26.4 9.2 39.4
    endloop
  endfacet
  facet normal -0 0 1
    outer loop
      vertex -26.9613 10.3632 39.4
      vertex -26.8046 9.17348 39.4
      vertex -26.4 10.4 39.4
    endloop
  endfacet
  facet normal 0 0 1
    outer loop
      vertex -26.9613 10.3632 39.4
      vertex -27.2023 9.09437 39.4
      vertex -26.8046 9.17348 39.4
    endloop
  endfacet
  facet normal -0 0 1
    outer loop
      vertex -27.5129 10.2535 39.4
      vertex -27.2023 9.09437 39.4
      vertex -26.9613 10.3632 39.4
    endloop
  endfacet
  facet normal 0 0 1
    outer loop
      vertex -27.5129 10.2535 39.4
      vertex -27.5863 8.96403 39.4
      vertex -27.2023 9.09437 39.4
    endloop
  endfacet
  facet normal -0 0 1
    outer loop
      vertex -28.0455 10.0727 39.4
      vertex -27.5863 8.96403 39.4
      vertex -27.5129 10.2535 39.4
    endloop
  endfacet
  facet normal 0 0 1
    outer loop
      vertex -27.5863 8.96403 39.4
      vertex -28.0455 10.0727 39.4
      vertex -27.95 8.78468 39.4
    endloop
  endfacet
  facet normal -0 0 1
    outer loop
      vertex -28.55 9.82391 39.4
      vertex -27.95 8.78468 39.4
      vertex -28.0455 10.0727 39.4
    endloop
  endfacet
  facet normal 0 0 1
    outer loop
      vertex -27.95 8.78468 39.4
      vertex -28.55 9.82391 39.4
      vertex -28.2872 8.5594 39.4
    endloop
  endfacet
  facet normal -0 0 1
    outer loop
      vertex -29.0177 9.51142 39.4
      vertex -28.2872 8.5594 39.4
      vertex -28.55 9.82391 39.4
    endloop
  endfacet
  facet normal 0 0 1
    outer loop
      vertex -28.2872 8.5594 39.4
      vertex -29.0177 9.51142 39.4
      vertex -28.592 8.29203 39.4
    endloop
  endfacet
  facet normal -0 0 1
    outer loop
      vertex -29.4406 9.14056 39.4
      vertex -28.592 8.29203 39.4
      vertex -29.0177 9.51142 39.4
    endloop
  endfacet
  facet normal 0 0 1
    outer loop
      vertex -28.592 8.29203 39.4
      vertex -29.4406 9.14056 39.4
      vertex -28.8594 7.98716 39.4
    endloop
  endfacet
  facet normal -0 0 1
    outer loop
      vertex -29.8114 8.71767 39.4
      vertex -28.8594 7.98716 39.4
      vertex -29.4406 9.14056 39.4
    endloop
  endfacet
  facet normal -0 0 1
    outer loop
      vertex -30.1 8.28578 39.4
      vertex -28.8594 7.98716 39.4
      vertex -29.8114 8.71767 39.4
    endloop
  endfacet
  facet normal 0 0 1
    outer loop
      vertex -28.8594 7.98716 39.4
      vertex -30.1 8.28578 39.4
      vertex -29.0847 7.65 39.4
    endloop
  endfacet
  facet normal 0 0 1
    outer loop
      vertex -29.0847 7.65 39.4
      vertex -30.1 8.28578 39.4
      vertex -29.264 7.28632 39.4
    endloop
  endfacet
  facet normal 0 0 1
    outer loop
      vertex -29.264 7.28632 39.4
      vertex -30.1 8.28578 39.4
      vertex -29.3944 6.90234 39.4
    endloop
  endfacet
  facet normal 0 0 1
    outer loop
      vertex -29.3944 6.90234 39.4
      vertex -30.1 8.28578 39.4
      vertex -29.4735 6.50463 39.4
    endloop
  endfacet
  facet normal -0 0 1
    outer loop
      vertex -23.536 4.91368 39.4
      vertex -22.4273 4.45446 39.4
      vertex -23.4056 5.29766 39.4
    endloop
  endfacet
  facet normal 0 0 1
    outer loop
      vertex -22.4273 4.45446 39.4
      vertex -23.536 4.91368 39.4
      vertex -22.6761 3.95 39.4
    endloop
  endfacet
  facet normal -0 0 1
    outer loop
      vertex -23.7153 4.55 39.4
      vertex -22.6761 3.95 39.4
      vertex -23.536 4.91368 39.4
    endloop
  endfacet
  facet normal 0 0 1
    outer loop
      vertex -22.6761 3.95 39.4
      vertex -23.7153 4.55 39.4
      vertex -22.9886 3.48233 39.4
    endloop
  endfacet
  facet normal -0 0 1
    outer loop
      vertex -23.9406 4.21284 39.4
      vertex -22.9886 3.48233 39.4
      vertex -23.7153 4.55 39.4
    endloop
  endfacet
  facet normal 0 0 1
    outer loop
      vertex -22.9886 3.48233 39.4
      vertex -23.9406 4.21284 39.4
      vertex -23.3594 3.05944 39.4
    endloop
  endfacet
  facet normal -0 0 1
    outer loop
      vertex -24.208 3.90797 39.4
      vertex -23.3594 3.05944 39.4
      vertex -23.9406 4.21284 39.4
    endloop
  endfacet
  facet normal 0 0 1
    outer loop
      vertex -23.3594 3.05944 39.4
      vertex -24.208 3.90797 39.4
      vertex -23.7823 2.68858 39.4
    endloop
  endfacet
  facet normal -0 0 1
    outer loop
      vertex -24.5128 3.6406 39.4
      vertex -23.7823 2.68858 39.4
      vertex -24.208 3.90797 39.4
    endloop
  endfacet
  facet normal 0 0 1
    outer loop
      vertex -23.7823 2.68858 39.4
      vertex -24.5128 3.6406 39.4
      vertex -24.2142 2.4 39.4
    endloop
  endfacet
  facet normal -0 0 1
    outer loop
      vertex -24.85 3.41532 39.4
      vertex -24.2142 2.4 39.4
      vertex -24.5128 3.6406 39.4
    endloop
  endfacet
  facet normal -0 0 1
    outer loop
      vertex -25.2137 3.23597 39.4
      vertex -24.2142 2.4 39.4
      vertex -24.85 3.41532 39.4
    endloop
  endfacet
  facet normal -0 0 1
    outer loop
      vertex -25.5977 3.10563 39.4
      vertex -24.2142 2.4 39.4
      vertex -25.2137 3.23597 39.4
    endloop
  endfacet
  facet normal -0 0 1
    outer loop
      vertex -25.9954 3.02652 39.4
      vertex -24.2142 2.4 39.4
      vertex -25.5977 3.10563 39.4
    endloop
  endfacet
  facet normal -0 0 1
    outer loop
      vertex -26.4 3 39.4
      vertex -24.2142 2.4 39.4
      vertex -25.9954 3.02652 39.4
    endloop
  endfacet
  facet normal 0 0 1
    outer loop
      vertex -28.5858 2.4 39.4
      vertex -26.4 3 39.4
      vertex -26.8046 3.02652 39.4
    endloop
  endfacet
  facet normal 0 0 1
    outer loop
      vertex -28.5858 2.4 39.4
      vertex -26.8046 3.02652 39.4
      vertex -27.2023 3.10563 39.4
    endloop
  endfacet
  facet normal 0 0 1
    outer loop
      vertex -26.4 3 39.4
      vertex -28.5858 2.4 39.4
      vertex -24.2142 2.4 39.4
    endloop
  endfacet
  facet normal 0 0 1
    outer loop
      vertex -27.5863 3.23597 39.4
      vertex -28.5858 2.4 39.4
      vertex -27.2023 3.10563 39.4
    endloop
  endfacet
  facet normal 0 0 1
    outer loop
      vertex -27.95 3.41532 39.4
      vertex -28.5858 2.4 39.4
      vertex -27.5863 3.23597 39.4
    endloop
  endfacet
  facet normal 0 0 1
    outer loop
      vertex -28.2872 3.6406 39.4
      vertex -28.5858 2.4 39.4
      vertex -27.95 3.41532 39.4
    endloop
  endfacet
  facet normal 0 0 1
    outer loop
      vertex -29.0177 2.68858 39.4
      vertex -28.2872 3.6406 39.4
      vertex -28.592 3.90797 39.4
    endloop
  endfacet
  facet normal 0 0 1
    outer loop
      vertex -29.4406 3.05944 39.4
      vertex -28.592 3.90797 39.4
      vertex -28.8594 4.21284 39.4
    endloop
  endfacet
  facet normal 0 0 1
    outer loop
      vertex -28.2872 3.6406 39.4
      vertex -29.0177 2.68858 39.4
      vertex -28.5858 2.4 39.4
    endloop
  endfacet
  facet normal 0 0 1
    outer loop
      vertex -30.1 3.91422 39.4
      vertex -28.8594 4.21284 39.4
      vertex -29.0847 4.55 39.4
    endloop
  endfacet
  facet normal 0 0 1
    outer loop
      vertex -30.1 3.91422 39.4
      vertex -29.0847 4.55 39.4
      vertex -29.264 4.91368 39.4
    endloop
  endfacet
  facet normal 0 0 1
    outer loop
      vertex -30.1 3.91422 39.4
      vertex -29.264 4.91368 39.4
      vertex -29.3944 5.29766 39.4
    endloop
  endfacet
  facet normal 0 0 1
    outer loop
      vertex -28.592 3.90797 39.4
      vertex -29.4406 3.05944 39.4
      vertex -29.0177 2.68858 39.4
    endloop
  endfacet
  facet normal 0 0 1
    outer loop
      vertex -30.1 3.91422 39.4
      vertex -29.3944 5.29766 39.4
      vertex -29.4735 5.69537 39.4
    endloop
  endfacet
  facet normal 0 0 1
    outer loop
      vertex -30.1 3.91422 39.4
      vertex -29.4735 5.69537 39.4
      vertex -29.5 6.1 39.4
    endloop
  endfacet
  facet normal 0 0 1
    outer loop
      vertex -29.4735 6.50463 39.4
      vertex -30.1 8.28578 39.4
      vertex -29.5 6.1 39.4
    endloop
  endfacet
  facet normal 0 0 1
    outer loop
      vertex -28.8594 4.21284 39.4
      vertex -29.8114 3.48233 39.4
      vertex -29.4406 3.05944 39.4
    endloop
  endfacet
  facet normal 0 0 1
    outer loop
      vertex -30.1 3.91422 39.4
      vertex -29.5 6.1 39.4
      vertex -30.1 8.28578 39.4
    endloop
  endfacet
  facet normal 0 0 1
    outer loop
      vertex -28.8594 4.21284 39.4
      vertex -30.1 3.91422 39.4
      vertex -29.8114 3.48233 39.4
    endloop
  endfacet
  facet normal -0.831452 0.555597 0
    outer loop
      vertex -30.1 8.28578 36.8
      vertex -29.8114 8.71767 39.4
      vertex -29.8114 8.71767 36.8
    endloop
  endfacet
  facet normal -0.831452 0.555597 0
    outer loop
      vertex -29.8114 8.71767 39.4
      vertex -30.1 8.28578 36.8
      vertex -30.1 8.28578 39.4
    endloop
  endfacet
  facet normal 0.751897 0.659281 0
    outer loop
      vertex -22.9886 8.71767 39.4
      vertex -23.3594 9.14056 36.8
      vertex -23.3594 9.14056 39.4
    endloop
  endfacet
  facet normal 0.751897 0.659281 0
    outer loop
      vertex -23.3594 9.14056 36.8
      vertex -22.9886 8.71767 39.4
      vertex -22.9886 8.71767 36.8
    endloop
  endfacet
  facet normal -0.0654216 0.997858 0
    outer loop
      vertex -26.4 10.4 36.8
      vertex -26.9613 10.3632 39.4
      vertex -26.4 10.4 39.4
    endloop
  endfacet
  facet normal -0.0654216 0.997858 0
    outer loop
      vertex -26.9613 10.3632 39.4
      vertex -26.4 10.4 36.8
      vertex -26.9613 10.3632 36.8
    endloop
  endfacet
  facet normal -0.555549 0.831484 0
    outer loop
      vertex -28.55 9.82391 36.8
      vertex -29.0177 9.51142 39.4
      vertex -28.55 9.82391 39.4
    endloop
  endfacet
  facet normal -0.555549 0.831484 0
    outer loop
      vertex -29.0177 9.51142 39.4
      vertex -28.55 9.82391 36.8
      vertex -29.0177 9.51142 36.8
    endloop
  endfacet
  facet normal 0.706348 -0.046313 -0.706348
    outer loop
      vertex -22.1368 5.53874 36.8
      vertex -26.4 6.1 32.5
      vertex -22.1 6.1 36.8
    endloop
  endfacet
  facet normal -0.670268 0.227627 -0.706347
    outer loop
      vertex -30.1 7.09141 36.3305
      vertex -30.1 7.63259 36.5049
      vertex -26.4 6.1 32.5
    endloop
  endfacet
  facet normal -0.138105 -0.694259 -0.706351
    outer loop
      vertex -26.8871 2.4 36.2319
      vertex -27.3914 2.4 36.3305
      vertex -26.4 6.1 32.5
    endloop
  endfacet
  facet normal 0.227543 0.670295 -0.706349
    outer loop
      vertex -24.7545 10.0727 36.8
      vertex -26.4 6.1 32.5
      vertex -25.2871 10.2535 36.8
    endloop
  endfacet
  facet normal -0.53224 -0.466681 -0.706349
    outer loop
      vertex -29.4406 3.05944 36.8
      vertex -29.8114 3.48233 36.8
      vertex -26.4 6.1 32.5
    endloop
  endfacet
  facet normal 0.393156 -0.588412 -0.706541
    outer loop
      vertex -24.2638 2.4 36.7724
      vertex -23.7823 2.68858 36.8
      vertex -24.2142 2.4 36.8
    endloop
  endfacet
  facet normal 0.393246 -0.588582 -0.706349
    outer loop
      vertex -23.7823 2.68858 36.8
      vertex -24.2638 2.4 36.7724
      vertex -26.4 6.1 32.5
    endloop
  endfacet
  facet normal -0.313078 0.634865 -0.706349
    outer loop
      vertex -26.4 6.1 32.5
      vertex -28.55 9.82391 36.8
      vertex -28.0455 10.0727 36.8
    endloop
  endfacet
  facet normal 0.63485 0.313108 -0.706349
    outer loop
      vertex -22.4273 7.74554 36.8
      vertex -26.4 6.1 32.5
      vertex -22.6761 8.25 36.8
    endloop
  endfacet
  facet normal -0.393156 -0.588412 -0.706541
    outer loop
      vertex -29.0177 2.68858 36.8
      vertex -28.5362 2.4 36.7724
      vertex -28.5858 2.4 36.8
    endloop
  endfacet
  facet normal -0.393246 -0.588582 -0.706349
    outer loop
      vertex -28.5362 2.4 36.7724
      vertex -29.0177 2.68858 36.8
      vertex -26.4 6.1 32.5
    endloop
  endfacet
  facet normal -0.670268 -0.227627 -0.706347
    outer loop
      vertex -30.1 4.56741 36.5049
      vertex -30.1 5.10859 36.3305
      vertex -26.4 6.1 32.5
    endloop
  endfacet
  facet normal 0.0462586 -0.70635 -0.70635
    outer loop
      vertex -26.4 2.4 36.2
      vertex -26.4 6.1 32.5
      vertex -25.9129 2.4 36.2319
    endloop
  endfacet
  facet normal 0.588561 -0.39328 -0.706348
    outer loop
      vertex -22.9886 3.48233 36.8
      vertex -26.4 6.1 32.5
      vertex -22.6761 3.95 36.8
    endloop
  endfacet
  facet normal -0.466717 -0.532207 -0.70635
    outer loop
      vertex -29.0177 2.68858 36.8
      vertex -29.4406 3.05944 36.8
      vertex -26.4 6.1 32.5
    endloop
  endfacet
  facet normal -0.0462586 -0.70635 -0.70635
    outer loop
      vertex -26.4 2.4 36.2
      vertex -26.8871 2.4 36.2319
      vertex -26.4 6.1 32.5
    endloop
  endfacet
  facet normal 0.69427 -0.138059 -0.706349
    outer loop
      vertex -22.2465 4.98708 36.8
      vertex -26.4 6.1 32.5
      vertex -22.1368 5.53874 36.8
    endloop
  endfacet
  facet normal -0.694259 0.138105 -0.706351
    outer loop
      vertex -30.1 6.58711 36.2319
      vertex -30.1 7.09141 36.3305
      vertex -26.4 6.1 32.5
    endloop
  endfacet
  facet normal -0.53224 0.466681 -0.706349
    outer loop
      vertex -26.4 6.1 32.5
      vertex -29.8114 8.71767 36.8
      vertex -29.4406 9.14056 36.8
    endloop
  endfacet
  facet normal -0.466717 0.532207 -0.70635
    outer loop
      vertex -26.4 6.1 32.5
      vertex -29.4406 9.14056 36.8
      vertex -29.0177 9.51142 36.8
    endloop
  endfacet
  facet normal -0.227543 0.670295 -0.706349
    outer loop
      vertex -26.4 6.1 32.5
      vertex -28.0455 10.0727 36.8
      vertex -27.5129 10.2535 36.8
    endloop
  endfacet
  facet normal 0.138073 0.694267 -0.706349
    outer loop
      vertex -25.2871 10.2535 36.8
      vertex -26.4 6.1 32.5
      vertex -25.8387 10.3632 36.8
    endloop
  endfacet
  facet normal 0.466717 0.532207 -0.70635
    outer loop
      vertex -23.3594 9.14056 36.8
      vertex -26.4 6.1 32.5
      vertex -23.7823 9.51142 36.8
    endloop
  endfacet
  facet normal 0.53224 0.466681 -0.706349
    outer loop
      vertex -22.9886 8.71767 36.8
      vertex -26.4 6.1 32.5
      vertex -23.3594 9.14056 36.8
    endloop
  endfacet
  facet normal 0.670297 0.227535 -0.70635
    outer loop
      vertex -22.2465 7.21292 36.8
      vertex -26.4 6.1 32.5
      vertex -22.4273 7.74554 36.8
    endloop
  endfacet
  facet normal -0.313035 -0.634889 -0.706346
    outer loop
      vertex -27.9326 2.4 36.5049
      vertex -28.5362 2.4 36.7724
      vertex -26.4 6.1 32.5
    endloop
  endfacet
  facet normal -0.227618 -0.670271 -0.706347
    outer loop
      vertex -27.3914 2.4 36.3305
      vertex -27.9326 2.4 36.5049
      vertex -26.4 6.1 32.5
    endloop
  endfacet
  facet normal -0.634892 -0.313029 -0.706346
    outer loop
      vertex -30.1 3.9638 36.7724
      vertex -30.1 4.56741 36.5049
      vertex -26.4 6.1 32.5
    endloop
  endfacet
  facet normal -0.588495 -0.393247 -0.706421
    outer loop
      vertex -30.1 3.9638 36.7724
      vertex -29.8114 3.48233 36.8
      vertex -30.1 3.91422 36.8
    endloop
  endfacet
  facet normal -0.58856 -0.393282 -0.706348
    outer loop
      vertex -29.8114 3.48233 36.8
      vertex -30.1 3.9638 36.7724
      vertex -26.4 6.1 32.5
    endloop
  endfacet
  facet normal -0.70635 -0.0462576 -0.70635
    outer loop
      vertex -30.1 5.61289 36.2319
      vertex -30.1 6.1 36.2
      vertex -26.4 6.1 32.5
    endloop
  endfacet
  facet normal -0.694259 -0.138105 -0.706351
    outer loop
      vertex -30.1 5.10859 36.3305
      vertex -30.1 5.61289 36.2319
      vertex -26.4 6.1 32.5
    endloop
  endfacet
  facet normal 0.227618 -0.670271 -0.706347
    outer loop
      vertex -25.4086 2.4 36.3305
      vertex -26.4 6.1 32.5
      vertex -24.8674 2.4 36.5049
    endloop
  endfacet
  facet normal 0.313035 -0.634889 -0.706346
    outer loop
      vertex -24.8674 2.4 36.5049
      vertex -26.4 6.1 32.5
      vertex -24.2638 2.4 36.7724
    endloop
  endfacet
  facet normal 0.138105 -0.694259 -0.706351
    outer loop
      vertex -25.9129 2.4 36.2319
      vertex -26.4 6.1 32.5
      vertex -25.4086 2.4 36.3305
    endloop
  endfacet
  facet normal 0.466717 -0.532207 -0.70635
    outer loop
      vertex -23.7823 2.68858 36.8
      vertex -26.4 6.1 32.5
      vertex -23.3594 3.05944 36.8
    endloop
  endfacet
  facet normal 0.53224 -0.466681 -0.706349
    outer loop
      vertex -23.3594 3.05944 36.8
      vertex -26.4 6.1 32.5
      vertex -22.9886 3.48233 36.8
    endloop
  endfacet
  facet normal 0.63485 -0.313108 -0.706349
    outer loop
      vertex -22.6761 3.95 36.8
      vertex -26.4 6.1 32.5
      vertex -22.4273 4.45446 36.8
    endloop
  endfacet
  facet normal 0.670297 -0.227535 -0.70635
    outer loop
      vertex -22.4273 4.45446 36.8
      vertex -26.4 6.1 32.5
      vertex -22.2465 4.98708 36.8
    endloop
  endfacet
  facet normal -0.70635 0.0462576 -0.70635
    outer loop
      vertex -30.1 6.1 36.2
      vertex -30.1 6.58711 36.2319
      vertex -26.4 6.1 32.5
    endloop
  endfacet
  facet normal -0.58856 0.393282 -0.706348
    outer loop
      vertex -30.1 8.2362 36.7724
      vertex -29.8114 8.71767 36.8
      vertex -26.4 6.1 32.5
    endloop
  endfacet
  facet normal -0.588495 0.393247 -0.706421
    outer loop
      vertex -29.8114 8.71767 36.8
      vertex -30.1 8.2362 36.7724
      vertex -30.1 8.28578 36.8
    endloop
  endfacet
  facet normal -0.634892 0.313029 -0.706346
    outer loop
      vertex -30.1 7.63259 36.5049
      vertex -30.1 8.2362 36.7724
      vertex -26.4 6.1 32.5
    endloop
  endfacet
  facet normal -0.393253 0.588577 -0.706349
    outer loop
      vertex -26.4 6.1 32.5
      vertex -29.0177 9.51142 36.8
      vertex -28.55 9.82391 36.8
    endloop
  endfacet
  facet normal -0.0463097 0.706348 -0.706348
    outer loop
      vertex -26.4 6.1 32.5
      vertex -26.9613 10.3632 36.8
      vertex -26.4 10.4 36.8
    endloop
  endfacet
  facet normal -0.138073 0.694267 -0.706349
    outer loop
      vertex -26.4 6.1 32.5
      vertex -27.5129 10.2535 36.8
      vertex -26.9613 10.3632 36.8
    endloop
  endfacet
  facet normal 0.0463097 0.706348 -0.706348
    outer loop
      vertex -26.4 6.1 32.5
      vertex -26.4 10.4 36.8
      vertex -25.8387 10.3632 36.8
    endloop
  endfacet
  facet normal 0.393253 0.588577 -0.706349
    outer loop
      vertex -23.7823 9.51142 36.8
      vertex -26.4 6.1 32.5
      vertex -24.25 9.82391 36.8
    endloop
  endfacet
  facet normal 0.313078 0.634865 -0.706349
    outer loop
      vertex -24.25 9.82391 36.8
      vertex -26.4 6.1 32.5
      vertex -24.7545 10.0727 36.8
    endloop
  endfacet
  facet normal 0.588561 0.39328 -0.706348
    outer loop
      vertex -22.6761 8.25 36.8
      vertex -26.4 6.1 32.5
      vertex -22.9886 8.71767 36.8
    endloop
  endfacet
  facet normal 0.706348 0.046313 -0.706348
    outer loop
      vertex -22.1 6.1 36.8
      vertex -26.4 6.1 32.5
      vertex -22.1368 6.66126 36.8
    endloop
  endfacet
  facet normal 0.69427 0.138059 -0.706349
    outer loop
      vertex -22.1368 6.66126 36.8
      vertex -26.4 6.1 32.5
      vertex -22.2465 7.21292 36.8
    endloop
  endfacet
  facet normal -0.997858 -0.0654216 0
    outer loop
      vertex 22.1368 29.3387 36.8
      vertex 22.1 29.9 39.4
      vertex 22.1 29.9 36.8
    endloop
  endfacet
  facet normal -0.997858 -0.0654216 0
    outer loop
      vertex 22.1 29.9 39.4
      vertex 22.1368 29.3387 36.8
      vertex 22.1368 29.3387 39.4
    endloop
  endfacet
  facet normal -0.0654216 -0.997858 0
    outer loop
      vertex 25.8387 25.6368 36.8
      vertex 26.4 25.6 39.4
      vertex 25.8387 25.6368 39.4
    endloop
  endfacet
  facet normal -0.0654216 -0.997858 -0
    outer loop
      vertex 26.4 25.6 39.4
      vertex 25.8387 25.6368 36.8
      vertex 26.4 25.6 36.8
    endloop
  endfacet
  facet normal 0.659272 -0.751904 0
    outer loop
      vertex 29.0177 26.4886 36.8
      vertex 29.4406 26.8594 39.4
      vertex 29.0177 26.4886 39.4
    endloop
  endfacet
  facet normal 0.659272 -0.751904 0
    outer loop
      vertex 29.4406 26.8594 39.4
      vertex 29.0177 26.4886 36.8
      vertex 29.4406 26.8594 36.8
    endloop
  endfacet
  facet normal -0.659272 -0.751904 0
    outer loop
      vertex 23.3594 26.8594 36.8
      vertex 23.7823 26.4886 39.4
      vertex 23.3594 26.8594 39.4
    endloop
  endfacet
  facet normal -0.659272 -0.751904 -0
    outer loop
      vertex 23.7823 26.4886 39.4
      vertex 23.3594 26.8594 36.8
      vertex 23.7823 26.4886 36.8
    endloop
  endfacet
  facet normal -0.4423 -0.896867 0
    outer loop
      vertex 24.25 26.1761 36.8
      vertex 24.7545 25.9273 39.4
      vertex 24.25 26.1761 39.4
    endloop
  endfacet
  facet normal -0.4423 -0.896867 -0
    outer loop
      vertex 24.7545 25.9273 39.4
      vertex 24.25 26.1761 36.8
      vertex 24.7545 25.9273 36.8
    endloop
  endfacet
  facet normal 0.831457 -0.555588 0
    outer loop
      vertex 29.8114 27.2823 39.4
      vertex 30.1 27.7142 36.8
      vertex 30.1 27.7142 39.4
    endloop
  endfacet
  facet normal 0.831457 -0.555588 0
    outer loop
      vertex 30.1 27.7142 36.8
      vertex 29.8114 27.2823 39.4
      vertex 29.8114 27.2823 36.8
    endloop
  endfacet
  facet normal 0.32145 -0.946927 0
    outer loop
      vertex 27.5129 25.7465 36.8
      vertex 28.0455 25.9273 39.4
      vertex 27.5129 25.7465 39.4
    endloop
  endfacet
  facet normal 0.32145 -0.946927 0
    outer loop
      vertex 28.0455 25.9273 39.4
      vertex 27.5129 25.7465 36.8
      vertex 28.0455 25.9273 36.8
    endloop
  endfacet
  facet normal 0.555561 -0.831475 0
    outer loop
      vertex 28.55 26.1761 36.8
      vertex 29.0177 26.4886 39.4
      vertex 28.55 26.1761 39.4
    endloop
  endfacet
  facet normal 0.555561 -0.831475 0
    outer loop
      vertex 29.0177 26.4886 39.4
      vertex 28.55 26.1761 36.8
      vertex 29.0177 26.4886 36.8
    endloop
  endfacet
  facet normal -0.896867 -0.4423 0
    outer loop
      vertex 22.6761 27.75 36.8
      vertex 22.4273 28.2545 39.4
      vertex 22.4273 28.2545 36.8
    endloop
  endfacet
  facet normal -0.896867 -0.4423 0
    outer loop
      vertex 22.4273 28.2545 39.4
      vertex 22.6761 27.75 36.8
      vertex 22.6761 27.75 39.4
    endloop
  endfacet
  facet normal -0.751904 -0.659272 0
    outer loop
      vertex 23.3594 26.8594 36.8
      vertex 22.9886 27.2823 39.4
      vertex 22.9886 27.2823 36.8
    endloop
  endfacet
  facet normal -0.751904 -0.659272 0
    outer loop
      vertex 22.9886 27.2823 39.4
      vertex 23.3594 26.8594 36.8
      vertex 23.3594 26.8594 39.4
    endloop
  endfacet
  facet normal -0.946927 -0.32145 0
    outer loop
      vertex 22.4273 28.2545 36.8
      vertex 22.2465 28.7871 39.4
      vertex 22.2465 28.7871 36.8
    endloop
  endfacet
  facet normal -0.946927 -0.32145 0
    outer loop
      vertex 22.2465 28.7871 39.4
      vertex 22.4273 28.2545 36.8
      vertex 22.4273 28.2545 39.4
    endloop
  endfacet
  facet normal -0.555561 -0.831475 0
    outer loop
      vertex 23.7823 26.4886 36.8
      vertex 24.25 26.1761 39.4
      vertex 23.7823 26.4886 39.4
    endloop
  endfacet
  facet normal -0.555561 -0.831475 -0
    outer loop
      vertex 24.25 26.1761 39.4
      vertex 23.7823 26.4886 36.8
      vertex 24.25 26.1761 36.8
    endloop
  endfacet
  facet normal -0.195056 -0.980792 0
    outer loop
      vertex 25.2871 25.7465 36.8
      vertex 25.8387 25.6368 39.4
      vertex 25.2871 25.7465 39.4
    endloop
  endfacet
  facet normal -0.195056 -0.980792 -0
    outer loop
      vertex 25.8387 25.6368 39.4
      vertex 25.2871 25.7465 36.8
      vertex 25.8387 25.6368 36.8
    endloop
  endfacet
  facet normal 0.751904 -0.659272 0
    outer loop
      vertex 29.4406 26.8594 39.4
      vertex 29.8114 27.2823 36.8
      vertex 29.8114 27.2823 39.4
    endloop
  endfacet
  facet normal 0.751904 -0.659272 0
    outer loop
      vertex 29.8114 27.2823 36.8
      vertex 29.4406 26.8594 39.4
      vertex 29.4406 26.8594 36.8
    endloop
  endfacet
  facet normal 0.195056 -0.980792 0
    outer loop
      vertex 26.9613 25.6368 36.8
      vertex 27.5129 25.7465 39.4
      vertex 26.9613 25.6368 39.4
    endloop
  endfacet
  facet normal 0.195056 -0.980792 0
    outer loop
      vertex 27.5129 25.7465 39.4
      vertex 26.9613 25.6368 36.8
      vertex 27.5129 25.7465 36.8
    endloop
  endfacet
  facet normal 0.0654216 -0.997858 0
    outer loop
      vertex 26.4 25.6 36.8
      vertex 26.9613 25.6368 39.4
      vertex 26.4 25.6 39.4
    endloop
  endfacet
  facet normal 0.0654216 -0.997858 0
    outer loop
      vertex 26.9613 25.6368 39.4
      vertex 26.4 25.6 36.8
      vertex 26.9613 25.6368 36.8
    endloop
  endfacet
  facet normal 0.4423 -0.896867 0
    outer loop
      vertex 28.0455 25.9273 36.8
      vertex 28.55 26.1761 39.4
      vertex 28.0455 25.9273 39.4
    endloop
  endfacet
  facet normal 0.4423 -0.896867 0
    outer loop
      vertex 28.55 26.1761 39.4
      vertex 28.0455 25.9273 36.8
      vertex 28.55 26.1761 36.8
    endloop
  endfacet
  facet normal -0.831475 -0.555561 0
    outer loop
      vertex 22.9886 27.2823 36.8
      vertex 22.6761 27.75 39.4
      vertex 22.6761 27.75 36.8
    endloop
  endfacet
  facet normal -0.831475 -0.555561 0
    outer loop
      vertex 22.6761 27.75 39.4
      vertex 22.9886 27.2823 36.8
      vertex 22.9886 27.2823 39.4
    endloop
  endfacet
  facet normal -0.980792 -0.195056 0
    outer loop
      vertex 22.2465 28.7871 36.8
      vertex 22.1368 29.3387 39.4
      vertex 22.1368 29.3387 36.8
    endloop
  endfacet
  facet normal -0.980792 -0.195056 0
    outer loop
      vertex 22.1368 29.3387 39.4
      vertex 22.2465 28.7871 36.8
      vertex 22.2465 28.7871 39.4
    endloop
  endfacet
  facet normal -0.32145 -0.946927 0
    outer loop
      vertex 24.7545 25.9273 36.8
      vertex 25.2871 25.7465 39.4
      vertex 24.7545 25.9273 39.4
    endloop
  endfacet
  facet normal -0.32145 -0.946927 -0
    outer loop
      vertex 25.2871 25.7465 39.4
      vertex 24.7545 25.9273 36.8
      vertex 25.2871 25.7465 36.8
    endloop
  endfacet
  facet normal 0.831457 0.555588 0
    outer loop
      vertex 30.1 32.0858 39.4
      vertex 29.8114 32.5177 36.8
      vertex 29.8114 32.5177 39.4
    endloop
  endfacet
  facet normal 0.831457 0.555588 0
    outer loop
      vertex 29.8114 32.5177 36.8
      vertex 30.1 32.0858 39.4
      vertex 30.1 32.0858 36.8
    endloop
  endfacet
  facet normal -0.896867 0.4423 0
    outer loop
      vertex 22.4273 31.5455 36.8
      vertex 22.6761 32.05 39.4
      vertex 22.6761 32.05 36.8
    endloop
  endfacet
  facet normal -0.896867 0.4423 0
    outer loop
      vertex 22.6761 32.05 39.4
      vertex 22.4273 31.5455 36.8
      vertex 22.4273 31.5455 39.4
    endloop
  endfacet
  facet normal -0.751904 0.659272 0
    outer loop
      vertex 22.9886 32.5177 36.8
      vertex 23.3594 32.9406 39.4
      vertex 23.3594 32.9406 36.8
    endloop
  endfacet
  facet normal -0.751904 0.659272 0
    outer loop
      vertex 23.3594 32.9406 39.4
      vertex 22.9886 32.5177 36.8
      vertex 22.9886 32.5177 39.4
    endloop
  endfacet
  facet normal 0 0 1
    outer loop
      vertex 28.8594 31.7872 39.4
      vertex 30.1 32.0858 39.4
      vertex 29.8114 32.5177 39.4
    endloop
  endfacet
  facet normal 0 0 1
    outer loop
      vertex 30.1 32.0858 39.4
      vertex 29.5 29.9 39.4
      vertex 30.1 27.7142 39.4
    endloop
  endfacet
  facet normal -0 0 1
    outer loop
      vertex 29.4735 29.4954 39.4
      vertex 30.1 27.7142 39.4
      vertex 29.5 29.9 39.4
    endloop
  endfacet
  facet normal 0 0 1
    outer loop
      vertex 30.1 32.0858 39.4
      vertex 29.4735 30.3046 39.4
      vertex 29.5 29.9 39.4
    endloop
  endfacet
  facet normal 0 0 1
    outer loop
      vertex 28.8594 31.7872 39.4
      vertex 29.8114 32.5177 39.4
      vertex 29.4406 32.9406 39.4
    endloop
  endfacet
  facet normal 0 0 1
    outer loop
      vertex 30.1 32.0858 39.4
      vertex 29.3944 30.7023 39.4
      vertex 29.4735 30.3046 39.4
    endloop
  endfacet
  facet normal 0 0 1
    outer loop
      vertex 30.1 32.0858 39.4
      vertex 29.264 31.0863 39.4
      vertex 29.3944 30.7023 39.4
    endloop
  endfacet
  facet normal 0 0 1
    outer loop
      vertex 30.1 32.0858 39.4
      vertex 29.0847 31.45 39.4
      vertex 29.264 31.0863 39.4
    endloop
  endfacet
  facet normal 0 0 1
    outer loop
      vertex 28.592 32.092 39.4
      vertex 29.4406 32.9406 39.4
      vertex 29.0177 33.3114 39.4
    endloop
  endfacet
  facet normal 0 0 1
    outer loop
      vertex 30.1 32.0858 39.4
      vertex 28.8594 31.7872 39.4
      vertex 29.0847 31.45 39.4
    endloop
  endfacet
  facet normal 0 0 1
    outer loop
      vertex 29.4406 32.9406 39.4
      vertex 28.592 32.092 39.4
      vertex 28.8594 31.7872 39.4
    endloop
  endfacet
  facet normal 0 0 1
    outer loop
      vertex 28.2872 32.3594 39.4
      vertex 29.0177 33.3114 39.4
      vertex 28.5858 33.6 39.4
    endloop
  endfacet
  facet normal 0 0 1
    outer loop
      vertex 29.0177 33.3114 39.4
      vertex 28.2872 32.3594 39.4
      vertex 28.592 32.092 39.4
    endloop
  endfacet
  facet normal 0 0 1
    outer loop
      vertex 28.5858 33.6 39.4
      vertex 27.95 32.5847 39.4
      vertex 28.2872 32.3594 39.4
    endloop
  endfacet
  facet normal 0 0 1
    outer loop
      vertex 28.5858 33.6 39.4
      vertex 27.5863 32.764 39.4
      vertex 27.95 32.5847 39.4
    endloop
  endfacet
  facet normal 0 0 1
    outer loop
      vertex 28.5858 33.6 39.4
      vertex 27.2023 32.8944 39.4
      vertex 27.5863 32.764 39.4
    endloop
  endfacet
  facet normal 0 0 1
    outer loop
      vertex 28.5858 33.6 39.4
      vertex 26.8046 32.9735 39.4
      vertex 27.2023 32.8944 39.4
    endloop
  endfacet
  facet normal 0 0 1
    outer loop
      vertex 28.5858 33.6 39.4
      vertex 26.4 33 39.4
      vertex 26.8046 32.9735 39.4
    endloop
  endfacet
  facet normal -0 0 1
    outer loop
      vertex 24.2142 33.6 39.4
      vertex 26.4 33 39.4
      vertex 28.5858 33.6 39.4
    endloop
  endfacet
  facet normal 0 0 1
    outer loop
      vertex 26.4 33 39.4
      vertex 24.2142 33.6 39.4
      vertex 25.9954 32.9735 39.4
    endloop
  endfacet
  facet normal 0 0 1
    outer loop
      vertex 25.9954 32.9735 39.4
      vertex 24.2142 33.6 39.4
      vertex 25.5977 32.8944 39.4
    endloop
  endfacet
  facet normal 0 0 1
    outer loop
      vertex 24.2142 33.6 39.4
      vertex 25.2137 32.764 39.4
      vertex 25.5977 32.8944 39.4
    endloop
  endfacet
  facet normal 0 0 1
    outer loop
      vertex 24.2142 33.6 39.4
      vertex 24.85 32.5847 39.4
      vertex 25.2137 32.764 39.4
    endloop
  endfacet
  facet normal 0 0 1
    outer loop
      vertex 24.2142 33.6 39.4
      vertex 24.5128 32.3594 39.4
      vertex 24.85 32.5847 39.4
    endloop
  endfacet
  facet normal -0 0 1
    outer loop
      vertex 23.7823 33.3114 39.4
      vertex 24.5128 32.3594 39.4
      vertex 24.2142 33.6 39.4
    endloop
  endfacet
  facet normal 0 0 1
    outer loop
      vertex 24.5128 32.3594 39.4
      vertex 23.7823 33.3114 39.4
      vertex 24.208 32.092 39.4
    endloop
  endfacet
  facet normal -0 0 1
    outer loop
      vertex 23.3594 32.9406 39.4
      vertex 24.208 32.092 39.4
      vertex 23.7823 33.3114 39.4
    endloop
  endfacet
  facet normal 0 0 1
    outer loop
      vertex 24.208 32.092 39.4
      vertex 23.3594 32.9406 39.4
      vertex 23.9406 31.7872 39.4
    endloop
  endfacet
  facet normal -0 0 1
    outer loop
      vertex 22.9886 32.5177 39.4
      vertex 23.9406 31.7872 39.4
      vertex 23.3594 32.9406 39.4
    endloop
  endfacet
  facet normal 0 0 1
    outer loop
      vertex 23.9406 31.7872 39.4
      vertex 22.9886 32.5177 39.4
      vertex 23.7153 31.45 39.4
    endloop
  endfacet
  facet normal -0 0 1
    outer loop
      vertex 22.6761 32.05 39.4
      vertex 23.7153 31.45 39.4
      vertex 22.9886 32.5177 39.4
    endloop
  endfacet
  facet normal 0 0 1
    outer loop
      vertex 23.7153 31.45 39.4
      vertex 22.6761 32.05 39.4
      vertex 23.536 31.0863 39.4
    endloop
  endfacet
  facet normal -0 0 1
    outer loop
      vertex 22.4273 31.5455 39.4
      vertex 23.536 31.0863 39.4
      vertex 22.6761 32.05 39.4
    endloop
  endfacet
  facet normal 0 0 1
    outer loop
      vertex 23.536 31.0863 39.4
      vertex 22.4273 31.5455 39.4
      vertex 23.4056 30.7023 39.4
    endloop
  endfacet
  facet normal -0 0 1
    outer loop
      vertex 29.3944 29.0977 39.4
      vertex 30.1 27.7142 39.4
      vertex 29.4735 29.4954 39.4
    endloop
  endfacet
  facet normal -0 0 1
    outer loop
      vertex 29.264 28.7137 39.4
      vertex 30.1 27.7142 39.4
      vertex 29.3944 29.0977 39.4
    endloop
  endfacet
  facet normal -0 0 1
    outer loop
      vertex 29.0847 28.35 39.4
      vertex 30.1 27.7142 39.4
      vertex 29.264 28.7137 39.4
    endloop
  endfacet
  facet normal -0 0 1
    outer loop
      vertex 28.8594 28.0128 39.4
      vertex 30.1 27.7142 39.4
      vertex 29.0847 28.35 39.4
    endloop
  endfacet
  facet normal 0 0 1
    outer loop
      vertex 30.1 27.7142 39.4
      vertex 28.8594 28.0128 39.4
      vertex 29.8114 27.2823 39.4
    endloop
  endfacet
  facet normal 0 0 1
    outer loop
      vertex 29.8114 27.2823 39.4
      vertex 28.8594 28.0128 39.4
      vertex 29.4406 26.8594 39.4
    endloop
  endfacet
  facet normal -0 0 1
    outer loop
      vertex 28.592 27.708 39.4
      vertex 29.4406 26.8594 39.4
      vertex 28.8594 28.0128 39.4
    endloop
  endfacet
  facet normal 0 0 1
    outer loop
      vertex 29.4406 26.8594 39.4
      vertex 28.592 27.708 39.4
      vertex 29.0177 26.4886 39.4
    endloop
  endfacet
  facet normal -0 0 1
    outer loop
      vertex 28.2872 27.4406 39.4
      vertex 29.0177 26.4886 39.4
      vertex 28.592 27.708 39.4
    endloop
  endfacet
  facet normal 0 0 1
    outer loop
      vertex 29.0177 26.4886 39.4
      vertex 28.2872 27.4406 39.4
      vertex 28.55 26.1761 39.4
    endloop
  endfacet
  facet normal -0 0 1
    outer loop
      vertex 27.95 27.2153 39.4
      vertex 28.55 26.1761 39.4
      vertex 28.2872 27.4406 39.4
    endloop
  endfacet
  facet normal 0 0 1
    outer loop
      vertex 28.55 26.1761 39.4
      vertex 27.95 27.2153 39.4
      vertex 28.0455 25.9273 39.4
    endloop
  endfacet
  facet normal -0 0 1
    outer loop
      vertex 27.5863 27.036 39.4
      vertex 28.0455 25.9273 39.4
      vertex 27.95 27.2153 39.4
    endloop
  endfacet
  facet normal 0 0 1
    outer loop
      vertex 27.5863 27.036 39.4
      vertex 27.5129 25.7465 39.4
      vertex 28.0455 25.9273 39.4
    endloop
  endfacet
  facet normal -0 0 1
    outer loop
      vertex 27.2023 26.9056 39.4
      vertex 27.5129 25.7465 39.4
      vertex 27.5863 27.036 39.4
    endloop
  endfacet
  facet normal 0 0 1
    outer loop
      vertex 27.2023 26.9056 39.4
      vertex 26.9613 25.6368 39.4
      vertex 27.5129 25.7465 39.4
    endloop
  endfacet
  facet normal -0 0 1
    outer loop
      vertex 26.8046 26.8265 39.4
      vertex 26.9613 25.6368 39.4
      vertex 27.2023 26.9056 39.4
    endloop
  endfacet
  facet normal -0 0 1
    outer loop
      vertex 26.4 26.8 39.4
      vertex 26.9613 25.6368 39.4
      vertex 26.8046 26.8265 39.4
    endloop
  endfacet
  facet normal 0 0 1
    outer loop
      vertex 26.4 26.8 39.4
      vertex 26.4 25.6 39.4
      vertex 26.9613 25.6368 39.4
    endloop
  endfacet
  facet normal 0 0 1
    outer loop
      vertex 25.9954 26.8265 39.4
      vertex 26.4 25.6 39.4
      vertex 26.4 26.8 39.4
    endloop
  endfacet
  facet normal 0 0 1
    outer loop
      vertex 25.9954 26.8265 39.4
      vertex 25.8387 25.6368 39.4
      vertex 26.4 25.6 39.4
    endloop
  endfacet
  facet normal 0 0 1
    outer loop
      vertex 25.5977 26.9056 39.4
      vertex 25.8387 25.6368 39.4
      vertex 25.9954 26.8265 39.4
    endloop
  endfacet
  facet normal 0 0 1
    outer loop
      vertex 25.5977 26.9056 39.4
      vertex 25.2871 25.7465 39.4
      vertex 25.8387 25.6368 39.4
    endloop
  endfacet
  facet normal 0 0 1
    outer loop
      vertex 25.2137 27.036 39.4
      vertex 25.2871 25.7465 39.4
      vertex 25.5977 26.9056 39.4
    endloop
  endfacet
  facet normal 0 0 1
    outer loop
      vertex 24.7545 25.9273 39.4
      vertex 25.2137 27.036 39.4
      vertex 24.85 27.2153 39.4
    endloop
  endfacet
  facet normal 0 0 1
    outer loop
      vertex 25.2137 27.036 39.4
      vertex 24.7545 25.9273 39.4
      vertex 25.2871 25.7465 39.4
    endloop
  endfacet
  facet normal 0 0 1
    outer loop
      vertex 24.25 26.1761 39.4
      vertex 24.85 27.2153 39.4
      vertex 24.5128 27.4406 39.4
    endloop
  endfacet
  facet normal 0 0 1
    outer loop
      vertex 24.85 27.2153 39.4
      vertex 24.25 26.1761 39.4
      vertex 24.7545 25.9273 39.4
    endloop
  endfacet
  facet normal 0 0 1
    outer loop
      vertex 23.7823 26.4886 39.4
      vertex 24.5128 27.4406 39.4
      vertex 24.208 27.708 39.4
    endloop
  endfacet
  facet normal 0 0 1
    outer loop
      vertex 23.3594 26.8594 39.4
      vertex 24.208 27.708 39.4
      vertex 23.9406 28.0128 39.4
    endloop
  endfacet
  facet normal 0 0 1
    outer loop
      vertex 24.5128 27.4406 39.4
      vertex 23.7823 26.4886 39.4
      vertex 24.25 26.1761 39.4
    endloop
  endfacet
  facet normal 0 0 1
    outer loop
      vertex 22.9886 27.2823 39.4
      vertex 23.9406 28.0128 39.4
      vertex 23.7153 28.35 39.4
    endloop
  endfacet
  facet normal 0 0 1
    outer loop
      vertex 22.6761 27.75 39.4
      vertex 23.7153 28.35 39.4
      vertex 23.536 28.7137 39.4
    endloop
  endfacet
  facet normal 0 0 1
    outer loop
      vertex 22.4273 28.2545 39.4
      vertex 23.536 28.7137 39.4
      vertex 23.4056 29.0977 39.4
    endloop
  endfacet
  facet normal 0 0 1
    outer loop
      vertex 24.208 27.708 39.4
      vertex 23.3594 26.8594 39.4
      vertex 23.7823 26.4886 39.4
    endloop
  endfacet
  facet normal 0 0 1
    outer loop
      vertex 22.2465 28.7871 39.4
      vertex 23.4056 29.0977 39.4
      vertex 23.3265 29.4954 39.4
    endloop
  endfacet
  facet normal 0 0 1
    outer loop
      vertex 22.1368 29.3387 39.4
      vertex 23.3265 29.4954 39.4
      vertex 23.3 29.9 39.4
    endloop
  endfacet
  facet normal -0 0 1
    outer loop
      vertex 22.2465 31.0129 39.4
      vertex 23.4056 30.7023 39.4
      vertex 22.4273 31.5455 39.4
    endloop
  endfacet
  facet normal 0 0 1
    outer loop
      vertex 23.9406 28.0128 39.4
      vertex 22.9886 27.2823 39.4
      vertex 23.3594 26.8594 39.4
    endloop
  endfacet
  facet normal 0 0 1
    outer loop
      vertex 23.4056 30.7023 39.4
      vertex 22.2465 31.0129 39.4
      vertex 23.3265 30.3046 39.4
    endloop
  endfacet
  facet normal 0 0 1
    outer loop
      vertex 23.7153 28.35 39.4
      vertex 22.6761 27.75 39.4
      vertex 22.9886 27.2823 39.4
    endloop
  endfacet
  facet normal -0 0 1
    outer loop
      vertex 22.1368 30.4613 39.4
      vertex 23.3265 30.3046 39.4
      vertex 22.2465 31.0129 39.4
    endloop
  endfacet
  facet normal 0 0 1
    outer loop
      vertex 23.536 28.7137 39.4
      vertex 22.4273 28.2545 39.4
      vertex 22.6761 27.75 39.4
    endloop
  endfacet
  facet normal 0 0 1
    outer loop
      vertex 23.3265 30.3046 39.4
      vertex 22.1368 30.4613 39.4
      vertex 23.3 29.9 39.4
    endloop
  endfacet
  facet normal 0 0 1
    outer loop
      vertex 23.4056 29.0977 39.4
      vertex 22.2465 28.7871 39.4
      vertex 22.4273 28.2545 39.4
    endloop
  endfacet
  facet normal 0 0 1
    outer loop
      vertex 22.1 29.9 39.4
      vertex 23.3 29.9 39.4
      vertex 22.1368 30.4613 39.4
    endloop
  endfacet
  facet normal 0 0 1
    outer loop
      vertex 23.3265 29.4954 39.4
      vertex 22.1368 29.3387 39.4
      vertex 22.2465 28.7871 39.4
    endloop
  endfacet
  facet normal 0 0 1
    outer loop
      vertex 23.3 29.9 39.4
      vertex 22.1 29.9 39.4
      vertex 22.1368 29.3387 39.4
    endloop
  endfacet
  facet normal 0.555588 0.831457 -0
    outer loop
      vertex 29.0177 33.3114 36.8
      vertex 28.5858 33.6 39.4
      vertex 29.0177 33.3114 39.4
    endloop
  endfacet
  facet normal 0.555588 0.831457 0
    outer loop
      vertex 28.5858 33.6 39.4
      vertex 29.0177 33.3114 36.8
      vertex 28.5858 33.6 36.8
    endloop
  endfacet
  facet normal -0.946927 0.32145 0
    outer loop
      vertex 22.2465 31.0129 36.8
      vertex 22.4273 31.5455 39.4
      vertex 22.4273 31.5455 36.8
    endloop
  endfacet
  facet normal -0.946927 0.32145 0
    outer loop
      vertex 22.4273 31.5455 39.4
      vertex 22.2465 31.0129 36.8
      vertex 22.2465 31.0129 39.4
    endloop
  endfacet
  facet normal 0.659272 0.751904 -0
    outer loop
      vertex 29.4406 32.9406 36.8
      vertex 29.0177 33.3114 39.4
      vertex 29.4406 32.9406 39.4
    endloop
  endfacet
  facet normal 0.659272 0.751904 0
    outer loop
      vertex 29.0177 33.3114 39.4
      vertex 29.4406 32.9406 36.8
      vertex 29.0177 33.3114 36.8
    endloop
  endfacet
  facet normal -0.831475 0.555561 0
    outer loop
      vertex 22.6761 32.05 36.8
      vertex 22.9886 32.5177 39.4
      vertex 22.9886 32.5177 36.8
    endloop
  endfacet
  facet normal -0.831475 0.555561 0
    outer loop
      vertex 22.9886 32.5177 39.4
      vertex 22.6761 32.05 36.8
      vertex 22.6761 32.05 39.4
    endloop
  endfacet
  facet normal -0.980792 0.195056 0
    outer loop
      vertex 22.1368 30.4613 36.8
      vertex 22.2465 31.0129 39.4
      vertex 22.2465 31.0129 36.8
    endloop
  endfacet
  facet normal -0.980792 0.195056 0
    outer loop
      vertex 22.2465 31.0129 39.4
      vertex 22.1368 30.4613 36.8
      vertex 22.1368 30.4613 39.4
    endloop
  endfacet
  facet normal -0.997858 0.0654216 0
    outer loop
      vertex 22.1 29.9 36.8
      vertex 22.1368 30.4613 39.4
      vertex 22.1368 30.4613 36.8
    endloop
  endfacet
  facet normal -0.997858 0.0654216 0
    outer loop
      vertex 22.1368 30.4613 39.4
      vertex 22.1 29.9 36.8
      vertex 22.1 29.9 39.4
    endloop
  endfacet
  facet normal 0.751904 0.659272 0
    outer loop
      vertex 29.8114 32.5177 39.4
      vertex 29.4406 32.9406 36.8
      vertex 29.4406 32.9406 39.4
    endloop
  endfacet
  facet normal 0.751904 0.659272 0
    outer loop
      vertex 29.4406 32.9406 36.8
      vertex 29.8114 32.5177 39.4
      vertex 29.8114 32.5177 36.8
    endloop
  endfacet
  facet normal -0.555588 0.831457 0
    outer loop
      vertex 24.2142 33.6 36.8
      vertex 23.7823 33.3114 39.4
      vertex 24.2142 33.6 39.4
    endloop
  endfacet
  facet normal -0.555588 0.831457 0
    outer loop
      vertex 23.7823 33.3114 39.4
      vertex 24.2142 33.6 36.8
      vertex 23.7823 33.3114 36.8
    endloop
  endfacet
  facet normal -0.659272 0.751904 0
    outer loop
      vertex 23.7823 33.3114 36.8
      vertex 23.3594 32.9406 39.4
      vertex 23.7823 33.3114 39.4
    endloop
  endfacet
  facet normal -0.659272 0.751904 0
    outer loop
      vertex 23.3594 32.9406 39.4
      vertex 23.7823 33.3114 36.8
      vertex 23.3594 32.9406 36.8
    endloop
  endfacet
  facet normal 0.70635 -0.0462586 -0.70635
    outer loop
      vertex 30.1 29.4129 36.2319
      vertex 26.4 29.9 32.5
      vertex 30.1 29.9 36.2
    endloop
  endfacet
  facet normal -0.706348 0.0463097 -0.706348
    outer loop
      vertex 26.4 29.9 32.5
      vertex 22.1 29.9 36.8
      vertex 22.1368 30.4613 36.8
    endloop
  endfacet
  facet normal -0.138073 -0.694267 -0.706349
    outer loop
      vertex 25.8387 25.6368 36.8
      vertex 25.2871 25.7465 36.8
      vertex 26.4 29.9 32.5
    endloop
  endfacet
  facet normal 0.0462586 0.70635 -0.70635
    outer loop
      vertex 26.4 29.9 32.5
      vertex 26.4 33.6 36.2
      vertex 26.8871 33.6 36.2319
    endloop
  endfacet
  facet normal -0.532244 -0.466673 -0.706351
    outer loop
      vertex 23.3594 26.8594 36.8
      vertex 22.9886 27.2823 36.8
      vertex 26.4 29.9 32.5
    endloop
  endfacet
  facet normal 0.393262 -0.588572 -0.706348
    outer loop
      vertex 28.55 26.1761 36.8
      vertex 26.4 29.9 32.5
      vertex 29.0177 26.4886 36.8
    endloop
  endfacet
  facet normal -0.466673 0.532244 -0.706351
    outer loop
      vertex 26.4 29.9 32.5
      vertex 23.3594 32.9406 36.8
      vertex 23.7823 33.3114 36.8
    endloop
  endfacet
  facet normal 0.532244 0.466673 -0.706351
    outer loop
      vertex 29.8114 32.5177 36.8
      vertex 26.4 29.9 32.5
      vertex 29.4406 32.9406 36.8
    endloop
  endfacet
  facet normal -0.393262 -0.588572 -0.706348
    outer loop
      vertex 24.25 26.1761 36.8
      vertex 23.7823 26.4886 36.8
      vertex 26.4 29.9 32.5
    endloop
  endfacet
  facet normal -0.670295 -0.227543 -0.706349
    outer loop
      vertex 22.4273 28.2545 36.8
      vertex 22.2465 28.7871 36.8
      vertex 26.4 29.9 32.5
    endloop
  endfacet
  facet normal 0.138073 -0.694267 -0.706349
    outer loop
      vertex 26.9613 25.6368 36.8
      vertex 26.4 29.9 32.5
      vertex 27.5129 25.7465 36.8
    endloop
  endfacet
  facet normal 0.588385 -0.393165 -0.706558
    outer loop
      vertex 29.8114 27.2823 36.8
      vertex 30.1 27.7638 36.7724
      vertex 30.1 27.7142 36.8
    endloop
  endfacet
  facet normal 0.588571 -0.393264 -0.706348
    outer loop
      vertex 30.1 27.7638 36.7724
      vertex 29.8114 27.2823 36.8
      vertex 26.4 29.9 32.5
    endloop
  endfacet
  facet normal -0.63486 0.313089 -0.706348
    outer loop
      vertex 26.4 29.9 32.5
      vertex 22.4273 31.5455 36.8
      vertex 22.6761 32.05 36.8
    endloop
  endfacet
  facet normal -0.227618 0.670271 -0.706347
    outer loop
      vertex 26.4 29.9 32.5
      vertex 24.8674 33.6 36.5049
      vertex 25.4086 33.6 36.3305
    endloop
  endfacet
  facet normal 0.313035 0.634889 -0.706346
    outer loop
      vertex 28.5362 33.6 36.7724
      vertex 26.4 29.9 32.5
      vertex 27.9326 33.6 36.5049
    endloop
  endfacet
  facet normal 0.670271 0.227618 -0.706347
    outer loop
      vertex 30.1 30.8914 36.3305
      vertex 26.4 29.9 32.5
      vertex 30.1 31.4326 36.5049
    endloop
  endfacet
  facet normal -0.227543 -0.670295 -0.706349
    outer loop
      vertex 25.2871 25.7465 36.8
      vertex 24.7545 25.9273 36.8
      vertex 26.4 29.9 32.5
    endloop
  endfacet
  facet normal -0.466673 -0.532244 -0.706351
    outer loop
      vertex 23.7823 26.4886 36.8
      vertex 23.3594 26.8594 36.8
      vertex 26.4 29.9 32.5
    endloop
  endfacet
  facet normal -0.588572 -0.393262 -0.706348
    outer loop
      vertex 22.9886 27.2823 36.8
      vertex 22.6761 27.75 36.8
      vertex 26.4 29.9 32.5
    endloop
  endfacet
  facet normal -0.694267 -0.138073 -0.706349
    outer loop
      vertex 22.2465 28.7871 36.8
      vertex 22.1368 29.3387 36.8
      vertex 26.4 29.9 32.5
    endloop
  endfacet
  facet normal 0.313089 -0.63486 -0.706348
    outer loop
      vertex 28.0455 25.9273 36.8
      vertex 26.4 29.9 32.5
      vertex 28.55 26.1761 36.8
    endloop
  endfacet
  facet normal -0.0463097 -0.706348 -0.706348
    outer loop
      vertex 26.4 25.6 36.8
      vertex 25.8387 25.6368 36.8
      vertex 26.4 29.9 32.5
    endloop
  endfacet
  facet normal 0.532244 -0.466673 -0.706351
    outer loop
      vertex 29.4406 26.8594 36.8
      vertex 26.4 29.9 32.5
      vertex 29.8114 27.2823 36.8
    endloop
  endfacet
  facet normal 0.670271 -0.227618 -0.706347
    outer loop
      vertex 30.1 28.3674 36.5049
      vertex 26.4 29.9 32.5
      vertex 30.1 28.9086 36.3305
    endloop
  endfacet
  facet normal 0.694259 -0.138105 -0.706351
    outer loop
      vertex 30.1 28.9086 36.3305
      vertex 26.4 29.9 32.5
      vertex 30.1 29.4129 36.2319
    endloop
  endfacet
  facet normal -0.670295 0.227543 -0.706349
    outer loop
      vertex 26.4 29.9 32.5
      vertex 22.2465 31.0129 36.8
      vertex 22.4273 31.5455 36.8
    endloop
  endfacet
  facet normal -0.532244 0.466673 -0.706351
    outer loop
      vertex 26.4 29.9 32.5
      vertex 22.9886 32.5177 36.8
      vertex 23.3594 32.9406 36.8
    endloop
  endfacet
  facet normal -0.393264 0.588571 -0.706348
    outer loop
      vertex 23.7823 33.3114 36.8
      vertex 24.2638 33.6 36.7724
      vertex 26.4 29.9 32.5
    endloop
  endfacet
  facet normal -0.393165 0.588385 -0.706558
    outer loop
      vertex 24.2638 33.6 36.7724
      vertex 23.7823 33.3114 36.8
      vertex 24.2142 33.6 36.8
    endloop
  endfacet
  facet normal -0.138105 0.694259 -0.706351
    outer loop
      vertex 26.4 29.9 32.5
      vertex 25.4086 33.6 36.3305
      vertex 25.9129 33.6 36.2319
    endloop
  endfacet
  facet normal 0.227618 0.670271 -0.706347
    outer loop
      vertex 27.9326 33.6 36.5049
      vertex 26.4 29.9 32.5
      vertex 27.3914 33.6 36.3305
    endloop
  endfacet
  facet normal 0.466673 0.532244 -0.706351
    outer loop
      vertex 29.4406 32.9406 36.8
      vertex 26.4 29.9 32.5
      vertex 29.0177 33.3114 36.8
    endloop
  endfacet
  facet normal 0.588385 0.393165 -0.706558
    outer loop
      vertex 30.1 32.0362 36.7724
      vertex 29.8114 32.5177 36.8
      vertex 30.1 32.0858 36.8
    endloop
  endfacet
  facet normal 0.588571 0.393264 -0.706348
    outer loop
      vertex 29.8114 32.5177 36.8
      vertex 30.1 32.0362 36.7724
      vertex 26.4 29.9 32.5
    endloop
  endfacet
  facet normal 0.694259 0.138105 -0.706351
    outer loop
      vertex 30.1 30.3871 36.2319
      vertex 26.4 29.9 32.5
      vertex 30.1 30.8914 36.3305
    endloop
  endfacet
  facet normal -0.313089 -0.63486 -0.706348
    outer loop
      vertex 24.7545 25.9273 36.8
      vertex 24.25 26.1761 36.8
      vertex 26.4 29.9 32.5
    endloop
  endfacet
  facet normal -0.63486 -0.313089 -0.706348
    outer loop
      vertex 22.6761 27.75 36.8
      vertex 22.4273 28.2545 36.8
      vertex 26.4 29.9 32.5
    endloop
  endfacet
  facet normal -0.706348 -0.0463097 -0.706348
    outer loop
      vertex 22.1368 29.3387 36.8
      vertex 22.1 29.9 36.8
      vertex 26.4 29.9 32.5
    endloop
  endfacet
  facet normal 0.227543 -0.670295 -0.706349
    outer loop
      vertex 27.5129 25.7465 36.8
      vertex 26.4 29.9 32.5
      vertex 28.0455 25.9273 36.8
    endloop
  endfacet
  facet normal 0.0463097 -0.706348 -0.706348
    outer loop
      vertex 26.4 25.6 36.8
      vertex 26.4 29.9 32.5
      vertex 26.9613 25.6368 36.8
    endloop
  endfacet
  facet normal 0.466673 -0.532244 -0.706351
    outer loop
      vertex 29.0177 26.4886 36.8
      vertex 26.4 29.9 32.5
      vertex 29.4406 26.8594 36.8
    endloop
  endfacet
  facet normal 0.634889 -0.313035 -0.706346
    outer loop
      vertex 30.1 27.7638 36.7724
      vertex 26.4 29.9 32.5
      vertex 30.1 28.3674 36.5049
    endloop
  endfacet
  facet normal -0.694267 0.138073 -0.706349
    outer loop
      vertex 26.4 29.9 32.5
      vertex 22.1368 30.4613 36.8
      vertex 22.2465 31.0129 36.8
    endloop
  endfacet
  facet normal -0.588572 0.393262 -0.706348
    outer loop
      vertex 26.4 29.9 32.5
      vertex 22.6761 32.05 36.8
      vertex 22.9886 32.5177 36.8
    endloop
  endfacet
  facet normal -0.313035 0.634889 -0.706346
    outer loop
      vertex 26.4 29.9 32.5
      vertex 24.2638 33.6 36.7724
      vertex 24.8674 33.6 36.5049
    endloop
  endfacet
  facet normal -0.0462586 0.70635 -0.70635
    outer loop
      vertex 26.4 29.9 32.5
      vertex 25.9129 33.6 36.2319
      vertex 26.4 33.6 36.2
    endloop
  endfacet
  facet normal 0.138105 0.694259 -0.706351
    outer loop
      vertex 27.3914 33.6 36.3305
      vertex 26.4 29.9 32.5
      vertex 26.8871 33.6 36.2319
    endloop
  endfacet
  facet normal 0.393165 0.588385 -0.706558
    outer loop
      vertex 29.0177 33.3114 36.8
      vertex 28.5362 33.6 36.7724
      vertex 28.5858 33.6 36.8
    endloop
  endfacet
  facet normal 0.393264 0.588571 -0.706348
    outer loop
      vertex 28.5362 33.6 36.7724
      vertex 29.0177 33.3114 36.8
      vertex 26.4 29.9 32.5
    endloop
  endfacet
  facet normal 0.634889 0.313035 -0.706346
    outer loop
      vertex 30.1 31.4326 36.5049
      vertex 26.4 29.9 32.5
      vertex 30.1 32.0362 36.7724
    endloop
  endfacet
  facet normal 0.70635 0.0462586 -0.70635
    outer loop
      vertex 30.1 29.9 36.2
      vertex 26.4 29.9 32.5
      vertex 30.1 30.3871 36.2319
    endloop
  endfacet
  facet normal -0.997857 -0.0654263 0
    outer loop
      vertex 22.1368 5.53874 36.8
      vertex 22.1 6.1 39.4
      vertex 22.1 6.1 36.8
    endloop
  endfacet
  facet normal -0.997857 -0.0654263 0
    outer loop
      vertex 22.1 6.1 39.4
      vertex 22.1368 5.53874 36.8
      vertex 22.1368 5.53874 39.4
    endloop
  endfacet
  facet normal 0.659332 -0.751852 0
    outer loop
      vertex 29.0177 2.68858 36.8
      vertex 29.4406 3.05944 39.4
      vertex 29.0177 2.68858 39.4
    endloop
  endfacet
  facet normal 0.659332 -0.751852 0
    outer loop
      vertex 29.4406 3.05944 39.4
      vertex 29.0177 2.68858 36.8
      vertex 29.4406 3.05944 36.8
    endloop
  endfacet
  facet normal -0.659332 -0.751852 0
    outer loop
      vertex 23.3594 3.05944 36.8
      vertex 23.7823 2.68858 39.4
      vertex 23.3594 3.05944 39.4
    endloop
  endfacet
  facet normal -0.659332 -0.751852 -0
    outer loop
      vertex 23.7823 2.68858 39.4
      vertex 23.3594 3.05944 36.8
      vertex 23.7823 2.68858 36.8
    endloop
  endfacet
  facet normal 0.831452 -0.555597 0
    outer loop
      vertex 29.8114 3.48233 39.4
      vertex 30.1 3.91422 36.8
      vertex 30.1 3.91422 39.4
    endloop
  endfacet
  facet normal 0.831452 -0.555597 0
    outer loop
      vertex 30.1 3.91422 36.8
      vertex 29.8114 3.48233 39.4
      vertex 29.8114 3.48233 36.8
    endloop
  endfacet
  facet normal 0.555562 -0.831475 0
    outer loop
      vertex 28.5858 2.4 36.8
      vertex 29.0177 2.68858 39.4
      vertex 28.5858 2.4 39.4
    endloop
  endfacet
  facet normal 0.555562 -0.831475 0
    outer loop
      vertex 29.0177 2.68858 39.4
      vertex 28.5858 2.4 36.8
      vertex 29.0177 2.68858 36.8
    endloop
  endfacet
  facet normal -0.831459 -0.555586 0
    outer loop
      vertex 22.9886 3.48233 36.8
      vertex 22.6761 3.95 39.4
      vertex 22.6761 3.95 36.8
    endloop
  endfacet
  facet normal -0.831459 -0.555586 0
    outer loop
      vertex 22.6761 3.95 39.4
      vertex 22.9886 3.48233 36.8
      vertex 22.9886 3.48233 39.4
    endloop
  endfacet
  facet normal -0.751897 -0.659281 0
    outer loop
      vertex 23.3594 3.05944 36.8
      vertex 22.9886 3.48233 39.4
      vertex 22.9886 3.48233 36.8
    endloop
  endfacet
  facet normal -0.751897 -0.659281 0
    outer loop
      vertex 22.9886 3.48233 39.4
      vertex 23.3594 3.05944 36.8
      vertex 23.3594 3.05944 39.4
    endloop
  endfacet
  facet normal -0.94693 -0.321439 0
    outer loop
      vertex 22.4273 4.45446 36.8
      vertex 22.2465 4.98708 39.4
      vertex 22.2465 4.98708 36.8
    endloop
  endfacet
  facet normal -0.94693 -0.321439 0
    outer loop
      vertex 22.2465 4.98708 39.4
      vertex 22.4273 4.45446 36.8
      vertex 22.4273 4.45446 39.4
    endloop
  endfacet
  facet normal -0.555562 -0.831475 0
    outer loop
      vertex 23.7823 2.68858 36.8
      vertex 24.2142 2.4 39.4
      vertex 23.7823 2.68858 39.4
    endloop
  endfacet
  facet normal -0.555562 -0.831475 -0
    outer loop
      vertex 24.2142 2.4 39.4
      vertex 23.7823 2.68858 36.8
      vertex 24.2142 2.4 36.8
    endloop
  endfacet
  facet normal 0.831452 0.555597 0
    outer loop
      vertex 30.1 8.28578 39.4
      vertex 29.8114 8.71767 36.8
      vertex 29.8114 8.71767 39.4
    endloop
  endfacet
  facet normal 0.831452 0.555597 0
    outer loop
      vertex 29.8114 8.71767 36.8
      vertex 30.1 8.28578 39.4
      vertex 30.1 8.28578 36.8
    endloop
  endfacet
  facet normal -0.195056 0.980792 0
    outer loop
      vertex 25.8387 10.3632 36.8
      vertex 25.2871 10.2535 39.4
      vertex 25.8387 10.3632 39.4
    endloop
  endfacet
  facet normal -0.195056 0.980792 0
    outer loop
      vertex 25.2871 10.2535 39.4
      vertex 25.8387 10.3632 36.8
      vertex 25.2871 10.2535 36.8
    endloop
  endfacet
  facet normal 0.195056 0.980792 -0
    outer loop
      vertex 27.5129 10.2535 36.8
      vertex 26.9613 10.3632 39.4
      vertex 27.5129 10.2535 39.4
    endloop
  endfacet
  facet normal 0.195056 0.980792 0
    outer loop
      vertex 26.9613 10.3632 39.4
      vertex 27.5129 10.2535 36.8
      vertex 26.9613 10.3632 36.8
    endloop
  endfacet
  facet normal 0.751897 -0.659281 0
    outer loop
      vertex 29.4406 3.05944 39.4
      vertex 29.8114 3.48233 36.8
      vertex 29.8114 3.48233 39.4
    endloop
  endfacet
  facet normal 0.751897 -0.659281 0
    outer loop
      vertex 29.8114 3.48233 36.8
      vertex 29.4406 3.05944 39.4
      vertex 29.4406 3.05944 36.8
    endloop
  endfacet
  facet normal -0.896853 -0.442329 0
    outer loop
      vertex 22.6761 3.95 36.8
      vertex 22.4273 4.45446 39.4
      vertex 22.4273 4.45446 36.8
    endloop
  endfacet
  facet normal -0.896853 -0.442329 0
    outer loop
      vertex 22.4273 4.45446 39.4
      vertex 22.6761 3.95 36.8
      vertex 22.6761 3.95 39.4
    endloop
  endfacet
  facet normal -0.980796 -0.195036 0
    outer loop
      vertex 22.2465 4.98708 36.8
      vertex 22.1368 5.53874 39.4
      vertex 22.1368 5.53874 36.8
    endloop
  endfacet
  facet normal -0.980796 -0.195036 0
    outer loop
      vertex 22.1368 5.53874 39.4
      vertex 22.2465 4.98708 36.8
      vertex 22.2465 4.98708 39.4
    endloop
  endfacet
  facet normal 0.555549 0.831484 -0
    outer loop
      vertex 29.0177 9.51142 36.8
      vertex 28.55 9.82391 39.4
      vertex 29.0177 9.51142 39.4
    endloop
  endfacet
  facet normal 0.555549 0.831484 0
    outer loop
      vertex 28.55 9.82391 39.4
      vertex 29.0177 9.51142 36.8
      vertex 28.55 9.82391 36.8
    endloop
  endfacet
  facet normal -0.94693 0.321439 0
    outer loop
      vertex 22.2465 7.21292 36.8
      vertex 22.4273 7.74554 39.4
      vertex 22.4273 7.74554 36.8
    endloop
  endfacet
  facet normal -0.94693 0.321439 0
    outer loop
      vertex 22.4273 7.74554 39.4
      vertex 22.2465 7.21292 36.8
      vertex 22.2465 7.21292 39.4
    endloop
  endfacet
  facet normal 0.442286 0.896874 -0
    outer loop
      vertex 28.55 9.82391 36.8
      vertex 28.0455 10.0727 39.4
      vertex 28.55 9.82391 39.4
    endloop
  endfacet
  facet normal 0.442286 0.896874 0
    outer loop
      vertex 28.0455 10.0727 39.4
      vertex 28.55 9.82391 36.8
      vertex 28.0455 10.0727 36.8
    endloop
  endfacet
  facet normal 0.32145 0.946927 -0
    outer loop
      vertex 28.0455 10.0727 36.8
      vertex 27.5129 10.2535 39.4
      vertex 28.0455 10.0727 39.4
    endloop
  endfacet
  facet normal 0.32145 0.946927 0
    outer loop
      vertex 27.5129 10.2535 39.4
      vertex 28.0455 10.0727 36.8
      vertex 27.5129 10.2535 36.8
    endloop
  endfacet
  facet normal 0.0654216 0.997858 -0
    outer loop
      vertex 26.9613 10.3632 36.8
      vertex 26.4 10.4 39.4
      vertex 26.9613 10.3632 39.4
    endloop
  endfacet
  facet normal 0.0654216 0.997858 0
    outer loop
      vertex 26.4 10.4 39.4
      vertex 26.9613 10.3632 36.8
      vertex 26.4 10.4 36.8
    endloop
  endfacet
  facet normal -0.32145 0.946927 0
    outer loop
      vertex 25.2871 10.2535 36.8
      vertex 24.7545 10.0727 39.4
      vertex 25.2871 10.2535 39.4
    endloop
  endfacet
  facet normal -0.32145 0.946927 0
    outer loop
      vertex 24.7545 10.0727 39.4
      vertex 25.2871 10.2535 36.8
      vertex 24.7545 10.0727 36.8
    endloop
  endfacet
  facet normal -0.751897 0.659281 0
    outer loop
      vertex 22.9886 8.71767 36.8
      vertex 23.3594 9.14056 39.4
      vertex 23.3594 9.14056 36.8
    endloop
  endfacet
  facet normal -0.751897 0.659281 0
    outer loop
      vertex 23.3594 9.14056 39.4
      vertex 22.9886 8.71767 36.8
      vertex 22.9886 8.71767 39.4
    endloop
  endfacet
  facet normal -0.896853 0.442329 0
    outer loop
      vertex 22.4273 7.74554 36.8
      vertex 22.6761 8.25 39.4
      vertex 22.6761 8.25 36.8
    endloop
  endfacet
  facet normal -0.896853 0.442329 0
    outer loop
      vertex 22.6761 8.25 39.4
      vertex 22.4273 7.74554 36.8
      vertex 22.4273 7.74554 39.4
    endloop
  endfacet
  facet normal -0.997857 0.0654263 0
    outer loop
      vertex 22.1 6.1 36.8
      vertex 22.1368 6.66126 39.4
      vertex 22.1368 6.66126 36.8
    endloop
  endfacet
  facet normal -0.997857 0.0654263 0
    outer loop
      vertex 22.1368 6.66126 39.4
      vertex 22.1 6.1 36.8
      vertex 22.1 6.1 39.4
    endloop
  endfacet
  facet normal 0.659332 0.751852 -0
    outer loop
      vertex 29.4406 9.14056 36.8
      vertex 29.0177 9.51142 39.4
      vertex 29.4406 9.14056 39.4
    endloop
  endfacet
  facet normal 0.659332 0.751852 0
    outer loop
      vertex 29.0177 9.51142 39.4
      vertex 29.4406 9.14056 36.8
      vertex 29.0177 9.51142 36.8
    endloop
  endfacet
  facet normal 0.751897 0.659281 0
    outer loop
      vertex 29.8114 8.71767 39.4
      vertex 29.4406 9.14056 36.8
      vertex 29.4406 9.14056 39.4
    endloop
  endfacet
  facet normal 0.751897 0.659281 0
    outer loop
      vertex 29.4406 9.14056 36.8
      vertex 29.8114 8.71767 39.4
      vertex 29.8114 8.71767 36.8
    endloop
  endfacet
  facet normal -0.0654216 0.997858 0
    outer loop
      vertex 26.4 10.4 36.8
      vertex 25.8387 10.3632 39.4
      vertex 26.4 10.4 39.4
    endloop
  endfacet
  facet normal -0.0654216 0.997858 0
    outer loop
      vertex 25.8387 10.3632 39.4
      vertex 26.4 10.4 36.8
      vertex 25.8387 10.3632 36.8
    endloop
  endfacet
  facet normal -0.659332 0.751852 0
    outer loop
      vertex 23.7823 9.51142 36.8
      vertex 23.3594 9.14056 39.4
      vertex 23.7823 9.51142 39.4
    endloop
  endfacet
  facet normal -0.659332 0.751852 0
    outer loop
      vertex 23.3594 9.14056 39.4
      vertex 23.7823 9.51142 36.8
      vertex 23.3594 9.14056 36.8
    endloop
  endfacet
  facet normal -0.831459 0.555586 0
    outer loop
      vertex 22.6761 8.25 36.8
      vertex 22.9886 8.71767 39.4
      vertex 22.9886 8.71767 36.8
    endloop
  endfacet
  facet normal -0.831459 0.555586 0
    outer loop
      vertex 22.9886 8.71767 39.4
      vertex 22.6761 8.25 36.8
      vertex 22.6761 8.25 39.4
    endloop
  endfacet
  facet normal 0 0 1
    outer loop
      vertex 28.8594 7.98716 39.4
      vertex 30.1 8.28578 39.4
      vertex 29.8114 8.71767 39.4
    endloop
  endfacet
  facet normal 0 0 1
    outer loop
      vertex 30.1 8.28578 39.4
      vertex 29.5 6.1 39.4
      vertex 30.1 3.91422 39.4
    endloop
  endfacet
  facet normal -0 0 1
    outer loop
      vertex 29.4735 5.69537 39.4
      vertex 30.1 3.91422 39.4
      vertex 29.5 6.1 39.4
    endloop
  endfacet
  facet normal 0 0 1
    outer loop
      vertex 30.1 8.28578 39.4
      vertex 29.4735 6.50463 39.4
      vertex 29.5 6.1 39.4
    endloop
  endfacet
  facet normal 0 0 1
    outer loop
      vertex 28.8594 7.98716 39.4
      vertex 29.8114 8.71767 39.4
      vertex 29.4406 9.14056 39.4
    endloop
  endfacet
  facet normal 0 0 1
    outer loop
      vertex 30.1 8.28578 39.4
      vertex 29.3944 6.90234 39.4
      vertex 29.4735 6.50463 39.4
    endloop
  endfacet
  facet normal 0 0 1
    outer loop
      vertex 30.1 8.28578 39.4
      vertex 29.264 7.28632 39.4
      vertex 29.3944 6.90234 39.4
    endloop
  endfacet
  facet normal 0 0 1
    outer loop
      vertex 30.1 8.28578 39.4
      vertex 29.0847 7.65 39.4
      vertex 29.264 7.28632 39.4
    endloop
  endfacet
  facet normal 0 0 1
    outer loop
      vertex 28.592 8.29203 39.4
      vertex 29.4406 9.14056 39.4
      vertex 29.0177 9.51142 39.4
    endloop
  endfacet
  facet normal 0 0 1
    outer loop
      vertex 30.1 8.28578 39.4
      vertex 28.8594 7.98716 39.4
      vertex 29.0847 7.65 39.4
    endloop
  endfacet
  facet normal 0 0 1
    outer loop
      vertex 29.4406 9.14056 39.4
      vertex 28.592 8.29203 39.4
      vertex 28.8594 7.98716 39.4
    endloop
  endfacet
  facet normal 0 0 1
    outer loop
      vertex 28.2872 8.5594 39.4
      vertex 29.0177 9.51142 39.4
      vertex 28.55 9.82391 39.4
    endloop
  endfacet
  facet normal 0 0 1
    outer loop
      vertex 29.0177 9.51142 39.4
      vertex 28.2872 8.5594 39.4
      vertex 28.592 8.29203 39.4
    endloop
  endfacet
  facet normal 0 0 1
    outer loop
      vertex 27.95 8.78468 39.4
      vertex 28.55 9.82391 39.4
      vertex 28.0455 10.0727 39.4
    endloop
  endfacet
  facet normal 0 0 1
    outer loop
      vertex 28.55 9.82391 39.4
      vertex 27.95 8.78468 39.4
      vertex 28.2872 8.5594 39.4
    endloop
  endfacet
  facet normal 0 0 1
    outer loop
      vertex 28.0455 10.0727 39.4
      vertex 27.5863 8.96403 39.4
      vertex 27.95 8.78468 39.4
    endloop
  endfacet
  facet normal 0 0 1
    outer loop
      vertex 27.5129 10.2535 39.4
      vertex 27.5863 8.96403 39.4
      vertex 28.0455 10.0727 39.4
    endloop
  endfacet
  facet normal 0 0 1
    outer loop
      vertex 27.5129 10.2535 39.4
      vertex 27.2023 9.09437 39.4
      vertex 27.5863 8.96403 39.4
    endloop
  endfacet
  facet normal 0 0 1
    outer loop
      vertex 26.9613 10.3632 39.4
      vertex 27.2023 9.09437 39.4
      vertex 27.5129 10.2535 39.4
    endloop
  endfacet
  facet normal 0 0 1
    outer loop
      vertex 26.9613 10.3632 39.4
      vertex 26.8046 9.17348 39.4
      vertex 27.2023 9.09437 39.4
    endloop
  endfacet
  facet normal 0 0 1
    outer loop
      vertex 26.4 10.4 39.4
      vertex 26.8046 9.17348 39.4
      vertex 26.9613 10.3632 39.4
    endloop
  endfacet
  facet normal 0 0 1
    outer loop
      vertex 26.4 10.4 39.4
      vertex 26.4 9.2 39.4
      vertex 26.8046 9.17348 39.4
    endloop
  endfacet
  facet normal 0 0 1
    outer loop
      vertex 26.4 10.4 39.4
      vertex 25.9954 9.17348 39.4
      vertex 26.4 9.2 39.4
    endloop
  endfacet
  facet normal -0 0 1
    outer loop
      vertex 25.8387 10.3632 39.4
      vertex 25.9954 9.17348 39.4
      vertex 26.4 10.4 39.4
    endloop
  endfacet
  facet normal 0 0 1
    outer loop
      vertex 25.8387 10.3632 39.4
      vertex 25.5977 9.09437 39.4
      vertex 25.9954 9.17348 39.4
    endloop
  endfacet
  facet normal -0 0 1
    outer loop
      vertex 25.2871 10.2535 39.4
      vertex 25.5977 9.09437 39.4
      vertex 25.8387 10.3632 39.4
    endloop
  endfacet
  facet normal 0 0 1
    outer loop
      vertex 25.2871 10.2535 39.4
      vertex 25.2137 8.96403 39.4
      vertex 25.5977 9.09437 39.4
    endloop
  endfacet
  facet normal -0 0 1
    outer loop
      vertex 24.7545 10.0727 39.4
      vertex 25.2137 8.96403 39.4
      vertex 25.2871 10.2535 39.4
    endloop
  endfacet
  facet normal 0 0 1
    outer loop
      vertex 25.2137 8.96403 39.4
      vertex 24.7545 10.0727 39.4
      vertex 24.85 8.78468 39.4
    endloop
  endfacet
  facet normal -0 0 1
    outer loop
      vertex 24.25 9.82391 39.4
      vertex 24.85 8.78468 39.4
      vertex 24.7545 10.0727 39.4
    endloop
  endfacet
  facet normal 0 0 1
    outer loop
      vertex 24.85 8.78468 39.4
      vertex 24.25 9.82391 39.4
      vertex 24.5128 8.5594 39.4
    endloop
  endfacet
  facet normal -0 0 1
    outer loop
      vertex 23.7823 9.51142 39.4
      vertex 24.5128 8.5594 39.4
      vertex 24.25 9.82391 39.4
    endloop
  endfacet
  facet normal 0 0 1
    outer loop
      vertex 24.5128 8.5594 39.4
      vertex 23.7823 9.51142 39.4
      vertex 24.208 8.29203 39.4
    endloop
  endfacet
  facet normal -0 0 1
    outer loop
      vertex 23.3594 9.14056 39.4
      vertex 24.208 8.29203 39.4
      vertex 23.7823 9.51142 39.4
    endloop
  endfacet
  facet normal 0 0 1
    outer loop
      vertex 24.208 8.29203 39.4
      vertex 23.3594 9.14056 39.4
      vertex 23.9406 7.98716 39.4
    endloop
  endfacet
  facet normal -0 0 1
    outer loop
      vertex 22.9886 8.71767 39.4
      vertex 23.9406 7.98716 39.4
      vertex 23.3594 9.14056 39.4
    endloop
  endfacet
  facet normal 0 0 1
    outer loop
      vertex 23.9406 7.98716 39.4
      vertex 22.9886 8.71767 39.4
      vertex 23.7153 7.65 39.4
    endloop
  endfacet
  facet normal -0 0 1
    outer loop
      vertex 22.6761 8.25 39.4
      vertex 23.7153 7.65 39.4
      vertex 22.9886 8.71767 39.4
    endloop
  endfacet
  facet normal 0 0 1
    outer loop
      vertex 23.7153 7.65 39.4
      vertex 22.6761 8.25 39.4
      vertex 23.536 7.28632 39.4
    endloop
  endfacet
  facet normal -0 0 1
    outer loop
      vertex 22.4273 7.74554 39.4
      vertex 23.536 7.28632 39.4
      vertex 22.6761 8.25 39.4
    endloop
  endfacet
  facet normal 0 0 1
    outer loop
      vertex 23.536 7.28632 39.4
      vertex 22.4273 7.74554 39.4
      vertex 23.4056 6.90234 39.4
    endloop
  endfacet
  facet normal -0 0 1
    outer loop
      vertex 29.3944 5.29766 39.4
      vertex 30.1 3.91422 39.4
      vertex 29.4735 5.69537 39.4
    endloop
  endfacet
  facet normal -0 0 1
    outer loop
      vertex 29.264 4.91368 39.4
      vertex 30.1 3.91422 39.4
      vertex 29.3944 5.29766 39.4
    endloop
  endfacet
  facet normal -0 0 1
    outer loop
      vertex 29.0847 4.55 39.4
      vertex 30.1 3.91422 39.4
      vertex 29.264 4.91368 39.4
    endloop
  endfacet
  facet normal -0 0 1
    outer loop
      vertex 28.8594 4.21284 39.4
      vertex 30.1 3.91422 39.4
      vertex 29.0847 4.55 39.4
    endloop
  endfacet
  facet normal 0 0 1
    outer loop
      vertex 30.1 3.91422 39.4
      vertex 28.8594 4.21284 39.4
      vertex 29.8114 3.48233 39.4
    endloop
  endfacet
  facet normal 0 0 1
    outer loop
      vertex 29.8114 3.48233 39.4
      vertex 28.8594 4.21284 39.4
      vertex 29.4406 3.05944 39.4
    endloop
  endfacet
  facet normal -0 0 1
    outer loop
      vertex 28.592 3.90797 39.4
      vertex 29.4406 3.05944 39.4
      vertex 28.8594 4.21284 39.4
    endloop
  endfacet
  facet normal 0 0 1
    outer loop
      vertex 29.4406 3.05944 39.4
      vertex 28.592 3.90797 39.4
      vertex 29.0177 2.68858 39.4
    endloop
  endfacet
  facet normal -0 0 1
    outer loop
      vertex 28.2872 3.6406 39.4
      vertex 29.0177 2.68858 39.4
      vertex 28.592 3.90797 39.4
    endloop
  endfacet
  facet normal 0 0 1
    outer loop
      vertex 29.0177 2.68858 39.4
      vertex 28.2872 3.6406 39.4
      vertex 28.5858 2.4 39.4
    endloop
  endfacet
  facet normal -0 0 1
    outer loop
      vertex 27.95 3.41532 39.4
      vertex 28.5858 2.4 39.4
      vertex 28.2872 3.6406 39.4
    endloop
  endfacet
  facet normal -0 0 1
    outer loop
      vertex 27.5863 3.23597 39.4
      vertex 28.5858 2.4 39.4
      vertex 27.95 3.41532 39.4
    endloop
  endfacet
  facet normal -0 0 1
    outer loop
      vertex 27.2023 3.10563 39.4
      vertex 28.5858 2.4 39.4
      vertex 27.5863 3.23597 39.4
    endloop
  endfacet
  facet normal -0 0 1
    outer loop
      vertex 26.8046 3.02652 39.4
      vertex 28.5858 2.4 39.4
      vertex 27.2023 3.10563 39.4
    endloop
  endfacet
  facet normal -0 0 1
    outer loop
      vertex 26.4 3 39.4
      vertex 28.5858 2.4 39.4
      vertex 26.8046 3.02652 39.4
    endloop
  endfacet
  facet normal 0 0 1
    outer loop
      vertex 24.2142 2.4 39.4
      vertex 26.4 3 39.4
      vertex 25.9954 3.02652 39.4
    endloop
  endfacet
  facet normal 0 0 1
    outer loop
      vertex 24.2142 2.4 39.4
      vertex 25.9954 3.02652 39.4
      vertex 25.5977 3.10563 39.4
    endloop
  endfacet
  facet normal 0 0 1
    outer loop
      vertex 26.4 3 39.4
      vertex 24.2142 2.4 39.4
      vertex 28.5858 2.4 39.4
    endloop
  endfacet
  facet normal 0 0 1
    outer loop
      vertex 25.2137 3.23597 39.4
      vertex 24.2142 2.4 39.4
      vertex 25.5977 3.10563 39.4
    endloop
  endfacet
  facet normal 0 0 1
    outer loop
      vertex 24.85 3.41532 39.4
      vertex 24.2142 2.4 39.4
      vertex 25.2137 3.23597 39.4
    endloop
  endfacet
  facet normal 0 0 1
    outer loop
      vertex 24.5128 3.6406 39.4
      vertex 24.2142 2.4 39.4
      vertex 24.85 3.41532 39.4
    endloop
  endfacet
  facet normal 0 0 1
    outer loop
      vertex 23.7823 2.68858 39.4
      vertex 24.5128 3.6406 39.4
      vertex 24.208 3.90797 39.4
    endloop
  endfacet
  facet normal 0 0 1
    outer loop
      vertex 23.3594 3.05944 39.4
      vertex 24.208 3.90797 39.4
      vertex 23.9406 4.21284 39.4
    endloop
  endfacet
  facet normal 0 0 1
    outer loop
      vertex 24.5128 3.6406 39.4
      vertex 23.7823 2.68858 39.4
      vertex 24.2142 2.4 39.4
    endloop
  endfacet
  facet normal 0 0 1
    outer loop
      vertex 22.9886 3.48233 39.4
      vertex 23.9406 4.21284 39.4
      vertex 23.7153 4.55 39.4
    endloop
  endfacet
  facet normal 0 0 1
    outer loop
      vertex 22.6761 3.95 39.4
      vertex 23.7153 4.55 39.4
      vertex 23.536 4.91368 39.4
    endloop
  endfacet
  facet normal 0 0 1
    outer loop
      vertex 22.4273 4.45446 39.4
      vertex 23.536 4.91368 39.4
      vertex 23.4056 5.29766 39.4
    endloop
  endfacet
  facet normal 0 0 1
    outer loop
      vertex 24.208 3.90797 39.4
      vertex 23.3594 3.05944 39.4
      vertex 23.7823 2.68858 39.4
    endloop
  endfacet
  facet normal 0 0 1
    outer loop
      vertex 22.2465 4.98708 39.4
      vertex 23.4056 5.29766 39.4
      vertex 23.3265 5.69537 39.4
    endloop
  endfacet
  facet normal 0 0 1
    outer loop
      vertex 22.1368 5.53874 39.4
      vertex 23.3265 5.69537 39.4
      vertex 23.3 6.1 39.4
    endloop
  endfacet
  facet normal -0 0 1
    outer loop
      vertex 22.2465 7.21292 39.4
      vertex 23.4056 6.90234 39.4
      vertex 22.4273 7.74554 39.4
    endloop
  endfacet
  facet normal 0 0 1
    outer loop
      vertex 23.9406 4.21284 39.4
      vertex 22.9886 3.48233 39.4
      vertex 23.3594 3.05944 39.4
    endloop
  endfacet
  facet normal 0 0 1
    outer loop
      vertex 23.4056 6.90234 39.4
      vertex 22.2465 7.21292 39.4
      vertex 23.3265 6.50463 39.4
    endloop
  endfacet
  facet normal 0 0 1
    outer loop
      vertex 23.7153 4.55 39.4
      vertex 22.6761 3.95 39.4
      vertex 22.9886 3.48233 39.4
    endloop
  endfacet
  facet normal -0 0 1
    outer loop
      vertex 22.1368 6.66126 39.4
      vertex 23.3265 6.50463 39.4
      vertex 22.2465 7.21292 39.4
    endloop
  endfacet
  facet normal 0 0 1
    outer loop
      vertex 23.536 4.91368 39.4
      vertex 22.4273 4.45446 39.4
      vertex 22.6761 3.95 39.4
    endloop
  endfacet
  facet normal 0 0 1
    outer loop
      vertex 23.3265 6.50463 39.4
      vertex 22.1368 6.66126 39.4
      vertex 23.3 6.1 39.4
    endloop
  endfacet
  facet normal 0 0 1
    outer loop
      vertex 23.4056 5.29766 39.4
      vertex 22.2465 4.98708 39.4
      vertex 22.4273 4.45446 39.4
    endloop
  endfacet
  facet normal 0 0 1
    outer loop
      vertex 22.1 6.1 39.4
      vertex 23.3 6.1 39.4
      vertex 22.1368 6.66126 39.4
    endloop
  endfacet
  facet normal 0 0 1
    outer loop
      vertex 23.3265 5.69537 39.4
      vertex 22.1368 5.53874 39.4
      vertex 22.2465 4.98708 39.4
    endloop
  endfacet
  facet normal 0 0 1
    outer loop
      vertex 23.3 6.1 39.4
      vertex 22.1 6.1 39.4
      vertex 22.1368 5.53874 39.4
    endloop
  endfacet
  facet normal -0.980796 0.195036 0
    outer loop
      vertex 22.1368 6.66126 36.8
      vertex 22.2465 7.21292 39.4
      vertex 22.2465 7.21292 36.8
    endloop
  endfacet
  facet normal -0.980796 0.195036 0
    outer loop
      vertex 22.2465 7.21292 39.4
      vertex 22.1368 6.66126 36.8
      vertex 22.1368 6.66126 39.4
    endloop
  endfacet
  facet normal -0.442286 0.896874 0
    outer loop
      vertex 24.7545 10.0727 36.8
      vertex 24.25 9.82391 39.4
      vertex 24.7545 10.0727 39.4
    endloop
  endfacet
  facet normal -0.442286 0.896874 0
    outer loop
      vertex 24.25 9.82391 39.4
      vertex 24.7545 10.0727 36.8
      vertex 24.25 9.82391 36.8
    endloop
  endfacet
  facet normal -0.555549 0.831484 0
    outer loop
      vertex 24.25 9.82391 36.8
      vertex 23.7823 9.51142 39.4
      vertex 24.25 9.82391 39.4
    endloop
  endfacet
  facet normal -0.555549 0.831484 0
    outer loop
      vertex 23.7823 9.51142 39.4
      vertex 24.25 9.82391 36.8
      vertex 23.7823 9.51142 36.8
    endloop
  endfacet
  facet normal 0.70635 -0.0462576 -0.70635
    outer loop
      vertex 30.1 5.61289 36.2319
      vertex 26.4 6.1 32.5
      vertex 30.1 6.1 36.2
    endloop
  endfacet
  facet normal -0.670297 0.227535 -0.70635
    outer loop
      vertex 26.4 6.1 32.5
      vertex 22.2465 7.21292 36.8
      vertex 22.4273 7.74554 36.8
    endloop
  endfacet
  facet normal -0.138105 -0.694259 -0.706351
    outer loop
      vertex 25.9129 2.4 36.2319
      vertex 25.4086 2.4 36.3305
      vertex 26.4 6.1 32.5
    endloop
  endfacet
  facet normal 0.227543 0.670295 -0.706349
    outer loop
      vertex 28.0455 10.0727 36.8
      vertex 26.4 6.1 32.5
      vertex 27.5129 10.2535 36.8
    endloop
  endfacet
  facet normal -0.53224 -0.466681 -0.706349
    outer loop
      vertex 23.3594 3.05944 36.8
      vertex 22.9886 3.48233 36.8
      vertex 26.4 6.1 32.5
    endloop
  endfacet
  facet normal 0.393156 -0.588412 -0.706541
    outer loop
      vertex 28.5362 2.4 36.7724
      vertex 29.0177 2.68858 36.8
      vertex 28.5858 2.4 36.8
    endloop
  endfacet
  facet normal 0.393246 -0.588582 -0.706349
    outer loop
      vertex 29.0177 2.68858 36.8
      vertex 28.5362 2.4 36.7724
      vertex 26.4 6.1 32.5
    endloop
  endfacet
  facet normal -0.313078 0.634865 -0.706349
    outer loop
      vertex 26.4 6.1 32.5
      vertex 24.25 9.82391 36.8
      vertex 24.7545 10.0727 36.8
    endloop
  endfacet
  facet normal 0.634892 0.313029 -0.706346
    outer loop
      vertex 30.1 7.63259 36.5049
      vertex 26.4 6.1 32.5
      vertex 30.1 8.2362 36.7724
    endloop
  endfacet
  facet normal -0.393156 -0.588412 -0.706541
    outer loop
      vertex 23.7823 2.68858 36.8
      vertex 24.2638 2.4 36.7724
      vertex 24.2142 2.4 36.8
    endloop
  endfacet
  facet normal -0.393246 -0.588582 -0.706349
    outer loop
      vertex 24.2638 2.4 36.7724
      vertex 23.7823 2.68858 36.8
      vertex 26.4 6.1 32.5
    endloop
  endfacet
  facet normal -0.670297 -0.227535 -0.70635
    outer loop
      vertex 22.4273 4.45446 36.8
      vertex 22.2465 4.98708 36.8
      vertex 26.4 6.1 32.5
    endloop
  endfacet
  facet normal 0.0462586 -0.70635 -0.70635
    outer loop
      vertex 26.4 2.4 36.2
      vertex 26.4 6.1 32.5
      vertex 26.8871 2.4 36.2319
    endloop
  endfacet
  facet normal 0.588495 -0.393247 -0.706421
    outer loop
      vertex 29.8114 3.48233 36.8
      vertex 30.1 3.9638 36.7724
      vertex 30.1 3.91422 36.8
    endloop
  endfacet
  facet normal 0.58856 -0.393282 -0.706348
    outer loop
      vertex 30.1 3.9638 36.7724
      vertex 29.8114 3.48233 36.8
      vertex 26.4 6.1 32.5
    endloop
  endfacet
  facet normal -0.466717 -0.532207 -0.70635
    outer loop
      vertex 23.7823 2.68858 36.8
      vertex 23.3594 3.05944 36.8
      vertex 26.4 6.1 32.5
    endloop
  endfacet
  facet normal -0.0462586 -0.70635 -0.70635
    outer loop
      vertex 26.4 2.4 36.2
      vertex 25.9129 2.4 36.2319
      vertex 26.4 6.1 32.5
    endloop
  endfacet
  facet normal 0.694259 -0.138105 -0.706351
    outer loop
      vertex 30.1 5.10859 36.3305
      vertex 26.4 6.1 32.5
      vertex 30.1 5.61289 36.2319
    endloop
  endfacet
  facet normal -0.69427 0.138059 -0.706349
    outer loop
      vertex 26.4 6.1 32.5
      vertex 22.1368 6.66126 36.8
      vertex 22.2465 7.21292 36.8
    endloop
  endfacet
  facet normal -0.53224 0.466681 -0.706349
    outer loop
      vertex 26.4 6.1 32.5
      vertex 22.9886 8.71767 36.8
      vertex 23.3594 9.14056 36.8
    endloop
  endfacet
  facet normal -0.466717 0.532207 -0.70635
    outer loop
      vertex 26.4 6.1 32.5
      vertex 23.3594 9.14056 36.8
      vertex 23.7823 9.51142 36.8
    endloop
  endfacet
  facet normal -0.227543 0.670295 -0.706349
    outer loop
      vertex 26.4 6.1 32.5
      vertex 24.7545 10.0727 36.8
      vertex 25.2871 10.2535 36.8
    endloop
  endfacet
  facet normal 0.138073 0.694267 -0.706349
    outer loop
      vertex 27.5129 10.2535 36.8
      vertex 26.4 6.1 32.5
      vertex 26.9613 10.3632 36.8
    endloop
  endfacet
  facet normal 0.466717 0.532207 -0.70635
    outer loop
      vertex 29.4406 9.14056 36.8
      vertex 26.4 6.1 32.5
      vertex 29.0177 9.51142 36.8
    endloop
  endfacet
  facet normal 0.53224 0.466681 -0.706349
    outer loop
      vertex 29.8114 8.71767 36.8
      vertex 26.4 6.1 32.5
      vertex 29.4406 9.14056 36.8
    endloop
  endfacet
  facet normal 0.670268 0.227627 -0.706347
    outer loop
      vertex 30.1 7.09141 36.3305
      vertex 26.4 6.1 32.5
      vertex 30.1 7.63259 36.5049
    endloop
  endfacet
  facet normal -0.313035 -0.634889 -0.706346
    outer loop
      vertex 24.8674 2.4 36.5049
      vertex 24.2638 2.4 36.7724
      vertex 26.4 6.1 32.5
    endloop
  endfacet
  facet normal -0.227618 -0.670271 -0.706347
    outer loop
      vertex 25.4086 2.4 36.3305
      vertex 24.8674 2.4 36.5049
      vertex 26.4 6.1 32.5
    endloop
  endfacet
  facet normal -0.63485 -0.313108 -0.706349
    outer loop
      vertex 22.6761 3.95 36.8
      vertex 22.4273 4.45446 36.8
      vertex 26.4 6.1 32.5
    endloop
  endfacet
  facet normal -0.588561 -0.39328 -0.706348
    outer loop
      vertex 22.9886 3.48233 36.8
      vertex 22.6761 3.95 36.8
      vertex 26.4 6.1 32.5
    endloop
  endfacet
  facet normal -0.706348 -0.046313 -0.706348
    outer loop
      vertex 22.1368 5.53874 36.8
      vertex 22.1 6.1 36.8
      vertex 26.4 6.1 32.5
    endloop
  endfacet
  facet normal -0.69427 -0.138059 -0.706349
    outer loop
      vertex 22.2465 4.98708 36.8
      vertex 22.1368 5.53874 36.8
      vertex 26.4 6.1 32.5
    endloop
  endfacet
  facet normal 0.227618 -0.670271 -0.706347
    outer loop
      vertex 27.3914 2.4 36.3305
      vertex 26.4 6.1 32.5
      vertex 27.9326 2.4 36.5049
    endloop
  endfacet
  facet normal 0.313035 -0.634889 -0.706346
    outer loop
      vertex 27.9326 2.4 36.5049
      vertex 26.4 6.1 32.5
      vertex 28.5362 2.4 36.7724
    endloop
  endfacet
  facet normal 0.138105 -0.694259 -0.706351
    outer loop
      vertex 26.8871 2.4 36.2319
      vertex 26.4 6.1 32.5
      vertex 27.3914 2.4 36.3305
    endloop
  endfacet
  facet normal 0.466717 -0.532207 -0.70635
    outer loop
      vertex 29.0177 2.68858 36.8
      vertex 26.4 6.1 32.5
      vertex 29.4406 3.05944 36.8
    endloop
  endfacet
  facet normal 0.53224 -0.466681 -0.706349
    outer loop
      vertex 29.4406 3.05944 36.8
      vertex 26.4 6.1 32.5
      vertex 29.8114 3.48233 36.8
    endloop
  endfacet
  facet normal 0.634892 -0.313029 -0.706346
    outer loop
      vertex 30.1 3.9638 36.7724
      vertex 26.4 6.1 32.5
      vertex 30.1 4.56741 36.5049
    endloop
  endfacet
  facet normal 0.670268 -0.227627 -0.706347
    outer loop
      vertex 30.1 4.56741 36.5049
      vertex 26.4 6.1 32.5
      vertex 30.1 5.10859 36.3305
    endloop
  endfacet
  facet normal -0.706348 0.046313 -0.706348
    outer loop
      vertex 26.4 6.1 32.5
      vertex 22.1 6.1 36.8
      vertex 22.1368 6.66126 36.8
    endloop
  endfacet
  facet normal -0.588561 0.39328 -0.706348
    outer loop
      vertex 26.4 6.1 32.5
      vertex 22.6761 8.25 36.8
      vertex 22.9886 8.71767 36.8
    endloop
  endfacet
  facet normal -0.63485 0.313108 -0.706349
    outer loop
      vertex 26.4 6.1 32.5
      vertex 22.4273 7.74554 36.8
      vertex 22.6761 8.25 36.8
    endloop
  endfacet
  facet normal -0.393253 0.588577 -0.706349
    outer loop
      vertex 26.4 6.1 32.5
      vertex 23.7823 9.51142 36.8
      vertex 24.25 9.82391 36.8
    endloop
  endfacet
  facet normal -0.0463097 0.706348 -0.706348
    outer loop
      vertex 26.4 6.1 32.5
      vertex 25.8387 10.3632 36.8
      vertex 26.4 10.4 36.8
    endloop
  endfacet
  facet normal -0.138073 0.694267 -0.706349
    outer loop
      vertex 26.4 6.1 32.5
      vertex 25.2871 10.2535 36.8
      vertex 25.8387 10.3632 36.8
    endloop
  endfacet
  facet normal 0.0463097 0.706348 -0.706348
    outer loop
      vertex 26.4 6.1 32.5
      vertex 26.4 10.4 36.8
      vertex 26.9613 10.3632 36.8
    endloop
  endfacet
  facet normal 0.393253 0.588577 -0.706349
    outer loop
      vertex 29.0177 9.51142 36.8
      vertex 26.4 6.1 32.5
      vertex 28.55 9.82391 36.8
    endloop
  endfacet
  facet normal 0.313078 0.634865 -0.706349
    outer loop
      vertex 28.55 9.82391 36.8
      vertex 26.4 6.1 32.5
      vertex 28.0455 10.0727 36.8
    endloop
  endfacet
  facet normal 0.588495 0.393247 -0.706421
    outer loop
      vertex 30.1 8.2362 36.7724
      vertex 29.8114 8.71767 36.8
      vertex 30.1 8.28578 36.8
    endloop
  endfacet
  facet normal 0.58856 0.393282 -0.706348
    outer loop
      vertex 29.8114 8.71767 36.8
      vertex 30.1 8.2362 36.7724
      vertex 26.4 6.1 32.5
    endloop
  endfacet
  facet normal 0.70635 0.0462576 -0.70635
    outer loop
      vertex 30.1 6.1 36.2
      vertex 26.4 6.1 32.5
      vertex 30.1 6.58711 36.2319
    endloop
  endfacet
  facet normal 0.694259 0.138105 -0.706351
    outer loop
      vertex 30.1 6.58711 36.2319
      vertex 26.4 6.1 32.5
      vertex 30.1 7.09141 36.3305
    endloop
  endfacet
  facet normal 1 -0 0
    outer loop
      vertex -22.5 34.8 21
      vertex -22.5 36 10.5
      vertex -22.5 36 21
    endloop
  endfacet
  facet normal 1 0 0
    outer loop
      vertex -22.5 36 10.5
      vertex -22.5 34.8 21
      vertex -22.5 34.8 10.5
    endloop
  endfacet
  facet normal -0 0 1
    outer loop
      vertex -22.5 36 10.5
      vertex -17.5 34.8 10.5
      vertex -17.5 36 10.5
    endloop
  endfacet
  facet normal 0 0 1
    outer loop
      vertex -17.5 34.8 10.5
      vertex -22.5 36 10.5
      vertex -22.5 34.8 10.5
    endloop
  endfacet
  facet normal -1 0 0
    outer loop
      vertex -17.5 34.8 10.5
      vertex -17.5 36 21
      vertex -17.5 36 10.5
    endloop
  endfacet
  facet normal -1 -0 0
    outer loop
      vertex -17.5 36 21
      vertex -17.5 34.8 10.5
      vertex -17.5 34.8 21
    endloop
  endfacet
  facet normal 0 1 -0
    outer loop
      vertex -17.5 34.8 10.5
      vertex -22.5 34.8 21
      vertex -17.5 34.8 21
    endloop
  endfacet
  facet normal 0 1 0
    outer loop
      vertex -22.5 34.8 21
      vertex -17.5 34.8 10.5
      vertex -22.5 34.8 10.5
    endloop
  endfacet
  facet normal 0 0 -1
    outer loop
      vertex -22.5 34.8 21
      vertex -17.5 36 21
      vertex -17.5 34.8 21
    endloop
  endfacet
  facet normal -0 0 -1
    outer loop
      vertex -17.5 36 21
      vertex -22.5 34.8 21
      vertex -22.5 36 21
    endloop
  endfacet
  facet normal 1 -0 0
    outer loop
      vertex 17.5 34.8 21
      vertex 17.5 36 10.5
      vertex 17.5 36 21
    endloop
  endfacet
  facet normal 1 0 0
    outer loop
      vertex 17.5 36 10.5
      vertex 17.5 34.8 21
      vertex 17.5 34.8 10.5
    endloop
  endfacet
  facet normal -0 0 1
    outer loop
      vertex 17.5 36 10.5
      vertex 22.5 34.8 10.5
      vertex 22.5 36 10.5
    endloop
  endfacet
  facet normal 0 0 1
    outer loop
      vertex 22.5 34.8 10.5
      vertex 17.5 36 10.5
      vertex 17.5 34.8 10.5
    endloop
  endfacet
  facet normal -1 0 0
    outer loop
      vertex 22.5 34.8 10.5
      vertex 22.5 36 21
      vertex 22.5 36 10.5
    endloop
  endfacet
  facet normal -1 -0 0
    outer loop
      vertex 22.5 36 21
      vertex 22.5 34.8 10.5
      vertex 22.5 34.8 21
    endloop
  endfacet
  facet normal 0 1 -0
    outer loop
      vertex 22.5 34.8 10.5
      vertex 17.5 34.8 21
      vertex 22.5 34.8 21
    endloop
  endfacet
  facet normal 0 1 0
    outer loop
      vertex 17.5 34.8 21
      vertex 22.5 34.8 10.5
      vertex 17.5 34.8 10.5
    endloop
  endfacet
  facet normal 0 0 -1
    outer loop
      vertex 17.5 34.8 21
      vertex 22.5 36 21
      vertex 22.5 34.8 21
    endloop
  endfacet
  facet normal -0 0 -1
    outer loop
      vertex 22.5 36 21
      vertex 17.5 34.8 21
      vertex 17.5 36 21
    endloop
  endfacet
  facet normal -0.555553 0.831481 0
    outer loop
      vertex -24.5128 27.4406 37.4
      vertex -24.85 27.2153 39.4
      vertex -24.5128 27.4406 39.4
    endloop
  endfacet
  facet normal -0.555553 0.831481 0
    outer loop
      vertex -24.85 27.2153 39.4
      vertex -24.5128 27.4406 37.4
      vertex -24.85 27.2153 37.4
    endloop
  endfacet
  facet normal -0.980789 -0.195073 0
    outer loop
      vertex -23.3265 30.3046 37.4
      vertex -23.4056 30.7023 39.4
      vertex -23.4056 30.7023 37.4
    endloop
  endfacet
  facet normal -0.980789 -0.195073 0
    outer loop
      vertex -23.4056 30.7023 39.4
      vertex -23.3265 30.3046 37.4
      vertex -23.3265 30.3046 39.4
    endloop
  endfacet
  facet normal 0.321549 -0.946893 0
    outer loop
      vertex -27.5863 32.764 37.4
      vertex -27.2023 32.8944 39.4
      vertex -27.5863 32.764 39.4
    endloop
  endfacet
  facet normal 0.321549 -0.946893 0
    outer loop
      vertex -27.2023 32.8944 39.4
      vertex -27.5863 32.764 37.4
      vertex -27.2023 32.8944 37.4
    endloop
  endfacet
  facet normal 0.321549 0.946893 -0
    outer loop
      vertex -27.2023 26.9056 37.4
      vertex -27.5863 27.036 39.4
      vertex -27.2023 26.9056 39.4
    endloop
  endfacet
  facet normal 0.321549 0.946893 0
    outer loop
      vertex -27.5863 27.036 39.4
      vertex -27.2023 26.9056 37.4
      vertex -27.5863 27.036 37.4
    endloop
  endfacet
  facet normal 0.896928 0.442176 0
    outer loop
      vertex -29.0847 28.35 39.4
      vertex -29.264 28.7137 37.4
      vertex -29.264 28.7137 39.4
    endloop
  endfacet
  facet normal 0.896928 0.442176 0
    outer loop
      vertex -29.264 28.7137 37.4
      vertex -29.0847 28.35 39.4
      vertex -29.0847 28.35 37.4
    endloop
  endfacet
  facet normal -0.896928 0.442176 0
    outer loop
      vertex -23.7153 28.35 37.4
      vertex -23.536 28.7137 39.4
      vertex -23.536 28.7137 37.4
    endloop
  endfacet
  facet normal -0.896928 0.442176 0
    outer loop
      vertex -23.536 28.7137 39.4
      vertex -23.7153 28.35 37.4
      vertex -23.7153 28.35 39.4
    endloop
  endfacet
  facet normal -0.980789 0.195073 0
    outer loop
      vertex -23.4056 29.0977 37.4
      vertex -23.3265 29.4954 39.4
      vertex -23.3265 29.4954 37.4
    endloop
  endfacet
  facet normal -0.980789 0.195073 0
    outer loop
      vertex -23.3265 29.4954 39.4
      vertex -23.4056 29.0977 37.4
      vertex -23.4056 29.0977 39.4
    endloop
  endfacet
  facet normal -0.831481 0.555553 0
    outer loop
      vertex -23.9406 28.0128 37.4
      vertex -23.7153 28.35 39.4
      vertex -23.7153 28.35 37.4
    endloop
  endfacet
  facet normal -0.831481 0.555553 0
    outer loop
      vertex -23.7153 28.35 39.4
      vertex -23.9406 28.0128 37.4
      vertex -23.9406 28.0128 39.4
    endloop
  endfacet
  facet normal -0.659482 0.751721 0
    outer loop
      vertex -24.208 27.708 37.4
      vertex -24.5128 27.4406 39.4
      vertex -24.208 27.708 39.4
    endloop
  endfacet
  facet normal -0.659482 0.751721 0
    outer loop
      vertex -24.5128 27.4406 39.4
      vertex -24.208 27.708 37.4
      vertex -24.5128 27.4406 37.4
    endloop
  endfacet
  facet normal -0.321549 0.946893 0
    outer loop
      vertex -25.2137 27.036 37.4
      vertex -25.5977 26.9056 39.4
      vertex -25.2137 27.036 39.4
    endloop
  endfacet
  facet normal -0.321549 0.946893 0
    outer loop
      vertex -25.5977 26.9056 39.4
      vertex -25.2137 27.036 37.4
      vertex -25.5977 26.9056 37.4
    endloop
  endfacet
  facet normal -0.0653568 0.997862 0
    outer loop
      vertex -25.9954 26.8265 37.4
      vertex -26.4 26.8 39.4
      vertex -25.9954 26.8265 39.4
    endloop
  endfacet
  facet normal -0.0653568 0.997862 0
    outer loop
      vertex -26.4 26.8 39.4
      vertex -25.9954 26.8265 37.4
      vertex -26.4 26.8 37.4
    endloop
  endfacet
  facet normal -0.195073 0.980789 0
    outer loop
      vertex -25.5977 26.9056 37.4
      vertex -25.9954 26.8265 39.4
      vertex -25.5977 26.9056 39.4
    endloop
  endfacet
  facet normal -0.195073 0.980789 0
    outer loop
      vertex -25.9954 26.8265 39.4
      vertex -25.5977 26.9056 37.4
      vertex -25.9954 26.8265 37.4
    endloop
  endfacet
  facet normal 0.980789 0.195073 0
    outer loop
      vertex -29.3944 29.0977 39.4
      vertex -29.4735 29.4954 37.4
      vertex -29.4735 29.4954 39.4
    endloop
  endfacet
  facet normal 0.980789 0.195073 0
    outer loop
      vertex -29.4735 29.4954 37.4
      vertex -29.3944 29.0977 39.4
      vertex -29.3944 29.0977 37.4
    endloop
  endfacet
  facet normal 0.751721 0.659482 0
    outer loop
      vertex -28.592 27.708 39.4
      vertex -28.8594 28.0128 37.4
      vertex -28.8594 28.0128 39.4
    endloop
  endfacet
  facet normal 0.751721 0.659482 0
    outer loop
      vertex -28.8594 28.0128 37.4
      vertex -28.592 27.708 39.4
      vertex -28.592 27.708 37.4
    endloop
  endfacet
  facet normal 0.442176 0.896928 -0
    outer loop
      vertex -27.5863 27.036 37.4
      vertex -27.95 27.2153 39.4
      vertex -27.5863 27.036 39.4
    endloop
  endfacet
  facet normal 0.442176 0.896928 0
    outer loop
      vertex -27.95 27.2153 39.4
      vertex -27.5863 27.036 37.4
      vertex -27.95 27.2153 37.4
    endloop
  endfacet
  facet normal 0.195073 0.980789 -0
    outer loop
      vertex -26.8046 26.8265 37.4
      vertex -27.2023 26.9056 39.4
      vertex -26.8046 26.8265 39.4
    endloop
  endfacet
  facet normal 0.195073 0.980789 0
    outer loop
      vertex -27.2023 26.9056 39.4
      vertex -26.8046 26.8265 37.4
      vertex -27.2023 26.9056 37.4
    endloop
  endfacet
  facet normal -0.997862 0.0653568 0
    outer loop
      vertex -23.3265 29.4954 37.4
      vertex -23.3 29.9 39.4
      vertex -23.3 29.9 37.4
    endloop
  endfacet
  facet normal -0.997862 0.0653568 0
    outer loop
      vertex -23.3 29.9 39.4
      vertex -23.3265 29.4954 37.4
      vertex -23.3265 29.4954 39.4
    endloop
  endfacet
  facet normal -0.946893 -0.321549 0
    outer loop
      vertex -23.4056 30.7023 37.4
      vertex -23.536 31.0863 39.4
      vertex -23.536 31.0863 37.4
    endloop
  endfacet
  facet normal -0.946893 -0.321549 0
    outer loop
      vertex -23.536 31.0863 39.4
      vertex -23.4056 30.7023 37.4
      vertex -23.4056 30.7023 39.4
    endloop
  endfacet
  facet normal 0.195073 -0.980789 0
    outer loop
      vertex -27.2023 32.8944 37.4
      vertex -26.8046 32.9735 39.4
      vertex -27.2023 32.8944 39.4
    endloop
  endfacet
  facet normal 0.195073 -0.980789 0
    outer loop
      vertex -26.8046 32.9735 39.4
      vertex -27.2023 32.8944 37.4
      vertex -26.8046 32.9735 37.4
    endloop
  endfacet
  facet normal 0.659482 -0.751721 0
    outer loop
      vertex -28.592 32.092 37.4
      vertex -28.2872 32.3594 39.4
      vertex -28.592 32.092 39.4
    endloop
  endfacet
  facet normal 0.659482 -0.751721 0
    outer loop
      vertex -28.2872 32.3594 39.4
      vertex -28.592 32.092 37.4
      vertex -28.2872 32.3594 37.4
    endloop
  endfacet
  facet normal 0.896928 -0.442176 0
    outer loop
      vertex -29.264 31.0863 39.4
      vertex -29.0847 31.45 37.4
      vertex -29.0847 31.45 39.4
    endloop
  endfacet
  facet normal 0.896928 -0.442176 0
    outer loop
      vertex -29.0847 31.45 37.4
      vertex -29.264 31.0863 39.4
      vertex -29.264 31.0863 37.4
    endloop
  endfacet
  facet normal -0.946893 0.321549 0
    outer loop
      vertex -23.536 28.7137 37.4
      vertex -23.4056 29.0977 39.4
      vertex -23.4056 29.0977 37.4
    endloop
  endfacet
  facet normal -0.946893 0.321549 0
    outer loop
      vertex -23.4056 29.0977 39.4
      vertex -23.536 28.7137 37.4
      vertex -23.536 28.7137 39.4
    endloop
  endfacet
  facet normal -0.751721 0.659482 0
    outer loop
      vertex -24.208 27.708 37.4
      vertex -23.9406 28.0128 39.4
      vertex -23.9406 28.0128 37.4
    endloop
  endfacet
  facet normal -0.751721 0.659482 0
    outer loop
      vertex -23.9406 28.0128 39.4
      vertex -24.208 27.708 37.4
      vertex -24.208 27.708 39.4
    endloop
  endfacet
  facet normal -0.442176 0.896928 0
    outer loop
      vertex -24.85 27.2153 37.4
      vertex -25.2137 27.036 39.4
      vertex -24.85 27.2153 39.4
    endloop
  endfacet
  facet normal -0.442176 0.896928 0
    outer loop
      vertex -25.2137 27.036 39.4
      vertex -24.85 27.2153 37.4
      vertex -25.2137 27.036 37.4
    endloop
  endfacet
  facet normal 0.997862 0.0653568 0
    outer loop
      vertex -29.4735 29.4954 39.4
      vertex -29.5 29.9 37.4
      vertex -29.5 29.9 39.4
    endloop
  endfacet
  facet normal 0.997862 0.0653568 0
    outer loop
      vertex -29.5 29.9 37.4
      vertex -29.4735 29.4954 39.4
      vertex -29.4735 29.4954 37.4
    endloop
  endfacet
  facet normal 0.946893 0.321549 0
    outer loop
      vertex -29.264 28.7137 39.4
      vertex -29.3944 29.0977 37.4
      vertex -29.3944 29.0977 39.4
    endloop
  endfacet
  facet normal 0.946893 0.321549 0
    outer loop
      vertex -29.3944 29.0977 37.4
      vertex -29.264 28.7137 39.4
      vertex -29.264 28.7137 37.4
    endloop
  endfacet
  facet normal 0.831481 0.555553 0
    outer loop
      vertex -28.8594 28.0128 39.4
      vertex -29.0847 28.35 37.4
      vertex -29.0847 28.35 39.4
    endloop
  endfacet
  facet normal 0.831481 0.555553 0
    outer loop
      vertex -29.0847 28.35 37.4
      vertex -28.8594 28.0128 39.4
      vertex -28.8594 28.0128 37.4
    endloop
  endfacet
  facet normal 0.0653568 0.997862 -0
    outer loop
      vertex -26.4 26.8 37.4
      vertex -26.8046 26.8265 39.4
      vertex -26.4 26.8 39.4
    endloop
  endfacet
  facet normal 0.0653568 0.997862 0
    outer loop
      vertex -26.8046 26.8265 39.4
      vertex -26.4 26.8 37.4
      vertex -26.8046 26.8265 37.4
    endloop
  endfacet
  facet normal 0.555553 0.831481 -0
    outer loop
      vertex -27.95 27.2153 37.4
      vertex -28.2872 27.4406 39.4
      vertex -27.95 27.2153 39.4
    endloop
  endfacet
  facet normal 0.555553 0.831481 0
    outer loop
      vertex -28.2872 27.4406 39.4
      vertex -27.95 27.2153 37.4
      vertex -28.2872 27.4406 37.4
    endloop
  endfacet
  facet normal 0.659482 0.751721 -0
    outer loop
      vertex -28.2872 27.4406 37.4
      vertex -28.592 27.708 39.4
      vertex -28.2872 27.4406 39.4
    endloop
  endfacet
  facet normal 0.659482 0.751721 0
    outer loop
      vertex -28.592 27.708 39.4
      vertex -28.2872 27.4406 37.4
      vertex -28.592 27.708 37.4
    endloop
  endfacet
  facet normal -0.997862 -0.0653568 0
    outer loop
      vertex -23.3 29.9 37.4
      vertex -23.3265 30.3046 39.4
      vertex -23.3265 30.3046 37.4
    endloop
  endfacet
  facet normal -0.997862 -0.0653568 0
    outer loop
      vertex -23.3265 30.3046 39.4
      vertex -23.3 29.9 37.4
      vertex -23.3 29.9 39.4
    endloop
  endfacet
  facet normal -0.0653568 -0.997862 0
    outer loop
      vertex -26.4 33 37.4
      vertex -25.9954 32.9735 39.4
      vertex -26.4 33 39.4
    endloop
  endfacet
  facet normal -0.0653568 -0.997862 -0
    outer loop
      vertex -25.9954 32.9735 39.4
      vertex -26.4 33 37.4
      vertex -25.9954 32.9735 37.4
    endloop
  endfacet
  facet normal -0.831481 -0.555553 0
    outer loop
      vertex -23.7153 31.45 37.4
      vertex -23.9406 31.7872 39.4
      vertex -23.9406 31.7872 37.4
    endloop
  endfacet
  facet normal -0.831481 -0.555553 0
    outer loop
      vertex -23.9406 31.7872 39.4
      vertex -23.7153 31.45 37.4
      vertex -23.7153 31.45 39.4
    endloop
  endfacet
  facet normal -0.896928 -0.442176 0
    outer loop
      vertex -23.536 31.0863 37.4
      vertex -23.7153 31.45 39.4
      vertex -23.7153 31.45 37.4
    endloop
  endfacet
  facet normal -0.896928 -0.442176 0
    outer loop
      vertex -23.7153 31.45 39.4
      vertex -23.536 31.0863 37.4
      vertex -23.536 31.0863 39.4
    endloop
  endfacet
  facet normal -0.195073 -0.980789 0
    outer loop
      vertex -25.9954 32.9735 37.4
      vertex -25.5977 32.8944 39.4
      vertex -25.9954 32.9735 39.4
    endloop
  endfacet
  facet normal -0.195073 -0.980789 -0
    outer loop
      vertex -25.5977 32.8944 39.4
      vertex -25.9954 32.9735 37.4
      vertex -25.5977 32.8944 37.4
    endloop
  endfacet
  facet normal -0.321549 -0.946893 0
    outer loop
      vertex -25.5977 32.8944 37.4
      vertex -25.2137 32.764 39.4
      vertex -25.5977 32.8944 39.4
    endloop
  endfacet
  facet normal -0.321549 -0.946893 -0
    outer loop
      vertex -25.2137 32.764 39.4
      vertex -25.5977 32.8944 37.4
      vertex -25.2137 32.764 37.4
    endloop
  endfacet
  facet normal -0.751721 -0.659482 0
    outer loop
      vertex -23.9406 31.7872 37.4
      vertex -24.208 32.092 39.4
      vertex -24.208 32.092 37.4
    endloop
  endfacet
  facet normal -0.751721 -0.659482 0
    outer loop
      vertex -24.208 32.092 39.4
      vertex -23.9406 31.7872 37.4
      vertex -23.9406 31.7872 39.4
    endloop
  endfacet
  facet normal -0.555553 -0.831481 0
    outer loop
      vertex -24.85 32.5847 37.4
      vertex -24.5128 32.3594 39.4
      vertex -24.85 32.5847 39.4
    endloop
  endfacet
  facet normal -0.555553 -0.831481 -0
    outer loop
      vertex -24.5128 32.3594 39.4
      vertex -24.85 32.5847 37.4
      vertex -24.5128 32.3594 37.4
    endloop
  endfacet
  facet normal 0.0653568 -0.997862 0
    outer loop
      vertex -26.8046 32.9735 37.4
      vertex -26.4 33 39.4
      vertex -26.8046 32.9735 39.4
    endloop
  endfacet
  facet normal 0.0653568 -0.997862 0
    outer loop
      vertex -26.4 33 39.4
      vertex -26.8046 32.9735 37.4
      vertex -26.4 33 37.4
    endloop
  endfacet
  facet normal 0.442176 -0.896928 0
    outer loop
      vertex -27.95 32.5847 37.4
      vertex -27.5863 32.764 39.4
      vertex -27.95 32.5847 39.4
    endloop
  endfacet
  facet normal 0.442176 -0.896928 0
    outer loop
      vertex -27.5863 32.764 39.4
      vertex -27.95 32.5847 37.4
      vertex -27.5863 32.764 37.4
    endloop
  endfacet
  facet normal 0.946893 -0.321549 0
    outer loop
      vertex -29.3944 30.7023 39.4
      vertex -29.264 31.0863 37.4
      vertex -29.264 31.0863 39.4
    endloop
  endfacet
  facet normal 0.946893 -0.321549 0
    outer loop
      vertex -29.264 31.0863 37.4
      vertex -29.3944 30.7023 39.4
      vertex -29.3944 30.7023 37.4
    endloop
  endfacet
  facet normal 0.997862 -0.0653568 0
    outer loop
      vertex -29.5 29.9 39.4
      vertex -29.4735 30.3046 37.4
      vertex -29.4735 30.3046 39.4
    endloop
  endfacet
  facet normal 0.997862 -0.0653568 0
    outer loop
      vertex -29.4735 30.3046 37.4
      vertex -29.5 29.9 39.4
      vertex -29.5 29.9 37.4
    endloop
  endfacet
  facet normal 0.831481 -0.555553 0
    outer loop
      vertex -29.0847 31.45 39.4
      vertex -28.8594 31.7872 37.4
      vertex -28.8594 31.7872 39.4
    endloop
  endfacet
  facet normal 0.831481 -0.555553 0
    outer loop
      vertex -28.8594 31.7872 37.4
      vertex -29.0847 31.45 39.4
      vertex -29.0847 31.45 37.4
    endloop
  endfacet
  facet normal 0 0 1
    outer loop
      vertex -23.3265 30.3046 37.4
      vertex -23.3265 29.4954 37.4
      vertex -23.3 29.9 37.4
    endloop
  endfacet
  facet normal 0 0 1
    outer loop
      vertex -23.4056 30.7023 37.4
      vertex -23.3265 29.4954 37.4
      vertex -23.3265 30.3046 37.4
    endloop
  endfacet
  facet normal 0 0 1
    outer loop
      vertex -23.4056 30.7023 37.4
      vertex -23.4056 29.0977 37.4
      vertex -23.3265 29.4954 37.4
    endloop
  endfacet
  facet normal 0 0 1
    outer loop
      vertex -23.536 31.0863 37.4
      vertex -23.4056 29.0977 37.4
      vertex -23.4056 30.7023 37.4
    endloop
  endfacet
  facet normal 0 0 1
    outer loop
      vertex -23.536 31.0863 37.4
      vertex -23.536 28.7137 37.4
      vertex -23.4056 29.0977 37.4
    endloop
  endfacet
  facet normal 0 0 1
    outer loop
      vertex -23.7153 31.45 37.4
      vertex -23.536 28.7137 37.4
      vertex -23.536 31.0863 37.4
    endloop
  endfacet
  facet normal 0 0 1
    outer loop
      vertex -23.7153 31.45 37.4
      vertex -23.7153 28.35 37.4
      vertex -23.536 28.7137 37.4
    endloop
  endfacet
  facet normal 0 0 1
    outer loop
      vertex -23.9406 31.7872 37.4
      vertex -23.7153 28.35 37.4
      vertex -23.7153 31.45 37.4
    endloop
  endfacet
  facet normal 0 0 1
    outer loop
      vertex -23.9406 31.7872 37.4
      vertex -23.9406 28.0128 37.4
      vertex -23.7153 28.35 37.4
    endloop
  endfacet
  facet normal 0 0 1
    outer loop
      vertex -24.208 32.092 37.4
      vertex -23.9406 28.0128 37.4
      vertex -23.9406 31.7872 37.4
    endloop
  endfacet
  facet normal 0 0 1
    outer loop
      vertex -24.208 32.092 37.4
      vertex -24.208 27.708 37.4
      vertex -23.9406 28.0128 37.4
    endloop
  endfacet
  facet normal 0 0 1
    outer loop
      vertex -24.5128 32.3594 37.4
      vertex -24.208 27.708 37.4
      vertex -24.208 32.092 37.4
    endloop
  endfacet
  facet normal 0 0 1
    outer loop
      vertex -24.5128 32.3594 37.4
      vertex -24.5128 27.4406 37.4
      vertex -24.208 27.708 37.4
    endloop
  endfacet
  facet normal 0 0 1
    outer loop
      vertex -24.85 32.5847 37.4
      vertex -24.5128 27.4406 37.4
      vertex -24.5128 32.3594 37.4
    endloop
  endfacet
  facet normal 0 0 1
    outer loop
      vertex -24.85 32.5847 37.4
      vertex -24.85 27.2153 37.4
      vertex -24.5128 27.4406 37.4
    endloop
  endfacet
  facet normal 0 0 1
    outer loop
      vertex -25.2137 32.764 37.4
      vertex -24.85 27.2153 37.4
      vertex -24.85 32.5847 37.4
    endloop
  endfacet
  facet normal 0 0 1
    outer loop
      vertex -25.2137 32.764 37.4
      vertex -25.2137 27.036 37.4
      vertex -24.85 27.2153 37.4
    endloop
  endfacet
  facet normal 0 0 1
    outer loop
      vertex -25.5977 32.8944 37.4
      vertex -25.2137 27.036 37.4
      vertex -25.2137 32.764 37.4
    endloop
  endfacet
  facet normal 0 0 1
    outer loop
      vertex -25.5977 32.8944 37.4
      vertex -25.5977 26.9056 37.4
      vertex -25.2137 27.036 37.4
    endloop
  endfacet
  facet normal 0 0 1
    outer loop
      vertex -25.9954 32.9735 37.4
      vertex -25.5977 26.9056 37.4
      vertex -25.5977 32.8944 37.4
    endloop
  endfacet
  facet normal 0 0 1
    outer loop
      vertex -25.9954 32.9735 37.4
      vertex -25.9954 26.8265 37.4
      vertex -25.5977 26.9056 37.4
    endloop
  endfacet
  facet normal 0 0 1
    outer loop
      vertex -26.4 33 37.4
      vertex -25.9954 26.8265 37.4
      vertex -25.9954 32.9735 37.4
    endloop
  endfacet
  facet normal 0 0 1
    outer loop
      vertex -26.4 33 37.4
      vertex -26.4 26.8 37.4
      vertex -25.9954 26.8265 37.4
    endloop
  endfacet
  facet normal -0 0 1
    outer loop
      vertex -26.8046 32.9735 37.4
      vertex -26.4 26.8 37.4
      vertex -26.4 33 37.4
    endloop
  endfacet
  facet normal 0 0 1
    outer loop
      vertex -26.8046 32.9735 37.4
      vertex -26.8046 26.8265 37.4
      vertex -26.4 26.8 37.4
    endloop
  endfacet
  facet normal -0 0 1
    outer loop
      vertex -27.2023 32.8944 37.4
      vertex -26.8046 26.8265 37.4
      vertex -26.8046 32.9735 37.4
    endloop
  endfacet
  facet normal 0 0 1
    outer loop
      vertex -27.2023 32.8944 37.4
      vertex -27.2023 26.9056 37.4
      vertex -26.8046 26.8265 37.4
    endloop
  endfacet
  facet normal -0 0 1
    outer loop
      vertex -27.5863 32.764 37.4
      vertex -27.2023 26.9056 37.4
      vertex -27.2023 32.8944 37.4
    endloop
  endfacet
  facet normal 0 0 1
    outer loop
      vertex -27.5863 32.764 37.4
      vertex -27.5863 27.036 37.4
      vertex -27.2023 26.9056 37.4
    endloop
  endfacet
  facet normal -0 0 1
    outer loop
      vertex -27.95 32.5847 37.4
      vertex -27.5863 27.036 37.4
      vertex -27.5863 32.764 37.4
    endloop
  endfacet
  facet normal 0 0 1
    outer loop
      vertex -27.95 32.5847 37.4
      vertex -27.95 27.2153 37.4
      vertex -27.5863 27.036 37.4
    endloop
  endfacet
  facet normal -0 0 1
    outer loop
      vertex -28.2872 32.3594 37.4
      vertex -27.95 27.2153 37.4
      vertex -27.95 32.5847 37.4
    endloop
  endfacet
  facet normal 0 0 1
    outer loop
      vertex -28.2872 32.3594 37.4
      vertex -28.2872 27.4406 37.4
      vertex -27.95 27.2153 37.4
    endloop
  endfacet
  facet normal -0 0 1
    outer loop
      vertex -28.592 32.092 37.4
      vertex -28.2872 27.4406 37.4
      vertex -28.2872 32.3594 37.4
    endloop
  endfacet
  facet normal 0 0 1
    outer loop
      vertex -28.592 32.092 37.4
      vertex -28.592 27.708 37.4
      vertex -28.2872 27.4406 37.4
    endloop
  endfacet
  facet normal -0 0 1
    outer loop
      vertex -28.8594 31.7872 37.4
      vertex -28.592 27.708 37.4
      vertex -28.592 32.092 37.4
    endloop
  endfacet
  facet normal 0 0 1
    outer loop
      vertex -28.8594 31.7872 37.4
      vertex -28.8594 28.0128 37.4
      vertex -28.592 27.708 37.4
    endloop
  endfacet
  facet normal -0 0 1
    outer loop
      vertex -29.0847 31.45 37.4
      vertex -28.8594 28.0128 37.4
      vertex -28.8594 31.7872 37.4
    endloop
  endfacet
  facet normal 0 0 1
    outer loop
      vertex -29.0847 31.45 37.4
      vertex -29.0847 28.35 37.4
      vertex -28.8594 28.0128 37.4
    endloop
  endfacet
  facet normal -0 0 1
    outer loop
      vertex -29.264 31.0863 37.4
      vertex -29.0847 28.35 37.4
      vertex -29.0847 31.45 37.4
    endloop
  endfacet
  facet normal 0 0 1
    outer loop
      vertex -29.264 31.0863 37.4
      vertex -29.264 28.7137 37.4
      vertex -29.0847 28.35 37.4
    endloop
  endfacet
  facet normal -0 0 1
    outer loop
      vertex -29.3944 30.7023 37.4
      vertex -29.264 28.7137 37.4
      vertex -29.264 31.0863 37.4
    endloop
  endfacet
  facet normal 0 0 1
    outer loop
      vertex -29.3944 30.7023 37.4
      vertex -29.3944 29.0977 37.4
      vertex -29.264 28.7137 37.4
    endloop
  endfacet
  facet normal -0 0 1
    outer loop
      vertex -29.4735 30.3046 37.4
      vertex -29.3944 29.0977 37.4
      vertex -29.3944 30.7023 37.4
    endloop
  endfacet
  facet normal 0 0 1
    outer loop
      vertex -29.4735 30.3046 37.4
      vertex -29.4735 29.4954 37.4
      vertex -29.3944 29.0977 37.4
    endloop
  endfacet
  facet normal 0 -0 1
    outer loop
      vertex -29.4735 29.4954 37.4
      vertex -29.4735 30.3046 37.4
      vertex -29.5 29.9 37.4
    endloop
  endfacet
  facet normal -0.442176 -0.896928 0
    outer loop
      vertex -25.2137 32.764 37.4
      vertex -24.85 32.5847 39.4
      vertex -25.2137 32.764 39.4
    endloop
  endfacet
  facet normal -0.442176 -0.896928 -0
    outer loop
      vertex -24.85 32.5847 39.4
      vertex -25.2137 32.764 37.4
      vertex -24.85 32.5847 37.4
    endloop
  endfacet
  facet normal -0.659482 -0.751721 0
    outer loop
      vertex -24.5128 32.3594 37.4
      vertex -24.208 32.092 39.4
      vertex -24.5128 32.3594 39.4
    endloop
  endfacet
  facet normal -0.659482 -0.751721 -0
    outer loop
      vertex -24.208 32.092 39.4
      vertex -24.5128 32.3594 37.4
      vertex -24.208 32.092 37.4
    endloop
  endfacet
  facet normal 0.555553 -0.831481 0
    outer loop
      vertex -28.2872 32.3594 37.4
      vertex -27.95 32.5847 39.4
      vertex -28.2872 32.3594 39.4
    endloop
  endfacet
  facet normal 0.555553 -0.831481 0
    outer loop
      vertex -27.95 32.5847 39.4
      vertex -28.2872 32.3594 37.4
      vertex -27.95 32.5847 37.4
    endloop
  endfacet
  facet normal 0.980789 -0.195073 0
    outer loop
      vertex -29.4735 30.3046 39.4
      vertex -29.3944 30.7023 37.4
      vertex -29.3944 30.7023 39.4
    endloop
  endfacet
  facet normal 0.980789 -0.195073 0
    outer loop
      vertex -29.3944 30.7023 37.4
      vertex -29.4735 30.3046 39.4
      vertex -29.4735 30.3046 37.4
    endloop
  endfacet
  facet normal 0.751721 -0.659482 0
    outer loop
      vertex -28.8594 31.7872 39.4
      vertex -28.592 32.092 37.4
      vertex -28.592 32.092 39.4
    endloop
  endfacet
  facet normal 0.751721 -0.659482 0
    outer loop
      vertex -28.592 32.092 37.4
      vertex -28.8594 31.7872 39.4
      vertex -28.8594 31.7872 37.4
    endloop
  endfacet
  facet normal -0.83145 0.555599 0
    outer loop
      vertex -23.9406 4.21284 37.4
      vertex -23.7153 4.55 39.4
      vertex -23.7153 4.55 37.4
    endloop
  endfacet
  facet normal -0.83145 0.555599 0
    outer loop
      vertex -23.7153 4.55 39.4
      vertex -23.9406 4.21284 37.4
      vertex -23.9406 4.21284 39.4
    endloop
  endfacet
  facet normal -0.321416 0.946938 0
    outer loop
      vertex -25.2137 3.23597 37.4
      vertex -25.5977 3.10563 39.4
      vertex -25.2137 3.23597 39.4
    endloop
  endfacet
  facet normal -0.321416 0.946938 0
    outer loop
      vertex -25.5977 3.10563 39.4
      vertex -25.2137 3.23597 37.4
      vertex -25.5977 3.10563 37.4
    endloop
  endfacet
  facet normal 0.442275 0.89688 -0
    outer loop
      vertex -27.5863 3.23597 37.4
      vertex -27.95 3.41532 39.4
      vertex -27.5863 3.23597 39.4
    endloop
  endfacet
  facet normal 0.442275 0.89688 0
    outer loop
      vertex -27.95 3.41532 39.4
      vertex -27.5863 3.23597 37.4
      vertex -27.95 3.41532 37.4
    endloop
  endfacet
  facet normal 0.946888 0.321564 0
    outer loop
      vertex -29.264 4.91368 39.4
      vertex -29.3944 5.29766 37.4
      vertex -29.3944 5.29766 39.4
    endloop
  endfacet
  facet normal 0.946888 0.321564 0
    outer loop
      vertex -29.3944 5.29766 37.4
      vertex -29.264 4.91368 39.4
      vertex -29.264 4.91368 37.4
    endloop
  endfacet
  facet normal -0.997862 -0.0653519 0
    outer loop
      vertex -23.3 6.1 37.4
      vertex -23.3265 6.50463 39.4
      vertex -23.3265 6.50463 37.4
    endloop
  endfacet
  facet normal -0.997862 -0.0653519 0
    outer loop
      vertex -23.3265 6.50463 39.4
      vertex -23.3 6.1 37.4
      vertex -23.3 6.1 39.4
    endloop
  endfacet
  facet normal -0.442275 -0.89688 0
    outer loop
      vertex -25.2137 8.96403 37.4
      vertex -24.85 8.78468 39.4
      vertex -25.2137 8.96403 39.4
    endloop
  endfacet
  facet normal -0.442275 -0.89688 -0
    outer loop
      vertex -24.85 8.78468 39.4
      vertex -25.2137 8.96403 37.4
      vertex -24.85 8.78468 37.4
    endloop
  endfacet
  facet normal -0.98079 0.195068 0
    outer loop
      vertex -23.4056 5.29766 37.4
      vertex -23.3265 5.69537 39.4
      vertex -23.3265 5.69537 37.4
    endloop
  endfacet
  facet normal -0.98079 0.195068 0
    outer loop
      vertex -23.3265 5.69537 39.4
      vertex -23.4056 5.29766 37.4
      vertex -23.4056 5.29766 39.4
    endloop
  endfacet
  facet normal -0.65944 0.751757 0
    outer loop
      vertex -24.208 3.90797 37.4
      vertex -24.5128 3.6406 39.4
      vertex -24.208 3.90797 39.4
    endloop
  endfacet
  facet normal -0.65944 0.751757 0
    outer loop
      vertex -24.5128 3.6406 39.4
      vertex -24.208 3.90797 37.4
      vertex -24.5128 3.6406 37.4
    endloop
  endfacet
  facet normal 0.0654059 0.997859 -0
    outer loop
      vertex -26.4 3 37.4
      vertex -26.8046 3.02652 39.4
      vertex -26.4 3 39.4
    endloop
  endfacet
  facet normal 0.0654059 0.997859 0
    outer loop
      vertex -26.8046 3.02652 39.4
      vertex -26.4 3 37.4
      vertex -26.8046 3.02652 37.4
    endloop
  endfacet
  facet normal -0.555519 0.831504 0
    outer loop
      vertex -24.5128 3.6406 37.4
      vertex -24.85 3.41532 39.4
      vertex -24.5128 3.6406 39.4
    endloop
  endfacet
  facet normal -0.555519 0.831504 0
    outer loop
      vertex -24.85 3.41532 39.4
      vertex -24.5128 3.6406 37.4
      vertex -24.85 3.41532 37.4
    endloop
  endfacet
  facet normal 0.997862 0.0653519 0
    outer loop
      vertex -29.4735 5.69537 39.4
      vertex -29.5 6.1 37.4
      vertex -29.5 6.1 39.4
    endloop
  endfacet
  facet normal 0.997862 0.0653519 0
    outer loop
      vertex -29.5 6.1 37.4
      vertex -29.4735 5.69537 39.4
      vertex -29.4735 5.69537 37.4
    endloop
  endfacet
  facet normal 0.83145 0.555599 0
    outer loop
      vertex -28.8594 4.21284 39.4
      vertex -29.0847 4.55 37.4
      vertex -29.0847 4.55 39.4
    endloop
  endfacet
  facet normal 0.83145 0.555599 0
    outer loop
      vertex -29.0847 4.55 37.4
      vertex -28.8594 4.21284 39.4
      vertex -28.8594 4.21284 37.4
    endloop
  endfacet
  facet normal 0.195096 0.980784 -0
    outer loop
      vertex -26.8046 3.02652 37.4
      vertex -27.2023 3.10563 39.4
      vertex -26.8046 3.02652 39.4
    endloop
  endfacet
  facet normal 0.195096 0.980784 0
    outer loop
      vertex -27.2023 3.10563 39.4
      vertex -26.8046 3.02652 37.4
      vertex -27.2023 3.10563 37.4
    endloop
  endfacet
  facet normal 0.751796 0.659396 0
    outer loop
      vertex -28.592 3.90797 39.4
      vertex -28.8594 4.21284 37.4
      vertex -28.8594 4.21284 39.4
    endloop
  endfacet
  facet normal 0.751796 0.659396 0
    outer loop
      vertex -28.8594 4.21284 37.4
      vertex -28.592 3.90797 39.4
      vertex -28.592 3.90797 37.4
    endloop
  endfacet
  facet normal -0.997862 0.0653519 0
    outer loop
      vertex -23.3265 5.69537 37.4
      vertex -23.3 6.1 39.4
      vertex -23.3 6.1 37.4
    endloop
  endfacet
  facet normal -0.997862 0.0653519 0
    outer loop
      vertex -23.3 6.1 39.4
      vertex -23.3265 5.69537 37.4
      vertex -23.3265 5.69537 39.4
    endloop
  endfacet
  facet normal -0.83145 -0.555599 0
    outer loop
      vertex -23.7153 7.65 37.4
      vertex -23.9406 7.98716 39.4
      vertex -23.9406 7.98716 37.4
    endloop
  endfacet
  facet normal -0.83145 -0.555599 0
    outer loop
      vertex -23.9406 7.98716 39.4
      vertex -23.7153 7.65 37.4
      vertex -23.7153 7.65 39.4
    endloop
  endfacet
  facet normal -0.321416 -0.946938 0
    outer loop
      vertex -25.5977 9.09437 37.4
      vertex -25.2137 8.96403 39.4
      vertex -25.5977 9.09437 39.4
    endloop
  endfacet
  facet normal -0.321416 -0.946938 -0
    outer loop
      vertex -25.2137 8.96403 39.4
      vertex -25.5977 9.09437 37.4
      vertex -25.2137 8.96403 37.4
    endloop
  endfacet
  facet normal -0.751796 0.659396 0
    outer loop
      vertex -24.208 3.90797 37.4
      vertex -23.9406 4.21284 39.4
      vertex -23.9406 4.21284 37.4
    endloop
  endfacet
  facet normal -0.751796 0.659396 0
    outer loop
      vertex -23.9406 4.21284 39.4
      vertex -24.208 3.90797 37.4
      vertex -24.208 3.90797 39.4
    endloop
  endfacet
  facet normal -0.195096 0.980784 0
    outer loop
      vertex -25.5977 3.10563 37.4
      vertex -25.9954 3.02652 39.4
      vertex -25.5977 3.10563 39.4
    endloop
  endfacet
  facet normal -0.195096 0.980784 0
    outer loop
      vertex -25.9954 3.02652 39.4
      vertex -25.5977 3.10563 37.4
      vertex -25.9954 3.02652 37.4
    endloop
  endfacet
  facet normal -0.0654059 0.997859 0
    outer loop
      vertex -25.9954 3.02652 37.4
      vertex -26.4 3 39.4
      vertex -25.9954 3.02652 39.4
    endloop
  endfacet
  facet normal -0.0654059 0.997859 0
    outer loop
      vertex -26.4 3 39.4
      vertex -25.9954 3.02652 37.4
      vertex -26.4 3 37.4
    endloop
  endfacet
  facet normal -0.442275 0.89688 0
    outer loop
      vertex -24.85 3.41532 37.4
      vertex -25.2137 3.23597 39.4
      vertex -24.85 3.41532 39.4
    endloop
  endfacet
  facet normal -0.442275 0.89688 0
    outer loop
      vertex -25.2137 3.23597 39.4
      vertex -24.85 3.41532 37.4
      vertex -25.2137 3.23597 37.4
    endloop
  endfacet
  facet normal 0.997862 -0.0653519 0
    outer loop
      vertex -29.5 6.1 39.4
      vertex -29.4735 6.50463 37.4
      vertex -29.4735 6.50463 39.4
    endloop
  endfacet
  facet normal 0.997862 -0.0653519 0
    outer loop
      vertex -29.4735 6.50463 37.4
      vertex -29.5 6.1 39.4
      vertex -29.5 6.1 37.4
    endloop
  endfacet
  facet normal 0.98079 0.195068 0
    outer loop
      vertex -29.3944 5.29766 39.4
      vertex -29.4735 5.69537 37.4
      vertex -29.4735 5.69537 39.4
    endloop
  endfacet
  facet normal 0.98079 0.195068 0
    outer loop
      vertex -29.4735 5.69537 37.4
      vertex -29.3944 5.29766 39.4
      vertex -29.3944 5.29766 37.4
    endloop
  endfacet
  facet normal 0.896919 0.442195 0
    outer loop
      vertex -29.0847 4.55 39.4
      vertex -29.264 4.91368 37.4
      vertex -29.264 4.91368 39.4
    endloop
  endfacet
  facet normal 0.896919 0.442195 0
    outer loop
      vertex -29.264 4.91368 37.4
      vertex -29.0847 4.55 39.4
      vertex -29.0847 4.55 37.4
    endloop
  endfacet
  facet normal 0.321416 0.946938 -0
    outer loop
      vertex -27.2023 3.10563 37.4
      vertex -27.5863 3.23597 39.4
      vertex -27.2023 3.10563 39.4
    endloop
  endfacet
  facet normal 0.321416 0.946938 0
    outer loop
      vertex -27.5863 3.23597 39.4
      vertex -27.2023 3.10563 37.4
      vertex -27.5863 3.23597 37.4
    endloop
  endfacet
  facet normal 0.555519 0.831504 -0
    outer loop
      vertex -27.95 3.41532 37.4
      vertex -28.2872 3.6406 39.4
      vertex -27.95 3.41532 39.4
    endloop
  endfacet
  facet normal 0.555519 0.831504 0
    outer loop
      vertex -28.2872 3.6406 39.4
      vertex -27.95 3.41532 37.4
      vertex -28.2872 3.6406 37.4
    endloop
  endfacet
  facet normal 0.65944 0.751757 -0
    outer loop
      vertex -28.2872 3.6406 37.4
      vertex -28.592 3.90797 39.4
      vertex -28.2872 3.6406 39.4
    endloop
  endfacet
  facet normal 0.65944 0.751757 0
    outer loop
      vertex -28.592 3.90797 39.4
      vertex -28.2872 3.6406 37.4
      vertex -28.592 3.90797 37.4
    endloop
  endfacet
  facet normal -0.98079 -0.195068 0
    outer loop
      vertex -23.3265 6.50463 37.4
      vertex -23.4056 6.90234 39.4
      vertex -23.4056 6.90234 37.4
    endloop
  endfacet
  facet normal -0.98079 -0.195068 0
    outer loop
      vertex -23.4056 6.90234 39.4
      vertex -23.3265 6.50463 37.4
      vertex -23.3265 6.50463 39.4
    endloop
  endfacet
  facet normal 0.98079 -0.195068 0
    outer loop
      vertex -29.4735 6.50463 39.4
      vertex -29.3944 6.90234 37.4
      vertex -29.3944 6.90234 39.4
    endloop
  endfacet
  facet normal 0.98079 -0.195068 0
    outer loop
      vertex -29.3944 6.90234 37.4
      vertex -29.4735 6.50463 39.4
      vertex -29.4735 6.50463 37.4
    endloop
  endfacet
  facet normal 0.946888 -0.321564 0
    outer loop
      vertex -29.3944 6.90234 39.4
      vertex -29.264 7.28632 37.4
      vertex -29.264 7.28632 39.4
    endloop
  endfacet
  facet normal 0.946888 -0.321564 0
    outer loop
      vertex -29.264 7.28632 37.4
      vertex -29.3944 6.90234 39.4
      vertex -29.3944 6.90234 37.4
    endloop
  endfacet
  facet normal -0.195096 -0.980784 0
    outer loop
      vertex -25.9954 9.17348 37.4
      vertex -25.5977 9.09437 39.4
      vertex -25.9954 9.17348 39.4
    endloop
  endfacet
  facet normal -0.195096 -0.980784 -0
    outer loop
      vertex -25.5977 9.09437 39.4
      vertex -25.9954 9.17348 37.4
      vertex -25.5977 9.09437 37.4
    endloop
  endfacet
  facet normal -0.896919 0.442195 0
    outer loop
      vertex -23.7153 4.55 37.4
      vertex -23.536 4.91368 39.4
      vertex -23.536 4.91368 37.4
    endloop
  endfacet
  facet normal -0.896919 0.442195 0
    outer loop
      vertex -23.536 4.91368 39.4
      vertex -23.7153 4.55 37.4
      vertex -23.7153 4.55 39.4
    endloop
  endfacet
  facet normal -0.946888 0.321564 0
    outer loop
      vertex -23.536 4.91368 37.4
      vertex -23.4056 5.29766 39.4
      vertex -23.4056 5.29766 37.4
    endloop
  endfacet
  facet normal -0.946888 0.321564 0
    outer loop
      vertex -23.4056 5.29766 39.4
      vertex -23.536 4.91368 37.4
      vertex -23.536 4.91368 39.4
    endloop
  endfacet
  facet normal 0 0 1
    outer loop
      vertex -23.3265 6.50463 37.4
      vertex -23.3265 5.69537 37.4
      vertex -23.3 6.1 37.4
    endloop
  endfacet
  facet normal 0 0 1
    outer loop
      vertex -23.4056 6.90234 37.4
      vertex -23.3265 5.69537 37.4
      vertex -23.3265 6.50463 37.4
    endloop
  endfacet
  facet normal 0 0 1
    outer loop
      vertex -23.4056 6.90234 37.4
      vertex -23.4056 5.29766 37.4
      vertex -23.3265 5.69537 37.4
    endloop
  endfacet
  facet normal 0 0 1
    outer loop
      vertex -23.536 7.28632 37.4
      vertex -23.4056 5.29766 37.4
      vertex -23.4056 6.90234 37.4
    endloop
  endfacet
  facet normal 0 0 1
    outer loop
      vertex -23.536 7.28632 37.4
      vertex -23.536 4.91368 37.4
      vertex -23.4056 5.29766 37.4
    endloop
  endfacet
  facet normal 0 0 1
    outer loop
      vertex -23.7153 7.65 37.4
      vertex -23.536 4.91368 37.4
      vertex -23.536 7.28632 37.4
    endloop
  endfacet
  facet normal 0 0 1
    outer loop
      vertex -23.7153 7.65 37.4
      vertex -23.7153 4.55 37.4
      vertex -23.536 4.91368 37.4
    endloop
  endfacet
  facet normal 0 0 1
    outer loop
      vertex -23.9406 7.98716 37.4
      vertex -23.7153 4.55 37.4
      vertex -23.7153 7.65 37.4
    endloop
  endfacet
  facet normal 0 0 1
    outer loop
      vertex -23.9406 7.98716 37.4
      vertex -23.9406 4.21284 37.4
      vertex -23.7153 4.55 37.4
    endloop
  endfacet
  facet normal 0 0 1
    outer loop
      vertex -24.208 8.29203 37.4
      vertex -23.9406 4.21284 37.4
      vertex -23.9406 7.98716 37.4
    endloop
  endfacet
  facet normal 0 0 1
    outer loop
      vertex -24.208 8.29203 37.4
      vertex -24.208 3.90797 37.4
      vertex -23.9406 4.21284 37.4
    endloop
  endfacet
  facet normal 0 0 1
    outer loop
      vertex -24.5128 8.5594 37.4
      vertex -24.208 3.90797 37.4
      vertex -24.208 8.29203 37.4
    endloop
  endfacet
  facet normal 0 0 1
    outer loop
      vertex -24.5128 8.5594 37.4
      vertex -24.5128 3.6406 37.4
      vertex -24.208 3.90797 37.4
    endloop
  endfacet
  facet normal 0 0 1
    outer loop
      vertex -24.85 8.78468 37.4
      vertex -24.5128 3.6406 37.4
      vertex -24.5128 8.5594 37.4
    endloop
  endfacet
  facet normal 0 0 1
    outer loop
      vertex -24.85 8.78468 37.4
      vertex -24.85 3.41532 37.4
      vertex -24.5128 3.6406 37.4
    endloop
  endfacet
  facet normal 0 0 1
    outer loop
      vertex -25.2137 8.96403 37.4
      vertex -24.85 3.41532 37.4
      vertex -24.85 8.78468 37.4
    endloop
  endfacet
  facet normal 0 0 1
    outer loop
      vertex -25.2137 8.96403 37.4
      vertex -25.2137 3.23597 37.4
      vertex -24.85 3.41532 37.4
    endloop
  endfacet
  facet normal 0 0 1
    outer loop
      vertex -25.5977 9.09437 37.4
      vertex -25.2137 3.23597 37.4
      vertex -25.2137 8.96403 37.4
    endloop
  endfacet
  facet normal 0 0 1
    outer loop
      vertex -25.5977 9.09437 37.4
      vertex -25.5977 3.10563 37.4
      vertex -25.2137 3.23597 37.4
    endloop
  endfacet
  facet normal 0 0 1
    outer loop
      vertex -25.9954 9.17348 37.4
      vertex -25.5977 3.10563 37.4
      vertex -25.5977 9.09437 37.4
    endloop
  endfacet
  facet normal 0 0 1
    outer loop
      vertex -25.9954 9.17348 37.4
      vertex -25.9954 3.02652 37.4
      vertex -25.5977 3.10563 37.4
    endloop
  endfacet
  facet normal 0 0 1
    outer loop
      vertex -26.4 9.2 37.4
      vertex -25.9954 3.02652 37.4
      vertex -25.9954 9.17348 37.4
    endloop
  endfacet
  facet normal 0 0 1
    outer loop
      vertex -26.4 9.2 37.4
      vertex -26.4 3 37.4
      vertex -25.9954 3.02652 37.4
    endloop
  endfacet
  facet normal -0 0 1
    outer loop
      vertex -26.8046 9.17348 37.4
      vertex -26.4 3 37.4
      vertex -26.4 9.2 37.4
    endloop
  endfacet
  facet normal 0 0 1
    outer loop
      vertex -26.8046 9.17348 37.4
      vertex -26.8046 3.02652 37.4
      vertex -26.4 3 37.4
    endloop
  endfacet
  facet normal -0 0 1
    outer loop
      vertex -27.2023 9.09437 37.4
      vertex -26.8046 3.02652 37.4
      vertex -26.8046 9.17348 37.4
    endloop
  endfacet
  facet normal 0 0 1
    outer loop
      vertex -27.2023 9.09437 37.4
      vertex -27.2023 3.10563 37.4
      vertex -26.8046 3.02652 37.4
    endloop
  endfacet
  facet normal -0 0 1
    outer loop
      vertex -27.5863 8.96403 37.4
      vertex -27.2023 3.10563 37.4
      vertex -27.2023 9.09437 37.4
    endloop
  endfacet
  facet normal 0 0 1
    outer loop
      vertex -27.5863 8.96403 37.4
      vertex -27.5863 3.23597 37.4
      vertex -27.2023 3.10563 37.4
    endloop
  endfacet
  facet normal -0 0 1
    outer loop
      vertex -27.95 8.78468 37.4
      vertex -27.5863 3.23597 37.4
      vertex -27.5863 8.96403 37.4
    endloop
  endfacet
  facet normal 0 0 1
    outer loop
      vertex -27.95 8.78468 37.4
      vertex -27.95 3.41532 37.4
      vertex -27.5863 3.23597 37.4
    endloop
  endfacet
  facet normal -0 0 1
    outer loop
      vertex -28.2872 8.5594 37.4
      vertex -27.95 3.41532 37.4
      vertex -27.95 8.78468 37.4
    endloop
  endfacet
  facet normal 0 0 1
    outer loop
      vertex -28.2872 8.5594 37.4
      vertex -28.2872 3.6406 37.4
      vertex -27.95 3.41532 37.4
    endloop
  endfacet
  facet normal -0 0 1
    outer loop
      vertex -28.592 8.29203 37.4
      vertex -28.2872 3.6406 37.4
      vertex -28.2872 8.5594 37.4
    endloop
  endfacet
  facet normal 0 0 1
    outer loop
      vertex -28.592 8.29203 37.4
      vertex -28.592 3.90797 37.4
      vertex -28.2872 3.6406 37.4
    endloop
  endfacet
  facet normal -0 0 1
    outer loop
      vertex -28.8594 7.98716 37.4
      vertex -28.592 3.90797 37.4
      vertex -28.592 8.29203 37.4
    endloop
  endfacet
  facet normal 0 0 1
    outer loop
      vertex -28.8594 7.98716 37.4
      vertex -28.8594 4.21284 37.4
      vertex -28.592 3.90797 37.4
    endloop
  endfacet
  facet normal -0 0 1
    outer loop
      vertex -29.0847 7.65 37.4
      vertex -28.8594 4.21284 37.4
      vertex -28.8594 7.98716 37.4
    endloop
  endfacet
  facet normal 0 0 1
    outer loop
      vertex -29.0847 7.65 37.4
      vertex -29.0847 4.55 37.4
      vertex -28.8594 4.21284 37.4
    endloop
  endfacet
  facet normal -0 0 1
    outer loop
      vertex -29.264 7.28632 37.4
      vertex -29.0847 4.55 37.4
      vertex -29.0847 7.65 37.4
    endloop
  endfacet
  facet normal 0 0 1
    outer loop
      vertex -29.264 7.28632 37.4
      vertex -29.264 4.91368 37.4
      vertex -29.0847 4.55 37.4
    endloop
  endfacet
  facet normal -0 0 1
    outer loop
      vertex -29.3944 6.90234 37.4
      vertex -29.264 4.91368 37.4
      vertex -29.264 7.28632 37.4
    endloop
  endfacet
  facet normal 0 0 1
    outer loop
      vertex -29.3944 6.90234 37.4
      vertex -29.3944 5.29766 37.4
      vertex -29.264 4.91368 37.4
    endloop
  endfacet
  facet normal -0 0 1
    outer loop
      vertex -29.4735 6.50463 37.4
      vertex -29.3944 5.29766 37.4
      vertex -29.3944 6.90234 37.4
    endloop
  endfacet
  facet normal 0 0 1
    outer loop
      vertex -29.4735 6.50463 37.4
      vertex -29.4735 5.69537 37.4
      vertex -29.3944 5.29766 37.4
    endloop
  endfacet
  facet normal 0 -0 1
    outer loop
      vertex -29.4735 5.69537 37.4
      vertex -29.4735 6.50463 37.4
      vertex -29.5 6.1 37.4
    endloop
  endfacet
  facet normal -0.946888 -0.321564 0
    outer loop
      vertex -23.4056 6.90234 37.4
      vertex -23.536 7.28632 39.4
      vertex -23.536 7.28632 37.4
    endloop
  endfacet
  facet normal -0.946888 -0.321564 0
    outer loop
      vertex -23.536 7.28632 39.4
      vertex -23.4056 6.90234 37.4
      vertex -23.4056 6.90234 39.4
    endloop
  endfacet
  facet normal -0.896919 -0.442195 0
    outer loop
      vertex -23.536 7.28632 37.4
      vertex -23.7153 7.65 39.4
      vertex -23.7153 7.65 37.4
    endloop
  endfacet
  facet normal -0.896919 -0.442195 0
    outer loop
      vertex -23.7153 7.65 39.4
      vertex -23.536 7.28632 37.4
      vertex -23.536 7.28632 39.4
    endloop
  endfacet
  facet normal 0.555519 -0.831504 0
    outer loop
      vertex -28.2872 8.5594 37.4
      vertex -27.95 8.78468 39.4
      vertex -28.2872 8.5594 39.4
    endloop
  endfacet
  facet normal 0.555519 -0.831504 0
    outer loop
      vertex -27.95 8.78468 39.4
      vertex -28.2872 8.5594 37.4
      vertex -27.95 8.78468 37.4
    endloop
  endfacet
  facet normal -0.0654059 -0.997859 0
    outer loop
      vertex -26.4 9.2 37.4
      vertex -25.9954 9.17348 39.4
      vertex -26.4 9.2 39.4
    endloop
  endfacet
  facet normal -0.0654059 -0.997859 -0
    outer loop
      vertex -25.9954 9.17348 39.4
      vertex -26.4 9.2 37.4
      vertex -25.9954 9.17348 37.4
    endloop
  endfacet
  facet normal 0.321416 -0.946938 0
    outer loop
      vertex -27.5863 8.96403 37.4
      vertex -27.2023 9.09437 39.4
      vertex -27.5863 8.96403 39.4
    endloop
  endfacet
  facet normal 0.321416 -0.946938 0
    outer loop
      vertex -27.2023 9.09437 39.4
      vertex -27.5863 8.96403 37.4
      vertex -27.2023 9.09437 37.4
    endloop
  endfacet
  facet normal 0.896919 -0.442195 0
    outer loop
      vertex -29.264 7.28632 39.4
      vertex -29.0847 7.65 37.4
      vertex -29.0847 7.65 39.4
    endloop
  endfacet
  facet normal 0.896919 -0.442195 0
    outer loop
      vertex -29.0847 7.65 37.4
      vertex -29.264 7.28632 39.4
      vertex -29.264 7.28632 37.4
    endloop
  endfacet
  facet normal 0.65944 -0.751757 0
    outer loop
      vertex -28.592 8.29203 37.4
      vertex -28.2872 8.5594 39.4
      vertex -28.592 8.29203 39.4
    endloop
  endfacet
  facet normal 0.65944 -0.751757 0
    outer loop
      vertex -28.2872 8.5594 39.4
      vertex -28.592 8.29203 37.4
      vertex -28.2872 8.5594 37.4
    endloop
  endfacet
  facet normal -0.751796 -0.659396 0
    outer loop
      vertex -23.9406 7.98716 37.4
      vertex -24.208 8.29203 39.4
      vertex -24.208 8.29203 37.4
    endloop
  endfacet
  facet normal -0.751796 -0.659396 0
    outer loop
      vertex -24.208 8.29203 39.4
      vertex -23.9406 7.98716 37.4
      vertex -23.9406 7.98716 39.4
    endloop
  endfacet
  facet normal -0.555519 -0.831504 0
    outer loop
      vertex -24.85 8.78468 37.4
      vertex -24.5128 8.5594 39.4
      vertex -24.85 8.78468 39.4
    endloop
  endfacet
  facet normal -0.555519 -0.831504 -0
    outer loop
      vertex -24.5128 8.5594 39.4
      vertex -24.85 8.78468 37.4
      vertex -24.5128 8.5594 37.4
    endloop
  endfacet
  facet normal 0.195096 -0.980784 0
    outer loop
      vertex -27.2023 9.09437 37.4
      vertex -26.8046 9.17348 39.4
      vertex -27.2023 9.09437 39.4
    endloop
  endfacet
  facet normal 0.195096 -0.980784 0
    outer loop
      vertex -26.8046 9.17348 39.4
      vertex -27.2023 9.09437 37.4
      vertex -26.8046 9.17348 37.4
    endloop
  endfacet
  facet normal 0.442275 -0.89688 0
    outer loop
      vertex -27.95 8.78468 37.4
      vertex -27.5863 8.96403 39.4
      vertex -27.95 8.78468 39.4
    endloop
  endfacet
  facet normal 0.442275 -0.89688 0
    outer loop
      vertex -27.5863 8.96403 39.4
      vertex -27.95 8.78468 37.4
      vertex -27.5863 8.96403 37.4
    endloop
  endfacet
  facet normal 0.751796 -0.659396 0
    outer loop
      vertex -28.8594 7.98716 39.4
      vertex -28.592 8.29203 37.4
      vertex -28.592 8.29203 39.4
    endloop
  endfacet
  facet normal 0.751796 -0.659396 0
    outer loop
      vertex -28.592 8.29203 37.4
      vertex -28.8594 7.98716 39.4
      vertex -28.8594 7.98716 37.4
    endloop
  endfacet
  facet normal 0.83145 -0.555599 0
    outer loop
      vertex -29.0847 7.65 39.4
      vertex -28.8594 7.98716 37.4
      vertex -28.8594 7.98716 39.4
    endloop
  endfacet
  facet normal 0.83145 -0.555599 0
    outer loop
      vertex -28.8594 7.98716 37.4
      vertex -29.0847 7.65 39.4
      vertex -29.0847 7.65 37.4
    endloop
  endfacet
  facet normal -0.65944 -0.751757 0
    outer loop
      vertex -24.5128 8.5594 37.4
      vertex -24.208 8.29203 39.4
      vertex -24.5128 8.5594 39.4
    endloop
  endfacet
  facet normal -0.65944 -0.751757 -0
    outer loop
      vertex -24.208 8.29203 39.4
      vertex -24.5128 8.5594 37.4
      vertex -24.208 8.29203 37.4
    endloop
  endfacet
  facet normal 0.0654059 -0.997859 0
    outer loop
      vertex -26.8046 9.17348 37.4
      vertex -26.4 9.2 39.4
      vertex -26.8046 9.17348 39.4
    endloop
  endfacet
  facet normal 0.0654059 -0.997859 0
    outer loop
      vertex -26.4 9.2 39.4
      vertex -26.8046 9.17348 37.4
      vertex -26.4 9.2 37.4
    endloop
  endfacet
  facet normal -0.997862 0.0653568 0
    outer loop
      vertex 29.4735 29.4954 37.4
      vertex 29.5 29.9 39.4
      vertex 29.5 29.9 37.4
    endloop
  endfacet
  facet normal -0.997862 0.0653568 0
    outer loop
      vertex 29.5 29.9 39.4
      vertex 29.4735 29.4954 37.4
      vertex 29.4735 29.4954 39.4
    endloop
  endfacet
  facet normal 0.997862 0.0653568 0
    outer loop
      vertex 23.3265 29.4954 39.4
      vertex 23.3 29.9 37.4
      vertex 23.3 29.9 39.4
    endloop
  endfacet
  facet normal 0.997862 0.0653568 0
    outer loop
      vertex 23.3 29.9 37.4
      vertex 23.3265 29.4954 39.4
      vertex 23.3265 29.4954 37.4
    endloop
  endfacet
  facet normal -0.0653568 0.997862 0
    outer loop
      vertex 26.8046 26.8265 37.4
      vertex 26.4 26.8 39.4
      vertex 26.8046 26.8265 39.4
    endloop
  endfacet
  facet normal -0.0653568 0.997862 0
    outer loop
      vertex 26.4 26.8 39.4
      vertex 26.8046 26.8265 37.4
      vertex 26.4 26.8 37.4
    endloop
  endfacet
  facet normal -0.659482 0.751721 0
    outer loop
      vertex 28.592 27.708 37.4
      vertex 28.2872 27.4406 39.4
      vertex 28.592 27.708 39.4
    endloop
  endfacet
  facet normal -0.659482 0.751721 0
    outer loop
      vertex 28.2872 27.4406 39.4
      vertex 28.592 27.708 37.4
      vertex 28.2872 27.4406 37.4
    endloop
  endfacet
  facet normal 0.659482 0.751721 -0
    outer loop
      vertex 24.5128 27.4406 37.4
      vertex 24.208 27.708 39.4
      vertex 24.5128 27.4406 39.4
    endloop
  endfacet
  facet normal 0.659482 0.751721 0
    outer loop
      vertex 24.208 27.708 39.4
      vertex 24.5128 27.4406 37.4
      vertex 24.208 27.708 37.4
    endloop
  endfacet
  facet normal 0.321549 0.946893 -0
    outer loop
      vertex 25.5977 26.9056 37.4
      vertex 25.2137 27.036 39.4
      vertex 25.5977 26.9056 39.4
    endloop
  endfacet
  facet normal 0.321549 0.946893 0
    outer loop
      vertex 25.2137 27.036 39.4
      vertex 25.5977 26.9056 37.4
      vertex 25.2137 27.036 37.4
    endloop
  endfacet
  facet normal -0.751721 -0.659482 0
    outer loop
      vertex 28.8594 31.7872 37.4
      vertex 28.592 32.092 39.4
      vertex 28.592 32.092 37.4
    endloop
  endfacet
  facet normal -0.751721 -0.659482 0
    outer loop
      vertex 28.592 32.092 39.4
      vertex 28.8594 31.7872 37.4
      vertex 28.8594 31.7872 39.4
    endloop
  endfacet
  facet normal 0.831481 -0.555553 0
    outer loop
      vertex 23.7153 31.45 39.4
      vertex 23.9406 31.7872 37.4
      vertex 23.9406 31.7872 39.4
    endloop
  endfacet
  facet normal 0.831481 -0.555553 0
    outer loop
      vertex 23.9406 31.7872 37.4
      vertex 23.7153 31.45 39.4
      vertex 23.7153 31.45 37.4
    endloop
  endfacet
  facet normal -0.946893 0.321549 0
    outer loop
      vertex 29.264 28.7137 37.4
      vertex 29.3944 29.0977 39.4
      vertex 29.3944 29.0977 37.4
    endloop
  endfacet
  facet normal -0.946893 0.321549 0
    outer loop
      vertex 29.3944 29.0977 39.4
      vertex 29.264 28.7137 37.4
      vertex 29.264 28.7137 39.4
    endloop
  endfacet
  facet normal -0.980789 0.195073 0
    outer loop
      vertex 29.3944 29.0977 37.4
      vertex 29.4735 29.4954 39.4
      vertex 29.4735 29.4954 37.4
    endloop
  endfacet
  facet normal -0.980789 0.195073 0
    outer loop
      vertex 29.4735 29.4954 39.4
      vertex 29.3944 29.0977 37.4
      vertex 29.3944 29.0977 39.4
    endloop
  endfacet
  facet normal -0.442176 0.896928 0
    outer loop
      vertex 27.95 27.2153 37.4
      vertex 27.5863 27.036 39.4
      vertex 27.95 27.2153 39.4
    endloop
  endfacet
  facet normal -0.442176 0.896928 0
    outer loop
      vertex 27.5863 27.036 39.4
      vertex 27.95 27.2153 37.4
      vertex 27.5863 27.036 37.4
    endloop
  endfacet
  facet normal -0.321549 0.946893 0
    outer loop
      vertex 27.5863 27.036 37.4
      vertex 27.2023 26.9056 39.4
      vertex 27.5863 27.036 39.4
    endloop
  endfacet
  facet normal -0.321549 0.946893 0
    outer loop
      vertex 27.2023 26.9056 39.4
      vertex 27.5863 27.036 37.4
      vertex 27.2023 26.9056 37.4
    endloop
  endfacet
  facet normal -0.555553 0.831481 0
    outer loop
      vertex 28.2872 27.4406 37.4
      vertex 27.95 27.2153 39.4
      vertex 28.2872 27.4406 39.4
    endloop
  endfacet
  facet normal -0.555553 0.831481 0
    outer loop
      vertex 27.95 27.2153 39.4
      vertex 28.2872 27.4406 37.4
      vertex 27.95 27.2153 37.4
    endloop
  endfacet
  facet normal 0.896928 0.442176 0
    outer loop
      vertex 23.7153 28.35 39.4
      vertex 23.536 28.7137 37.4
      vertex 23.536 28.7137 39.4
    endloop
  endfacet
  facet normal 0.896928 0.442176 0
    outer loop
      vertex 23.536 28.7137 37.4
      vertex 23.7153 28.35 39.4
      vertex 23.7153 28.35 37.4
    endloop
  endfacet
  facet normal 0.831481 0.555553 0
    outer loop
      vertex 23.9406 28.0128 39.4
      vertex 23.7153 28.35 37.4
      vertex 23.7153 28.35 39.4
    endloop
  endfacet
  facet normal 0.831481 0.555553 0
    outer loop
      vertex 23.7153 28.35 37.4
      vertex 23.9406 28.0128 39.4
      vertex 23.9406 28.0128 37.4
    endloop
  endfacet
  facet normal 0.946893 0.321549 0
    outer loop
      vertex 23.536 28.7137 39.4
      vertex 23.4056 29.0977 37.4
      vertex 23.4056 29.0977 39.4
    endloop
  endfacet
  facet normal 0.946893 0.321549 0
    outer loop
      vertex 23.4056 29.0977 37.4
      vertex 23.536 28.7137 39.4
      vertex 23.536 28.7137 37.4
    endloop
  endfacet
  facet normal 0.442176 0.896928 -0
    outer loop
      vertex 25.2137 27.036 37.4
      vertex 24.85 27.2153 39.4
      vertex 25.2137 27.036 39.4
    endloop
  endfacet
  facet normal 0.442176 0.896928 0
    outer loop
      vertex 24.85 27.2153 39.4
      vertex 25.2137 27.036 37.4
      vertex 24.85 27.2153 37.4
    endloop
  endfacet
  facet normal 0.0653568 0.997862 -0
    outer loop
      vertex 26.4 26.8 37.4
      vertex 25.9954 26.8265 39.4
      vertex 26.4 26.8 39.4
    endloop
  endfacet
  facet normal 0.0653568 0.997862 0
    outer loop
      vertex 25.9954 26.8265 39.4
      vertex 26.4 26.8 37.4
      vertex 25.9954 26.8265 37.4
    endloop
  endfacet
  facet normal -0.321549 -0.946893 0
    outer loop
      vertex 27.2023 32.8944 37.4
      vertex 27.5863 32.764 39.4
      vertex 27.2023 32.8944 39.4
    endloop
  endfacet
  facet normal -0.321549 -0.946893 -0
    outer loop
      vertex 27.5863 32.764 39.4
      vertex 27.2023 32.8944 37.4
      vertex 27.5863 32.764 37.4
    endloop
  endfacet
  facet normal -0.997862 -0.0653568 0
    outer loop
      vertex 29.5 29.9 37.4
      vertex 29.4735 30.3046 39.4
      vertex 29.4735 30.3046 37.4
    endloop
  endfacet
  facet normal -0.997862 -0.0653568 0
    outer loop
      vertex 29.4735 30.3046 39.4
      vertex 29.5 29.9 37.4
      vertex 29.5 29.9 39.4
    endloop
  endfacet
  facet normal 0.321549 -0.946893 0
    outer loop
      vertex 25.2137 32.764 37.4
      vertex 25.5977 32.8944 39.4
      vertex 25.2137 32.764 39.4
    endloop
  endfacet
  facet normal 0.321549 -0.946893 0
    outer loop
      vertex 25.5977 32.8944 39.4
      vertex 25.2137 32.764 37.4
      vertex 25.5977 32.8944 37.4
    endloop
  endfacet
  facet normal 0.896928 -0.442176 0
    outer loop
      vertex 23.536 31.0863 39.4
      vertex 23.7153 31.45 37.4
      vertex 23.7153 31.45 39.4
    endloop
  endfacet
  facet normal 0.896928 -0.442176 0
    outer loop
      vertex 23.7153 31.45 37.4
      vertex 23.536 31.0863 39.4
      vertex 23.536 31.0863 37.4
    endloop
  endfacet
  facet normal -0.896928 0.442176 0
    outer loop
      vertex 29.0847 28.35 37.4
      vertex 29.264 28.7137 39.4
      vertex 29.264 28.7137 37.4
    endloop
  endfacet
  facet normal -0.896928 0.442176 0
    outer loop
      vertex 29.264 28.7137 39.4
      vertex 29.0847 28.35 37.4
      vertex 29.0847 28.35 39.4
    endloop
  endfacet
  facet normal -0.831481 0.555553 0
    outer loop
      vertex 28.8594 28.0128 37.4
      vertex 29.0847 28.35 39.4
      vertex 29.0847 28.35 37.4
    endloop
  endfacet
  facet normal -0.831481 0.555553 0
    outer loop
      vertex 29.0847 28.35 39.4
      vertex 28.8594 28.0128 37.4
      vertex 28.8594 28.0128 39.4
    endloop
  endfacet
  facet normal -0.751721 0.659482 0
    outer loop
      vertex 28.592 27.708 37.4
      vertex 28.8594 28.0128 39.4
      vertex 28.8594 28.0128 37.4
    endloop
  endfacet
  facet normal -0.751721 0.659482 0
    outer loop
      vertex 28.8594 28.0128 39.4
      vertex 28.592 27.708 37.4
      vertex 28.592 27.708 39.4
    endloop
  endfacet
  facet normal 0.195073 0.980789 -0
    outer loop
      vertex 25.9954 26.8265 37.4
      vertex 25.5977 26.9056 39.4
      vertex 25.9954 26.8265 39.4
    endloop
  endfacet
  facet normal 0.195073 0.980789 0
    outer loop
      vertex 25.5977 26.9056 39.4
      vertex 25.9954 26.8265 37.4
      vertex 25.5977 26.9056 37.4
    endloop
  endfacet
  facet normal -0.0653568 -0.997862 0
    outer loop
      vertex 26.4 33 37.4
      vertex 26.8046 32.9735 39.4
      vertex 26.4 33 39.4
    endloop
  endfacet
  facet normal -0.0653568 -0.997862 -0
    outer loop
      vertex 26.8046 32.9735 39.4
      vertex 26.4 33 37.4
      vertex 26.8046 32.9735 37.4
    endloop
  endfacet
  facet normal -0.195073 -0.980789 0
    outer loop
      vertex 26.8046 32.9735 37.4
      vertex 27.2023 32.8944 39.4
      vertex 26.8046 32.9735 39.4
    endloop
  endfacet
  facet normal -0.195073 -0.980789 -0
    outer loop
      vertex 27.2023 32.8944 39.4
      vertex 26.8046 32.9735 37.4
      vertex 27.2023 32.8944 37.4
    endloop
  endfacet
  facet normal -0.555553 -0.831481 0
    outer loop
      vertex 27.95 32.5847 37.4
      vertex 28.2872 32.3594 39.4
      vertex 27.95 32.5847 39.4
    endloop
  endfacet
  facet normal -0.555553 -0.831481 -0
    outer loop
      vertex 28.2872 32.3594 39.4
      vertex 27.95 32.5847 37.4
      vertex 28.2872 32.3594 37.4
    endloop
  endfacet
  facet normal -0.659482 -0.751721 0
    outer loop
      vertex 28.2872 32.3594 37.4
      vertex 28.592 32.092 39.4
      vertex 28.2872 32.3594 39.4
    endloop
  endfacet
  facet normal -0.659482 -0.751721 -0
    outer loop
      vertex 28.592 32.092 39.4
      vertex 28.2872 32.3594 37.4
      vertex 28.592 32.092 37.4
    endloop
  endfacet
  facet normal -0.831481 -0.555553 0
    outer loop
      vertex 29.0847 31.45 37.4
      vertex 28.8594 31.7872 39.4
      vertex 28.8594 31.7872 37.4
    endloop
  endfacet
  facet normal -0.831481 -0.555553 0
    outer loop
      vertex 28.8594 31.7872 39.4
      vertex 29.0847 31.45 37.4
      vertex 29.0847 31.45 39.4
    endloop
  endfacet
  facet normal -0.946893 -0.321549 0
    outer loop
      vertex 29.3944 30.7023 37.4
      vertex 29.264 31.0863 39.4
      vertex 29.264 31.0863 37.4
    endloop
  endfacet
  facet normal -0.946893 -0.321549 0
    outer loop
      vertex 29.264 31.0863 39.4
      vertex 29.3944 30.7023 37.4
      vertex 29.3944 30.7023 39.4
    endloop
  endfacet
  facet normal -0.980789 -0.195073 0
    outer loop
      vertex 29.4735 30.3046 37.4
      vertex 29.3944 30.7023 39.4
      vertex 29.3944 30.7023 37.4
    endloop
  endfacet
  facet normal -0.980789 -0.195073 0
    outer loop
      vertex 29.3944 30.7023 39.4
      vertex 29.4735 30.3046 37.4
      vertex 29.4735 30.3046 39.4
    endloop
  endfacet
  facet normal 0.195073 -0.980789 0
    outer loop
      vertex 25.5977 32.8944 37.4
      vertex 25.9954 32.9735 39.4
      vertex 25.5977 32.8944 39.4
    endloop
  endfacet
  facet normal 0.195073 -0.980789 0
    outer loop
      vertex 25.9954 32.9735 39.4
      vertex 25.5977 32.8944 37.4
      vertex 25.9954 32.9735 37.4
    endloop
  endfacet
  facet normal 0.555553 -0.831481 0
    outer loop
      vertex 24.5128 32.3594 37.4
      vertex 24.85 32.5847 39.4
      vertex 24.5128 32.3594 39.4
    endloop
  endfacet
  facet normal 0.555553 -0.831481 0
    outer loop
      vertex 24.85 32.5847 39.4
      vertex 24.5128 32.3594 37.4
      vertex 24.85 32.5847 37.4
    endloop
  endfacet
  facet normal 0.659482 -0.751721 0
    outer loop
      vertex 24.208 32.092 37.4
      vertex 24.5128 32.3594 39.4
      vertex 24.208 32.092 39.4
    endloop
  endfacet
  facet normal 0.659482 -0.751721 0
    outer loop
      vertex 24.5128 32.3594 39.4
      vertex 24.208 32.092 37.4
      vertex 24.5128 32.3594 37.4
    endloop
  endfacet
  facet normal 0.442176 -0.896928 0
    outer loop
      vertex 24.85 32.5847 37.4
      vertex 25.2137 32.764 39.4
      vertex 24.85 32.5847 39.4
    endloop
  endfacet
  facet normal 0.442176 -0.896928 0
    outer loop
      vertex 25.2137 32.764 39.4
      vertex 24.85 32.5847 37.4
      vertex 25.2137 32.764 37.4
    endloop
  endfacet
  facet normal 0.0653568 -0.997862 0
    outer loop
      vertex 25.9954 32.9735 37.4
      vertex 26.4 33 39.4
      vertex 25.9954 32.9735 39.4
    endloop
  endfacet
  facet normal 0.0653568 -0.997862 0
    outer loop
      vertex 26.4 33 39.4
      vertex 25.9954 32.9735 37.4
      vertex 26.4 33 37.4
    endloop
  endfacet
  facet normal 0.751721 -0.659482 0
    outer loop
      vertex 23.9406 31.7872 39.4
      vertex 24.208 32.092 37.4
      vertex 24.208 32.092 39.4
    endloop
  endfacet
  facet normal 0.751721 -0.659482 0
    outer loop
      vertex 24.208 32.092 37.4
      vertex 23.9406 31.7872 39.4
      vertex 23.9406 31.7872 37.4
    endloop
  endfacet
  facet normal 0.946893 -0.321549 0
    outer loop
      vertex 23.4056 30.7023 39.4
      vertex 23.536 31.0863 37.4
      vertex 23.536 31.0863 39.4
    endloop
  endfacet
  facet normal 0.946893 -0.321549 0
    outer loop
      vertex 23.536 31.0863 37.4
      vertex 23.4056 30.7023 39.4
      vertex 23.4056 30.7023 37.4
    endloop
  endfacet
  facet normal 0.997862 -0.0653568 0
    outer loop
      vertex 23.3 29.9 39.4
      vertex 23.3265 30.3046 37.4
      vertex 23.3265 30.3046 39.4
    endloop
  endfacet
  facet normal 0.997862 -0.0653568 0
    outer loop
      vertex 23.3265 30.3046 37.4
      vertex 23.3 29.9 39.4
      vertex 23.3 29.9 37.4
    endloop
  endfacet
  facet normal -0.195073 0.980789 0
    outer loop
      vertex 27.2023 26.9056 37.4
      vertex 26.8046 26.8265 39.4
      vertex 27.2023 26.9056 39.4
    endloop
  endfacet
  facet normal -0.195073 0.980789 0
    outer loop
      vertex 26.8046 26.8265 39.4
      vertex 27.2023 26.9056 37.4
      vertex 26.8046 26.8265 37.4
    endloop
  endfacet
  facet normal 0.751721 0.659482 0
    outer loop
      vertex 24.208 27.708 39.4
      vertex 23.9406 28.0128 37.4
      vertex 23.9406 28.0128 39.4
    endloop
  endfacet
  facet normal 0.751721 0.659482 0
    outer loop
      vertex 23.9406 28.0128 37.4
      vertex 24.208 27.708 39.4
      vertex 24.208 27.708 37.4
    endloop
  endfacet
  facet normal 0 0 1
    outer loop
      vertex 29.4735 30.3046 37.4
      vertex 29.4735 29.4954 37.4
      vertex 29.5 29.9 37.4
    endloop
  endfacet
  facet normal 0 0 1
    outer loop
      vertex 29.3944 30.7023 37.4
      vertex 29.4735 29.4954 37.4
      vertex 29.4735 30.3046 37.4
    endloop
  endfacet
  facet normal 0 0 1
    outer loop
      vertex 29.3944 30.7023 37.4
      vertex 29.3944 29.0977 37.4
      vertex 29.4735 29.4954 37.4
    endloop
  endfacet
  facet normal 0 0 1
    outer loop
      vertex 29.264 31.0863 37.4
      vertex 29.3944 29.0977 37.4
      vertex 29.3944 30.7023 37.4
    endloop
  endfacet
  facet normal 0 0 1
    outer loop
      vertex 29.264 31.0863 37.4
      vertex 29.264 28.7137 37.4
      vertex 29.3944 29.0977 37.4
    endloop
  endfacet
  facet normal 0 0 1
    outer loop
      vertex 29.0847 31.45 37.4
      vertex 29.264 28.7137 37.4
      vertex 29.264 31.0863 37.4
    endloop
  endfacet
  facet normal 0 0 1
    outer loop
      vertex 29.0847 31.45 37.4
      vertex 29.0847 28.35 37.4
      vertex 29.264 28.7137 37.4
    endloop
  endfacet
  facet normal 0 0 1
    outer loop
      vertex 28.8594 31.7872 37.4
      vertex 29.0847 28.35 37.4
      vertex 29.0847 31.45 37.4
    endloop
  endfacet
  facet normal 0 0 1
    outer loop
      vertex 28.8594 31.7872 37.4
      vertex 28.8594 28.0128 37.4
      vertex 29.0847 28.35 37.4
    endloop
  endfacet
  facet normal 0 0 1
    outer loop
      vertex 28.592 32.092 37.4
      vertex 28.8594 28.0128 37.4
      vertex 28.8594 31.7872 37.4
    endloop
  endfacet
  facet normal 0 0 1
    outer loop
      vertex 28.592 32.092 37.4
      vertex 28.592 27.708 37.4
      vertex 28.8594 28.0128 37.4
    endloop
  endfacet
  facet normal 0 0 1
    outer loop
      vertex 28.2872 32.3594 37.4
      vertex 28.592 27.708 37.4
      vertex 28.592 32.092 37.4
    endloop
  endfacet
  facet normal 0 0 1
    outer loop
      vertex 28.2872 32.3594 37.4
      vertex 28.2872 27.4406 37.4
      vertex 28.592 27.708 37.4
    endloop
  endfacet
  facet normal 0 0 1
    outer loop
      vertex 27.95 32.5847 37.4
      vertex 28.2872 27.4406 37.4
      vertex 28.2872 32.3594 37.4
    endloop
  endfacet
  facet normal 0 0 1
    outer loop
      vertex 27.95 32.5847 37.4
      vertex 27.95 27.2153 37.4
      vertex 28.2872 27.4406 37.4
    endloop
  endfacet
  facet normal 0 0 1
    outer loop
      vertex 27.5863 32.764 37.4
      vertex 27.95 27.2153 37.4
      vertex 27.95 32.5847 37.4
    endloop
  endfacet
  facet normal 0 0 1
    outer loop
      vertex 27.5863 32.764 37.4
      vertex 27.5863 27.036 37.4
      vertex 27.95 27.2153 37.4
    endloop
  endfacet
  facet normal 0 0 1
    outer loop
      vertex 27.2023 32.8944 37.4
      vertex 27.5863 27.036 37.4
      vertex 27.5863 32.764 37.4
    endloop
  endfacet
  facet normal 0 0 1
    outer loop
      vertex 27.2023 32.8944 37.4
      vertex 27.2023 26.9056 37.4
      vertex 27.5863 27.036 37.4
    endloop
  endfacet
  facet normal 0 0 1
    outer loop
      vertex 26.8046 32.9735 37.4
      vertex 27.2023 26.9056 37.4
      vertex 27.2023 32.8944 37.4
    endloop
  endfacet
  facet normal 0 0 1
    outer loop
      vertex 26.8046 32.9735 37.4
      vertex 26.8046 26.8265 37.4
      vertex 27.2023 26.9056 37.4
    endloop
  endfacet
  facet normal 0 0 1
    outer loop
      vertex 26.4 33 37.4
      vertex 26.8046 26.8265 37.4
      vertex 26.8046 32.9735 37.4
    endloop
  endfacet
  facet normal 0 0 1
    outer loop
      vertex 26.4 33 37.4
      vertex 26.4 26.8 37.4
      vertex 26.8046 26.8265 37.4
    endloop
  endfacet
  facet normal -0 0 1
    outer loop
      vertex 25.9954 32.9735 37.4
      vertex 26.4 26.8 37.4
      vertex 26.4 33 37.4
    endloop
  endfacet
  facet normal 0 0 1
    outer loop
      vertex 25.9954 32.9735 37.4
      vertex 25.9954 26.8265 37.4
      vertex 26.4 26.8 37.4
    endloop
  endfacet
  facet normal -0 0 1
    outer loop
      vertex 25.5977 32.8944 37.4
      vertex 25.9954 26.8265 37.4
      vertex 25.9954 32.9735 37.4
    endloop
  endfacet
  facet normal 0 0 1
    outer loop
      vertex 25.5977 32.8944 37.4
      vertex 25.5977 26.9056 37.4
      vertex 25.9954 26.8265 37.4
    endloop
  endfacet
  facet normal -0 0 1
    outer loop
      vertex 25.2137 32.764 37.4
      vertex 25.5977 26.9056 37.4
      vertex 25.5977 32.8944 37.4
    endloop
  endfacet
  facet normal 0 0 1
    outer loop
      vertex 25.2137 32.764 37.4
      vertex 25.2137 27.036 37.4
      vertex 25.5977 26.9056 37.4
    endloop
  endfacet
  facet normal -0 0 1
    outer loop
      vertex 24.85 32.5847 37.4
      vertex 25.2137 27.036 37.4
      vertex 25.2137 32.764 37.4
    endloop
  endfacet
  facet normal 0 0 1
    outer loop
      vertex 24.85 32.5847 37.4
      vertex 24.85 27.2153 37.4
      vertex 25.2137 27.036 37.4
    endloop
  endfacet
  facet normal -0 0 1
    outer loop
      vertex 24.5128 32.3594 37.4
      vertex 24.85 27.2153 37.4
      vertex 24.85 32.5847 37.4
    endloop
  endfacet
  facet normal 0 0 1
    outer loop
      vertex 24.5128 32.3594 37.4
      vertex 24.5128 27.4406 37.4
      vertex 24.85 27.2153 37.4
    endloop
  endfacet
  facet normal -0 0 1
    outer loop
      vertex 24.208 32.092 37.4
      vertex 24.5128 27.4406 37.4
      vertex 24.5128 32.3594 37.4
    endloop
  endfacet
  facet normal 0 0 1
    outer loop
      vertex 24.208 32.092 37.4
      vertex 24.208 27.708 37.4
      vertex 24.5128 27.4406 37.4
    endloop
  endfacet
  facet normal -0 0 1
    outer loop
      vertex 23.9406 31.7872 37.4
      vertex 24.208 27.708 37.4
      vertex 24.208 32.092 37.4
    endloop
  endfacet
  facet normal 0 0 1
    outer loop
      vertex 23.9406 31.7872 37.4
      vertex 23.9406 28.0128 37.4
      vertex 24.208 27.708 37.4
    endloop
  endfacet
  facet normal -0 0 1
    outer loop
      vertex 23.7153 31.45 37.4
      vertex 23.9406 28.0128 37.4
      vertex 23.9406 31.7872 37.4
    endloop
  endfacet
  facet normal 0 0 1
    outer loop
      vertex 23.7153 31.45 37.4
      vertex 23.7153 28.35 37.4
      vertex 23.9406 28.0128 37.4
    endloop
  endfacet
  facet normal -0 0 1
    outer loop
      vertex 23.536 31.0863 37.4
      vertex 23.7153 28.35 37.4
      vertex 23.7153 31.45 37.4
    endloop
  endfacet
  facet normal 0 0 1
    outer loop
      vertex 23.536 31.0863 37.4
      vertex 23.536 28.7137 37.4
      vertex 23.7153 28.35 37.4
    endloop
  endfacet
  facet normal -0 0 1
    outer loop
      vertex 23.4056 30.7023 37.4
      vertex 23.536 28.7137 37.4
      vertex 23.536 31.0863 37.4
    endloop
  endfacet
  facet normal 0 0 1
    outer loop
      vertex 23.4056 30.7023 37.4
      vertex 23.4056 29.0977 37.4
      vertex 23.536 28.7137 37.4
    endloop
  endfacet
  facet normal -0 0 1
    outer loop
      vertex 23.3265 30.3046 37.4
      vertex 23.4056 29.0977 37.4
      vertex 23.4056 30.7023 37.4
    endloop
  endfacet
  facet normal 0 0 1
    outer loop
      vertex 23.3265 30.3046 37.4
      vertex 23.3265 29.4954 37.4
      vertex 23.4056 29.0977 37.4
    endloop
  endfacet
  facet normal 0 -0 1
    outer loop
      vertex 23.3265 29.4954 37.4
      vertex 23.3265 30.3046 37.4
      vertex 23.3 29.9 37.4
    endloop
  endfacet
  facet normal 0.980789 0.195073 0
    outer loop
      vertex 23.4056 29.0977 39.4
      vertex 23.3265 29.4954 37.4
      vertex 23.3265 29.4954 39.4
    endloop
  endfacet
  facet normal 0.980789 0.195073 0
    outer loop
      vertex 23.3265 29.4954 37.4
      vertex 23.4056 29.0977 39.4
      vertex 23.4056 29.0977 37.4
    endloop
  endfacet
  facet normal 0.555553 0.831481 -0
    outer loop
      vertex 24.85 27.2153 37.4
      vertex 24.5128 27.4406 39.4
      vertex 24.85 27.2153 39.4
    endloop
  endfacet
  facet normal 0.555553 0.831481 0
    outer loop
      vertex 24.5128 27.4406 39.4
      vertex 24.85 27.2153 37.4
      vertex 24.5128 27.4406 37.4
    endloop
  endfacet
  facet normal -0.442176 -0.896928 0
    outer loop
      vertex 27.5863 32.764 37.4
      vertex 27.95 32.5847 39.4
      vertex 27.5863 32.764 39.4
    endloop
  endfacet
  facet normal -0.442176 -0.896928 -0
    outer loop
      vertex 27.95 32.5847 39.4
      vertex 27.5863 32.764 37.4
      vertex 27.95 32.5847 37.4
    endloop
  endfacet
  facet normal -0.896928 -0.442176 0
    outer loop
      vertex 29.264 31.0863 37.4
      vertex 29.0847 31.45 39.4
      vertex 29.0847 31.45 37.4
    endloop
  endfacet
  facet normal -0.896928 -0.442176 0
    outer loop
      vertex 29.0847 31.45 39.4
      vertex 29.264 31.0863 37.4
      vertex 29.264 31.0863 39.4
    endloop
  endfacet
  facet normal 0.980789 -0.195073 0
    outer loop
      vertex 23.3265 30.3046 39.4
      vertex 23.4056 30.7023 37.4
      vertex 23.4056 30.7023 39.4
    endloop
  endfacet
  facet normal 0.980789 -0.195073 0
    outer loop
      vertex 23.4056 30.7023 37.4
      vertex 23.3265 30.3046 39.4
      vertex 23.3265 30.3046 37.4
    endloop
  endfacet
  facet normal -0.997862 0.0653519 0
    outer loop
      vertex 29.4735 5.69537 37.4
      vertex 29.5 6.1 39.4
      vertex 29.5 6.1 37.4
    endloop
  endfacet
  facet normal -0.997862 0.0653519 0
    outer loop
      vertex 29.5 6.1 39.4
      vertex 29.4735 5.69537 37.4
      vertex 29.4735 5.69537 39.4
    endloop
  endfacet
  facet normal 0.0654059 0.997859 -0
    outer loop
      vertex 26.4 3 37.4
      vertex 25.9954 3.02652 39.4
      vertex 26.4 3 39.4
    endloop
  endfacet
  facet normal 0.0654059 0.997859 0
    outer loop
      vertex 25.9954 3.02652 39.4
      vertex 26.4 3 37.4
      vertex 25.9954 3.02652 37.4
    endloop
  endfacet
  facet normal -0.65944 0.751757 0
    outer loop
      vertex 28.592 3.90797 37.4
      vertex 28.2872 3.6406 39.4
      vertex 28.592 3.90797 39.4
    endloop
  endfacet
  facet normal -0.65944 0.751757 0
    outer loop
      vertex 28.2872 3.6406 39.4
      vertex 28.592 3.90797 37.4
      vertex 28.2872 3.6406 37.4
    endloop
  endfacet
  facet normal 0.751796 0.659396 0
    outer loop
      vertex 24.208 3.90797 39.4
      vertex 23.9406 4.21284 37.4
      vertex 23.9406 4.21284 39.4
    endloop
  endfacet
  facet normal 0.751796 0.659396 0
    outer loop
      vertex 23.9406 4.21284 37.4
      vertex 24.208 3.90797 39.4
      vertex 24.208 3.90797 37.4
    endloop
  endfacet
  facet normal 0.442275 0.89688 -0
    outer loop
      vertex 25.2137 3.23597 37.4
      vertex 24.85 3.41532 39.4
      vertex 25.2137 3.23597 39.4
    endloop
  endfacet
  facet normal 0.442275 0.89688 0
    outer loop
      vertex 24.85 3.41532 39.4
      vertex 25.2137 3.23597 37.4
      vertex 24.85 3.41532 37.4
    endloop
  endfacet
  facet normal -0.896919 0.442195 0
    outer loop
      vertex 29.0847 4.55 37.4
      vertex 29.264 4.91368 39.4
      vertex 29.264 4.91368 37.4
    endloop
  endfacet
  facet normal -0.896919 0.442195 0
    outer loop
      vertex 29.264 4.91368 39.4
      vertex 29.0847 4.55 37.4
      vertex 29.0847 4.55 39.4
    endloop
  endfacet
  facet normal -0.98079 0.195068 0
    outer loop
      vertex 29.3944 5.29766 37.4
      vertex 29.4735 5.69537 39.4
      vertex 29.4735 5.69537 37.4
    endloop
  endfacet
  facet normal -0.98079 0.195068 0
    outer loop
      vertex 29.4735 5.69537 39.4
      vertex 29.3944 5.29766 37.4
      vertex 29.3944 5.29766 39.4
    endloop
  endfacet
  facet normal -0.321416 0.946938 0
    outer loop
      vertex 27.5863 3.23597 37.4
      vertex 27.2023 3.10563 39.4
      vertex 27.5863 3.23597 39.4
    endloop
  endfacet
  facet normal -0.321416 0.946938 0
    outer loop
      vertex 27.2023 3.10563 39.4
      vertex 27.5863 3.23597 37.4
      vertex 27.2023 3.10563 37.4
    endloop
  endfacet
  facet normal -0.555519 0.831504 0
    outer loop
      vertex 28.2872 3.6406 37.4
      vertex 27.95 3.41532 39.4
      vertex 28.2872 3.6406 39.4
    endloop
  endfacet
  facet normal -0.555519 0.831504 0
    outer loop
      vertex 27.95 3.41532 39.4
      vertex 28.2872 3.6406 37.4
      vertex 27.95 3.41532 37.4
    endloop
  endfacet
  facet normal 0.896919 0.442195 0
    outer loop
      vertex 23.7153 4.55 39.4
      vertex 23.536 4.91368 37.4
      vertex 23.536 4.91368 39.4
    endloop
  endfacet
  facet normal 0.896919 0.442195 0
    outer loop
      vertex 23.536 4.91368 37.4
      vertex 23.7153 4.55 39.4
      vertex 23.7153 4.55 37.4
    endloop
  endfacet
  facet normal 0.83145 0.555599 0
    outer loop
      vertex 23.9406 4.21284 39.4
      vertex 23.7153 4.55 37.4
      vertex 23.7153 4.55 39.4
    endloop
  endfacet
  facet normal 0.83145 0.555599 0
    outer loop
      vertex 23.7153 4.55 37.4
      vertex 23.9406 4.21284 39.4
      vertex 23.9406 4.21284 37.4
    endloop
  endfacet
  facet normal 0.997862 0.0653519 0
    outer loop
      vertex 23.3265 5.69537 39.4
      vertex 23.3 6.1 37.4
      vertex 23.3 6.1 39.4
    endloop
  endfacet
  facet normal 0.997862 0.0653519 0
    outer loop
      vertex 23.3 6.1 37.4
      vertex 23.3265 5.69537 39.4
      vertex 23.3265 5.69537 37.4
    endloop
  endfacet
  facet normal 0.65944 0.751757 -0
    outer loop
      vertex 24.5128 3.6406 37.4
      vertex 24.208 3.90797 39.4
      vertex 24.5128 3.6406 39.4
    endloop
  endfacet
  facet normal 0.65944 0.751757 0
    outer loop
      vertex 24.208 3.90797 39.4
      vertex 24.5128 3.6406 37.4
      vertex 24.208 3.90797 37.4
    endloop
  endfacet
  facet normal 0.195096 0.980784 -0
    outer loop
      vertex 25.9954 3.02652 37.4
      vertex 25.5977 3.10563 39.4
      vertex 25.9954 3.02652 39.4
    endloop
  endfacet
  facet normal 0.195096 0.980784 0
    outer loop
      vertex 25.5977 3.10563 39.4
      vertex 25.9954 3.02652 37.4
      vertex 25.5977 3.10563 37.4
    endloop
  endfacet
  facet normal -0.83145 -0.555599 0
    outer loop
      vertex 29.0847 7.65 37.4
      vertex 28.8594 7.98716 39.4
      vertex 28.8594 7.98716 37.4
    endloop
  endfacet
  facet normal -0.83145 -0.555599 0
    outer loop
      vertex 28.8594 7.98716 39.4
      vertex 29.0847 7.65 37.4
      vertex 29.0847 7.65 39.4
    endloop
  endfacet
  facet normal -0.997862 -0.0653519 0
    outer loop
      vertex 29.5 6.1 37.4
      vertex 29.4735 6.50463 39.4
      vertex 29.4735 6.50463 37.4
    endloop
  endfacet
  facet normal -0.997862 -0.0653519 0
    outer loop
      vertex 29.4735 6.50463 39.4
      vertex 29.5 6.1 37.4
      vertex 29.5 6.1 39.4
    endloop
  endfacet
  facet normal -0.195096 -0.980784 0
    outer loop
      vertex 26.8046 9.17348 37.4
      vertex 27.2023 9.09437 39.4
      vertex 26.8046 9.17348 39.4
    endloop
  endfacet
  facet normal -0.195096 -0.980784 -0
    outer loop
      vertex 27.2023 9.09437 39.4
      vertex 26.8046 9.17348 37.4
      vertex 27.2023 9.09437 37.4
    endloop
  endfacet
  facet normal -0.946888 0.321564 0
    outer loop
      vertex 29.264 4.91368 37.4
      vertex 29.3944 5.29766 39.4
      vertex 29.3944 5.29766 37.4
    endloop
  endfacet
  facet normal -0.946888 0.321564 0
    outer loop
      vertex 29.3944 5.29766 39.4
      vertex 29.264 4.91368 37.4
      vertex 29.264 4.91368 39.4
    endloop
  endfacet
  facet normal -0.751796 0.659396 0
    outer loop
      vertex 28.592 3.90797 37.4
      vertex 28.8594 4.21284 39.4
      vertex 28.8594 4.21284 37.4
    endloop
  endfacet
  facet normal -0.751796 0.659396 0
    outer loop
      vertex 28.8594 4.21284 39.4
      vertex 28.592 3.90797 37.4
      vertex 28.592 3.90797 39.4
    endloop
  endfacet
  facet normal -0.83145 0.555599 0
    outer loop
      vertex 28.8594 4.21284 37.4
      vertex 29.0847 4.55 39.4
      vertex 29.0847 4.55 37.4
    endloop
  endfacet
  facet normal -0.83145 0.555599 0
    outer loop
      vertex 29.0847 4.55 39.4
      vertex 28.8594 4.21284 37.4
      vertex 28.8594 4.21284 39.4
    endloop
  endfacet
  facet normal -0.195096 0.980784 0
    outer loop
      vertex 27.2023 3.10563 37.4
      vertex 26.8046 3.02652 39.4
      vertex 27.2023 3.10563 39.4
    endloop
  endfacet
  facet normal -0.195096 0.980784 0
    outer loop
      vertex 26.8046 3.02652 39.4
      vertex 27.2023 3.10563 37.4
      vertex 26.8046 3.02652 37.4
    endloop
  endfacet
  facet normal -0.0654059 0.997859 0
    outer loop
      vertex 26.8046 3.02652 37.4
      vertex 26.4 3 39.4
      vertex 26.8046 3.02652 39.4
    endloop
  endfacet
  facet normal -0.0654059 0.997859 0
    outer loop
      vertex 26.4 3 39.4
      vertex 26.8046 3.02652 37.4
      vertex 26.4 3 37.4
    endloop
  endfacet
  facet normal 0.946888 0.321564 0
    outer loop
      vertex 23.536 4.91368 39.4
      vertex 23.4056 5.29766 37.4
      vertex 23.4056 5.29766 39.4
    endloop
  endfacet
  facet normal 0.946888 0.321564 0
    outer loop
      vertex 23.4056 5.29766 37.4
      vertex 23.536 4.91368 39.4
      vertex 23.536 4.91368 37.4
    endloop
  endfacet
  facet normal 0.997862 -0.0653519 0
    outer loop
      vertex 23.3 6.1 39.4
      vertex 23.3265 6.50463 37.4
      vertex 23.3265 6.50463 39.4
    endloop
  endfacet
  facet normal 0.997862 -0.0653519 0
    outer loop
      vertex 23.3265 6.50463 37.4
      vertex 23.3 6.1 39.4
      vertex 23.3 6.1 37.4
    endloop
  endfacet
  facet normal -0.65944 -0.751757 0
    outer loop
      vertex 28.2872 8.5594 37.4
      vertex 28.592 8.29203 39.4
      vertex 28.2872 8.5594 39.4
    endloop
  endfacet
  facet normal -0.65944 -0.751757 -0
    outer loop
      vertex 28.592 8.29203 39.4
      vertex 28.2872 8.5594 37.4
      vertex 28.592 8.29203 37.4
    endloop
  endfacet
  facet normal -0.98079 -0.195068 0
    outer loop
      vertex 29.4735 6.50463 37.4
      vertex 29.3944 6.90234 39.4
      vertex 29.3944 6.90234 37.4
    endloop
  endfacet
  facet normal -0.98079 -0.195068 0
    outer loop
      vertex 29.3944 6.90234 39.4
      vertex 29.4735 6.50463 37.4
      vertex 29.4735 6.50463 39.4
    endloop
  endfacet
  facet normal 0.321416 -0.946938 0
    outer loop
      vertex 25.2137 8.96403 37.4
      vertex 25.5977 9.09437 39.4
      vertex 25.2137 8.96403 39.4
    endloop
  endfacet
  facet normal 0.321416 -0.946938 0
    outer loop
      vertex 25.5977 9.09437 39.4
      vertex 25.2137 8.96403 37.4
      vertex 25.5977 9.09437 37.4
    endloop
  endfacet
  facet normal 0.98079 -0.195068 0
    outer loop
      vertex 23.3265 6.50463 39.4
      vertex 23.4056 6.90234 37.4
      vertex 23.4056 6.90234 39.4
    endloop
  endfacet
  facet normal 0.98079 -0.195068 0
    outer loop
      vertex 23.4056 6.90234 37.4
      vertex 23.3265 6.50463 39.4
      vertex 23.3265 6.50463 37.4
    endloop
  endfacet
  facet normal 0.896919 -0.442195 0
    outer loop
      vertex 23.536 7.28632 39.4
      vertex 23.7153 7.65 37.4
      vertex 23.7153 7.65 39.4
    endloop
  endfacet
  facet normal 0.896919 -0.442195 0
    outer loop
      vertex 23.7153 7.65 37.4
      vertex 23.536 7.28632 39.4
      vertex 23.536 7.28632 37.4
    endloop
  endfacet
  facet normal -0.751796 -0.659396 0
    outer loop
      vertex 28.8594 7.98716 37.4
      vertex 28.592 8.29203 39.4
      vertex 28.592 8.29203 37.4
    endloop
  endfacet
  facet normal -0.751796 -0.659396 0
    outer loop
      vertex 28.592 8.29203 39.4
      vertex 28.8594 7.98716 37.4
      vertex 28.8594 7.98716 39.4
    endloop
  endfacet
  facet normal -0.442275 -0.89688 0
    outer loop
      vertex 27.5863 8.96403 37.4
      vertex 27.95 8.78468 39.4
      vertex 27.5863 8.96403 39.4
    endloop
  endfacet
  facet normal -0.442275 -0.89688 -0
    outer loop
      vertex 27.95 8.78468 39.4
      vertex 27.5863 8.96403 37.4
      vertex 27.95 8.78468 37.4
    endloop
  endfacet
  facet normal -0.321416 -0.946938 0
    outer loop
      vertex 27.2023 9.09437 37.4
      vertex 27.5863 8.96403 39.4
      vertex 27.2023 9.09437 39.4
    endloop
  endfacet
  facet normal -0.321416 -0.946938 -0
    outer loop
      vertex 27.5863 8.96403 39.4
      vertex 27.2023 9.09437 37.4
      vertex 27.5863 8.96403 37.4
    endloop
  endfacet
  facet normal -0.442275 0.89688 0
    outer loop
      vertex 27.95 3.41532 37.4
      vertex 27.5863 3.23597 39.4
      vertex 27.95 3.41532 39.4
    endloop
  endfacet
  facet normal -0.442275 0.89688 0
    outer loop
      vertex 27.5863 3.23597 39.4
      vertex 27.95 3.41532 37.4
      vertex 27.5863 3.23597 37.4
    endloop
  endfacet
  facet normal 0 0 1
    outer loop
      vertex 29.4735 6.50463 37.4
      vertex 29.4735 5.69537 37.4
      vertex 29.5 6.1 37.4
    endloop
  endfacet
  facet normal 0 0 1
    outer loop
      vertex 29.3944 6.90234 37.4
      vertex 29.4735 5.69537 37.4
      vertex 29.4735 6.50463 37.4
    endloop
  endfacet
  facet normal 0 0 1
    outer loop
      vertex 29.3944 6.90234 37.4
      vertex 29.3944 5.29766 37.4
      vertex 29.4735 5.69537 37.4
    endloop
  endfacet
  facet normal 0 0 1
    outer loop
      vertex 29.264 7.28632 37.4
      vertex 29.3944 5.29766 37.4
      vertex 29.3944 6.90234 37.4
    endloop
  endfacet
  facet normal 0 0 1
    outer loop
      vertex 29.264 7.28632 37.4
      vertex 29.264 4.91368 37.4
      vertex 29.3944 5.29766 37.4
    endloop
  endfacet
  facet normal 0 0 1
    outer loop
      vertex 29.0847 7.65 37.4
      vertex 29.264 4.91368 37.4
      vertex 29.264 7.28632 37.4
    endloop
  endfacet
  facet normal 0 0 1
    outer loop
      vertex 29.0847 7.65 37.4
      vertex 29.0847 4.55 37.4
      vertex 29.264 4.91368 37.4
    endloop
  endfacet
  facet normal 0 0 1
    outer loop
      vertex 28.8594 7.98716 37.4
      vertex 29.0847 4.55 37.4
      vertex 29.0847 7.65 37.4
    endloop
  endfacet
  facet normal 0 0 1
    outer loop
      vertex 28.8594 7.98716 37.4
      vertex 28.8594 4.21284 37.4
      vertex 29.0847 4.55 37.4
    endloop
  endfacet
  facet normal 0 0 1
    outer loop
      vertex 28.592 8.29203 37.4
      vertex 28.8594 4.21284 37.4
      vertex 28.8594 7.98716 37.4
    endloop
  endfacet
  facet normal 0 0 1
    outer loop
      vertex 28.592 8.29203 37.4
      vertex 28.592 3.90797 37.4
      vertex 28.8594 4.21284 37.4
    endloop
  endfacet
  facet normal 0 0 1
    outer loop
      vertex 28.2872 8.5594 37.4
      vertex 28.592 3.90797 37.4
      vertex 28.592 8.29203 37.4
    endloop
  endfacet
  facet normal 0 0 1
    outer loop
      vertex 28.2872 8.5594 37.4
      vertex 28.2872 3.6406 37.4
      vertex 28.592 3.90797 37.4
    endloop
  endfacet
  facet normal 0 0 1
    outer loop
      vertex 27.95 8.78468 37.4
      vertex 28.2872 3.6406 37.4
      vertex 28.2872 8.5594 37.4
    endloop
  endfacet
  facet normal 0 0 1
    outer loop
      vertex 27.95 8.78468 37.4
      vertex 27.95 3.41532 37.4
      vertex 28.2872 3.6406 37.4
    endloop
  endfacet
  facet normal 0 0 1
    outer loop
      vertex 27.5863 8.96403 37.4
      vertex 27.95 3.41532 37.4
      vertex 27.95 8.78468 37.4
    endloop
  endfacet
  facet normal 0 0 1
    outer loop
      vertex 27.5863 8.96403 37.4
      vertex 27.5863 3.23597 37.4
      vertex 27.95 3.41532 37.4
    endloop
  endfacet
  facet normal 0 0 1
    outer loop
      vertex 27.2023 9.09437 37.4
      vertex 27.5863 3.23597 37.4
      vertex 27.5863 8.96403 37.4
    endloop
  endfacet
  facet normal 0 0 1
    outer loop
      vertex 27.2023 9.09437 37.4
      vertex 27.2023 3.10563 37.4
      vertex 27.5863 3.23597 37.4
    endloop
  endfacet
  facet normal 0 0 1
    outer loop
      vertex 26.8046 9.17348 37.4
      vertex 27.2023 3.10563 37.4
      vertex 27.2023 9.09437 37.4
    endloop
  endfacet
  facet normal 0 0 1
    outer loop
      vertex 26.8046 9.17348 37.4
      vertex 26.8046 3.02652 37.4
      vertex 27.2023 3.10563 37.4
    endloop
  endfacet
  facet normal 0 0 1
    outer loop
      vertex 26.4 9.2 37.4
      vertex 26.8046 3.02652 37.4
      vertex 26.8046 9.17348 37.4
    endloop
  endfacet
  facet normal 0 0 1
    outer loop
      vertex 26.4 9.2 37.4
      vertex 26.4 3 37.4
      vertex 26.8046 3.02652 37.4
    endloop
  endfacet
  facet normal -0 0 1
    outer loop
      vertex 25.9954 9.17348 37.4
      vertex 26.4 3 37.4
      vertex 26.4 9.2 37.4
    endloop
  endfacet
  facet normal 0 0 1
    outer loop
      vertex 25.9954 9.17348 37.4
      vertex 25.9954 3.02652 37.4
      vertex 26.4 3 37.4
    endloop
  endfacet
  facet normal -0 0 1
    outer loop
      vertex 25.5977 9.09437 37.4
      vertex 25.9954 3.02652 37.4
      vertex 25.9954 9.17348 37.4
    endloop
  endfacet
  facet normal 0 0 1
    outer loop
      vertex 25.5977 9.09437 37.4
      vertex 25.5977 3.10563 37.4
      vertex 25.9954 3.02652 37.4
    endloop
  endfacet
  facet normal -0 0 1
    outer loop
      vertex 25.2137 8.96403 37.4
      vertex 25.5977 3.10563 37.4
      vertex 25.5977 9.09437 37.4
    endloop
  endfacet
  facet normal 0 0 1
    outer loop
      vertex 25.2137 8.96403 37.4
      vertex 25.2137 3.23597 37.4
      vertex 25.5977 3.10563 37.4
    endloop
  endfacet
  facet normal -0 0 1
    outer loop
      vertex 24.85 8.78468 37.4
      vertex 25.2137 3.23597 37.4
      vertex 25.2137 8.96403 37.4
    endloop
  endfacet
  facet normal 0 0 1
    outer loop
      vertex 24.85 8.78468 37.4
      vertex 24.85 3.41532 37.4
      vertex 25.2137 3.23597 37.4
    endloop
  endfacet
  facet normal -0 0 1
    outer loop
      vertex 24.5128 8.5594 37.4
      vertex 24.85 3.41532 37.4
      vertex 24.85 8.78468 37.4
    endloop
  endfacet
  facet normal 0 0 1
    outer loop
      vertex 24.5128 8.5594 37.4
      vertex 24.5128 3.6406 37.4
      vertex 24.85 3.41532 37.4
    endloop
  endfacet
  facet normal -0 0 1
    outer loop
      vertex 24.208 8.29203 37.4
      vertex 24.5128 3.6406 37.4
      vertex 24.5128 8.5594 37.4
    endloop
  endfacet
  facet normal 0 0 1
    outer loop
      vertex 24.208 8.29203 37.4
      vertex 24.208 3.90797 37.4
      vertex 24.5128 3.6406 37.4
    endloop
  endfacet
  facet normal -0 0 1
    outer loop
      vertex 23.9406 7.98716 37.4
      vertex 24.208 3.90797 37.4
      vertex 24.208 8.29203 37.4
    endloop
  endfacet
  facet normal 0 0 1
    outer loop
      vertex 23.9406 7.98716 37.4
      vertex 23.9406 4.21284 37.4
      vertex 24.208 3.90797 37.4
    endloop
  endfacet
  facet normal -0 0 1
    outer loop
      vertex 23.7153 7.65 37.4
      vertex 23.9406 4.21284 37.4
      vertex 23.9406 7.98716 37.4
    endloop
  endfacet
  facet normal 0 0 1
    outer loop
      vertex 23.7153 7.65 37.4
      vertex 23.7153 4.55 37.4
      vertex 23.9406 4.21284 37.4
    endloop
  endfacet
  facet normal -0 0 1
    outer loop
      vertex 23.536 7.28632 37.4
      vertex 23.7153 4.55 37.4
      vertex 23.7153 7.65 37.4
    endloop
  endfacet
  facet normal 0 0 1
    outer loop
      vertex 23.536 7.28632 37.4
      vertex 23.536 4.91368 37.4
      vertex 23.7153 4.55 37.4
    endloop
  endfacet
  facet normal -0 0 1
    outer loop
      vertex 23.4056 6.90234 37.4
      vertex 23.536 4.91368 37.4
      vertex 23.536 7.28632 37.4
    endloop
  endfacet
  facet normal 0 0 1
    outer loop
      vertex 23.4056 6.90234 37.4
      vertex 23.4056 5.29766 37.4
      vertex 23.536 4.91368 37.4
    endloop
  endfacet
  facet normal -0 0 1
    outer loop
      vertex 23.3265 6.50463 37.4
      vertex 23.4056 5.29766 37.4
      vertex 23.4056 6.90234 37.4
    endloop
  endfacet
  facet normal 0 0 1
    outer loop
      vertex 23.3265 6.50463 37.4
      vertex 23.3265 5.69537 37.4
      vertex 23.4056 5.29766 37.4
    endloop
  endfacet
  facet normal 0 -0 1
    outer loop
      vertex 23.3265 5.69537 37.4
      vertex 23.3265 6.50463 37.4
      vertex 23.3 6.1 37.4
    endloop
  endfacet
  facet normal 0.98079 0.195068 0
    outer loop
      vertex 23.4056 5.29766 39.4
      vertex 23.3265 5.69537 37.4
      vertex 23.3265 5.69537 39.4
    endloop
  endfacet
  facet normal 0.98079 0.195068 0
    outer loop
      vertex 23.3265 5.69537 37.4
      vertex 23.4056 5.29766 39.4
      vertex 23.4056 5.29766 37.4
    endloop
  endfacet
  facet normal 0.555519 0.831504 -0
    outer loop
      vertex 24.85 3.41532 37.4
      vertex 24.5128 3.6406 39.4
      vertex 24.85 3.41532 39.4
    endloop
  endfacet
  facet normal 0.555519 0.831504 0
    outer loop
      vertex 24.5128 3.6406 39.4
      vertex 24.85 3.41532 37.4
      vertex 24.5128 3.6406 37.4
    endloop
  endfacet
  facet normal 0.321416 0.946938 -0
    outer loop
      vertex 25.5977 3.10563 37.4
      vertex 25.2137 3.23597 39.4
      vertex 25.5977 3.10563 39.4
    endloop
  endfacet
  facet normal 0.321416 0.946938 0
    outer loop
      vertex 25.2137 3.23597 39.4
      vertex 25.5977 3.10563 37.4
      vertex 25.2137 3.23597 37.4
    endloop
  endfacet
  facet normal -0.946888 -0.321564 0
    outer loop
      vertex 29.3944 6.90234 37.4
      vertex 29.264 7.28632 39.4
      vertex 29.264 7.28632 37.4
    endloop
  endfacet
  facet normal -0.946888 -0.321564 0
    outer loop
      vertex 29.264 7.28632 39.4
      vertex 29.3944 6.90234 37.4
      vertex 29.3944 6.90234 39.4
    endloop
  endfacet
  facet normal -0.896919 -0.442195 0
    outer loop
      vertex 29.264 7.28632 37.4
      vertex 29.0847 7.65 39.4
      vertex 29.0847 7.65 37.4
    endloop
  endfacet
  facet normal -0.896919 -0.442195 0
    outer loop
      vertex 29.0847 7.65 39.4
      vertex 29.264 7.28632 37.4
      vertex 29.264 7.28632 39.4
    endloop
  endfacet
  facet normal -0.0654059 -0.997859 0
    outer loop
      vertex 26.4 9.2 37.4
      vertex 26.8046 9.17348 39.4
      vertex 26.4 9.2 39.4
    endloop
  endfacet
  facet normal -0.0654059 -0.997859 -0
    outer loop
      vertex 26.8046 9.17348 39.4
      vertex 26.4 9.2 37.4
      vertex 26.8046 9.17348 37.4
    endloop
  endfacet
  facet normal 0.555519 -0.831504 0
    outer loop
      vertex 24.5128 8.5594 37.4
      vertex 24.85 8.78468 39.4
      vertex 24.5128 8.5594 39.4
    endloop
  endfacet
  facet normal 0.555519 -0.831504 0
    outer loop
      vertex 24.85 8.78468 39.4
      vertex 24.5128 8.5594 37.4
      vertex 24.85 8.78468 37.4
    endloop
  endfacet
  facet normal 0.65944 -0.751757 0
    outer loop
      vertex 24.208 8.29203 37.4
      vertex 24.5128 8.5594 39.4
      vertex 24.208 8.29203 39.4
    endloop
  endfacet
  facet normal 0.65944 -0.751757 0
    outer loop
      vertex 24.5128 8.5594 39.4
      vertex 24.208 8.29203 37.4
      vertex 24.5128 8.5594 37.4
    endloop
  endfacet
  facet normal 0.83145 -0.555599 0
    outer loop
      vertex 23.7153 7.65 39.4
      vertex 23.9406 7.98716 37.4
      vertex 23.9406 7.98716 39.4
    endloop
  endfacet
  facet normal 0.83145 -0.555599 0
    outer loop
      vertex 23.9406 7.98716 37.4
      vertex 23.7153 7.65 39.4
      vertex 23.7153 7.65 37.4
    endloop
  endfacet
  facet normal 0.946888 -0.321564 0
    outer loop
      vertex 23.4056 6.90234 39.4
      vertex 23.536 7.28632 37.4
      vertex 23.536 7.28632 39.4
    endloop
  endfacet
  facet normal 0.946888 -0.321564 0
    outer loop
      vertex 23.536 7.28632 37.4
      vertex 23.4056 6.90234 39.4
      vertex 23.4056 6.90234 37.4
    endloop
  endfacet
  facet normal -0.555519 -0.831504 0
    outer loop
      vertex 27.95 8.78468 37.4
      vertex 28.2872 8.5594 39.4
      vertex 27.95 8.78468 39.4
    endloop
  endfacet
  facet normal -0.555519 -0.831504 -0
    outer loop
      vertex 28.2872 8.5594 39.4
      vertex 27.95 8.78468 37.4
      vertex 28.2872 8.5594 37.4
    endloop
  endfacet
  facet normal 0.195096 -0.980784 0
    outer loop
      vertex 25.5977 9.09437 37.4
      vertex 25.9954 9.17348 39.4
      vertex 25.5977 9.09437 39.4
    endloop
  endfacet
  facet normal 0.195096 -0.980784 0
    outer loop
      vertex 25.9954 9.17348 39.4
      vertex 25.5977 9.09437 37.4
      vertex 25.9954 9.17348 37.4
    endloop
  endfacet
  facet normal 0.442275 -0.89688 0
    outer loop
      vertex 24.85 8.78468 37.4
      vertex 25.2137 8.96403 39.4
      vertex 24.85 8.78468 39.4
    endloop
  endfacet
  facet normal 0.442275 -0.89688 0
    outer loop
      vertex 25.2137 8.96403 39.4
      vertex 24.85 8.78468 37.4
      vertex 25.2137 8.96403 37.4
    endloop
  endfacet
  facet normal 0.751796 -0.659396 0
    outer loop
      vertex 23.9406 7.98716 39.4
      vertex 24.208 8.29203 37.4
      vertex 24.208 8.29203 39.4
    endloop
  endfacet
  facet normal 0.751796 -0.659396 0
    outer loop
      vertex 24.208 8.29203 37.4
      vertex 23.9406 7.98716 39.4
      vertex 23.9406 7.98716 37.4
    endloop
  endfacet
  facet normal 0.0654059 -0.997859 0
    outer loop
      vertex 25.9954 9.17348 37.4
      vertex 26.4 9.2 39.4
      vertex 25.9954 9.17348 39.4
    endloop
  endfacet
  facet normal 0.0654059 -0.997859 0
    outer loop
      vertex 26.4 9.2 39.4
      vertex 25.9954 9.17348 37.4
      vertex 26.4 9.2 37.4
    endloop
  endfacet
  facet normal 1 0 0
    outer loop
      vertex -4.67 2.4 40
      vertex -4.67 1.4 38.9
      vertex -4.67 2.4 33.57
    endloop
  endfacet
  facet normal 1 -0 0
    outer loop
      vertex -4.67 0 40
      vertex -4.67 1.4 38.9
      vertex -4.67 2.4 40
    endloop
  endfacet
  facet normal 1 0 0
    outer loop
      vertex -4.67 1.4 38.9
      vertex -4.67 0 40
      vertex -4.67 0 38.9
    endloop
  endfacet
  facet normal 1 0 0
    outer loop
      vertex -4.67 2.4 33.57
      vertex -4.67 1.4 38.9
      vertex -4.67 1.4 33.57
    endloop
  endfacet
  facet normal -0 0 1
    outer loop
      vertex -4.67 2.4 33.57
      vertex 4.67 1.4 33.57
      vertex 4.67 2.4 33.57
    endloop
  endfacet
  facet normal 0 0 1
    outer loop
      vertex 4.67 1.4 33.57
      vertex -4.67 2.4 33.57
      vertex -4.67 1.4 33.57
    endloop
  endfacet
  facet normal -1 0 0
    outer loop
      vertex 4.67 1.4 38.9
      vertex 4.67 2.4 33.57
      vertex 4.67 1.4 33.57
    endloop
  endfacet
  facet normal -1 0 0
    outer loop
      vertex 4.67 2.4 33.57
      vertex 4.67 1.4 38.9
      vertex 4.67 2.4 40
    endloop
  endfacet
  facet normal -1 0 0
    outer loop
      vertex 4.67 0 40
      vertex 4.67 1.4 38.9
      vertex 4.67 0 38.9
    endloop
  endfacet
  facet normal -1 0 0
    outer loop
      vertex 4.67 1.4 38.9
      vertex 4.67 0 40
      vertex 4.67 2.4 40
    endloop
  endfacet
  facet normal 1 -0 0
    outer loop
      vertex -6.25 0 38.9
      vertex -6.25 1.4 31.9
      vertex -6.25 1.4 38.9
    endloop
  endfacet
  facet normal 1 0 0
    outer loop
      vertex -6.25 1.4 31.9
      vertex -6.25 0 38.9
      vertex -6.25 0 31.9
    endloop
  endfacet
  facet normal -0 0 1
    outer loop
      vertex -6.25 1.4 31.9
      vertex 6.25 0 31.9
      vertex 6.25 1.4 31.9
    endloop
  endfacet
  facet normal 0 0 1
    outer loop
      vertex 6.25 0 31.9
      vertex -6.25 1.4 31.9
      vertex -6.25 0 31.9
    endloop
  endfacet
  facet normal -1 0 0
    outer loop
      vertex 6.25 0 31.9
      vertex 6.25 1.4 38.9
      vertex 6.25 1.4 31.9
    endloop
  endfacet
  facet normal -1 -0 0
    outer loop
      vertex 6.25 1.4 38.9
      vertex 6.25 0 31.9
      vertex 6.25 0 38.9
    endloop
  endfacet
  facet normal 0 0 -1
    outer loop
      vertex -6.25 0 38.9
      vertex -4.67 1.4 38.9
      vertex -4.67 0 38.9
    endloop
  endfacet
  facet normal -0 0 -1
    outer loop
      vertex -4.67 1.4 38.9
      vertex -6.25 0 38.9
      vertex -6.25 1.4 38.9
    endloop
  endfacet
  facet normal 0 0 -1
    outer loop
      vertex 4.67 0 38.9
      vertex 6.25 1.4 38.9
      vertex 6.25 0 38.9
    endloop
  endfacet
  facet normal -0 0 -1
    outer loop
      vertex 6.25 1.4 38.9
      vertex 4.67 0 38.9
      vertex 4.67 1.4 38.9
    endloop
  endfacet
  facet normal 0 -1 0
    outer loop
      vertex -6.25 1.4 38.9
      vertex -4.67 1.4 33.57
      vertex -4.67 1.4 38.9
    endloop
  endfacet
  facet normal 0 -1 -0
    outer loop
      vertex -4.67 1.4 33.57
      vertex -6.25 1.4 31.9
      vertex 4.67 1.4 33.57
    endloop
  endfacet
  facet normal 0 -1 0
    outer loop
      vertex -6.25 1.4 31.9
      vertex -4.67 1.4 33.57
      vertex -6.25 1.4 38.9
    endloop
  endfacet
  facet normal 0 -1 0
    outer loop
      vertex 4.67 1.4 33.57
      vertex 6.25 1.4 38.9
      vertex 4.67 1.4 38.9
    endloop
  endfacet
  facet normal 0 -1 0
    outer loop
      vertex 4.67 1.4 33.57
      vertex 6.25 1.4 31.9
      vertex 6.25 1.4 38.9
    endloop
  endfacet
  facet normal 0 -1 0
    outer loop
      vertex 6.25 1.4 31.9
      vertex 4.67 1.4 33.57
      vertex -6.25 1.4 31.9
    endloop
  endfacet
  facet normal 1 -0 0
    outer loop
      vertex 13.9 0 38.95
      vertex 13.9 2.4 37.05
      vertex 13.9 2.4 38.95
    endloop
  endfacet
  facet normal 1 0 0
    outer loop
      vertex 13.9 2.4 37.05
      vertex 13.9 0 38.95
      vertex 13.9 0 37.05
    endloop
  endfacet
  facet normal -0 0 1
    outer loop
      vertex 13.9 2.4 37.05
      vertex 18.3 0 37.05
      vertex 18.3 2.4 37.05
    endloop
  endfacet
  facet normal 0 0 1
    outer loop
      vertex 18.3 0 37.05
      vertex 13.9 2.4 37.05
      vertex 13.9 0 37.05
    endloop
  endfacet
  facet normal -1 0 0
    outer loop
      vertex 18.3 0 37.05
      vertex 18.3 2.4 38.95
      vertex 18.3 2.4 37.05
    endloop
  endfacet
  facet normal -1 -0 0
    outer loop
      vertex 18.3 2.4 38.95
      vertex 18.3 0 37.05
      vertex 18.3 0 38.95
    endloop
  endfacet
  facet normal 0 0 -1
    outer loop
      vertex 13.9 0 38.95
      vertex 18.3 2.4 38.95
      vertex 18.3 0 38.95
    endloop
  endfacet
  facet normal -0 0 -1
    outer loop
      vertex 18.3 2.4 38.95
      vertex 13.9 0 38.95
      vertex 13.9 2.4 38.95
    endloop
  endfacet
  facet normal 1 -0 0
    outer loop
      vertex -6 0.61 31.4
      vertex -6 2.4 29.9
      vertex -6 2.4 31.4
    endloop
  endfacet
  facet normal 1 0 0
    outer loop
      vertex -6 2.4 29.9
      vertex -6 0.61 31.4
      vertex -6 0.61 29.9
    endloop
  endfacet
  facet normal -0 0 1
    outer loop
      vertex -6 2.4 29.9
      vertex 6 0.61 29.9
      vertex 6 2.4 29.9
    endloop
  endfacet
  facet normal 0 0 1
    outer loop
      vertex 6 0.61 29.9
      vertex -6 2.4 29.9
      vertex -6 0.61 29.9
    endloop
  endfacet
  facet normal -1 0 0
    outer loop
      vertex 6 0.61 29.9
      vertex 6 2.4 31.4
      vertex 6 2.4 29.9
    endloop
  endfacet
  facet normal -1 -0 0
    outer loop
      vertex 6 2.4 31.4
      vertex 6 0.61 29.9
      vertex 6 0.61 31.4
    endloop
  endfacet
  facet normal 0 1 -0
    outer loop
      vertex 6 0.61 29.9
      vertex -6 0.61 31.4
      vertex 6 0.61 31.4
    endloop
  endfacet
  facet normal 0 1 0
    outer loop
      vertex -6 0.61 31.4
      vertex 6 0.61 29.9
      vertex -6 0.61 29.9
    endloop
  endfacet
  facet normal 0 0 -1
    outer loop
      vertex -6 0.61 31.4
      vertex 6 2.4 31.4
      vertex 6 0.61 31.4
    endloop
  endfacet
  facet normal -0 0 -1
    outer loop
      vertex 6 2.4 31.4
      vertex -6 0.61 31.4
      vertex -6 2.4 31.4
    endloop
  endfacet
  facet normal 1 -0 0
    outer loop
      vertex -29.05 8 12.5
      vertex -29.05 28 0
      vertex -29.05 28 12.5
    endloop
  endfacet
  facet normal 1 0 0
    outer loop
      vertex -29.05 28 0
      vertex -29.05 8 12.5
      vertex -29.05 8 0
    endloop
  endfacet
  facet normal -1 0 0
    outer loop
      vertex 29.05 8 0
      vertex 29.05 28 12.5
      vertex 29.05 28 0
    endloop
  endfacet
  facet normal -1 -0 0
    outer loop
      vertex 29.05 28 12.5
      vertex 29.05 8 0
      vertex 29.05 8 12.5
    endloop
  endfacet
  facet normal 0 0 -1
    outer loop
      vertex 29.05 8 12.5
      vertex 27.55 9.5 12.5
      vertex 29.05 28 12.5
    endloop
  endfacet
  facet normal 0 0 -1
    outer loop
      vertex 29.05 8 12.5
      vertex -27.55 9.5 12.5
      vertex 27.55 9.5 12.5
    endloop
  endfacet
  facet normal -0 0 -1
    outer loop
      vertex -27.55 9.5 12.5
      vertex -29.05 8 12.5
      vertex -27.55 26.5 12.5
    endloop
  endfacet
  facet normal 0 0 -1
    outer loop
      vertex -29.05 8 12.5
      vertex -27.55 9.5 12.5
      vertex 29.05 8 12.5
    endloop
  endfacet
  facet normal 0 0 -1
    outer loop
      vertex 27.55 26.5 12.5
      vertex 29.05 28 12.5
      vertex 27.55 9.5 12.5
    endloop
  endfacet
  facet normal 0 0 -1
    outer loop
      vertex -27.55 26.5 12.5
      vertex 29.05 28 12.5
      vertex 27.55 26.5 12.5
    endloop
  endfacet
  facet normal 0 0 -1
    outer loop
      vertex -27.55 26.5 12.5
      vertex -29.05 28 12.5
      vertex 29.05 28 12.5
    endloop
  endfacet
  facet normal 0 0 -1
    outer loop
      vertex -29.05 28 12.5
      vertex -27.55 26.5 12.5
      vertex -29.05 8 12.5
    endloop
  endfacet
  facet normal 0 -1 0
    outer loop
      vertex -29.05 28 0
      vertex 29.05 28 12.5
      vertex -29.05 28 12.5
    endloop
  endfacet
  facet normal 0 -1 -0
    outer loop
      vertex 29.05 28 12.5
      vertex -29.05 28 0
      vertex 29.05 28 0
    endloop
  endfacet
  facet normal 0 1 -0
    outer loop
      vertex 29.05 8 0
      vertex -29.05 8 12.5
      vertex 29.05 8 12.5
    endloop
  endfacet
  facet normal 0 1 0
    outer loop
      vertex -29.05 8 12.5
      vertex 29.05 8 0
      vertex -29.05 8 0
    endloop
  endfacet
  facet normal 1 -0 0
    outer loop
      vertex -27.55 9.5 14.5
      vertex -27.55 26.5 12.5
      vertex -27.55 26.5 14.5
    endloop
  endfacet
  facet normal 1 0 0
    outer loop
      vertex -27.55 26.5 12.5
      vertex -27.55 9.5 14.5
      vertex -27.55 9.5 12.5
    endloop
  endfacet
  facet normal -1 0 0
    outer loop
      vertex 27.55 9.5 12.5
      vertex 27.55 26.5 14.5
      vertex 27.55 26.5 12.5
    endloop
  endfacet
  facet normal -1 -0 0
    outer loop
      vertex 27.55 26.5 14.5
      vertex 27.55 9.5 12.5
      vertex 27.55 9.5 14.5
    endloop
  endfacet
  facet normal 0 1 -0
    outer loop
      vertex 27.55 9.5 12.5
      vertex -27.55 9.5 14.5
      vertex 27.55 9.5 14.5
    endloop
  endfacet
  facet normal 0 1 0
    outer loop
      vertex -27.55 9.5 14.5
      vertex 27.55 9.5 12.5
      vertex -27.55 9.5 12.5
    endloop
  endfacet
  facet normal 0 -1 0
    outer loop
      vertex -27.55 26.5 12.5
      vertex 27.55 26.5 14.5
      vertex -27.55 26.5 14.5
    endloop
  endfacet
  facet normal 0 -1 -0
    outer loop
      vertex 27.55 26.5 14.5
      vertex -27.55 26.5 12.5
      vertex 27.55 26.5 12.5
    endloop
  endfacet
  facet normal 1 -0 0
    outer loop
      vertex -25.5 2 29.8
      vertex -25.5 2.4 14.8
      vertex -25.5 2.4 29.8
    endloop
  endfacet
  facet normal 1 0 0
    outer loop
      vertex -25.5 2.4 14.8
      vertex -25.5 2 29.8
      vertex -25.5 2 14.8
    endloop
  endfacet
  facet normal -0 0 1
    outer loop
      vertex -25.5 2.4 14.8
      vertex 25.5 2 14.8
      vertex 25.5 2.4 14.8
    endloop
  endfacet
  facet normal 0 0 1
    outer loop
      vertex 25.5 2 14.8
      vertex -25.5 2.4 14.8
      vertex -25.5 2 14.8
    endloop
  endfacet
  facet normal -1 0 0
    outer loop
      vertex 25.5 2 14.8
      vertex 25.5 2.4 29.8
      vertex 25.5 2.4 14.8
    endloop
  endfacet
  facet normal -1 -0 0
    outer loop
      vertex 25.5 2.4 29.8
      vertex 25.5 2 14.8
      vertex 25.5 2 29.8
    endloop
  endfacet
  facet normal 0 0 -1
    outer loop
      vertex -25.5 2 29.8
      vertex 25.5 2.4 29.8
      vertex 25.5 2 29.8
    endloop
  endfacet
  facet normal -0 0 -1
    outer loop
      vertex 25.5 2.4 29.8
      vertex -25.5 2 29.8
      vertex -25.5 2.4 29.8
    endloop
  endfacet
  facet normal 0 1 -0
    outer loop
      vertex 25.5 2 14.8
      vertex -25.5 2 29.8
      vertex 25.5 2 29.8
    endloop
  endfacet
  facet normal 0 1 0
    outer loop
      vertex -25.5 2 29.8
      vertex 25.5 2 14.8
      vertex -25.5 2 14.8
    endloop
  endfacet
endsolid OpenSCAD_Model
