solid OpenSCAD_Model
  facet normal -1 0 0
    outer loop
      vertex -32.5 0 10.5
      vertex -32.5 36 12.5
      vertex -32.5 36 10.5
    endloop
  endfacet
  facet normal -1 -0 0
    outer loop
      vertex -32.5 36 12.5
      vertex -32.5 0 10.5
      vertex -32.5 0 12.5
    endloop
  endfacet
  facet normal 0 0 1
    outer loop
      vertex -18 9.9 12.5
      vertex -22.1 6.1 12.5
      vertex -21.1 3.8 12.5
    endloop
  endfacet
  facet normal 0 0 1
    outer loop
      vertex -18 9.9 12.5
      vertex -22.1368 6.66126 12.5
      vertex -22.1 6.1 12.5
    endloop
  endfacet
  facet normal 0 0 1
    outer loop
      vertex -11.1 32.2 12.5
      vertex -22.6761 27.75 12.5
      vertex -10.3 11.1 12.5
    endloop
  endfacet
  facet normal 0 0 1
    outer loop
      vertex -18 9.9 12.5
      vertex -22.2465 7.21292 12.5
      vertex -22.1368 6.66126 12.5
    endloop
  endfacet
  facet normal -0 0 1
    outer loop
      vertex -22.9886 27.2823 12.5
      vertex -10.3 11.1 12.5
      vertex -22.6761 27.75 12.5
    endloop
  endfacet
  facet normal 0 0 1
    outer loop
      vertex -18 9.9 12.5
      vertex -22.4273 7.74554 12.5
      vertex -22.2465 7.21292 12.5
    endloop
  endfacet
  facet normal -0 0 1
    outer loop
      vertex -23.3594 26.8594 12.5
      vertex -10.3 11.1 12.5
      vertex -22.9886 27.2823 12.5
    endloop
  endfacet
  facet normal 0 0 1
    outer loop
      vertex -18 9.9 12.5
      vertex -22.6761 8.25 12.5
      vertex -22.4273 7.74554 12.5
    endloop
  endfacet
  facet normal 0 0 1
    outer loop
      vertex -10.3 11.1 12.5
      vertex -23.3594 26.8594 12.5
      vertex -18 9.9 12.5
    endloop
  endfacet
  facet normal 0 0 1
    outer loop
      vertex -18 9.9 12.5
      vertex -22.9886 8.71767 12.5
      vertex -22.6761 8.25 12.5
    endloop
  endfacet
  facet normal -0 0 1
    outer loop
      vertex -23.7823 26.4886 12.5
      vertex -18 9.9 12.5
      vertex -23.3594 26.8594 12.5
    endloop
  endfacet
  facet normal 0 0 1
    outer loop
      vertex -18 9.9 12.5
      vertex -23.3594 9.14056 12.5
      vertex -22.9886 8.71767 12.5
    endloop
  endfacet
  facet normal -0 0 1
    outer loop
      vertex -24.25 26.1761 12.5
      vertex -18 9.9 12.5
      vertex -23.7823 26.4886 12.5
    endloop
  endfacet
  facet normal 0 0 1
    outer loop
      vertex -18 9.9 12.5
      vertex -23.7823 9.51142 12.5
      vertex -23.3594 9.14056 12.5
    endloop
  endfacet
  facet normal -0 0 1
    outer loop
      vertex -24.7545 25.9273 12.5
      vertex -18 9.9 12.5
      vertex -24.25 26.1761 12.5
    endloop
  endfacet
  facet normal 0 0 1
    outer loop
      vertex -18 9.9 12.5
      vertex -24.25 9.82391 12.5
      vertex -23.7823 9.51142 12.5
    endloop
  endfacet
  facet normal -0 0 1
    outer loop
      vertex -24.7545 10.0727 12.5
      vertex -18 9.9 12.5
      vertex -24.7545 25.9273 12.5
    endloop
  endfacet
  facet normal 0 0 1
    outer loop
      vertex -18 9.9 12.5
      vertex -24.7545 10.0727 12.5
      vertex -24.25 9.82391 12.5
    endloop
  endfacet
  facet normal -0 0 1
    outer loop
      vertex -25.2871 25.7465 12.5
      vertex -24.7545 10.0727 12.5
      vertex -24.7545 25.9273 12.5
    endloop
  endfacet
  facet normal 0 0 1
    outer loop
      vertex -25.2871 25.7465 12.5
      vertex -25.2871 10.2535 12.5
      vertex -24.7545 10.0727 12.5
    endloop
  endfacet
  facet normal -0 0 1
    outer loop
      vertex -25.8387 25.6368 12.5
      vertex -25.2871 10.2535 12.5
      vertex -25.2871 25.7465 12.5
    endloop
  endfacet
  facet normal 0 0 1
    outer loop
      vertex -25.8387 25.6368 12.5
      vertex -25.8387 10.3632 12.5
      vertex -25.2871 10.2535 12.5
    endloop
  endfacet
  facet normal 0 0 1
    outer loop
      vertex -28.7 24.6 12.5
      vertex -25.8387 25.6368 12.5
      vertex -26.4 25.6 12.5
    endloop
  endfacet
  facet normal 0 0 1
    outer loop
      vertex -25.8387 25.6368 12.5
      vertex -28.7 24.6 12.5
      vertex -25.8387 10.3632 12.5
    endloop
  endfacet
  facet normal 0 0 1
    outer loop
      vertex -28.7 24.6 12.5
      vertex -26.4 25.6 12.5
      vertex -26.9613 25.6368 12.5
    endloop
  endfacet
  facet normal -0 0 1
    outer loop
      vertex -28.7 11.4 12.5
      vertex -25.8387 10.3632 12.5
      vertex -28.7 24.6 12.5
    endloop
  endfacet
  facet normal 0 0 1
    outer loop
      vertex -28.7 24.6 12.5
      vertex -26.9613 25.6368 12.5
      vertex -27.5129 25.7465 12.5
    endloop
  endfacet
  facet normal 0 0 1
    outer loop
      vertex -25.8387 10.3632 12.5
      vertex -28.7 11.4 12.5
      vertex -26.4 10.4 12.5
    endloop
  endfacet
  facet normal 0 0 1
    outer loop
      vertex -28.7 24.6 12.5
      vertex -27.5129 25.7465 12.5
      vertex -28.0455 25.9273 12.5
    endloop
  endfacet
  facet normal 0 0 1
    outer loop
      vertex -26.4 10.4 12.5
      vertex -28.7 11.4 12.5
      vertex -26.9613 10.3632 12.5
    endloop
  endfacet
  facet normal 0 0 1
    outer loop
      vertex -28.7 24.6 12.5
      vertex -28.0455 25.9273 12.5
      vertex -28.55 26.1761 12.5
    endloop
  endfacet
  facet normal 0 0 1
    outer loop
      vertex -26.9613 10.3632 12.5
      vertex -28.7 11.4 12.5
      vertex -27.5129 10.2535 12.5
    endloop
  endfacet
  facet normal 0 0 1
    outer loop
      vertex -27.5129 10.2535 12.5
      vertex -28.7 11.4 12.5
      vertex -28.0455 10.0727 12.5
    endloop
  endfacet
  facet normal 0 0 1
    outer loop
      vertex -29.9 24.6 12.5
      vertex -28.55 26.1761 12.5
      vertex -29.0177 26.4886 12.5
    endloop
  endfacet
  facet normal 0 0 1
    outer loop
      vertex -29.9 24.6 12.5
      vertex -29.0177 26.4886 12.5
      vertex -29.4406 26.8594 12.5
    endloop
  endfacet
  facet normal 0 0 1
    outer loop
      vertex -29.9 24.6 12.5
      vertex -29.4406 26.8594 12.5
      vertex -29.8114 27.2823 12.5
    endloop
  endfacet
  facet normal 0 0 1
    outer loop
      vertex -29.9 24.6 12.5
      vertex -29.8114 27.2823 12.5
      vertex -29.9 27.4149 12.5
    endloop
  endfacet
  facet normal 0 0 1
    outer loop
      vertex -28.55 26.1761 12.5
      vertex -29.9 24.6 12.5
      vertex -28.7 24.6 12.5
    endloop
  endfacet
  facet normal 0 0 1
    outer loop
      vertex -28.0455 10.0727 12.5
      vertex -28.7 11.4 12.5
      vertex -28.55 9.82391 12.5
    endloop
  endfacet
  facet normal -0 0 1
    outer loop
      vertex -29.9 11.4 12.5
      vertex -28.55 9.82391 12.5
      vertex -28.7 11.4 12.5
    endloop
  endfacet
  facet normal 0 0 1
    outer loop
      vertex -28.55 9.82391 12.5
      vertex -29.9 11.4 12.5
      vertex -29.0177 9.51142 12.5
    endloop
  endfacet
  facet normal 0 0 1
    outer loop
      vertex -29.0177 9.51142 12.5
      vertex -29.9 11.4 12.5
      vertex -29.4406 9.14056 12.5
    endloop
  endfacet
  facet normal 0 0 1
    outer loop
      vertex -29.4406 9.14056 12.5
      vertex -29.9 11.4 12.5
      vertex -29.8114 8.71767 12.5
    endloop
  endfacet
  facet normal 0 0 1
    outer loop
      vertex -29.8114 8.71767 12.5
      vertex -29.9 11.4 12.5
      vertex -29.9 8.5851 12.5
    endloop
  endfacet
  facet normal 0 0 1
    outer loop
      vertex -9.1 11.1 12.5
      vertex -10.3 11.1 12.5
      vertex -9.1 10.9 12.5
    endloop
  endfacet
  facet normal 0 0 1
    outer loop
      vertex -4.47 36 12.5
      vertex -8.9 33.4 12.5
      vertex -4.47 33.6 12.5
    endloop
  endfacet
  facet normal -0 0 1
    outer loop
      vertex -9.1 33.4 12.5
      vertex -8.9 31.4 12.5
      vertex -8.9 33.4 12.5
    endloop
  endfacet
  facet normal 0 0 1
    outer loop
      vertex -8.9 31.4 12.5
      vertex -9.1 33.4 12.5
      vertex -8.9 14.6 12.5
    endloop
  endfacet
  facet normal 0 0 1
    outer loop
      vertex -9.1 12.4 12.5
      vertex -8.9 14.6 12.5
      vertex -9.1 33.4 12.5
    endloop
  endfacet
  facet normal 0 0 1
    outer loop
      vertex -4.47 36 12.5
      vertex -9.1 33.4 12.5
      vertex -8.9 33.4 12.5
    endloop
  endfacet
  facet normal 0 0 1
    outer loop
      vertex -4.47 36 12.5
      vertex -10.3 33.4 12.5
      vertex -9.1 33.4 12.5
    endloop
  endfacet
  facet normal 0 0 1
    outer loop
      vertex -11.1 32.2 12.5
      vertex -10.3 33.4 12.5
      vertex -11.1 33.4 12.5
    endloop
  endfacet
  facet normal 0 0 1
    outer loop
      vertex -4.47 36 12.5
      vertex -11.1 33.4 12.5
      vertex -10.3 33.4 12.5
    endloop
  endfacet
  facet normal 0 0 1
    outer loop
      vertex -4.47 36 12.5
      vertex -21.1 33.4 12.5
      vertex -11.1 33.4 12.5
    endloop
  endfacet
  facet normal 0 0 1
    outer loop
      vertex -22.6761 32.05 12.5
      vertex -21.1 32.2 12.5
      vertex -21.1 33.4 12.5
    endloop
  endfacet
  facet normal 0 0 1
    outer loop
      vertex -22.1368 29.3387 12.5
      vertex -21.1 32.2 12.5
      vertex -22.1 29.9 12.5
    endloop
  endfacet
  facet normal 0 0 1
    outer loop
      vertex -22.6761 27.75 12.5
      vertex -11.1 32.2 12.5
      vertex -22.4273 28.2545 12.5
    endloop
  endfacet
  facet normal 0 0 1
    outer loop
      vertex -21.1 32.2 12.5
      vertex -22.1368 30.4613 12.5
      vertex -22.1 29.9 12.5
    endloop
  endfacet
  facet normal 0 0 1
    outer loop
      vertex -21.1 32.2 12.5
      vertex -22.2465 31.0129 12.5
      vertex -22.1368 30.4613 12.5
    endloop
  endfacet
  facet normal 0 0 1
    outer loop
      vertex -21.1 32.2 12.5
      vertex -22.4273 31.5455 12.5
      vertex -22.2465 31.0129 12.5
    endloop
  endfacet
  facet normal 0 0 1
    outer loop
      vertex -21.1 32.2 12.5
      vertex -22.6761 32.05 12.5
      vertex -22.4273 31.5455 12.5
    endloop
  endfacet
  facet normal 0 0 1
    outer loop
      vertex -21.1 33.4 12.5
      vertex -22.9886 32.5177 12.5
      vertex -22.6761 32.05 12.5
    endloop
  endfacet
  facet normal 0 0 1
    outer loop
      vertex -21.1 33.4 12.5
      vertex -23.3594 32.9406 12.5
      vertex -22.9886 32.5177 12.5
    endloop
  endfacet
  facet normal 0 0 1
    outer loop
      vertex -21.1 33.4 12.5
      vertex -23.7823 33.3114 12.5
      vertex -23.3594 32.9406 12.5
    endloop
  endfacet
  facet normal -0 0 1
    outer loop
      vertex -32.5 36 12.5
      vertex -21.1 33.4 12.5
      vertex -4.47 36 12.5
    endloop
  endfacet
  facet normal 0 0 1
    outer loop
      vertex -21.1 33.4 12.5
      vertex -23.9149 33.4 12.5
      vertex -23.7823 33.3114 12.5
    endloop
  endfacet
  facet normal 0 0 1
    outer loop
      vertex -21.1 33.4 12.5
      vertex -32.5 36 12.5
      vertex -23.9149 33.4 12.5
    endloop
  endfacet
  facet normal 0 0 1
    outer loop
      vertex -32.5 36 12.5
      vertex -29.9 27.4149 12.5
      vertex -29.9 32.3851 12.5
    endloop
  endfacet
  facet normal 0 0 1
    outer loop
      vertex -29.9 27.4149 12.5
      vertex -32.5 36 12.5
      vertex -29.9 24.6 12.5
    endloop
  endfacet
  facet normal 0 0 1
    outer loop
      vertex -29.9 24.6 12.5
      vertex -32.5 36 12.5
      vertex -29.9 11.4 12.5
    endloop
  endfacet
  facet normal 0 0 1
    outer loop
      vertex -32.5 0 12.5
      vertex -29.9 11.4 12.5
      vertex -32.5 36 12.5
    endloop
  endfacet
  facet normal 0 0 1
    outer loop
      vertex -29.9 11.4 12.5
      vertex -32.5 0 12.5
      vertex -29.9 8.5851 12.5
    endloop
  endfacet
  facet normal 0 0 1
    outer loop
      vertex -29.8114 32.5177 12.5
      vertex -32.5 36 12.5
      vertex -29.9 32.3851 12.5
    endloop
  endfacet
  facet normal 0 0 1
    outer loop
      vertex -29.4406 32.9406 12.5
      vertex -32.5 36 12.5
      vertex -29.8114 32.5177 12.5
    endloop
  endfacet
  facet normal 0 0 1
    outer loop
      vertex -29.0177 33.3114 12.5
      vertex -32.5 36 12.5
      vertex -29.4406 32.9406 12.5
    endloop
  endfacet
  facet normal 0 0 1
    outer loop
      vertex -28.8851 33.4 12.5
      vertex -32.5 36 12.5
      vertex -29.0177 33.3114 12.5
    endloop
  endfacet
  facet normal 0 0 1
    outer loop
      vertex -23.9149 33.4 12.5
      vertex -32.5 36 12.5
      vertex -28.8851 33.4 12.5
    endloop
  endfacet
  facet normal -0 0 1
    outer loop
      vertex -8.9 31.4 12.5
      vertex 8.9 14.6 12.5
      vertex 8.9 31.4 12.5
    endloop
  endfacet
  facet normal 0 0 1
    outer loop
      vertex 8.9 14.6 12.5
      vertex -8.9 31.4 12.5
      vertex -8.9 14.6 12.5
    endloop
  endfacet
  facet normal 0 0 1
    outer loop
      vertex 23.3594 26.8594 12.5
      vertex 10.3 11.1 12.5
      vertex 18 9.9 12.5
    endloop
  endfacet
  facet normal 0 0 1
    outer loop
      vertex 9.1 10.9 12.5
      vertex 10.3 11.1 12.5
      vertex 9.1 11.1 12.5
    endloop
  endfacet
  facet normal 0 0 1
    outer loop
      vertex 10.3 11.1 12.5
      vertex 9.1 10.9 12.5
      vertex 18 9.9 12.5
    endloop
  endfacet
  facet normal -0 0 1
    outer loop
      vertex -9.1 10.9 12.5
      vertex 18 9.9 12.5
      vertex 9.1 10.9 12.5
    endloop
  endfacet
  facet normal 0 0 1
    outer loop
      vertex -10.3 33.4 12.5
      vertex -11.1 32.2 12.5
      vertex -10.3 11.1 12.5
    endloop
  endfacet
  facet normal 0 0 1
    outer loop
      vertex -9.1 10.9 12.5
      vertex -18 9.9 12.5
      vertex 18 9.9 12.5
    endloop
  endfacet
  facet normal 0 0 1
    outer loop
      vertex -10.3 11.1 12.5
      vertex -18 9.9 12.5
      vertex -9.1 10.9 12.5
    endloop
  endfacet
  facet normal 0 0 1
    outer loop
      vertex -22.2465 28.7871 12.5
      vertex -11.1 32.2 12.5
      vertex -22.1368 29.3387 12.5
    endloop
  endfacet
  facet normal 0 0 1
    outer loop
      vertex -21.1 3.8 12.5
      vertex -18 8.7 12.5
      vertex -18 9.9 12.5
    endloop
  endfacet
  facet normal 0 0 1
    outer loop
      vertex -22.1368 29.3387 12.5
      vertex -11.1 32.2 12.5
      vertex -21.1 32.2 12.5
    endloop
  endfacet
  facet normal 0 0 1
    outer loop
      vertex -22.4273 28.2545 12.5
      vertex -11.1 32.2 12.5
      vertex -22.2465 28.7871 12.5
    endloop
  endfacet
  facet normal 0 0 1
    outer loop
      vertex -18 8.7 12.5
      vertex -21.1 3.8 12.5
      vertex -18.5 3.8 12.5
    endloop
  endfacet
  facet normal 0 0 1
    outer loop
      vertex 9.1 33.4 12.5
      vertex 8.9 31.4 12.5
      vertex 9.1 12.4 12.5
    endloop
  endfacet
  facet normal -0 0 1
    outer loop
      vertex 8.9 14.6 12.5
      vertex 9.1 12.4 12.5
      vertex 8.9 31.4 12.5
    endloop
  endfacet
  facet normal -0 0 1
    outer loop
      vertex 8.9 12.6 12.5
      vertex 9.1 12.4 12.5
      vertex 8.9 14.6 12.5
    endloop
  endfacet
  facet normal -0 0 1
    outer loop
      vertex -8.9 12.6 12.5
      vertex 9.1 12.4 12.5
      vertex 8.9 12.6 12.5
    endloop
  endfacet
  facet normal 0 0 1
    outer loop
      vertex -8.9 12.6 12.5
      vertex -9.1 12.4 12.5
      vertex 9.1 12.4 12.5
    endloop
  endfacet
  facet normal 0 0 1
    outer loop
      vertex -8.9 14.6 12.5
      vertex -9.1 12.4 12.5
      vertex -8.9 12.6 12.5
    endloop
  endfacet
  facet normal 0 0 1
    outer loop
      vertex 29.9 11.4 12.5
      vertex 29.8114 8.71767 12.5
      vertex 29.9 8.5851 12.5
    endloop
  endfacet
  facet normal 0 0 1
    outer loop
      vertex 29.9 11.4 12.5
      vertex 29.4406 9.14056 12.5
      vertex 29.8114 8.71767 12.5
    endloop
  endfacet
  facet normal 0 0 1
    outer loop
      vertex 29.9 11.4 12.5
      vertex 29.0177 9.51142 12.5
      vertex 29.4406 9.14056 12.5
    endloop
  endfacet
  facet normal 0 0 1
    outer loop
      vertex 28.55 9.82391 12.5
      vertex 29.9 11.4 12.5
      vertex 28.7 11.4 12.5
    endloop
  endfacet
  facet normal 0 0 1
    outer loop
      vertex 29.9 11.4 12.5
      vertex 28.55 9.82391 12.5
      vertex 29.0177 9.51142 12.5
    endloop
  endfacet
  facet normal -0 0 1
    outer loop
      vertex 27.5129 25.7465 12.5
      vertex 28.7 24.6 12.5
      vertex 28.0455 25.9273 12.5
    endloop
  endfacet
  facet normal -0 0 1
    outer loop
      vertex 26.9613 25.6368 12.5
      vertex 28.7 24.6 12.5
      vertex 27.5129 25.7465 12.5
    endloop
  endfacet
  facet normal 0 0 1
    outer loop
      vertex 28.7 11.4 12.5
      vertex 28.0455 10.0727 12.5
      vertex 28.55 9.82391 12.5
    endloop
  endfacet
  facet normal -0 0 1
    outer loop
      vertex 26.4 25.6 12.5
      vertex 28.7 24.6 12.5
      vertex 26.9613 25.6368 12.5
    endloop
  endfacet
  facet normal 0 0 1
    outer loop
      vertex 28.7 11.4 12.5
      vertex 27.5129 10.2535 12.5
      vertex 28.0455 10.0727 12.5
    endloop
  endfacet
  facet normal 0 0 1
    outer loop
      vertex 25.8387 25.6368 12.5
      vertex 28.7 24.6 12.5
      vertex 26.4 25.6 12.5
    endloop
  endfacet
  facet normal 0 0 1
    outer loop
      vertex 28.7 11.4 12.5
      vertex 26.9613 10.3632 12.5
      vertex 27.5129 10.2535 12.5
    endloop
  endfacet
  facet normal 0 0 1
    outer loop
      vertex 28.7 24.6 12.5
      vertex 25.8387 25.6368 12.5
      vertex 28.7 11.4 12.5
    endloop
  endfacet
  facet normal 0 0 1
    outer loop
      vertex 28.7 11.4 12.5
      vertex 26.4 10.4 12.5
      vertex 26.9613 10.3632 12.5
    endloop
  endfacet
  facet normal 0 0 1
    outer loop
      vertex 25.8387 10.3632 12.5
      vertex 28.7 11.4 12.5
      vertex 25.8387 25.6368 12.5
    endloop
  endfacet
  facet normal 0 0 1
    outer loop
      vertex 28.7 11.4 12.5
      vertex 25.8387 10.3632 12.5
      vertex 26.4 10.4 12.5
    endloop
  endfacet
  facet normal 0 0 1
    outer loop
      vertex 25.2871 25.7465 12.5
      vertex 25.8387 10.3632 12.5
      vertex 25.8387 25.6368 12.5
    endloop
  endfacet
  facet normal 0 0 1
    outer loop
      vertex 25.2871 25.7465 12.5
      vertex 25.2871 10.2535 12.5
      vertex 25.8387 10.3632 12.5
    endloop
  endfacet
  facet normal 0 0 1
    outer loop
      vertex 24.7545 25.9273 12.5
      vertex 25.2871 10.2535 12.5
      vertex 25.2871 25.7465 12.5
    endloop
  endfacet
  facet normal 0 0 1
    outer loop
      vertex 24.7545 25.9273 12.5
      vertex 24.7545 10.0727 12.5
      vertex 25.2871 10.2535 12.5
    endloop
  endfacet
  facet normal 0 0 1
    outer loop
      vertex 18 9.9 12.5
      vertex 24.7545 25.9273 12.5
      vertex 24.25 26.1761 12.5
    endloop
  endfacet
  facet normal 0 0 1
    outer loop
      vertex 24.7545 25.9273 12.5
      vertex 18 9.9 12.5
      vertex 24.7545 10.0727 12.5
    endloop
  endfacet
  facet normal 0 0 1
    outer loop
      vertex 18 9.9 12.5
      vertex 24.25 26.1761 12.5
      vertex 23.7823 26.4886 12.5
    endloop
  endfacet
  facet normal 0 0 1
    outer loop
      vertex 24.7545 10.0727 12.5
      vertex 18 9.9 12.5
      vertex 24.25 9.82391 12.5
    endloop
  endfacet
  facet normal 0 0 1
    outer loop
      vertex 18 9.9 12.5
      vertex 23.7823 26.4886 12.5
      vertex 23.3594 26.8594 12.5
    endloop
  endfacet
  facet normal 0 0 1
    outer loop
      vertex 24.25 9.82391 12.5
      vertex 18 9.9 12.5
      vertex 23.7823 9.51142 12.5
    endloop
  endfacet
  facet normal 0 0 1
    outer loop
      vertex 10.3 11.1 12.5
      vertex 23.3594 26.8594 12.5
      vertex 22.9886 27.2823 12.5
    endloop
  endfacet
  facet normal 0 0 1
    outer loop
      vertex 23.7823 9.51142 12.5
      vertex 18 9.9 12.5
      vertex 23.3594 9.14056 12.5
    endloop
  endfacet
  facet normal 0 0 1
    outer loop
      vertex 10.3 11.1 12.5
      vertex 22.9886 27.2823 12.5
      vertex 22.6761 27.75 12.5
    endloop
  endfacet
  facet normal 0 0 1
    outer loop
      vertex 23.3594 9.14056 12.5
      vertex 18 9.9 12.5
      vertex 22.9886 8.71767 12.5
    endloop
  endfacet
  facet normal 0 0 1
    outer loop
      vertex 10.3 33.4 12.5
      vertex 22.6761 27.75 12.5
      vertex 22.4273 28.2545 12.5
    endloop
  endfacet
  facet normal 0 0 1
    outer loop
      vertex 22.9886 8.71767 12.5
      vertex 18 9.9 12.5
      vertex 22.6761 8.25 12.5
    endloop
  endfacet
  facet normal 0 0 1
    outer loop
      vertex 10.3 33.4 12.5
      vertex 22.4273 28.2545 12.5
      vertex 22.2465 28.7871 12.5
    endloop
  endfacet
  facet normal -0 0 1
    outer loop
      vertex 18 8.7 12.5
      vertex 22.6761 8.25 12.5
      vertex 18 9.9 12.5
    endloop
  endfacet
  facet normal 0 0 1
    outer loop
      vertex 10.3 33.4 12.5
      vertex 22.2465 28.7871 12.5
      vertex 22.1368 29.3387 12.5
    endloop
  endfacet
  facet normal 0 0 1
    outer loop
      vertex 22.6761 8.25 12.5
      vertex 18 8.7 12.5
      vertex 22.4273 7.74554 12.5
    endloop
  endfacet
  facet normal 0 0 1
    outer loop
      vertex 10.3 33.4 12.5
      vertex 22.1368 29.3387 12.5
      vertex 22.1 29.9 12.5
    endloop
  endfacet
  facet normal 0 0 1
    outer loop
      vertex 22.4273 7.74554 12.5
      vertex 18 8.7 12.5
      vertex 22.2465 7.21292 12.5
    endloop
  endfacet
  facet normal -0 0 1
    outer loop
      vertex 29.8114 27.2823 12.5
      vertex 29.9 24.6 12.5
      vertex 29.9 27.4149 12.5
    endloop
  endfacet
  facet normal -0 0 1
    outer loop
      vertex 29.4406 26.8594 12.5
      vertex 29.9 24.6 12.5
      vertex 29.8114 27.2823 12.5
    endloop
  endfacet
  facet normal -0 0 1
    outer loop
      vertex 29.0177 26.4886 12.5
      vertex 29.9 24.6 12.5
      vertex 29.4406 26.8594 12.5
    endloop
  endfacet
  facet normal -0 0 1
    outer loop
      vertex 28.55 26.1761 12.5
      vertex 29.9 24.6 12.5
      vertex 29.0177 26.4886 12.5
    endloop
  endfacet
  facet normal -0 0 1
    outer loop
      vertex 28.0455 25.9273 12.5
      vertex 28.7 24.6 12.5
      vertex 28.55 26.1761 12.5
    endloop
  endfacet
  facet normal 0 0 1
    outer loop
      vertex 29.9 24.6 12.5
      vertex 28.55 26.1761 12.5
      vertex 28.7 24.6 12.5
    endloop
  endfacet
  facet normal 0 0 1
    outer loop
      vertex 29.9 27.4149 12.5
      vertex 32.5 36 12.5
      vertex 29.9 32.3851 12.5
    endloop
  endfacet
  facet normal 0 0 1
    outer loop
      vertex 32.5 36 12.5
      vertex 29.8114 32.5177 12.5
      vertex 29.9 32.3851 12.5
    endloop
  endfacet
  facet normal 0 0 1
    outer loop
      vertex 32.5 36 12.5
      vertex 29.4406 32.9406 12.5
      vertex 29.8114 32.5177 12.5
    endloop
  endfacet
  facet normal 0 0 1
    outer loop
      vertex 32.5 36 12.5
      vertex 29.0177 33.3114 12.5
      vertex 29.4406 32.9406 12.5
    endloop
  endfacet
  facet normal 0 0 1
    outer loop
      vertex 32.5 36 12.5
      vertex 28.8851 33.4 12.5
      vertex 29.0177 33.3114 12.5
    endloop
  endfacet
  facet normal 0 0 1
    outer loop
      vertex 32.5 36 12.5
      vertex 23.9149 33.4 12.5
      vertex 28.8851 33.4 12.5
    endloop
  endfacet
  facet normal 0 0 1
    outer loop
      vertex 22.2465 7.21292 12.5
      vertex 18 8.7 12.5
      vertex 22.1368 6.66126 12.5
    endloop
  endfacet
  facet normal 0 0 1
    outer loop
      vertex 22.1368 6.66126 12.5
      vertex 18 8.7 12.5
      vertex 22.1 6.1 12.5
    endloop
  endfacet
  facet normal 0 0 1
    outer loop
      vertex 10.3 33.4 12.5
      vertex 22.1 29.9 12.5
      vertex 22.1368 30.4613 12.5
    endloop
  endfacet
  facet normal 0 0 1
    outer loop
      vertex 22.1 6.1 12.5
      vertex 18.5 3.8 12.5
      vertex 21.1 3.8 12.5
    endloop
  endfacet
  facet normal 0 -0 1
    outer loop
      vertex 18.5 3.8 12.5
      vertex 22.1 6.1 12.5
      vertex 18 8.7 12.5
    endloop
  endfacet
  facet normal 0 0 1
    outer loop
      vertex 10.3 33.4 12.5
      vertex 22.1368 30.4613 12.5
      vertex 22.2465 31.0129 12.5
    endloop
  endfacet
  facet normal 0 0 1
    outer loop
      vertex 10.3 11.1 12.5
      vertex 22.6761 27.75 12.5
      vertex 10.3 33.4 12.5
    endloop
  endfacet
  facet normal 0 0 1
    outer loop
      vertex 22.4273 31.5455 12.5
      vertex 10.3 33.4 12.5
      vertex 22.2465 31.0129 12.5
    endloop
  endfacet
  facet normal 0 0 1
    outer loop
      vertex 22.6761 32.05 12.5
      vertex 10.3 33.4 12.5
      vertex 22.4273 31.5455 12.5
    endloop
  endfacet
  facet normal 0 0 1
    outer loop
      vertex 22.9886 32.5177 12.5
      vertex 10.3 33.4 12.5
      vertex 22.6761 32.05 12.5
    endloop
  endfacet
  facet normal 0 0 1
    outer loop
      vertex 23.3594 32.9406 12.5
      vertex 10.3 33.4 12.5
      vertex 22.9886 32.5177 12.5
    endloop
  endfacet
  facet normal 0 0 1
    outer loop
      vertex 23.7823 33.3114 12.5
      vertex 10.3 33.4 12.5
      vertex 23.3594 32.9406 12.5
    endloop
  endfacet
  facet normal 0 0 1
    outer loop
      vertex 23.9149 33.4 12.5
      vertex 10.3 33.4 12.5
      vertex 23.7823 33.3114 12.5
    endloop
  endfacet
  facet normal -0 0 1
    outer loop
      vertex 4.47 36 12.5
      vertex 23.9149 33.4 12.5
      vertex 32.5 36 12.5
    endloop
  endfacet
  facet normal 0 0 1
    outer loop
      vertex 23.9149 33.4 12.5
      vertex 4.47 36 12.5
      vertex 10.3 33.4 12.5
    endloop
  endfacet
  facet normal 0 0 1
    outer loop
      vertex 8.9 31.4 12.5
      vertex 9.1 33.4 12.5
      vertex 8.9 33.4 12.5
    endloop
  endfacet
  facet normal 0 0 1
    outer loop
      vertex 10.3 33.4 12.5
      vertex 4.47 36 12.5
      vertex 9.1 33.4 12.5
    endloop
  endfacet
  facet normal 0 0 1
    outer loop
      vertex 9.1 33.4 12.5
      vertex 4.47 36 12.5
      vertex 8.9 33.4 12.5
    endloop
  endfacet
  facet normal -0 0 1
    outer loop
      vertex 4.47 33.6 12.5
      vertex 8.9 33.4 12.5
      vertex 4.47 36 12.5
    endloop
  endfacet
  facet normal -0 0 1
    outer loop
      vertex -4.47 33.6 12.5
      vertex 8.9 33.4 12.5
      vertex 4.47 33.6 12.5
    endloop
  endfacet
  facet normal 0 0 1
    outer loop
      vertex 8.9 33.4 12.5
      vertex -4.47 33.6 12.5
      vertex -8.9 33.4 12.5
    endloop
  endfacet
  facet normal 0 0 1
    outer loop
      vertex 29.9 24.6 12.5
      vertex 32.5 36 12.5
      vertex 29.9 27.4149 12.5
    endloop
  endfacet
  facet normal 0 0 1
    outer loop
      vertex 32.5 36 12.5
      vertex 29.9 24.6 12.5
      vertex 32.5 0 12.5
    endloop
  endfacet
  facet normal -0 0 1
    outer loop
      vertex 29.9 11.4 12.5
      vertex 32.5 0 12.5
      vertex 29.9 24.6 12.5
    endloop
  endfacet
  facet normal -0 0 1
    outer loop
      vertex 29.9 8.5851 12.5
      vertex 32.5 0 12.5
      vertex 29.9 11.4 12.5
    endloop
  endfacet
  facet normal -0 0 1
    outer loop
      vertex 29.9 3.6149 12.5
      vertex 32.5 0 12.5
      vertex 29.9 8.5851 12.5
    endloop
  endfacet
  facet normal -0 0 1
    outer loop
      vertex 29.8114 3.48233 12.5
      vertex 32.5 0 12.5
      vertex 29.9 3.6149 12.5
    endloop
  endfacet
  facet normal -0 0 1
    outer loop
      vertex 29.4406 3.05944 12.5
      vertex 32.5 0 12.5
      vertex 29.8114 3.48233 12.5
    endloop
  endfacet
  facet normal -0 0 1
    outer loop
      vertex 29.0177 2.68858 12.5
      vertex 32.5 0 12.5
      vertex 29.4406 3.05944 12.5
    endloop
  endfacet
  facet normal -0 0 1
    outer loop
      vertex 28.8851 2.6 12.5
      vertex 32.5 0 12.5
      vertex 29.0177 2.68858 12.5
    endloop
  endfacet
  facet normal -0 0 1
    outer loop
      vertex 23.9149 2.6 12.5
      vertex 32.5 0 12.5
      vertex 28.8851 2.6 12.5
    endloop
  endfacet
  facet normal 0 0 1
    outer loop
      vertex 21.1 3.8 12.5
      vertex 22.1368 5.53874 12.5
      vertex 22.1 6.1 12.5
    endloop
  endfacet
  facet normal 0 0 1
    outer loop
      vertex 21.1 3.8 12.5
      vertex 22.2465 4.98708 12.5
      vertex 22.1368 5.53874 12.5
    endloop
  endfacet
  facet normal 0 0 1
    outer loop
      vertex 21.1 3.8 12.5
      vertex 22.4273 4.45446 12.5
      vertex 22.2465 4.98708 12.5
    endloop
  endfacet
  facet normal 0 0 1
    outer loop
      vertex 21.1 3.8 12.5
      vertex 22.6761 3.95 12.5
      vertex 22.4273 4.45446 12.5
    endloop
  endfacet
  facet normal 0 0 1
    outer loop
      vertex 21.1 2.6 12.5
      vertex 22.6761 3.95 12.5
      vertex 21.1 3.8 12.5
    endloop
  endfacet
  facet normal 0 0 1
    outer loop
      vertex 22.6761 3.95 12.5
      vertex 21.1 2.6 12.5
      vertex 22.9886 3.48233 12.5
    endloop
  endfacet
  facet normal 0 0 1
    outer loop
      vertex 22.9886 3.48233 12.5
      vertex 21.1 2.6 12.5
      vertex 23.3594 3.05944 12.5
    endloop
  endfacet
  facet normal 0 0 1
    outer loop
      vertex 23.3594 3.05944 12.5
      vertex 21.1 2.6 12.5
      vertex 23.7823 2.68858 12.5
    endloop
  endfacet
  facet normal 0 0 1
    outer loop
      vertex 23.7823 2.68858 12.5
      vertex 21.1 2.6 12.5
      vertex 23.9149 2.6 12.5
    endloop
  endfacet
  facet normal -0 0 1
    outer loop
      vertex 21.1 2.6 12.5
      vertex 32.5 0 12.5
      vertex 23.9149 2.6 12.5
    endloop
  endfacet
  facet normal -0 0 1
    outer loop
      vertex 18.5 2.6 12.5
      vertex 32.5 0 12.5
      vertex 21.1 2.6 12.5
    endloop
  endfacet
  facet normal 0 0 1
    outer loop
      vertex -18.5 3.8 12.5
      vertex 18.5 3.8 12.5
      vertex 18 8.7 12.5
    endloop
  endfacet
  facet normal 0 0 1
    outer loop
      vertex -18.5 3.8 12.5
      vertex 18 8.7 12.5
      vertex -18 8.7 12.5
    endloop
  endfacet
  facet normal 0 0 1
    outer loop
      vertex 18.5 3.8 12.5
      vertex -18.5 3.8 12.5
      vertex 18.5 2.6 12.5
    endloop
  endfacet
  facet normal 0 0 1
    outer loop
      vertex -18.5 2.6 12.5
      vertex 18.5 2.6 12.5
      vertex -18.5 3.8 12.5
    endloop
  endfacet
  facet normal 0 0 1
    outer loop
      vertex 18.5 2.6 12.5
      vertex -18.5 2.6 12.5
      vertex 32.5 0 12.5
    endloop
  endfacet
  facet normal 0 0 1
    outer loop
      vertex -32.5 0 12.5
      vertex -18.5 2.6 12.5
      vertex -21.1 2.6 12.5
    endloop
  endfacet
  facet normal -0 0 1
    outer loop
      vertex -22.1368 5.53874 12.5
      vertex -21.1 3.8 12.5
      vertex -22.1 6.1 12.5
    endloop
  endfacet
  facet normal -0 0 1
    outer loop
      vertex -22.2465 4.98708 12.5
      vertex -21.1 3.8 12.5
      vertex -22.1368 5.53874 12.5
    endloop
  endfacet
  facet normal -0 0 1
    outer loop
      vertex -22.4273 4.45446 12.5
      vertex -21.1 3.8 12.5
      vertex -22.2465 4.98708 12.5
    endloop
  endfacet
  facet normal -0 0 1
    outer loop
      vertex -22.6761 3.95 12.5
      vertex -21.1 3.8 12.5
      vertex -22.4273 4.45446 12.5
    endloop
  endfacet
  facet normal 0 0 1
    outer loop
      vertex -21.1 3.8 12.5
      vertex -22.6761 3.95 12.5
      vertex -21.1 2.6 12.5
    endloop
  endfacet
  facet normal -0 0 1
    outer loop
      vertex -22.9886 3.48233 12.5
      vertex -21.1 2.6 12.5
      vertex -22.6761 3.95 12.5
    endloop
  endfacet
  facet normal -0 0 1
    outer loop
      vertex -23.3594 3.05944 12.5
      vertex -21.1 2.6 12.5
      vertex -22.9886 3.48233 12.5
    endloop
  endfacet
  facet normal -0 0 1
    outer loop
      vertex -23.7823 2.68858 12.5
      vertex -21.1 2.6 12.5
      vertex -23.3594 3.05944 12.5
    endloop
  endfacet
  facet normal 0 0 1
    outer loop
      vertex -23.9149 2.6 12.5
      vertex -21.1 2.6 12.5
      vertex -23.7823 2.68858 12.5
    endloop
  endfacet
  facet normal 0 0 1
    outer loop
      vertex -32.5 0 12.5
      vertex -21.1 2.6 12.5
      vertex -23.9149 2.6 12.5
    endloop
  endfacet
  facet normal 0 0 1
    outer loop
      vertex -32.5 0 12.5
      vertex -23.9149 2.6 12.5
      vertex -28.8851 2.6 12.5
    endloop
  endfacet
  facet normal 0 0 1
    outer loop
      vertex -18.5 2.6 12.5
      vertex -32.5 0 12.5
      vertex 32.5 0 12.5
    endloop
  endfacet
  facet normal 0 0 1
    outer loop
      vertex -29.0177 2.68858 12.5
      vertex -32.5 0 12.5
      vertex -28.8851 2.6 12.5
    endloop
  endfacet
  facet normal 0 0 1
    outer loop
      vertex -29.4406 3.05944 12.5
      vertex -32.5 0 12.5
      vertex -29.0177 2.68858 12.5
    endloop
  endfacet
  facet normal 0 0 1
    outer loop
      vertex -29.8114 3.48233 12.5
      vertex -32.5 0 12.5
      vertex -29.4406 3.05944 12.5
    endloop
  endfacet
  facet normal 0 0 1
    outer loop
      vertex -29.9 3.6149 12.5
      vertex -32.5 0 12.5
      vertex -29.8114 3.48233 12.5
    endloop
  endfacet
  facet normal 0 0 1
    outer loop
      vertex -29.9 8.5851 12.5
      vertex -32.5 0 12.5
      vertex -29.9 3.6149 12.5
    endloop
  endfacet
  facet normal 1 -0 0
    outer loop
      vertex 32.5 0 12.5
      vertex 32.5 36 10.5
      vertex 32.5 36 12.5
    endloop
  endfacet
  facet normal 1 0 0
    outer loop
      vertex 32.5 36 10.5
      vertex 32.5 0 12.5
      vertex 32.5 0 10.5
    endloop
  endfacet
  facet normal 0 1 -0
    outer loop
      vertex -17.5 36 0
      vertex -22.5 36 10.5
      vertex -17.5 36 10.5
    endloop
  endfacet
  facet normal 0 1 0
    outer loop
      vertex -22.5 36 10.5
      vertex -17.5 36 0
      vertex -22.5 36 0
    endloop
  endfacet
  facet normal 0 1 -0
    outer loop
      vertex -7.5 36 0
      vertex -12.5 36 10.5
      vertex -7.5 36 10.5
    endloop
  endfacet
  facet normal 0 1 0
    outer loop
      vertex -12.5 36 10.5
      vertex -7.5 36 0
      vertex -12.5 36 0
    endloop
  endfacet
  facet normal 0 1 -0
    outer loop
      vertex 12.5 36 0
      vertex 7.5 36 10.5
      vertex 12.5 36 10.5
    endloop
  endfacet
  facet normal 0 1 0
    outer loop
      vertex 7.5 36 10.5
      vertex 12.5 36 0
      vertex 7.5 36 0
    endloop
  endfacet
  facet normal 0 1 -0
    outer loop
      vertex 22.5 36 0
      vertex 17.5 36 10.5
      vertex 22.5 36 10.5
    endloop
  endfacet
  facet normal 0 1 0
    outer loop
      vertex 17.5 36 10.5
      vertex 22.5 36 0
      vertex 17.5 36 0
    endloop
  endfacet
  facet normal 0 1 -0
    outer loop
      vertex 17.5 36 10.5
      vertex 4.47 36 12.5
      vertex 32.5 36 12.5
    endloop
  endfacet
  facet normal 0 1 -0
    outer loop
      vertex 7.5 36 10.5
      vertex 4.47 36 12.5
      vertex 12.5 36 10.5
    endloop
  endfacet
  facet normal 0 1 0
    outer loop
      vertex 22.5 36 10.5
      vertex 32.5 36 12.5
      vertex 32.5 36 10.5
    endloop
  endfacet
  facet normal 0 1 0
    outer loop
      vertex 17.5 36 10.5
      vertex 32.5 36 12.5
      vertex 22.5 36 10.5
    endloop
  endfacet
  facet normal 0 1 0
    outer loop
      vertex 4.47 36 12.5
      vertex 17.5 36 10.5
      vertex 12.5 36 10.5
    endloop
  endfacet
  facet normal 0 1 0
    outer loop
      vertex 4.47 36 12.5
      vertex 7.5 36 10.5
      vertex -4.47 36 12.5
    endloop
  endfacet
  facet normal 0 1 0
    outer loop
      vertex -7.5 36 10.5
      vertex -4.47 36 12.5
      vertex 7.5 36 10.5
    endloop
  endfacet
  facet normal 0 1 0
    outer loop
      vertex -12.5 36 10.5
      vertex -4.47 36 12.5
      vertex -7.5 36 10.5
    endloop
  endfacet
  facet normal 0 1 0
    outer loop
      vertex -17.5 36 10.5
      vertex -4.47 36 12.5
      vertex -12.5 36 10.5
    endloop
  endfacet
  facet normal 0 1 0
    outer loop
      vertex -4.47 36 12.5
      vertex -17.5 36 10.5
      vertex -32.5 36 12.5
    endloop
  endfacet
  facet normal 0 1 -0
    outer loop
      vertex -22.5 36 10.5
      vertex -32.5 36 12.5
      vertex -17.5 36 10.5
    endloop
  endfacet
  facet normal 0 1 0
    outer loop
      vertex -32.5 36 12.5
      vertex -22.5 36 10.5
      vertex -32.5 36 10.5
    endloop
  endfacet
  facet normal 0 1 -0
    outer loop
      vertex 4.47 36 12.5
      vertex -4.47 36 15.26
      vertex 4.47 36 15.26
    endloop
  endfacet
  facet normal 0 1 0
    outer loop
      vertex -4.47 36 15.26
      vertex 4.47 36 12.5
      vertex -4.47 36 12.5
    endloop
  endfacet
  facet normal 0 0 -1
    outer loop
      vertex -32.5 0 10.5
      vertex -22.5 36 10.5
      vertex -22.5 0 10.5
    endloop
  endfacet
  facet normal -0 0 -1
    outer loop
      vertex -22.5 36 10.5
      vertex -32.5 0 10.5
      vertex -32.5 36 10.5
    endloop
  endfacet
  facet normal 0 0 -1
    outer loop
      vertex 22.5 0 10.5
      vertex 32.5 36 10.5
      vertex 32.5 0 10.5
    endloop
  endfacet
  facet normal -0 0 -1
    outer loop
      vertex 32.5 36 10.5
      vertex 22.5 0 10.5
      vertex 22.5 36 10.5
    endloop
  endfacet
  facet normal 0 0 -1
    outer loop
      vertex -17.5 0 10.5
      vertex -12.5 36 10.5
      vertex -12.5 0 10.5
    endloop
  endfacet
  facet normal -0 0 -1
    outer loop
      vertex -12.5 36 10.5
      vertex -17.5 0 10.5
      vertex -17.5 36 10.5
    endloop
  endfacet
  facet normal 0 0 -1
    outer loop
      vertex -7.5 0 10.5
      vertex 7.5 36 10.5
      vertex 7.5 0 10.5
    endloop
  endfacet
  facet normal -0 0 -1
    outer loop
      vertex 7.5 36 10.5
      vertex -7.5 0 10.5
      vertex -7.5 36 10.5
    endloop
  endfacet
  facet normal 0 0 -1
    outer loop
      vertex 12.5 0 10.5
      vertex 17.5 36 10.5
      vertex 17.5 0 10.5
    endloop
  endfacet
  facet normal -0 0 -1
    outer loop
      vertex 17.5 36 10.5
      vertex 12.5 0 10.5
      vertex 12.5 36 10.5
    endloop
  endfacet
  facet normal 0 -1 0
    outer loop
      vertex 17.5 0 0
      vertex 22.5 0 10.5
      vertex 17.5 0 10.5
    endloop
  endfacet
  facet normal 0 -1 -0
    outer loop
      vertex 22.5 0 10.5
      vertex 17.5 0 0
      vertex 22.5 0 0
    endloop
  endfacet
  facet normal 0 -1 0
    outer loop
      vertex 7.5 0 0
      vertex 12.5 0 10.5
      vertex 7.5 0 10.5
    endloop
  endfacet
  facet normal 0 -1 -0
    outer loop
      vertex 12.5 0 10.5
      vertex 7.5 0 0
      vertex 12.5 0 0
    endloop
  endfacet
  facet normal 0 -1 0
    outer loop
      vertex -12.5 0 0
      vertex -7.5 0 10.5
      vertex -12.5 0 10.5
    endloop
  endfacet
  facet normal 0 -1 -0
    outer loop
      vertex -7.5 0 10.5
      vertex -12.5 0 0
      vertex -7.5 0 0
    endloop
  endfacet
  facet normal 0 -1 0
    outer loop
      vertex -22.5 0 0
      vertex -17.5 0 10.5
      vertex -22.5 0 10.5
    endloop
  endfacet
  facet normal 0 -1 -0
    outer loop
      vertex -17.5 0 10.5
      vertex -22.5 0 0
      vertex -17.5 0 0
    endloop
  endfacet
  facet normal 0 -1 0
    outer loop
      vertex -22.5 0 10.5
      vertex -32.5 0 12.5
      vertex -32.5 0 10.5
    endloop
  endfacet
  facet normal 0 -1 0
    outer loop
      vertex -17.5 0 10.5
      vertex -32.5 0 12.5
      vertex -22.5 0 10.5
    endloop
  endfacet
  facet normal 0 -1 0
    outer loop
      vertex -12.5 0 10.5
      vertex -32.5 0 12.5
      vertex -17.5 0 10.5
    endloop
  endfacet
  facet normal 0 -1 0
    outer loop
      vertex -7.5 0 10.5
      vertex -32.5 0 12.5
      vertex -12.5 0 10.5
    endloop
  endfacet
  facet normal 0 -1 0
    outer loop
      vertex -32.5 0 12.5
      vertex -7.5 0 10.5
      vertex 32.5 0 12.5
    endloop
  endfacet
  facet normal 0 -1 0
    outer loop
      vertex 7.5 0 10.5
      vertex 32.5 0 12.5
      vertex -7.5 0 10.5
    endloop
  endfacet
  facet normal 0 -1 0
    outer loop
      vertex 12.5 0 10.5
      vertex 32.5 0 12.5
      vertex 7.5 0 10.5
    endloop
  endfacet
  facet normal 0 -1 0
    outer loop
      vertex 17.5 0 10.5
      vertex 32.5 0 12.5
      vertex 12.5 0 10.5
    endloop
  endfacet
  facet normal 0 -1 0
    outer loop
      vertex 22.5 0 10.5
      vertex 32.5 0 12.5
      vertex 17.5 0 10.5
    endloop
  endfacet
  facet normal 0 -1 -0
    outer loop
      vertex 32.5 0 12.5
      vertex 22.5 0 10.5
      vertex 32.5 0 10.5
    endloop
  endfacet
  facet normal -1 0 0
    outer loop
      vertex -22.5 0 0
      vertex -22.5 36 10.5
      vertex -22.5 36 0
    endloop
  endfacet
  facet normal -1 -0 0
    outer loop
      vertex -22.5 36 10.5
      vertex -22.5 0 0
      vertex -22.5 0 10.5
    endloop
  endfacet
  facet normal 1 -0 0
    outer loop
      vertex -17.5 0 10.5
      vertex -17.5 36 0
      vertex -17.5 36 10.5
    endloop
  endfacet
  facet normal 1 0 0
    outer loop
      vertex -17.5 36 0
      vertex -17.5 0 10.5
      vertex -17.5 0 0
    endloop
  endfacet
  facet normal 0 0 -1
    outer loop
      vertex -22.5 0 0
      vertex -17.5 36 0
      vertex -17.5 0 0
    endloop
  endfacet
  facet normal -0 0 -1
    outer loop
      vertex -17.5 36 0
      vertex -22.5 0 0
      vertex -22.5 36 0
    endloop
  endfacet
  facet normal -1 0 0
    outer loop
      vertex -12.5 0 0
      vertex -12.5 36 10.5
      vertex -12.5 36 0
    endloop
  endfacet
  facet normal -1 -0 0
    outer loop
      vertex -12.5 36 10.5
      vertex -12.5 0 0
      vertex -12.5 0 10.5
    endloop
  endfacet
  facet normal 1 -0 0
    outer loop
      vertex -7.5 0 10.5
      vertex -7.5 36 0
      vertex -7.5 36 10.5
    endloop
  endfacet
  facet normal 1 0 0
    outer loop
      vertex -7.5 36 0
      vertex -7.5 0 10.5
      vertex -7.5 0 0
    endloop
  endfacet
  facet normal 0 0 -1
    outer loop
      vertex -12.5 0 0
      vertex -7.5 36 0
      vertex -7.5 0 0
    endloop
  endfacet
  facet normal -0 0 -1
    outer loop
      vertex -7.5 36 0
      vertex -12.5 0 0
      vertex -12.5 36 0
    endloop
  endfacet
  facet normal -1 0 0
    outer loop
      vertex 7.5 0 0
      vertex 7.5 36 10.5
      vertex 7.5 36 0
    endloop
  endfacet
  facet normal -1 -0 0
    outer loop
      vertex 7.5 36 10.5
      vertex 7.5 0 0
      vertex 7.5 0 10.5
    endloop
  endfacet
  facet normal 1 -0 0
    outer loop
      vertex 12.5 0 10.5
      vertex 12.5 36 0
      vertex 12.5 36 10.5
    endloop
  endfacet
  facet normal 1 0 0
    outer loop
      vertex 12.5 36 0
      vertex 12.5 0 10.5
      vertex 12.5 0 0
    endloop
  endfacet
  facet normal 0 0 -1
    outer loop
      vertex 7.5 0 0
      vertex 12.5 36 0
      vertex 12.5 0 0
    endloop
  endfacet
  facet normal -0 0 -1
    outer loop
      vertex 12.5 36 0
      vertex 7.5 0 0
      vertex 7.5 36 0
    endloop
  endfacet
  facet normal -1 0 0
    outer loop
      vertex 17.5 0 0
      vertex 17.5 36 10.5
      vertex 17.5 36 0
    endloop
  endfacet
  facet normal -1 -0 0
    outer loop
      vertex 17.5 36 10.5
      vertex 17.5 0 0
      vertex 17.5 0 10.5
    endloop
  endfacet
  facet normal 1 -0 0
    outer loop
      vertex 22.5 0 10.5
      vertex 22.5 36 0
      vertex 22.5 36 10.5
    endloop
  endfacet
  facet normal 1 0 0
    outer loop
      vertex 22.5 36 0
      vertex 22.5 0 10.5
      vertex 22.5 0 0
    endloop
  endfacet
  facet normal 0 0 -1
    outer loop
      vertex 17.5 0 0
      vertex 22.5 36 0
      vertex 22.5 0 0
    endloop
  endfacet
  facet normal -0 0 -1
    outer loop
      vertex 22.5 36 0
      vertex 17.5 0 0
      vertex 17.5 36 0
    endloop
  endfacet
  facet normal -1 0 0
    outer loop
      vertex -10.3 11.1 12.5
      vertex -10.3 33.4 16.99
      vertex -10.3 33.4 12.5
    endloop
  endfacet
  facet normal -1 -0 0
    outer loop
      vertex -10.3 33.4 16.99
      vertex -10.3 11.1 12.5
      vertex -10.3 11.1 16.99
    endloop
  endfacet
  facet normal -0 0 1
    outer loop
      vertex -10.3 33.4 16.99
      vertex -9.1 12.4 16.99
      vertex -9.1 33.4 16.99
    endloop
  endfacet
  facet normal 0 0 1
    outer loop
      vertex -10.3 11.1 16.99
      vertex -9.1 12.4 16.99
      vertex -10.3 33.4 16.99
    endloop
  endfacet
  facet normal 0 0 1
    outer loop
      vertex -9.1 12.4 16.99
      vertex -10.3 11.1 16.99
      vertex -9.1 11.1 16.99
    endloop
  endfacet
  facet normal -1 0 0
    outer loop
      vertex -9.1 11.1 12.5
      vertex -9.1 10.9 12.5
      vertex -9.1 11.1 16.99
    endloop
  endfacet
  facet normal -1 0 0
    outer loop
      vertex -9.1 11.1 16.99
      vertex -9.1 12.4 17.49
      vertex -9.1 12.4 16.99
    endloop
  endfacet
  facet normal -1 0 0
    outer loop
      vertex -9.1 11.1 16.99
      vertex -9.1 10.9 17.49
      vertex -9.1 12.4 17.49
    endloop
  endfacet
  facet normal -1 0 0
    outer loop
      vertex -9.1 10.9 17.49
      vertex -9.1 11.1 16.99
      vertex -9.1 10.9 12.5
    endloop
  endfacet
  facet normal 1 -0 0
    outer loop
      vertex -9.1 12.4 16.99
      vertex -9.1 33.4 12.5
      vertex -9.1 33.4 16.99
    endloop
  endfacet
  facet normal 1 0 0
    outer loop
      vertex -9.1 33.4 12.5
      vertex -9.1 12.4 16.99
      vertex -9.1 12.4 12.5
    endloop
  endfacet
  facet normal 0 -1 0
    outer loop
      vertex -10.3 11.1 12.5
      vertex -9.1 11.1 16.99
      vertex -10.3 11.1 16.99
    endloop
  endfacet
  facet normal 0 -1 -0
    outer loop
      vertex -9.1 11.1 16.99
      vertex -10.3 11.1 12.5
      vertex -9.1 11.1 12.5
    endloop
  endfacet
  facet normal 0 1 -0
    outer loop
      vertex -9.1 33.4 12.5
      vertex -10.3 33.4 16.99
      vertex -9.1 33.4 16.99
    endloop
  endfacet
  facet normal 0 1 0
    outer loop
      vertex -10.3 33.4 16.99
      vertex -9.1 33.4 12.5
      vertex -10.3 33.4 12.5
    endloop
  endfacet
  facet normal 1 0 0
    outer loop
      vertex 9.1 12.4 17.49
      vertex 9.1 11.1 16.99
      vertex 9.1 12.4 16.99
    endloop
  endfacet
  facet normal 1 -0 0
    outer loop
      vertex 9.1 10.9 17.49
      vertex 9.1 11.1 16.99
      vertex 9.1 12.4 17.49
    endloop
  endfacet
  facet normal 1 0 0
    outer loop
      vertex 9.1 10.9 12.5
      vertex 9.1 11.1 16.99
      vertex 9.1 10.9 17.49
    endloop
  endfacet
  facet normal 1 0 0
    outer loop
      vertex 9.1 11.1 16.99
      vertex 9.1 10.9 12.5
      vertex 9.1 11.1 12.5
    endloop
  endfacet
  facet normal -1 0 0
    outer loop
      vertex 9.1 12.4 12.5
      vertex 9.1 33.4 16.99
      vertex 9.1 33.4 12.5
    endloop
  endfacet
  facet normal -1 -0 0
    outer loop
      vertex 9.1 33.4 16.99
      vertex 9.1 12.4 12.5
      vertex 9.1 12.4 16.99
    endloop
  endfacet
  facet normal 0 0 1
    outer loop
      vertex 9.1 12.4 16.99
      vertex 10.3 33.4 16.99
      vertex 9.1 33.4 16.99
    endloop
  endfacet
  facet normal 0 0 1
    outer loop
      vertex 10.3 33.4 16.99
      vertex 9.1 12.4 16.99
      vertex 10.3 11.1 16.99
    endloop
  endfacet
  facet normal 0 0 1
    outer loop
      vertex 10.3 11.1 16.99
      vertex 9.1 12.4 16.99
      vertex 9.1 11.1 16.99
    endloop
  endfacet
  facet normal 1 -0 0
    outer loop
      vertex 10.3 11.1 16.99
      vertex 10.3 33.4 12.5
      vertex 10.3 33.4 16.99
    endloop
  endfacet
  facet normal 1 0 0
    outer loop
      vertex 10.3 33.4 12.5
      vertex 10.3 11.1 16.99
      vertex 10.3 11.1 12.5
    endloop
  endfacet
  facet normal 0 1 -0
    outer loop
      vertex 10.3 33.4 12.5
      vertex 9.1 33.4 16.99
      vertex 10.3 33.4 16.99
    endloop
  endfacet
  facet normal 0 1 0
    outer loop
      vertex 9.1 33.4 16.99
      vertex 10.3 33.4 12.5
      vertex 9.1 33.4 12.5
    endloop
  endfacet
  facet normal 0 -1 0
    outer loop
      vertex 9.1 11.1 12.5
      vertex 10.3 11.1 16.99
      vertex 9.1 11.1 16.99
    endloop
  endfacet
  facet normal 0 -1 -0
    outer loop
      vertex 10.3 11.1 16.99
      vertex 9.1 11.1 12.5
      vertex 10.3 11.1 12.5
    endloop
  endfacet
  facet normal -1 0 0
    outer loop
      vertex -4.47 33.6 12.5
      vertex -4.47 36 15.26
      vertex -4.47 36 12.5
    endloop
  endfacet
  facet normal -1 -0 0
    outer loop
      vertex -4.47 36 15.26
      vertex -4.47 33.6 12.5
      vertex -4.47 33.6 15.26
    endloop
  endfacet
  facet normal -0 0 1
    outer loop
      vertex -4.47 36 15.26
      vertex 4.47 33.6 15.26
      vertex 4.47 36 15.26
    endloop
  endfacet
  facet normal 0 0 1
    outer loop
      vertex 4.47 33.6 15.26
      vertex -4.47 36 15.26
      vertex -4.47 33.6 15.26
    endloop
  endfacet
  facet normal 1 -0 0
    outer loop
      vertex 4.47 33.6 15.26
      vertex 4.47 36 12.5
      vertex 4.47 36 15.26
    endloop
  endfacet
  facet normal 1 0 0
    outer loop
      vertex 4.47 36 12.5
      vertex 4.47 33.6 15.26
      vertex 4.47 33.6 12.5
    endloop
  endfacet
  facet normal 0 -1 0
    outer loop
      vertex -4.47 33.6 12.5
      vertex 4.47 33.6 15.26
      vertex -4.47 33.6 15.26
    endloop
  endfacet
  facet normal 0 -1 -0
    outer loop
      vertex 4.47 33.6 15.26
      vertex -4.47 33.6 12.5
      vertex 4.47 33.6 12.5
    endloop
  endfacet
  facet normal -1 0 0
    outer loop
      vertex -8.9 12.6 12.5
      vertex -8.9 14.6 14.49
      vertex -8.9 14.6 12.5
    endloop
  endfacet
  facet normal -1 -0 0
    outer loop
      vertex -8.9 14.6 14.49
      vertex -8.9 12.6 12.5
      vertex -8.9 12.6 14.49
    endloop
  endfacet
  facet normal -0 0 1
    outer loop
      vertex -8.9 14.6 14.49
      vertex 8.9 12.6 14.49
      vertex 8.9 14.6 14.49
    endloop
  endfacet
  facet normal 0 0 1
    outer loop
      vertex 8.9 12.6 14.49
      vertex -8.9 14.6 14.49
      vertex -8.9 12.6 14.49
    endloop
  endfacet
  facet normal 1 -0 0
    outer loop
      vertex 8.9 12.6 14.49
      vertex 8.9 14.6 12.5
      vertex 8.9 14.6 14.49
    endloop
  endfacet
  facet normal 1 0 0
    outer loop
      vertex 8.9 14.6 12.5
      vertex 8.9 12.6 14.49
      vertex 8.9 12.6 12.5
    endloop
  endfacet
  facet normal 0 1 -0
    outer loop
      vertex 8.9 14.6 12.5
      vertex -8.9 14.6 14.49
      vertex 8.9 14.6 14.49
    endloop
  endfacet
  facet normal 0 1 0
    outer loop
      vertex -8.9 14.6 14.49
      vertex 8.9 14.6 12.5
      vertex -8.9 14.6 12.5
    endloop
  endfacet
  facet normal 0 -1 0
    outer loop
      vertex -8.9 12.6 12.5
      vertex 8.9 12.6 14.49
      vertex -8.9 12.6 14.49
    endloop
  endfacet
  facet normal 0 -1 -0
    outer loop
      vertex 8.9 12.6 14.49
      vertex -8.9 12.6 12.5
      vertex 8.9 12.6 12.5
    endloop
  endfacet
  facet normal -1 0 0
    outer loop
      vertex -8.9 31.4 12.5
      vertex -8.9 33.4 14.49
      vertex -8.9 33.4 12.5
    endloop
  endfacet
  facet normal -1 -0 0
    outer loop
      vertex -8.9 33.4 14.49
      vertex -8.9 31.4 12.5
      vertex -8.9 31.4 14.49
    endloop
  endfacet
  facet normal -0 0 1
    outer loop
      vertex -8.9 33.4 14.49
      vertex 8.9 31.4 14.49
      vertex 8.9 33.4 14.49
    endloop
  endfacet
  facet normal 0 0 1
    outer loop
      vertex 8.9 31.4 14.49
      vertex -8.9 33.4 14.49
      vertex -8.9 31.4 14.49
    endloop
  endfacet
  facet normal 1 -0 0
    outer loop
      vertex 8.9 31.4 14.49
      vertex 8.9 33.4 12.5
      vertex 8.9 33.4 14.49
    endloop
  endfacet
  facet normal 1 0 0
    outer loop
      vertex 8.9 33.4 12.5
      vertex 8.9 31.4 14.49
      vertex 8.9 31.4 12.5
    endloop
  endfacet
  facet normal 0 -1 0
    outer loop
      vertex -8.9 31.4 12.5
      vertex 8.9 31.4 14.49
      vertex -8.9 31.4 14.49
    endloop
  endfacet
  facet normal 0 -1 -0
    outer loop
      vertex 8.9 31.4 14.49
      vertex -8.9 31.4 12.5
      vertex 8.9 31.4 12.5
    endloop
  endfacet
  facet normal 0 1 -0
    outer loop
      vertex 8.9 33.4 12.5
      vertex -8.9 33.4 14.49
      vertex 8.9 33.4 14.49
    endloop
  endfacet
  facet normal 0 1 0
    outer loop
      vertex -8.9 33.4 14.49
      vertex 8.9 33.4 12.5
      vertex -8.9 33.4 12.5
    endloop
  endfacet
  facet normal -0 0 1
    outer loop
      vertex -9.1 12.4 17.49
      vertex 9.1 10.9 17.49
      vertex 9.1 12.4 17.49
    endloop
  endfacet
  facet normal 0 0 1
    outer loop
      vertex 9.1 10.9 17.49
      vertex -9.1 12.4 17.49
      vertex -9.1 10.9 17.49
    endloop
  endfacet
  facet normal 0 1 -0
    outer loop
      vertex 9.1 12.4 16.99
      vertex -9.1 12.4 17.49
      vertex 9.1 12.4 17.49
    endloop
  endfacet
  facet normal 0 1 0
    outer loop
      vertex 9.1 12.4 16.99
      vertex -9.1 12.4 16.99
      vertex -9.1 12.4 17.49
    endloop
  endfacet
  facet normal 0 1 -0
    outer loop
      vertex 9.1 12.4 12.5
      vertex -9.1 12.4 16.99
      vertex 9.1 12.4 16.99
    endloop
  endfacet
  facet normal 0 1 0
    outer loop
      vertex -9.1 12.4 16.99
      vertex 9.1 12.4 12.5
      vertex -9.1 12.4 12.5
    endloop
  endfacet
  facet normal 0 -1 0
    outer loop
      vertex -9.1 10.9 12.5
      vertex 9.1 10.9 17.49
      vertex -9.1 10.9 17.49
    endloop
  endfacet
  facet normal 0 -1 -0
    outer loop
      vertex 9.1 10.9 17.49
      vertex -9.1 10.9 12.5
      vertex 9.1 10.9 12.5
    endloop
  endfacet
  facet normal 0.997857 0.0654263 0
    outer loop
      vertex -22.1 6.1 13.1
      vertex -22.1368 6.66126 12.5
      vertex -22.1368 6.66126 13.1
    endloop
  endfacet
  facet normal 0.997857 0.0654263 0
    outer loop
      vertex -22.1368 6.66126 12.5
      vertex -22.1 6.1 13.1
      vertex -22.1 6.1 12.5
    endloop
  endfacet
  facet normal -0.0654216 0.997858 0
    outer loop
      vertex -26.4 10.4 12.5
      vertex -26.9613 10.3632 13.1
      vertex -26.4 10.4 13.1
    endloop
  endfacet
  facet normal -0.0654216 0.997858 0
    outer loop
      vertex -26.9613 10.3632 13.1
      vertex -26.4 10.4 12.5
      vertex -26.9613 10.3632 12.5
    endloop
  endfacet
  facet normal 0.659332 0.751852 -0
    outer loop
      vertex -23.3594 9.14056 12.5
      vertex -23.7823 9.51142 13.1
      vertex -23.3594 9.14056 13.1
    endloop
  endfacet
  facet normal 0.659332 0.751852 0
    outer loop
      vertex -23.7823 9.51142 13.1
      vertex -23.3594 9.14056 12.5
      vertex -23.7823 9.51142 12.5
    endloop
  endfacet
  facet normal -0.659332 0.751852 0
    outer loop
      vertex -29.0177 9.51142 12.5
      vertex -29.4406 9.14056 13.1
      vertex -29.0177 9.51142 13.1
    endloop
  endfacet
  facet normal -0.659332 0.751852 0
    outer loop
      vertex -29.4406 9.14056 13.1
      vertex -29.0177 9.51142 12.5
      vertex -29.4406 9.14056 12.5
    endloop
  endfacet
  facet normal -0.442286 0.896874 0
    outer loop
      vertex -28.0455 10.0727 12.5
      vertex -28.55 9.82391 13.1
      vertex -28.0455 10.0727 13.1
    endloop
  endfacet
  facet normal -0.442286 0.896874 0
    outer loop
      vertex -28.55 9.82391 13.1
      vertex -28.0455 10.0727 12.5
      vertex -28.55 9.82391 12.5
    endloop
  endfacet
  facet normal 0.896853 0.442329 0
    outer loop
      vertex -22.4273 7.74554 13.1
      vertex -22.6761 8.25 12.5
      vertex -22.6761 8.25 13.1
    endloop
  endfacet
  facet normal 0.896853 0.442329 0
    outer loop
      vertex -22.6761 8.25 12.5
      vertex -22.4273 7.74554 13.1
      vertex -22.4273 7.74554 12.5
    endloop
  endfacet
  facet normal 0.980796 0.195036 0
    outer loop
      vertex -22.1368 6.66126 13.1
      vertex -22.2465 7.21292 12.5
      vertex -22.2465 7.21292 13.1
    endloop
  endfacet
  facet normal 0.980796 0.195036 0
    outer loop
      vertex -22.2465 7.21292 12.5
      vertex -22.1368 6.66126 13.1
      vertex -22.1368 6.66126 12.5
    endloop
  endfacet
  facet normal 0.831459 0.555586 0
    outer loop
      vertex -22.6761 8.25 13.1
      vertex -22.9886 8.71767 12.5
      vertex -22.9886 8.71767 13.1
    endloop
  endfacet
  facet normal 0.831459 0.555586 0
    outer loop
      vertex -22.9886 8.71767 12.5
      vertex -22.6761 8.25 13.1
      vertex -22.6761 8.25 12.5
    endloop
  endfacet
  facet normal 0.32145 0.946927 -0
    outer loop
      vertex -24.7545 10.0727 12.5
      vertex -25.2871 10.2535 13.1
      vertex -24.7545 10.0727 13.1
    endloop
  endfacet
  facet normal 0.32145 0.946927 0
    outer loop
      vertex -25.2871 10.2535 13.1
      vertex -24.7545 10.0727 12.5
      vertex -25.2871 10.2535 12.5
    endloop
  endfacet
  facet normal 0.195056 0.980792 -0
    outer loop
      vertex -25.2871 10.2535 12.5
      vertex -25.8387 10.3632 13.1
      vertex -25.2871 10.2535 13.1
    endloop
  endfacet
  facet normal 0.195056 0.980792 0
    outer loop
      vertex -25.8387 10.3632 13.1
      vertex -25.2871 10.2535 12.5
      vertex -25.8387 10.3632 12.5
    endloop
  endfacet
  facet normal 0.555549 0.831484 -0
    outer loop
      vertex -23.7823 9.51142 12.5
      vertex -24.25 9.82391 13.1
      vertex -23.7823 9.51142 13.1
    endloop
  endfacet
  facet normal 0.555549 0.831484 0
    outer loop
      vertex -24.25 9.82391 13.1
      vertex -23.7823 9.51142 12.5
      vertex -24.25 9.82391 12.5
    endloop
  endfacet
  facet normal -0.831413 0.555655 0
    outer loop
      vertex -29.9 8.5851 12.5
      vertex -29.8114 8.71767 13.1
      vertex -29.8114 8.71767 12.5
    endloop
  endfacet
  facet normal -0.831413 0.555655 0
    outer loop
      vertex -29.8114 8.71767 13.1
      vertex -29.9 8.5851 12.5
      vertex -29.9 8.5851 13.1
    endloop
  endfacet
  facet normal -0.555549 0.831484 0
    outer loop
      vertex -28.55 9.82391 12.5
      vertex -29.0177 9.51142 13.1
      vertex -28.55 9.82391 13.1
    endloop
  endfacet
  facet normal -0.555549 0.831484 0
    outer loop
      vertex -29.0177 9.51142 13.1
      vertex -28.55 9.82391 12.5
      vertex -29.0177 9.51142 12.5
    endloop
  endfacet
  facet normal -0.195056 0.980792 0
    outer loop
      vertex -26.9613 10.3632 12.5
      vertex -27.5129 10.2535 13.1
      vertex -26.9613 10.3632 13.1
    endloop
  endfacet
  facet normal -0.195056 0.980792 0
    outer loop
      vertex -27.5129 10.2535 13.1
      vertex -26.9613 10.3632 12.5
      vertex -27.5129 10.2535 12.5
    endloop
  endfacet
  facet normal 0.831459 -0.555586 0
    outer loop
      vertex -22.9886 3.48233 13.1
      vertex -22.6761 3.95 12.5
      vertex -22.6761 3.95 13.1
    endloop
  endfacet
  facet normal 0.831459 -0.555586 0
    outer loop
      vertex -22.6761 3.95 12.5
      vertex -22.9886 3.48233 13.1
      vertex -22.9886 3.48233 12.5
    endloop
  endfacet
  facet normal 0.997857 -0.0654263 0
    outer loop
      vertex -22.1368 5.53874 13.1
      vertex -22.1 6.1 12.5
      vertex -22.1 6.1 13.1
    endloop
  endfacet
  facet normal 0.997857 -0.0654263 0
    outer loop
      vertex -22.1 6.1 12.5
      vertex -22.1368 5.53874 13.1
      vertex -22.1368 5.53874 12.5
    endloop
  endfacet
  facet normal 0.94693 0.321439 0
    outer loop
      vertex -22.2465 7.21292 13.1
      vertex -22.4273 7.74554 12.5
      vertex -22.4273 7.74554 13.1
    endloop
  endfacet
  facet normal 0.94693 0.321439 0
    outer loop
      vertex -22.4273 7.74554 12.5
      vertex -22.2465 7.21292 13.1
      vertex -22.2465 7.21292 12.5
    endloop
  endfacet
  facet normal 0.751897 0.659281 0
    outer loop
      vertex -22.9886 8.71767 13.1
      vertex -23.3594 9.14056 12.5
      vertex -23.3594 9.14056 13.1
    endloop
  endfacet
  facet normal 0.751897 0.659281 0
    outer loop
      vertex -23.3594 9.14056 12.5
      vertex -22.9886 8.71767 13.1
      vertex -22.9886 8.71767 12.5
    endloop
  endfacet
  facet normal 0.0654216 0.997858 -0
    outer loop
      vertex -25.8387 10.3632 12.5
      vertex -26.4 10.4 13.1
      vertex -25.8387 10.3632 13.1
    endloop
  endfacet
  facet normal 0.0654216 0.997858 0
    outer loop
      vertex -26.4 10.4 13.1
      vertex -25.8387 10.3632 12.5
      vertex -26.4 10.4 12.5
    endloop
  endfacet
  facet normal 0.442286 0.896874 -0
    outer loop
      vertex -24.25 9.82391 12.5
      vertex -24.7545 10.0727 13.1
      vertex -24.25 9.82391 13.1
    endloop
  endfacet
  facet normal 0.442286 0.896874 0
    outer loop
      vertex -24.7545 10.0727 13.1
      vertex -24.25 9.82391 12.5
      vertex -24.7545 10.0727 12.5
    endloop
  endfacet
  facet normal 0 0 1
    outer loop
      vertex -23.3 6.1 13.1
      vertex -22.1 6.1 13.1
      vertex -22.1368 6.66126 13.1
    endloop
  endfacet
  facet normal 0 0 1
    outer loop
      vertex -23.3265 6.50463 13.1
      vertex -22.1368 6.66126 13.1
      vertex -22.2465 7.21292 13.1
    endloop
  endfacet
  facet normal 0 0 1
    outer loop
      vertex -22.1 6.1 13.1
      vertex -23.3 6.1 13.1
      vertex -22.1368 5.53874 13.1
    endloop
  endfacet
  facet normal 0 0 1
    outer loop
      vertex -23.4056 6.90234 13.1
      vertex -22.2465 7.21292 13.1
      vertex -22.4273 7.74554 13.1
    endloop
  endfacet
  facet normal -0 0 1
    outer loop
      vertex -23.3265 5.69537 13.1
      vertex -22.1368 5.53874 13.1
      vertex -23.3 6.1 13.1
    endloop
  endfacet
  facet normal 0 0 1
    outer loop
      vertex -23.536 7.28632 13.1
      vertex -22.4273 7.74554 13.1
      vertex -22.6761 8.25 13.1
    endloop
  endfacet
  facet normal 0 0 1
    outer loop
      vertex -22.1368 5.53874 13.1
      vertex -23.3265 5.69537 13.1
      vertex -22.2465 4.98708 13.1
    endloop
  endfacet
  facet normal 0 0 1
    outer loop
      vertex -23.7153 7.65 13.1
      vertex -22.6761 8.25 13.1
      vertex -22.9886 8.71767 13.1
    endloop
  endfacet
  facet normal -0 0 1
    outer loop
      vertex -23.4056 5.29766 13.1
      vertex -22.2465 4.98708 13.1
      vertex -23.3265 5.69537 13.1
    endloop
  endfacet
  facet normal 0 0 1
    outer loop
      vertex -22.2465 4.98708 13.1
      vertex -23.4056 5.29766 13.1
      vertex -22.4273 4.45446 13.1
    endloop
  endfacet
  facet normal 0 0 1
    outer loop
      vertex -22.1368 6.66126 13.1
      vertex -23.3265 6.50463 13.1
      vertex -23.3 6.1 13.1
    endloop
  endfacet
  facet normal 0 0 1
    outer loop
      vertex -23.9406 7.98716 13.1
      vertex -22.9886 8.71767 13.1
      vertex -23.3594 9.14056 13.1
    endloop
  endfacet
  facet normal 0 0 1
    outer loop
      vertex -22.2465 7.21292 13.1
      vertex -23.4056 6.90234 13.1
      vertex -23.3265 6.50463 13.1
    endloop
  endfacet
  facet normal 0 0 1
    outer loop
      vertex -22.4273 7.74554 13.1
      vertex -23.536 7.28632 13.1
      vertex -23.4056 6.90234 13.1
    endloop
  endfacet
  facet normal 0 0 1
    outer loop
      vertex -22.6761 8.25 13.1
      vertex -23.7153 7.65 13.1
      vertex -23.536 7.28632 13.1
    endloop
  endfacet
  facet normal 0 0 1
    outer loop
      vertex -24.208 8.29203 13.1
      vertex -23.3594 9.14056 13.1
      vertex -23.7823 9.51142 13.1
    endloop
  endfacet
  facet normal 0 0 1
    outer loop
      vertex -22.9886 8.71767 13.1
      vertex -23.9406 7.98716 13.1
      vertex -23.7153 7.65 13.1
    endloop
  endfacet
  facet normal 0 0 1
    outer loop
      vertex -23.3594 9.14056 13.1
      vertex -24.208 8.29203 13.1
      vertex -23.9406 7.98716 13.1
    endloop
  endfacet
  facet normal 0 0 1
    outer loop
      vertex -24.5128 8.55939 13.1
      vertex -23.7823 9.51142 13.1
      vertex -24.25 9.82391 13.1
    endloop
  endfacet
  facet normal 0 0 1
    outer loop
      vertex -23.7823 9.51142 13.1
      vertex -24.5128 8.55939 13.1
      vertex -24.208 8.29203 13.1
    endloop
  endfacet
  facet normal 0 0 1
    outer loop
      vertex -24.85 8.78468 13.1
      vertex -24.25 9.82391 13.1
      vertex -24.7545 10.0727 13.1
    endloop
  endfacet
  facet normal 0 0 1
    outer loop
      vertex -24.25 9.82391 13.1
      vertex -24.85 8.78468 13.1
      vertex -24.5128 8.55939 13.1
    endloop
  endfacet
  facet normal 0 0 1
    outer loop
      vertex -24.7545 10.0727 13.1
      vertex -25.2137 8.96403 13.1
      vertex -24.85 8.78468 13.1
    endloop
  endfacet
  facet normal 0 0 1
    outer loop
      vertex -25.2871 10.2535 13.1
      vertex -25.2137 8.96403 13.1
      vertex -24.7545 10.0727 13.1
    endloop
  endfacet
  facet normal 0 0 1
    outer loop
      vertex -25.2871 10.2535 13.1
      vertex -25.5977 9.09437 13.1
      vertex -25.2137 8.96403 13.1
    endloop
  endfacet
  facet normal 0 0 1
    outer loop
      vertex -25.8387 10.3632 13.1
      vertex -25.5977 9.09437 13.1
      vertex -25.2871 10.2535 13.1
    endloop
  endfacet
  facet normal 0 0 1
    outer loop
      vertex -25.8387 10.3632 13.1
      vertex -25.9954 9.17348 13.1
      vertex -25.5977 9.09437 13.1
    endloop
  endfacet
  facet normal 0 0 1
    outer loop
      vertex -26.4 10.4 13.1
      vertex -25.9954 9.17348 13.1
      vertex -25.8387 10.3632 13.1
    endloop
  endfacet
  facet normal 0 0 1
    outer loop
      vertex -26.4 10.4 13.1
      vertex -26.4 9.2 13.1
      vertex -25.9954 9.17348 13.1
    endloop
  endfacet
  facet normal 0 0 1
    outer loop
      vertex -26.4 10.4 13.1
      vertex -26.8046 9.17348 13.1
      vertex -26.4 9.2 13.1
    endloop
  endfacet
  facet normal -0 0 1
    outer loop
      vertex -26.9613 10.3632 13.1
      vertex -26.8046 9.17348 13.1
      vertex -26.4 10.4 13.1
    endloop
  endfacet
  facet normal 0 0 1
    outer loop
      vertex -26.9613 10.3632 13.1
      vertex -27.2023 9.09437 13.1
      vertex -26.8046 9.17348 13.1
    endloop
  endfacet
  facet normal -0 0 1
    outer loop
      vertex -27.5129 10.2535 13.1
      vertex -27.2023 9.09437 13.1
      vertex -26.9613 10.3632 13.1
    endloop
  endfacet
  facet normal 0 0 1
    outer loop
      vertex -27.5129 10.2535 13.1
      vertex -27.5863 8.96403 13.1
      vertex -27.2023 9.09437 13.1
    endloop
  endfacet
  facet normal -0 0 1
    outer loop
      vertex -28.0455 10.0727 13.1
      vertex -27.5863 8.96403 13.1
      vertex -27.5129 10.2535 13.1
    endloop
  endfacet
  facet normal 0 0 1
    outer loop
      vertex -27.5863 8.96403 13.1
      vertex -28.0455 10.0727 13.1
      vertex -27.95 8.78468 13.1
    endloop
  endfacet
  facet normal -0 0 1
    outer loop
      vertex -28.55 9.82391 13.1
      vertex -27.95 8.78468 13.1
      vertex -28.0455 10.0727 13.1
    endloop
  endfacet
  facet normal 0 0 1
    outer loop
      vertex -27.95 8.78468 13.1
      vertex -28.55 9.82391 13.1
      vertex -28.2872 8.55939 13.1
    endloop
  endfacet
  facet normal -0 0 1
    outer loop
      vertex -29.0177 9.51142 13.1
      vertex -28.2872 8.55939 13.1
      vertex -28.55 9.82391 13.1
    endloop
  endfacet
  facet normal 0 0 1
    outer loop
      vertex -28.2872 8.55939 13.1
      vertex -29.0177 9.51142 13.1
      vertex -28.592 8.29203 13.1
    endloop
  endfacet
  facet normal -0 0 1
    outer loop
      vertex -29.4406 9.14056 13.1
      vertex -28.592 8.29203 13.1
      vertex -29.0177 9.51142 13.1
    endloop
  endfacet
  facet normal 0 0 1
    outer loop
      vertex -28.592 8.29203 13.1
      vertex -29.4406 9.14056 13.1
      vertex -28.8594 7.98716 13.1
    endloop
  endfacet
  facet normal -0 0 1
    outer loop
      vertex -29.8114 8.71767 13.1
      vertex -28.8594 7.98716 13.1
      vertex -29.4406 9.14056 13.1
    endloop
  endfacet
  facet normal -0 0 1
    outer loop
      vertex -29.9 8.5851 13.1
      vertex -28.8594 7.98716 13.1
      vertex -29.8114 8.71767 13.1
    endloop
  endfacet
  facet normal 0 0 1
    outer loop
      vertex -28.8594 7.98716 13.1
      vertex -29.9 8.5851 13.1
      vertex -29.0847 7.65 13.1
    endloop
  endfacet
  facet normal 0 0 1
    outer loop
      vertex -29.0847 7.65 13.1
      vertex -29.9 8.5851 13.1
      vertex -29.264 7.28632 13.1
    endloop
  endfacet
  facet normal 0 0 1
    outer loop
      vertex -29.264 7.28632 13.1
      vertex -29.9 8.5851 13.1
      vertex -29.3944 6.90234 13.1
    endloop
  endfacet
  facet normal 0 0 1
    outer loop
      vertex -29.3944 6.90234 13.1
      vertex -29.9 8.5851 13.1
      vertex -29.4735 6.50463 13.1
    endloop
  endfacet
  facet normal -0 0 1
    outer loop
      vertex -23.536 4.91368 13.1
      vertex -22.4273 4.45446 13.1
      vertex -23.4056 5.29766 13.1
    endloop
  endfacet
  facet normal 0 0 1
    outer loop
      vertex -22.4273 4.45446 13.1
      vertex -23.536 4.91368 13.1
      vertex -22.6761 3.95 13.1
    endloop
  endfacet
  facet normal -0 0 1
    outer loop
      vertex -23.7153 4.55 13.1
      vertex -22.6761 3.95 13.1
      vertex -23.536 4.91368 13.1
    endloop
  endfacet
  facet normal 0 0 1
    outer loop
      vertex -22.6761 3.95 13.1
      vertex -23.7153 4.55 13.1
      vertex -22.9886 3.48233 13.1
    endloop
  endfacet
  facet normal -0 0 1
    outer loop
      vertex -23.9406 4.21284 13.1
      vertex -22.9886 3.48233 13.1
      vertex -23.7153 4.55 13.1
    endloop
  endfacet
  facet normal 0 0 1
    outer loop
      vertex -22.9886 3.48233 13.1
      vertex -23.9406 4.21284 13.1
      vertex -23.3594 3.05944 13.1
    endloop
  endfacet
  facet normal -0 0 1
    outer loop
      vertex -24.208 3.90797 13.1
      vertex -23.3594 3.05944 13.1
      vertex -23.9406 4.21284 13.1
    endloop
  endfacet
  facet normal 0 0 1
    outer loop
      vertex -23.3594 3.05944 13.1
      vertex -24.208 3.90797 13.1
      vertex -23.7823 2.68858 13.1
    endloop
  endfacet
  facet normal -0 0 1
    outer loop
      vertex -24.5128 3.6406 13.1
      vertex -23.7823 2.68858 13.1
      vertex -24.208 3.90797 13.1
    endloop
  endfacet
  facet normal 0 0 1
    outer loop
      vertex -23.7823 2.68858 13.1
      vertex -24.5128 3.6406 13.1
      vertex -23.9149 2.6 13.1
    endloop
  endfacet
  facet normal -0 0 1
    outer loop
      vertex -24.85 3.41532 13.1
      vertex -23.9149 2.6 13.1
      vertex -24.5128 3.6406 13.1
    endloop
  endfacet
  facet normal -0 0 1
    outer loop
      vertex -25.2137 3.23597 13.1
      vertex -23.9149 2.6 13.1
      vertex -24.85 3.41532 13.1
    endloop
  endfacet
  facet normal -0 0 1
    outer loop
      vertex -25.5977 3.10563 13.1
      vertex -23.9149 2.6 13.1
      vertex -25.2137 3.23597 13.1
    endloop
  endfacet
  facet normal -0 0 1
    outer loop
      vertex -25.9954 3.02652 13.1
      vertex -23.9149 2.6 13.1
      vertex -25.5977 3.10563 13.1
    endloop
  endfacet
  facet normal -0 0 1
    outer loop
      vertex -26.4 3 13.1
      vertex -23.9149 2.6 13.1
      vertex -25.9954 3.02652 13.1
    endloop
  endfacet
  facet normal 0 0 1
    outer loop
      vertex -28.8851 2.6 13.1
      vertex -26.4 3 13.1
      vertex -26.8046 3.02652 13.1
    endloop
  endfacet
  facet normal 0 0 1
    outer loop
      vertex -26.4 3 13.1
      vertex -28.8851 2.6 13.1
      vertex -23.9149 2.6 13.1
    endloop
  endfacet
  facet normal 0 0 1
    outer loop
      vertex -27.2023 3.10563 13.1
      vertex -28.8851 2.6 13.1
      vertex -26.8046 3.02652 13.1
    endloop
  endfacet
  facet normal 0 0 1
    outer loop
      vertex -27.5863 3.23597 13.1
      vertex -28.8851 2.6 13.1
      vertex -27.2023 3.10563 13.1
    endloop
  endfacet
  facet normal 0 0 1
    outer loop
      vertex -27.95 3.41532 13.1
      vertex -28.8851 2.6 13.1
      vertex -27.5863 3.23597 13.1
    endloop
  endfacet
  facet normal 0 0 1
    outer loop
      vertex -28.2872 3.6406 13.1
      vertex -28.8851 2.6 13.1
      vertex -27.95 3.41532 13.1
    endloop
  endfacet
  facet normal 0 0 1
    outer loop
      vertex -29.0177 2.68858 13.1
      vertex -28.2872 3.6406 13.1
      vertex -28.592 3.90797 13.1
    endloop
  endfacet
  facet normal 0 0 1
    outer loop
      vertex -29.4406 3.05944 13.1
      vertex -28.592 3.90797 13.1
      vertex -28.8594 4.21284 13.1
    endloop
  endfacet
  facet normal 0 0 1
    outer loop
      vertex -28.2872 3.6406 13.1
      vertex -29.0177 2.68858 13.1
      vertex -28.8851 2.6 13.1
    endloop
  endfacet
  facet normal 0 0 1
    outer loop
      vertex -29.9 3.6149 13.1
      vertex -28.8594 4.21284 13.1
      vertex -29.0847 4.55 13.1
    endloop
  endfacet
  facet normal 0 0 1
    outer loop
      vertex -29.9 3.6149 13.1
      vertex -29.0847 4.55 13.1
      vertex -29.264 4.91368 13.1
    endloop
  endfacet
  facet normal 0 0 1
    outer loop
      vertex -29.9 3.6149 13.1
      vertex -29.264 4.91368 13.1
      vertex -29.3944 5.29766 13.1
    endloop
  endfacet
  facet normal 0 0 1
    outer loop
      vertex -28.592 3.90797 13.1
      vertex -29.4406 3.05944 13.1
      vertex -29.0177 2.68858 13.1
    endloop
  endfacet
  facet normal 0 0 1
    outer loop
      vertex -29.9 3.6149 13.1
      vertex -29.3944 5.29766 13.1
      vertex -29.4735 5.69537 13.1
    endloop
  endfacet
  facet normal 0 0 1
    outer loop
      vertex -29.9 3.6149 13.1
      vertex -29.4735 5.69537 13.1
      vertex -29.5 6.1 13.1
    endloop
  endfacet
  facet normal 0 0 1
    outer loop
      vertex -29.4735 6.50463 13.1
      vertex -29.9 8.5851 13.1
      vertex -29.5 6.1 13.1
    endloop
  endfacet
  facet normal 0 0 1
    outer loop
      vertex -29.9 3.6149 13.1
      vertex -29.5 6.1 13.1
      vertex -29.9 8.5851 13.1
    endloop
  endfacet
  facet normal 0 0 1
    outer loop
      vertex -28.8594 4.21284 13.1
      vertex -29.9 3.6149 13.1
      vertex -29.8114 3.48233 13.1
    endloop
  endfacet
  facet normal 0 0 1
    outer loop
      vertex -28.8594 4.21284 13.1
      vertex -29.8114 3.48233 13.1
      vertex -29.4406 3.05944 13.1
    endloop
  endfacet
  facet normal 0 0 1
    outer loop
      vertex 28.8594 7.98716 13.1
      vertex 29.9 8.5851 13.1
      vertex 29.8114 8.71767 13.1
    endloop
  endfacet
  facet normal 0 0 1
    outer loop
      vertex 29.9 8.5851 13.1
      vertex 29.5 6.1 13.1
      vertex 29.9 3.6149 13.1
    endloop
  endfacet
  facet normal -0 0 1
    outer loop
      vertex 29.4735 5.69537 13.1
      vertex 29.9 3.6149 13.1
      vertex 29.5 6.1 13.1
    endloop
  endfacet
  facet normal 0 0 1
    outer loop
      vertex 29.9 8.5851 13.1
      vertex 29.4735 6.50463 13.1
      vertex 29.5 6.1 13.1
    endloop
  endfacet
  facet normal 0 0 1
    outer loop
      vertex 28.8594 7.98716 13.1
      vertex 29.8114 8.71767 13.1
      vertex 29.4406 9.14056 13.1
    endloop
  endfacet
  facet normal 0 0 1
    outer loop
      vertex 29.9 8.5851 13.1
      vertex 29.3944 6.90234 13.1
      vertex 29.4735 6.50463 13.1
    endloop
  endfacet
  facet normal 0 0 1
    outer loop
      vertex 29.9 8.5851 13.1
      vertex 29.264 7.28632 13.1
      vertex 29.3944 6.90234 13.1
    endloop
  endfacet
  facet normal 0 0 1
    outer loop
      vertex 29.9 8.5851 13.1
      vertex 29.0847 7.65 13.1
      vertex 29.264 7.28632 13.1
    endloop
  endfacet
  facet normal 0 0 1
    outer loop
      vertex 28.592 8.29203 13.1
      vertex 29.4406 9.14056 13.1
      vertex 29.0177 9.51142 13.1
    endloop
  endfacet
  facet normal 0 0 1
    outer loop
      vertex 29.9 8.5851 13.1
      vertex 28.8594 7.98716 13.1
      vertex 29.0847 7.65 13.1
    endloop
  endfacet
  facet normal 0 0 1
    outer loop
      vertex 29.4406 9.14056 13.1
      vertex 28.592 8.29203 13.1
      vertex 28.8594 7.98716 13.1
    endloop
  endfacet
  facet normal 0 0 1
    outer loop
      vertex 28.2872 8.55939 13.1
      vertex 29.0177 9.51142 13.1
      vertex 28.55 9.82391 13.1
    endloop
  endfacet
  facet normal 0 0 1
    outer loop
      vertex 29.0177 9.51142 13.1
      vertex 28.2872 8.55939 13.1
      vertex 28.592 8.29203 13.1
    endloop
  endfacet
  facet normal 0 0 1
    outer loop
      vertex 27.95 8.78468 13.1
      vertex 28.55 9.82391 13.1
      vertex 28.0455 10.0727 13.1
    endloop
  endfacet
  facet normal 0 0 1
    outer loop
      vertex 28.55 9.82391 13.1
      vertex 27.95 8.78468 13.1
      vertex 28.2872 8.55939 13.1
    endloop
  endfacet
  facet normal 0 0 1
    outer loop
      vertex 28.0455 10.0727 13.1
      vertex 27.5863 8.96403 13.1
      vertex 27.95 8.78468 13.1
    endloop
  endfacet
  facet normal 0 0 1
    outer loop
      vertex 27.5129 10.2535 13.1
      vertex 27.5863 8.96403 13.1
      vertex 28.0455 10.0727 13.1
    endloop
  endfacet
  facet normal 0 0 1
    outer loop
      vertex 27.5129 10.2535 13.1
      vertex 27.2023 9.09437 13.1
      vertex 27.5863 8.96403 13.1
    endloop
  endfacet
  facet normal 0 0 1
    outer loop
      vertex 26.9613 10.3632 13.1
      vertex 27.2023 9.09437 13.1
      vertex 27.5129 10.2535 13.1
    endloop
  endfacet
  facet normal 0 0 1
    outer loop
      vertex 26.9613 10.3632 13.1
      vertex 26.8046 9.17348 13.1
      vertex 27.2023 9.09437 13.1
    endloop
  endfacet
  facet normal 0 0 1
    outer loop
      vertex 26.4 10.4 13.1
      vertex 26.8046 9.17348 13.1
      vertex 26.9613 10.3632 13.1
    endloop
  endfacet
  facet normal 0 0 1
    outer loop
      vertex 26.4 10.4 13.1
      vertex 26.4 9.2 13.1
      vertex 26.8046 9.17348 13.1
    endloop
  endfacet
  facet normal 0 0 1
    outer loop
      vertex 26.4 10.4 13.1
      vertex 25.9954 9.17348 13.1
      vertex 26.4 9.2 13.1
    endloop
  endfacet
  facet normal -0 0 1
    outer loop
      vertex 25.8387 10.3632 13.1
      vertex 25.9954 9.17348 13.1
      vertex 26.4 10.4 13.1
    endloop
  endfacet
  facet normal 0 0 1
    outer loop
      vertex 25.8387 10.3632 13.1
      vertex 25.5977 9.09437 13.1
      vertex 25.9954 9.17348 13.1
    endloop
  endfacet
  facet normal -0 0 1
    outer loop
      vertex 25.2871 10.2535 13.1
      vertex 25.5977 9.09437 13.1
      vertex 25.8387 10.3632 13.1
    endloop
  endfacet
  facet normal 0 0 1
    outer loop
      vertex 25.2871 10.2535 13.1
      vertex 25.2137 8.96403 13.1
      vertex 25.5977 9.09437 13.1
    endloop
  endfacet
  facet normal -0 0 1
    outer loop
      vertex 24.7545 10.0727 13.1
      vertex 25.2137 8.96403 13.1
      vertex 25.2871 10.2535 13.1
    endloop
  endfacet
  facet normal 0 0 1
    outer loop
      vertex 25.2137 8.96403 13.1
      vertex 24.7545 10.0727 13.1
      vertex 24.85 8.78468 13.1
    endloop
  endfacet
  facet normal -0 0 1
    outer loop
      vertex 24.25 9.82391 13.1
      vertex 24.85 8.78468 13.1
      vertex 24.7545 10.0727 13.1
    endloop
  endfacet
  facet normal 0 0 1
    outer loop
      vertex 24.85 8.78468 13.1
      vertex 24.25 9.82391 13.1
      vertex 24.5128 8.55939 13.1
    endloop
  endfacet
  facet normal -0 0 1
    outer loop
      vertex 23.7823 9.51142 13.1
      vertex 24.5128 8.55939 13.1
      vertex 24.25 9.82391 13.1
    endloop
  endfacet
  facet normal 0 0 1
    outer loop
      vertex 24.5128 8.55939 13.1
      vertex 23.7823 9.51142 13.1
      vertex 24.208 8.29203 13.1
    endloop
  endfacet
  facet normal -0 0 1
    outer loop
      vertex 23.3594 9.14056 13.1
      vertex 24.208 8.29203 13.1
      vertex 23.7823 9.51142 13.1
    endloop
  endfacet
  facet normal 0 0 1
    outer loop
      vertex 24.208 8.29203 13.1
      vertex 23.3594 9.14056 13.1
      vertex 23.9406 7.98716 13.1
    endloop
  endfacet
  facet normal -0 0 1
    outer loop
      vertex 22.9886 8.71767 13.1
      vertex 23.9406 7.98716 13.1
      vertex 23.3594 9.14056 13.1
    endloop
  endfacet
  facet normal 0 0 1
    outer loop
      vertex 23.9406 7.98716 13.1
      vertex 22.9886 8.71767 13.1
      vertex 23.7153 7.65 13.1
    endloop
  endfacet
  facet normal -0 0 1
    outer loop
      vertex 22.6761 8.25 13.1
      vertex 23.7153 7.65 13.1
      vertex 22.9886 8.71767 13.1
    endloop
  endfacet
  facet normal 0 0 1
    outer loop
      vertex 23.7153 7.65 13.1
      vertex 22.6761 8.25 13.1
      vertex 23.536 7.28632 13.1
    endloop
  endfacet
  facet normal -0 0 1
    outer loop
      vertex 22.4273 7.74554 13.1
      vertex 23.536 7.28632 13.1
      vertex 22.6761 8.25 13.1
    endloop
  endfacet
  facet normal 0 0 1
    outer loop
      vertex 23.536 7.28632 13.1
      vertex 22.4273 7.74554 13.1
      vertex 23.4056 6.90234 13.1
    endloop
  endfacet
  facet normal -0 0 1
    outer loop
      vertex 29.3944 5.29766 13.1
      vertex 29.9 3.6149 13.1
      vertex 29.4735 5.69537 13.1
    endloop
  endfacet
  facet normal -0 0 1
    outer loop
      vertex 29.264 4.91368 13.1
      vertex 29.9 3.6149 13.1
      vertex 29.3944 5.29766 13.1
    endloop
  endfacet
  facet normal -0 0 1
    outer loop
      vertex 29.0847 4.55 13.1
      vertex 29.9 3.6149 13.1
      vertex 29.264 4.91368 13.1
    endloop
  endfacet
  facet normal -0 0 1
    outer loop
      vertex 28.8594 4.21284 13.1
      vertex 29.9 3.6149 13.1
      vertex 29.0847 4.55 13.1
    endloop
  endfacet
  facet normal 0 0 1
    outer loop
      vertex 29.9 3.6149 13.1
      vertex 28.8594 4.21284 13.1
      vertex 29.8114 3.48233 13.1
    endloop
  endfacet
  facet normal 0 0 1
    outer loop
      vertex 29.8114 3.48233 13.1
      vertex 28.8594 4.21284 13.1
      vertex 29.4406 3.05944 13.1
    endloop
  endfacet
  facet normal -0 0 1
    outer loop
      vertex 28.592 3.90797 13.1
      vertex 29.4406 3.05944 13.1
      vertex 28.8594 4.21284 13.1
    endloop
  endfacet
  facet normal 0 0 1
    outer loop
      vertex 29.4406 3.05944 13.1
      vertex 28.592 3.90797 13.1
      vertex 29.0177 2.68858 13.1
    endloop
  endfacet
  facet normal -0 0 1
    outer loop
      vertex 28.2872 3.6406 13.1
      vertex 29.0177 2.68858 13.1
      vertex 28.592 3.90797 13.1
    endloop
  endfacet
  facet normal 0 0 1
    outer loop
      vertex 29.0177 2.68858 13.1
      vertex 28.2872 3.6406 13.1
      vertex 28.8851 2.6 13.1
    endloop
  endfacet
  facet normal -0 0 1
    outer loop
      vertex 27.95 3.41532 13.1
      vertex 28.8851 2.6 13.1
      vertex 28.2872 3.6406 13.1
    endloop
  endfacet
  facet normal -0 0 1
    outer loop
      vertex 27.5863 3.23597 13.1
      vertex 28.8851 2.6 13.1
      vertex 27.95 3.41532 13.1
    endloop
  endfacet
  facet normal -0 0 1
    outer loop
      vertex 27.2023 3.10563 13.1
      vertex 28.8851 2.6 13.1
      vertex 27.5863 3.23597 13.1
    endloop
  endfacet
  facet normal -0 0 1
    outer loop
      vertex 26.8046 3.02652 13.1
      vertex 28.8851 2.6 13.1
      vertex 27.2023 3.10563 13.1
    endloop
  endfacet
  facet normal -0 0 1
    outer loop
      vertex 26.4 3 13.1
      vertex 28.8851 2.6 13.1
      vertex 26.8046 3.02652 13.1
    endloop
  endfacet
  facet normal 0 0 1
    outer loop
      vertex 23.9149 2.6 13.1
      vertex 26.4 3 13.1
      vertex 25.9954 3.02652 13.1
    endloop
  endfacet
  facet normal 0 0 1
    outer loop
      vertex 26.4 3 13.1
      vertex 23.9149 2.6 13.1
      vertex 28.8851 2.6 13.1
    endloop
  endfacet
  facet normal 0 0 1
    outer loop
      vertex 25.5977 3.10563 13.1
      vertex 23.9149 2.6 13.1
      vertex 25.9954 3.02652 13.1
    endloop
  endfacet
  facet normal 0 0 1
    outer loop
      vertex 25.2137 3.23597 13.1
      vertex 23.9149 2.6 13.1
      vertex 25.5977 3.10563 13.1
    endloop
  endfacet
  facet normal 0 0 1
    outer loop
      vertex 24.85 3.41532 13.1
      vertex 23.9149 2.6 13.1
      vertex 25.2137 3.23597 13.1
    endloop
  endfacet
  facet normal 0 0 1
    outer loop
      vertex 24.5128 3.6406 13.1
      vertex 23.9149 2.6 13.1
      vertex 24.85 3.41532 13.1
    endloop
  endfacet
  facet normal 0 0 1
    outer loop
      vertex 23.7823 2.68858 13.1
      vertex 24.5128 3.6406 13.1
      vertex 24.208 3.90797 13.1
    endloop
  endfacet
  facet normal 0 0 1
    outer loop
      vertex 23.3594 3.05944 13.1
      vertex 24.208 3.90797 13.1
      vertex 23.9406 4.21284 13.1
    endloop
  endfacet
  facet normal 0 0 1
    outer loop
      vertex 24.5128 3.6406 13.1
      vertex 23.7823 2.68858 13.1
      vertex 23.9149 2.6 13.1
    endloop
  endfacet
  facet normal 0 0 1
    outer loop
      vertex 22.9886 3.48233 13.1
      vertex 23.9406 4.21284 13.1
      vertex 23.7153 4.55 13.1
    endloop
  endfacet
  facet normal 0 0 1
    outer loop
      vertex 22.6761 3.95 13.1
      vertex 23.7153 4.55 13.1
      vertex 23.536 4.91368 13.1
    endloop
  endfacet
  facet normal 0 0 1
    outer loop
      vertex 22.4273 4.45446 13.1
      vertex 23.536 4.91368 13.1
      vertex 23.4056 5.29766 13.1
    endloop
  endfacet
  facet normal 0 0 1
    outer loop
      vertex 24.208 3.90797 13.1
      vertex 23.3594 3.05944 13.1
      vertex 23.7823 2.68858 13.1
    endloop
  endfacet
  facet normal 0 0 1
    outer loop
      vertex 22.2465 4.98708 13.1
      vertex 23.4056 5.29766 13.1
      vertex 23.3265 5.69537 13.1
    endloop
  endfacet
  facet normal 0 0 1
    outer loop
      vertex 22.1368 5.53874 13.1
      vertex 23.3265 5.69537 13.1
      vertex 23.3 6.1 13.1
    endloop
  endfacet
  facet normal -0 0 1
    outer loop
      vertex 22.2465 7.21292 13.1
      vertex 23.4056 6.90234 13.1
      vertex 22.4273 7.74554 13.1
    endloop
  endfacet
  facet normal 0 0 1
    outer loop
      vertex 23.9406 4.21284 13.1
      vertex 22.9886 3.48233 13.1
      vertex 23.3594 3.05944 13.1
    endloop
  endfacet
  facet normal 0 0 1
    outer loop
      vertex 23.4056 6.90234 13.1
      vertex 22.2465 7.21292 13.1
      vertex 23.3265 6.50463 13.1
    endloop
  endfacet
  facet normal 0 0 1
    outer loop
      vertex 23.7153 4.55 13.1
      vertex 22.6761 3.95 13.1
      vertex 22.9886 3.48233 13.1
    endloop
  endfacet
  facet normal -0 0 1
    outer loop
      vertex 22.1368 6.66126 13.1
      vertex 23.3265 6.50463 13.1
      vertex 22.2465 7.21292 13.1
    endloop
  endfacet
  facet normal 0 0 1
    outer loop
      vertex 23.536 4.91368 13.1
      vertex 22.4273 4.45446 13.1
      vertex 22.6761 3.95 13.1
    endloop
  endfacet
  facet normal 0 0 1
    outer loop
      vertex 23.3265 6.50463 13.1
      vertex 22.1368 6.66126 13.1
      vertex 23.3 6.1 13.1
    endloop
  endfacet
  facet normal 0 0 1
    outer loop
      vertex 23.4056 5.29766 13.1
      vertex 22.2465 4.98708 13.1
      vertex 22.4273 4.45446 13.1
    endloop
  endfacet
  facet normal 0 0 1
    outer loop
      vertex 22.1 6.1 13.1
      vertex 23.3 6.1 13.1
      vertex 22.1368 6.66126 13.1
    endloop
  endfacet
  facet normal 0 0 1
    outer loop
      vertex 23.3265 5.69537 13.1
      vertex 22.1368 5.53874 13.1
      vertex 22.2465 4.98708 13.1
    endloop
  endfacet
  facet normal 0 0 1
    outer loop
      vertex 23.3 6.1 13.1
      vertex 22.1 6.1 13.1
      vertex 22.1368 5.53874 13.1
    endloop
  endfacet
  facet normal 0 0 1
    outer loop
      vertex -23.3 29.9 13.1
      vertex -22.1 29.9 13.1
      vertex -22.1368 30.4613 13.1
    endloop
  endfacet
  facet normal 0 0 1
    outer loop
      vertex -23.3265 30.3046 13.1
      vertex -22.1368 30.4613 13.1
      vertex -22.2465 31.0129 13.1
    endloop
  endfacet
  facet normal 0 0 1
    outer loop
      vertex -22.1 29.9 13.1
      vertex -23.3 29.9 13.1
      vertex -22.1368 29.3387 13.1
    endloop
  endfacet
  facet normal 0 0 1
    outer loop
      vertex -23.4056 30.7023 13.1
      vertex -22.2465 31.0129 13.1
      vertex -22.4273 31.5455 13.1
    endloop
  endfacet
  facet normal -0 0 1
    outer loop
      vertex -23.3265 29.4954 13.1
      vertex -22.1368 29.3387 13.1
      vertex -23.3 29.9 13.1
    endloop
  endfacet
  facet normal 0 0 1
    outer loop
      vertex -23.536 31.0863 13.1
      vertex -22.4273 31.5455 13.1
      vertex -22.6761 32.05 13.1
    endloop
  endfacet
  facet normal 0 0 1
    outer loop
      vertex -22.1368 29.3387 13.1
      vertex -23.3265 29.4954 13.1
      vertex -22.2465 28.7871 13.1
    endloop
  endfacet
  facet normal 0 0 1
    outer loop
      vertex -23.7153 31.45 13.1
      vertex -22.6761 32.05 13.1
      vertex -22.9886 32.5177 13.1
    endloop
  endfacet
  facet normal -0 0 1
    outer loop
      vertex -23.4056 29.0977 13.1
      vertex -22.2465 28.7871 13.1
      vertex -23.3265 29.4954 13.1
    endloop
  endfacet
  facet normal 0 0 1
    outer loop
      vertex -22.2465 28.7871 13.1
      vertex -23.4056 29.0977 13.1
      vertex -22.4273 28.2545 13.1
    endloop
  endfacet
  facet normal 0 0 1
    outer loop
      vertex -22.1368 30.4613 13.1
      vertex -23.3265 30.3046 13.1
      vertex -23.3 29.9 13.1
    endloop
  endfacet
  facet normal 0 0 1
    outer loop
      vertex -23.9406 31.7872 13.1
      vertex -22.9886 32.5177 13.1
      vertex -23.3594 32.9406 13.1
    endloop
  endfacet
  facet normal 0 0 1
    outer loop
      vertex -22.2465 31.0129 13.1
      vertex -23.4056 30.7023 13.1
      vertex -23.3265 30.3046 13.1
    endloop
  endfacet
  facet normal 0 0 1
    outer loop
      vertex -22.4273 31.5455 13.1
      vertex -23.536 31.0863 13.1
      vertex -23.4056 30.7023 13.1
    endloop
  endfacet
  facet normal 0 0 1
    outer loop
      vertex -22.6761 32.05 13.1
      vertex -23.7153 31.45 13.1
      vertex -23.536 31.0863 13.1
    endloop
  endfacet
  facet normal 0 0 1
    outer loop
      vertex -24.208 32.092 13.1
      vertex -23.3594 32.9406 13.1
      vertex -23.7823 33.3114 13.1
    endloop
  endfacet
  facet normal 0 0 1
    outer loop
      vertex -24.5128 32.3594 13.1
      vertex -23.7823 33.3114 13.1
      vertex -23.9149 33.4 13.1
    endloop
  endfacet
  facet normal 0 0 1
    outer loop
      vertex -22.9886 32.5177 13.1
      vertex -23.9406 31.7872 13.1
      vertex -23.7153 31.45 13.1
    endloop
  endfacet
  facet normal 0 0 1
    outer loop
      vertex -23.3594 32.9406 13.1
      vertex -24.208 32.092 13.1
      vertex -23.9406 31.7872 13.1
    endloop
  endfacet
  facet normal 0 0 1
    outer loop
      vertex -23.7823 33.3114 13.1
      vertex -24.5128 32.3594 13.1
      vertex -24.208 32.092 13.1
    endloop
  endfacet
  facet normal 0 0 1
    outer loop
      vertex -23.9149 33.4 13.1
      vertex -24.85 32.5847 13.1
      vertex -24.5128 32.3594 13.1
    endloop
  endfacet
  facet normal 0 0 1
    outer loop
      vertex -23.9149 33.4 13.1
      vertex -25.2137 32.764 13.1
      vertex -24.85 32.5847 13.1
    endloop
  endfacet
  facet normal 0 0 1
    outer loop
      vertex -23.9149 33.4 13.1
      vertex -25.5977 32.8944 13.1
      vertex -25.2137 32.764 13.1
    endloop
  endfacet
  facet normal 0 0 1
    outer loop
      vertex -23.9149 33.4 13.1
      vertex -25.9954 32.9735 13.1
      vertex -25.5977 32.8944 13.1
    endloop
  endfacet
  facet normal 0 0 1
    outer loop
      vertex -23.9149 33.4 13.1
      vertex -26.4 33 13.1
      vertex -25.9954 32.9735 13.1
    endloop
  endfacet
  facet normal -0 0 1
    outer loop
      vertex -28.8851 33.4 13.1
      vertex -26.4 33 13.1
      vertex -23.9149 33.4 13.1
    endloop
  endfacet
  facet normal 0 0 1
    outer loop
      vertex -26.4 33 13.1
      vertex -28.8851 33.4 13.1
      vertex -26.8046 32.9735 13.1
    endloop
  endfacet
  facet normal 0 0 1
    outer loop
      vertex -28.8851 33.4 13.1
      vertex -27.2023 32.8944 13.1
      vertex -26.8046 32.9735 13.1
    endloop
  endfacet
  facet normal 0 0 1
    outer loop
      vertex -28.8851 33.4 13.1
      vertex -27.5863 32.764 13.1
      vertex -27.2023 32.8944 13.1
    endloop
  endfacet
  facet normal 0 0 1
    outer loop
      vertex -28.8851 33.4 13.1
      vertex -27.95 32.5847 13.1
      vertex -27.5863 32.764 13.1
    endloop
  endfacet
  facet normal 0 0 1
    outer loop
      vertex -28.8851 33.4 13.1
      vertex -28.2872 32.3594 13.1
      vertex -27.95 32.5847 13.1
    endloop
  endfacet
  facet normal -0 0 1
    outer loop
      vertex -29.0177 33.3114 13.1
      vertex -28.2872 32.3594 13.1
      vertex -28.8851 33.4 13.1
    endloop
  endfacet
  facet normal 0 0 1
    outer loop
      vertex -28.2872 32.3594 13.1
      vertex -29.0177 33.3114 13.1
      vertex -28.592 32.092 13.1
    endloop
  endfacet
  facet normal -0 0 1
    outer loop
      vertex -29.4406 32.9406 13.1
      vertex -28.592 32.092 13.1
      vertex -29.0177 33.3114 13.1
    endloop
  endfacet
  facet normal 0 0 1
    outer loop
      vertex -28.592 32.092 13.1
      vertex -29.4406 32.9406 13.1
      vertex -28.8594 31.7872 13.1
    endloop
  endfacet
  facet normal -0 0 1
    outer loop
      vertex -29.8114 32.5177 13.1
      vertex -28.8594 31.7872 13.1
      vertex -29.4406 32.9406 13.1
    endloop
  endfacet
  facet normal -0 0 1
    outer loop
      vertex -29.9 32.3851 13.1
      vertex -28.8594 31.7872 13.1
      vertex -29.8114 32.5177 13.1
    endloop
  endfacet
  facet normal 0 0 1
    outer loop
      vertex -28.8594 31.7872 13.1
      vertex -29.9 32.3851 13.1
      vertex -29.0847 31.45 13.1
    endloop
  endfacet
  facet normal 0 0 1
    outer loop
      vertex -29.0847 31.45 13.1
      vertex -29.9 32.3851 13.1
      vertex -29.264 31.0863 13.1
    endloop
  endfacet
  facet normal 0 0 1
    outer loop
      vertex -29.264 31.0863 13.1
      vertex -29.9 32.3851 13.1
      vertex -29.3944 30.7023 13.1
    endloop
  endfacet
  facet normal 0 0 1
    outer loop
      vertex -29.3944 30.7023 13.1
      vertex -29.9 32.3851 13.1
      vertex -29.4735 30.3046 13.1
    endloop
  endfacet
  facet normal -0 0 1
    outer loop
      vertex -23.536 28.7137 13.1
      vertex -22.4273 28.2545 13.1
      vertex -23.4056 29.0977 13.1
    endloop
  endfacet
  facet normal 0 0 1
    outer loop
      vertex -22.4273 28.2545 13.1
      vertex -23.536 28.7137 13.1
      vertex -22.6761 27.75 13.1
    endloop
  endfacet
  facet normal -0 0 1
    outer loop
      vertex -23.7153 28.35 13.1
      vertex -22.6761 27.75 13.1
      vertex -23.536 28.7137 13.1
    endloop
  endfacet
  facet normal 0 0 1
    outer loop
      vertex -22.6761 27.75 13.1
      vertex -23.7153 28.35 13.1
      vertex -22.9886 27.2823 13.1
    endloop
  endfacet
  facet normal -0 0 1
    outer loop
      vertex -23.9406 28.0128 13.1
      vertex -22.9886 27.2823 13.1
      vertex -23.7153 28.35 13.1
    endloop
  endfacet
  facet normal 0 0 1
    outer loop
      vertex -22.9886 27.2823 13.1
      vertex -23.9406 28.0128 13.1
      vertex -23.3594 26.8594 13.1
    endloop
  endfacet
  facet normal -0 0 1
    outer loop
      vertex -24.208 27.708 13.1
      vertex -23.3594 26.8594 13.1
      vertex -23.9406 28.0128 13.1
    endloop
  endfacet
  facet normal 0 0 1
    outer loop
      vertex -23.3594 26.8594 13.1
      vertex -24.208 27.708 13.1
      vertex -23.7823 26.4886 13.1
    endloop
  endfacet
  facet normal -0 0 1
    outer loop
      vertex -24.5128 27.4406 13.1
      vertex -23.7823 26.4886 13.1
      vertex -24.208 27.708 13.1
    endloop
  endfacet
  facet normal 0 0 1
    outer loop
      vertex -23.7823 26.4886 13.1
      vertex -24.5128 27.4406 13.1
      vertex -24.25 26.1761 13.1
    endloop
  endfacet
  facet normal -0 0 1
    outer loop
      vertex -24.85 27.2153 13.1
      vertex -24.25 26.1761 13.1
      vertex -24.5128 27.4406 13.1
    endloop
  endfacet
  facet normal 0 0 1
    outer loop
      vertex -24.25 26.1761 13.1
      vertex -24.85 27.2153 13.1
      vertex -24.7545 25.9273 13.1
    endloop
  endfacet
  facet normal -0 0 1
    outer loop
      vertex -25.2137 27.036 13.1
      vertex -24.7545 25.9273 13.1
      vertex -24.85 27.2153 13.1
    endloop
  endfacet
  facet normal 0 0 1
    outer loop
      vertex -25.2137 27.036 13.1
      vertex -25.2871 25.7465 13.1
      vertex -24.7545 25.9273 13.1
    endloop
  endfacet
  facet normal -0 0 1
    outer loop
      vertex -25.5977 26.9056 13.1
      vertex -25.2871 25.7465 13.1
      vertex -25.2137 27.036 13.1
    endloop
  endfacet
  facet normal 0 0 1
    outer loop
      vertex -25.5977 26.9056 13.1
      vertex -25.8387 25.6368 13.1
      vertex -25.2871 25.7465 13.1
    endloop
  endfacet
  facet normal -0 0 1
    outer loop
      vertex -25.9954 26.8265 13.1
      vertex -25.8387 25.6368 13.1
      vertex -25.5977 26.9056 13.1
    endloop
  endfacet
  facet normal -0 0 1
    outer loop
      vertex -26.4 26.8 13.1
      vertex -25.8387 25.6368 13.1
      vertex -25.9954 26.8265 13.1
    endloop
  endfacet
  facet normal 0 0 1
    outer loop
      vertex -26.4 26.8 13.1
      vertex -26.4 25.6 13.1
      vertex -25.8387 25.6368 13.1
    endloop
  endfacet
  facet normal 0 0 1
    outer loop
      vertex -26.8046 26.8265 13.1
      vertex -26.4 25.6 13.1
      vertex -26.4 26.8 13.1
    endloop
  endfacet
  facet normal 0 0 1
    outer loop
      vertex -26.8046 26.8265 13.1
      vertex -26.9613 25.6368 13.1
      vertex -26.4 25.6 13.1
    endloop
  endfacet
  facet normal 0 0 1
    outer loop
      vertex -27.2023 26.9056 13.1
      vertex -26.9613 25.6368 13.1
      vertex -26.8046 26.8265 13.1
    endloop
  endfacet
  facet normal 0 0 1
    outer loop
      vertex -27.2023 26.9056 13.1
      vertex -27.5129 25.7465 13.1
      vertex -26.9613 25.6368 13.1
    endloop
  endfacet
  facet normal 0 0 1
    outer loop
      vertex -27.5863 27.036 13.1
      vertex -27.5129 25.7465 13.1
      vertex -27.2023 26.9056 13.1
    endloop
  endfacet
  facet normal 0 0 1
    outer loop
      vertex -28.0455 25.9273 13.1
      vertex -27.5863 27.036 13.1
      vertex -27.95 27.2153 13.1
    endloop
  endfacet
  facet normal 0 0 1
    outer loop
      vertex -27.5863 27.036 13.1
      vertex -28.0455 25.9273 13.1
      vertex -27.5129 25.7465 13.1
    endloop
  endfacet
  facet normal 0 0 1
    outer loop
      vertex -28.55 26.1761 13.1
      vertex -27.95 27.2153 13.1
      vertex -28.2872 27.4406 13.1
    endloop
  endfacet
  facet normal 0 0 1
    outer loop
      vertex -27.95 27.2153 13.1
      vertex -28.55 26.1761 13.1
      vertex -28.0455 25.9273 13.1
    endloop
  endfacet
  facet normal 0 0 1
    outer loop
      vertex -29.0177 26.4886 13.1
      vertex -28.2872 27.4406 13.1
      vertex -28.592 27.708 13.1
    endloop
  endfacet
  facet normal 0 0 1
    outer loop
      vertex -29.4406 26.8594 13.1
      vertex -28.592 27.708 13.1
      vertex -28.8594 28.0128 13.1
    endloop
  endfacet
  facet normal 0 0 1
    outer loop
      vertex -28.2872 27.4406 13.1
      vertex -29.0177 26.4886 13.1
      vertex -28.55 26.1761 13.1
    endloop
  endfacet
  facet normal 0 0 1
    outer loop
      vertex -29.9 27.4149 13.1
      vertex -28.8594 28.0128 13.1
      vertex -29.0847 28.35 13.1
    endloop
  endfacet
  facet normal 0 0 1
    outer loop
      vertex -29.9 27.4149 13.1
      vertex -29.0847 28.35 13.1
      vertex -29.264 28.7137 13.1
    endloop
  endfacet
  facet normal 0 0 1
    outer loop
      vertex -29.9 27.4149 13.1
      vertex -29.264 28.7137 13.1
      vertex -29.3944 29.0977 13.1
    endloop
  endfacet
  facet normal 0 0 1
    outer loop
      vertex -28.592 27.708 13.1
      vertex -29.4406 26.8594 13.1
      vertex -29.0177 26.4886 13.1
    endloop
  endfacet
  facet normal 0 0 1
    outer loop
      vertex -29.9 27.4149 13.1
      vertex -29.3944 29.0977 13.1
      vertex -29.4735 29.4954 13.1
    endloop
  endfacet
  facet normal 0 0 1
    outer loop
      vertex -29.9 27.4149 13.1
      vertex -29.4735 29.4954 13.1
      vertex -29.5 29.9 13.1
    endloop
  endfacet
  facet normal 0 0 1
    outer loop
      vertex -29.4735 30.3046 13.1
      vertex -29.9 32.3851 13.1
      vertex -29.5 29.9 13.1
    endloop
  endfacet
  facet normal 0 0 1
    outer loop
      vertex -29.9 27.4149 13.1
      vertex -29.5 29.9 13.1
      vertex -29.9 32.3851 13.1
    endloop
  endfacet
  facet normal 0 0 1
    outer loop
      vertex -28.8594 28.0128 13.1
      vertex -29.9 27.4149 13.1
      vertex -29.8114 27.2823 13.1
    endloop
  endfacet
  facet normal 0 0 1
    outer loop
      vertex -28.8594 28.0128 13.1
      vertex -29.8114 27.2823 13.1
      vertex -29.4406 26.8594 13.1
    endloop
  endfacet
  facet normal 0 0 1
    outer loop
      vertex 28.8594 31.7872 13.1
      vertex 29.9 32.3851 13.1
      vertex 29.8114 32.5177 13.1
    endloop
  endfacet
  facet normal 0 0 1
    outer loop
      vertex 29.9 32.3851 13.1
      vertex 29.5 29.9 13.1
      vertex 29.9 27.4149 13.1
    endloop
  endfacet
  facet normal -0 0 1
    outer loop
      vertex 29.4735 29.4954 13.1
      vertex 29.9 27.4149 13.1
      vertex 29.5 29.9 13.1
    endloop
  endfacet
  facet normal 0 0 1
    outer loop
      vertex 29.9 32.3851 13.1
      vertex 29.4735 30.3046 13.1
      vertex 29.5 29.9 13.1
    endloop
  endfacet
  facet normal 0 0 1
    outer loop
      vertex 28.8594 31.7872 13.1
      vertex 29.8114 32.5177 13.1
      vertex 29.4406 32.9406 13.1
    endloop
  endfacet
  facet normal 0 0 1
    outer loop
      vertex 29.9 32.3851 13.1
      vertex 29.3944 30.7023 13.1
      vertex 29.4735 30.3046 13.1
    endloop
  endfacet
  facet normal 0 0 1
    outer loop
      vertex 29.9 32.3851 13.1
      vertex 29.264 31.0863 13.1
      vertex 29.3944 30.7023 13.1
    endloop
  endfacet
  facet normal 0 0 1
    outer loop
      vertex 29.9 32.3851 13.1
      vertex 29.0847 31.45 13.1
      vertex 29.264 31.0863 13.1
    endloop
  endfacet
  facet normal 0 0 1
    outer loop
      vertex 28.592 32.092 13.1
      vertex 29.4406 32.9406 13.1
      vertex 29.0177 33.3114 13.1
    endloop
  endfacet
  facet normal 0 0 1
    outer loop
      vertex 28.2872 32.3594 13.1
      vertex 29.0177 33.3114 13.1
      vertex 28.8851 33.4 13.1
    endloop
  endfacet
  facet normal 0 0 1
    outer loop
      vertex 29.9 32.3851 13.1
      vertex 28.8594 31.7872 13.1
      vertex 29.0847 31.45 13.1
    endloop
  endfacet
  facet normal 0 0 1
    outer loop
      vertex 29.4406 32.9406 13.1
      vertex 28.592 32.092 13.1
      vertex 28.8594 31.7872 13.1
    endloop
  endfacet
  facet normal 0 0 1
    outer loop
      vertex 29.0177 33.3114 13.1
      vertex 28.2872 32.3594 13.1
      vertex 28.592 32.092 13.1
    endloop
  endfacet
  facet normal 0 0 1
    outer loop
      vertex 28.8851 33.4 13.1
      vertex 27.95 32.5847 13.1
      vertex 28.2872 32.3594 13.1
    endloop
  endfacet
  facet normal 0 0 1
    outer loop
      vertex 28.8851 33.4 13.1
      vertex 27.5863 32.764 13.1
      vertex 27.95 32.5847 13.1
    endloop
  endfacet
  facet normal 0 0 1
    outer loop
      vertex 28.8851 33.4 13.1
      vertex 27.2023 32.8944 13.1
      vertex 27.5863 32.764 13.1
    endloop
  endfacet
  facet normal 0 0 1
    outer loop
      vertex 28.8851 33.4 13.1
      vertex 26.8046 32.9735 13.1
      vertex 27.2023 32.8944 13.1
    endloop
  endfacet
  facet normal 0 0 1
    outer loop
      vertex 28.8851 33.4 13.1
      vertex 26.4 33 13.1
      vertex 26.8046 32.9735 13.1
    endloop
  endfacet
  facet normal -0 0 1
    outer loop
      vertex 23.9149 33.4 13.1
      vertex 26.4 33 13.1
      vertex 28.8851 33.4 13.1
    endloop
  endfacet
  facet normal 0 0 1
    outer loop
      vertex 26.4 33 13.1
      vertex 23.9149 33.4 13.1
      vertex 25.9954 32.9735 13.1
    endloop
  endfacet
  facet normal 0 0 1
    outer loop
      vertex 23.9149 33.4 13.1
      vertex 25.5977 32.8944 13.1
      vertex 25.9954 32.9735 13.1
    endloop
  endfacet
  facet normal 0 0 1
    outer loop
      vertex 23.9149 33.4 13.1
      vertex 25.2137 32.764 13.1
      vertex 25.5977 32.8944 13.1
    endloop
  endfacet
  facet normal 0 0 1
    outer loop
      vertex 23.9149 33.4 13.1
      vertex 24.85 32.5847 13.1
      vertex 25.2137 32.764 13.1
    endloop
  endfacet
  facet normal 0 0 1
    outer loop
      vertex 23.9149 33.4 13.1
      vertex 24.5128 32.3594 13.1
      vertex 24.85 32.5847 13.1
    endloop
  endfacet
  facet normal -0 0 1
    outer loop
      vertex 23.7823 33.3114 13.1
      vertex 24.5128 32.3594 13.1
      vertex 23.9149 33.4 13.1
    endloop
  endfacet
  facet normal 0 0 1
    outer loop
      vertex 24.5128 32.3594 13.1
      vertex 23.7823 33.3114 13.1
      vertex 24.208 32.092 13.1
    endloop
  endfacet
  facet normal -0 0 1
    outer loop
      vertex 23.3594 32.9406 13.1
      vertex 24.208 32.092 13.1
      vertex 23.7823 33.3114 13.1
    endloop
  endfacet
  facet normal 0 0 1
    outer loop
      vertex 24.208 32.092 13.1
      vertex 23.3594 32.9406 13.1
      vertex 23.9406 31.7872 13.1
    endloop
  endfacet
  facet normal -0 0 1
    outer loop
      vertex 22.9886 32.5177 13.1
      vertex 23.9406 31.7872 13.1
      vertex 23.3594 32.9406 13.1
    endloop
  endfacet
  facet normal 0 0 1
    outer loop
      vertex 23.9406 31.7872 13.1
      vertex 22.9886 32.5177 13.1
      vertex 23.7153 31.45 13.1
    endloop
  endfacet
  facet normal -0 0 1
    outer loop
      vertex 22.6761 32.05 13.1
      vertex 23.7153 31.45 13.1
      vertex 22.9886 32.5177 13.1
    endloop
  endfacet
  facet normal 0 0 1
    outer loop
      vertex 23.7153 31.45 13.1
      vertex 22.6761 32.05 13.1
      vertex 23.536 31.0863 13.1
    endloop
  endfacet
  facet normal -0 0 1
    outer loop
      vertex 22.4273 31.5455 13.1
      vertex 23.536 31.0863 13.1
      vertex 22.6761 32.05 13.1
    endloop
  endfacet
  facet normal 0 0 1
    outer loop
      vertex 23.536 31.0863 13.1
      vertex 22.4273 31.5455 13.1
      vertex 23.4056 30.7023 13.1
    endloop
  endfacet
  facet normal -0 0 1
    outer loop
      vertex 29.3944 29.0977 13.1
      vertex 29.9 27.4149 13.1
      vertex 29.4735 29.4954 13.1
    endloop
  endfacet
  facet normal -0 0 1
    outer loop
      vertex 29.264 28.7137 13.1
      vertex 29.9 27.4149 13.1
      vertex 29.3944 29.0977 13.1
    endloop
  endfacet
  facet normal -0 0 1
    outer loop
      vertex 29.0847 28.35 13.1
      vertex 29.9 27.4149 13.1
      vertex 29.264 28.7137 13.1
    endloop
  endfacet
  facet normal -0 0 1
    outer loop
      vertex 28.8594 28.0128 13.1
      vertex 29.9 27.4149 13.1
      vertex 29.0847 28.35 13.1
    endloop
  endfacet
  facet normal 0 0 1
    outer loop
      vertex 29.9 27.4149 13.1
      vertex 28.8594 28.0128 13.1
      vertex 29.8114 27.2823 13.1
    endloop
  endfacet
  facet normal 0 0 1
    outer loop
      vertex 29.8114 27.2823 13.1
      vertex 28.8594 28.0128 13.1
      vertex 29.4406 26.8594 13.1
    endloop
  endfacet
  facet normal -0 0 1
    outer loop
      vertex 28.592 27.708 13.1
      vertex 29.4406 26.8594 13.1
      vertex 28.8594 28.0128 13.1
    endloop
  endfacet
  facet normal 0 0 1
    outer loop
      vertex 29.4406 26.8594 13.1
      vertex 28.592 27.708 13.1
      vertex 29.0177 26.4886 13.1
    endloop
  endfacet
  facet normal -0 0 1
    outer loop
      vertex 28.2872 27.4406 13.1
      vertex 29.0177 26.4886 13.1
      vertex 28.592 27.708 13.1
    endloop
  endfacet
  facet normal 0 0 1
    outer loop
      vertex 29.0177 26.4886 13.1
      vertex 28.2872 27.4406 13.1
      vertex 28.55 26.1761 13.1
    endloop
  endfacet
  facet normal -0 0 1
    outer loop
      vertex 27.95 27.2153 13.1
      vertex 28.55 26.1761 13.1
      vertex 28.2872 27.4406 13.1
    endloop
  endfacet
  facet normal 0 0 1
    outer loop
      vertex 28.55 26.1761 13.1
      vertex 27.95 27.2153 13.1
      vertex 28.0455 25.9273 13.1
    endloop
  endfacet
  facet normal -0 0 1
    outer loop
      vertex 27.5863 27.036 13.1
      vertex 28.0455 25.9273 13.1
      vertex 27.95 27.2153 13.1
    endloop
  endfacet
  facet normal 0 0 1
    outer loop
      vertex 27.5863 27.036 13.1
      vertex 27.5129 25.7465 13.1
      vertex 28.0455 25.9273 13.1
    endloop
  endfacet
  facet normal -0 0 1
    outer loop
      vertex 27.2023 26.9056 13.1
      vertex 27.5129 25.7465 13.1
      vertex 27.5863 27.036 13.1
    endloop
  endfacet
  facet normal 0 0 1
    outer loop
      vertex 27.2023 26.9056 13.1
      vertex 26.9613 25.6368 13.1
      vertex 27.5129 25.7465 13.1
    endloop
  endfacet
  facet normal -0 0 1
    outer loop
      vertex 26.8046 26.8265 13.1
      vertex 26.9613 25.6368 13.1
      vertex 27.2023 26.9056 13.1
    endloop
  endfacet
  facet normal -0 0 1
    outer loop
      vertex 26.4 26.8 13.1
      vertex 26.9613 25.6368 13.1
      vertex 26.8046 26.8265 13.1
    endloop
  endfacet
  facet normal 0 0 1
    outer loop
      vertex 26.4 26.8 13.1
      vertex 26.4 25.6 13.1
      vertex 26.9613 25.6368 13.1
    endloop
  endfacet
  facet normal 0 0 1
    outer loop
      vertex 25.9954 26.8265 13.1
      vertex 26.4 25.6 13.1
      vertex 26.4 26.8 13.1
    endloop
  endfacet
  facet normal 0 0 1
    outer loop
      vertex 25.9954 26.8265 13.1
      vertex 25.8387 25.6368 13.1
      vertex 26.4 25.6 13.1
    endloop
  endfacet
  facet normal 0 0 1
    outer loop
      vertex 25.5977 26.9056 13.1
      vertex 25.8387 25.6368 13.1
      vertex 25.9954 26.8265 13.1
    endloop
  endfacet
  facet normal 0 0 1
    outer loop
      vertex 25.5977 26.9056 13.1
      vertex 25.2871 25.7465 13.1
      vertex 25.8387 25.6368 13.1
    endloop
  endfacet
  facet normal 0 0 1
    outer loop
      vertex 25.2137 27.036 13.1
      vertex 25.2871 25.7465 13.1
      vertex 25.5977 26.9056 13.1
    endloop
  endfacet
  facet normal 0 0 1
    outer loop
      vertex 24.7545 25.9273 13.1
      vertex 25.2137 27.036 13.1
      vertex 24.85 27.2153 13.1
    endloop
  endfacet
  facet normal 0 0 1
    outer loop
      vertex 25.2137 27.036 13.1
      vertex 24.7545 25.9273 13.1
      vertex 25.2871 25.7465 13.1
    endloop
  endfacet
  facet normal 0 0 1
    outer loop
      vertex 24.25 26.1761 13.1
      vertex 24.85 27.2153 13.1
      vertex 24.5128 27.4406 13.1
    endloop
  endfacet
  facet normal 0 0 1
    outer loop
      vertex 24.85 27.2153 13.1
      vertex 24.25 26.1761 13.1
      vertex 24.7545 25.9273 13.1
    endloop
  endfacet
  facet normal 0 0 1
    outer loop
      vertex 23.7823 26.4886 13.1
      vertex 24.5128 27.4406 13.1
      vertex 24.208 27.708 13.1
    endloop
  endfacet
  facet normal 0 0 1
    outer loop
      vertex 23.3594 26.8594 13.1
      vertex 24.208 27.708 13.1
      vertex 23.9406 28.0128 13.1
    endloop
  endfacet
  facet normal 0 0 1
    outer loop
      vertex 24.5128 27.4406 13.1
      vertex 23.7823 26.4886 13.1
      vertex 24.25 26.1761 13.1
    endloop
  endfacet
  facet normal 0 0 1
    outer loop
      vertex 22.9886 27.2823 13.1
      vertex 23.9406 28.0128 13.1
      vertex 23.7153 28.35 13.1
    endloop
  endfacet
  facet normal 0 0 1
    outer loop
      vertex 22.6761 27.75 13.1
      vertex 23.7153 28.35 13.1
      vertex 23.536 28.7137 13.1
    endloop
  endfacet
  facet normal 0 0 1
    outer loop
      vertex 22.4273 28.2545 13.1
      vertex 23.536 28.7137 13.1
      vertex 23.4056 29.0977 13.1
    endloop
  endfacet
  facet normal 0 0 1
    outer loop
      vertex 24.208 27.708 13.1
      vertex 23.3594 26.8594 13.1
      vertex 23.7823 26.4886 13.1
    endloop
  endfacet
  facet normal 0 0 1
    outer loop
      vertex 22.2465 28.7871 13.1
      vertex 23.4056 29.0977 13.1
      vertex 23.3265 29.4954 13.1
    endloop
  endfacet
  facet normal 0 0 1
    outer loop
      vertex 22.1368 29.3387 13.1
      vertex 23.3265 29.4954 13.1
      vertex 23.3 29.9 13.1
    endloop
  endfacet
  facet normal -0 0 1
    outer loop
      vertex 22.2465 31.0129 13.1
      vertex 23.4056 30.7023 13.1
      vertex 22.4273 31.5455 13.1
    endloop
  endfacet
  facet normal 0 0 1
    outer loop
      vertex 23.9406 28.0128 13.1
      vertex 22.9886 27.2823 13.1
      vertex 23.3594 26.8594 13.1
    endloop
  endfacet
  facet normal 0 0 1
    outer loop
      vertex 23.4056 30.7023 13.1
      vertex 22.2465 31.0129 13.1
      vertex 23.3265 30.3046 13.1
    endloop
  endfacet
  facet normal 0 0 1
    outer loop
      vertex 23.7153 28.35 13.1
      vertex 22.6761 27.75 13.1
      vertex 22.9886 27.2823 13.1
    endloop
  endfacet
  facet normal -0 0 1
    outer loop
      vertex 22.1368 30.4613 13.1
      vertex 23.3265 30.3046 13.1
      vertex 22.2465 31.0129 13.1
    endloop
  endfacet
  facet normal 0 0 1
    outer loop
      vertex 23.536 28.7137 13.1
      vertex 22.4273 28.2545 13.1
      vertex 22.6761 27.75 13.1
    endloop
  endfacet
  facet normal 0 0 1
    outer loop
      vertex 23.3265 30.3046 13.1
      vertex 22.1368 30.4613 13.1
      vertex 23.3 29.9 13.1
    endloop
  endfacet
  facet normal 0 0 1
    outer loop
      vertex 23.4056 29.0977 13.1
      vertex 22.2465 28.7871 13.1
      vertex 22.4273 28.2545 13.1
    endloop
  endfacet
  facet normal 0 0 1
    outer loop
      vertex 22.1 29.9 13.1
      vertex 23.3 29.9 13.1
      vertex 22.1368 30.4613 13.1
    endloop
  endfacet
  facet normal 0 0 1
    outer loop
      vertex 23.3265 29.4954 13.1
      vertex 22.1368 29.3387 13.1
      vertex 22.2465 28.7871 13.1
    endloop
  endfacet
  facet normal 0 0 1
    outer loop
      vertex 23.3 29.9 13.1
      vertex 22.1 29.9 13.1
      vertex 22.1368 29.3387 13.1
    endloop
  endfacet
  facet normal 0.555481 -0.831529 0
    outer loop
      vertex -23.9149 2.6 12.5
      vertex -23.7823 2.68858 13.1
      vertex -23.9149 2.6 13.1
    endloop
  endfacet
  facet normal 0.555481 -0.831529 0
    outer loop
      vertex -23.7823 2.68858 13.1
      vertex -23.9149 2.6 12.5
      vertex -23.7823 2.68858 12.5
    endloop
  endfacet
  facet normal 0.980796 -0.195036 0
    outer loop
      vertex -22.2465 4.98708 13.1
      vertex -22.1368 5.53874 12.5
      vertex -22.1368 5.53874 13.1
    endloop
  endfacet
  facet normal 0.980796 -0.195036 0
    outer loop
      vertex -22.1368 5.53874 12.5
      vertex -22.2465 4.98708 13.1
      vertex -22.2465 4.98708 12.5
    endloop
  endfacet
  facet normal -0.751897 0.659281 0
    outer loop
      vertex -29.8114 8.71767 12.5
      vertex -29.4406 9.14056 13.1
      vertex -29.4406 9.14056 12.5
    endloop
  endfacet
  facet normal -0.751897 0.659281 0
    outer loop
      vertex -29.4406 9.14056 13.1
      vertex -29.8114 8.71767 12.5
      vertex -29.8114 8.71767 13.1
    endloop
  endfacet
  facet normal -0.32145 0.946927 0
    outer loop
      vertex -27.5129 10.2535 12.5
      vertex -28.0455 10.0727 13.1
      vertex -27.5129 10.2535 13.1
    endloop
  endfacet
  facet normal -0.32145 0.946927 0
    outer loop
      vertex -28.0455 10.0727 13.1
      vertex -27.5129 10.2535 12.5
      vertex -28.0455 10.0727 12.5
    endloop
  endfacet
  facet normal 0.94693 -0.321439 0
    outer loop
      vertex -22.4273 4.45446 13.1
      vertex -22.2465 4.98708 12.5
      vertex -22.2465 4.98708 13.1
    endloop
  endfacet
  facet normal 0.94693 -0.321439 0
    outer loop
      vertex -22.2465 4.98708 12.5
      vertex -22.4273 4.45446 13.1
      vertex -22.4273 4.45446 12.5
    endloop
  endfacet
  facet normal 0.896853 -0.442329 0
    outer loop
      vertex -22.6761 3.95 13.1
      vertex -22.4273 4.45446 12.5
      vertex -22.4273 4.45446 13.1
    endloop
  endfacet
  facet normal 0.896853 -0.442329 0
    outer loop
      vertex -22.4273 4.45446 12.5
      vertex -22.6761 3.95 13.1
      vertex -22.6761 3.95 12.5
    endloop
  endfacet
  facet normal -0.555481 -0.831529 0
    outer loop
      vertex -29.0177 2.68858 12.5
      vertex -28.8851 2.6 13.1
      vertex -29.0177 2.68858 13.1
    endloop
  endfacet
  facet normal -0.555481 -0.831529 -0
    outer loop
      vertex -28.8851 2.6 13.1
      vertex -29.0177 2.68858 12.5
      vertex -28.8851 2.6 12.5
    endloop
  endfacet
  facet normal 0.659332 -0.751852 0
    outer loop
      vertex -23.7823 2.68858 12.5
      vertex -23.3594 3.05944 13.1
      vertex -23.7823 2.68858 13.1
    endloop
  endfacet
  facet normal 0.659332 -0.751852 0
    outer loop
      vertex -23.3594 3.05944 13.1
      vertex -23.7823 2.68858 12.5
      vertex -23.3594 3.05944 12.5
    endloop
  endfacet
  facet normal 0.751897 -0.659281 0
    outer loop
      vertex -23.3594 3.05944 13.1
      vertex -22.9886 3.48233 12.5
      vertex -22.9886 3.48233 13.1
    endloop
  endfacet
  facet normal 0.751897 -0.659281 0
    outer loop
      vertex -22.9886 3.48233 12.5
      vertex -23.3594 3.05944 13.1
      vertex -23.3594 3.05944 12.5
    endloop
  endfacet
  facet normal -0.659332 -0.751852 0
    outer loop
      vertex -29.4406 3.05944 12.5
      vertex -29.0177 2.68858 13.1
      vertex -29.4406 3.05944 13.1
    endloop
  endfacet
  facet normal -0.659332 -0.751852 -0
    outer loop
      vertex -29.0177 2.68858 13.1
      vertex -29.4406 3.05944 12.5
      vertex -29.0177 2.68858 12.5
    endloop
  endfacet
  facet normal -0.751897 -0.659281 0
    outer loop
      vertex -29.4406 3.05944 12.5
      vertex -29.8114 3.48233 13.1
      vertex -29.8114 3.48233 12.5
    endloop
  endfacet
  facet normal -0.751897 -0.659281 0
    outer loop
      vertex -29.8114 3.48233 13.1
      vertex -29.4406 3.05944 12.5
      vertex -29.4406 3.05944 13.1
    endloop
  endfacet
  facet normal -0.831413 -0.555655 0
    outer loop
      vertex -29.8114 3.48233 12.5
      vertex -29.9 3.6149 13.1
      vertex -29.9 3.6149 12.5
    endloop
  endfacet
  facet normal -0.831413 -0.555655 0
    outer loop
      vertex -29.9 3.6149 13.1
      vertex -29.8114 3.48233 12.5
      vertex -29.8114 3.48233 13.1
    endloop
  endfacet
  facet normal 0.555568 0.831471 -0
    outer loop
      vertex -23.7823 33.3114 12.5
      vertex -23.9149 33.4 13.1
      vertex -23.7823 33.3114 13.1
    endloop
  endfacet
  facet normal 0.555568 0.831471 0
    outer loop
      vertex -23.9149 33.4 13.1
      vertex -23.7823 33.3114 12.5
      vertex -23.9149 33.4 12.5
    endloop
  endfacet
  facet normal 0.980792 -0.195056 0
    outer loop
      vertex -22.2465 28.7871 13.1
      vertex -22.1368 29.3387 12.5
      vertex -22.1368 29.3387 13.1
    endloop
  endfacet
  facet normal 0.980792 -0.195056 0
    outer loop
      vertex -22.1368 29.3387 12.5
      vertex -22.2465 28.7871 13.1
      vertex -22.2465 28.7871 12.5
    endloop
  endfacet
  facet normal -0.32145 -0.946927 0
    outer loop
      vertex -28.0455 25.9273 12.5
      vertex -27.5129 25.7465 13.1
      vertex -28.0455 25.9273 13.1
    endloop
  endfacet
  facet normal -0.32145 -0.946927 -0
    outer loop
      vertex -27.5129 25.7465 13.1
      vertex -28.0455 25.9273 12.5
      vertex -27.5129 25.7465 12.5
    endloop
  endfacet
  facet normal 0.896867 0.4423 0
    outer loop
      vertex -22.4273 31.5455 13.1
      vertex -22.6761 32.05 12.5
      vertex -22.6761 32.05 13.1
    endloop
  endfacet
  facet normal 0.896867 0.4423 0
    outer loop
      vertex -22.6761 32.05 12.5
      vertex -22.4273 31.5455 13.1
      vertex -22.4273 31.5455 12.5
    endloop
  endfacet
  facet normal 0.980792 0.195056 0
    outer loop
      vertex -22.1368 30.4613 13.1
      vertex -22.2465 31.0129 12.5
      vertex -22.2465 31.0129 13.1
    endloop
  endfacet
  facet normal 0.980792 0.195056 0
    outer loop
      vertex -22.2465 31.0129 12.5
      vertex -22.1368 30.4613 13.1
      vertex -22.1368 30.4613 12.5
    endloop
  endfacet
  facet normal 0.831475 0.555561 0
    outer loop
      vertex -22.6761 32.05 13.1
      vertex -22.9886 32.5177 12.5
      vertex -22.9886 32.5177 13.1
    endloop
  endfacet
  facet normal 0.831475 0.555561 0
    outer loop
      vertex -22.9886 32.5177 12.5
      vertex -22.6761 32.05 13.1
      vertex -22.6761 32.05 12.5
    endloop
  endfacet
  facet normal -0.831471 0.555568 0
    outer loop
      vertex -29.9 32.3851 12.5
      vertex -29.8114 32.5177 13.1
      vertex -29.8114 32.5177 12.5
    endloop
  endfacet
  facet normal -0.831471 0.555568 0
    outer loop
      vertex -29.8114 32.5177 13.1
      vertex -29.9 32.3851 12.5
      vertex -29.9 32.3851 13.1
    endloop
  endfacet
  facet normal -0.751904 0.659272 0
    outer loop
      vertex -29.8114 32.5177 12.5
      vertex -29.4406 32.9406 13.1
      vertex -29.4406 32.9406 12.5
    endloop
  endfacet
  facet normal -0.751904 0.659272 0
    outer loop
      vertex -29.4406 32.9406 13.1
      vertex -29.8114 32.5177 12.5
      vertex -29.8114 32.5177 13.1
    endloop
  endfacet
  facet normal 0.997858 -0.0654216 0
    outer loop
      vertex -22.1368 29.3387 13.1
      vertex -22.1 29.9 12.5
      vertex -22.1 29.9 13.1
    endloop
  endfacet
  facet normal 0.997858 -0.0654216 0
    outer loop
      vertex -22.1 29.9 12.5
      vertex -22.1368 29.3387 13.1
      vertex -22.1368 29.3387 12.5
    endloop
  endfacet
  facet normal 0.195056 -0.980792 0
    outer loop
      vertex -25.8387 25.6368 12.5
      vertex -25.2871 25.7465 13.1
      vertex -25.8387 25.6368 13.1
    endloop
  endfacet
  facet normal 0.195056 -0.980792 0
    outer loop
      vertex -25.2871 25.7465 13.1
      vertex -25.8387 25.6368 12.5
      vertex -25.2871 25.7465 12.5
    endloop
  endfacet
  facet normal 0.4423 -0.896867 0
    outer loop
      vertex -24.7545 25.9273 12.5
      vertex -24.25 26.1761 13.1
      vertex -24.7545 25.9273 13.1
    endloop
  endfacet
  facet normal 0.4423 -0.896867 0
    outer loop
      vertex -24.25 26.1761 13.1
      vertex -24.7545 25.9273 12.5
      vertex -24.25 26.1761 12.5
    endloop
  endfacet
  facet normal 0.555561 -0.831475 0
    outer loop
      vertex -24.25 26.1761 12.5
      vertex -23.7823 26.4886 13.1
      vertex -24.25 26.1761 13.1
    endloop
  endfacet
  facet normal 0.555561 -0.831475 0
    outer loop
      vertex -23.7823 26.4886 13.1
      vertex -24.25 26.1761 12.5
      vertex -23.7823 26.4886 12.5
    endloop
  endfacet
  facet normal 0.831475 -0.555561 0
    outer loop
      vertex -22.9886 27.2823 13.1
      vertex -22.6761 27.75 12.5
      vertex -22.6761 27.75 13.1
    endloop
  endfacet
  facet normal 0.831475 -0.555561 0
    outer loop
      vertex -22.6761 27.75 12.5
      vertex -22.9886 27.2823 13.1
      vertex -22.9886 27.2823 12.5
    endloop
  endfacet
  facet normal 0.0654216 -0.997858 0
    outer loop
      vertex -26.4 25.6 12.5
      vertex -25.8387 25.6368 13.1
      vertex -26.4 25.6 13.1
    endloop
  endfacet
  facet normal 0.0654216 -0.997858 0
    outer loop
      vertex -25.8387 25.6368 13.1
      vertex -26.4 25.6 12.5
      vertex -25.8387 25.6368 12.5
    endloop
  endfacet
  facet normal -0.555561 -0.831475 0
    outer loop
      vertex -29.0177 26.4886 12.5
      vertex -28.55 26.1761 13.1
      vertex -29.0177 26.4886 13.1
    endloop
  endfacet
  facet normal -0.555561 -0.831475 -0
    outer loop
      vertex -28.55 26.1761 13.1
      vertex -29.0177 26.4886 12.5
      vertex -28.55 26.1761 12.5
    endloop
  endfacet
  facet normal -0.831471 -0.555568 0
    outer loop
      vertex -29.8114 27.2823 12.5
      vertex -29.9 27.4149 13.1
      vertex -29.9 27.4149 12.5
    endloop
  endfacet
  facet normal -0.831471 -0.555568 0
    outer loop
      vertex -29.9 27.4149 13.1
      vertex -29.8114 27.2823 12.5
      vertex -29.8114 27.2823 13.1
    endloop
  endfacet
  facet normal 0.946927 0.32145 0
    outer loop
      vertex -22.2465 31.0129 13.1
      vertex -22.4273 31.5455 12.5
      vertex -22.4273 31.5455 13.1
    endloop
  endfacet
  facet normal 0.946927 0.32145 0
    outer loop
      vertex -22.4273 31.5455 12.5
      vertex -22.2465 31.0129 13.1
      vertex -22.2465 31.0129 12.5
    endloop
  endfacet
  facet normal 0.751904 0.659272 0
    outer loop
      vertex -22.9886 32.5177 13.1
      vertex -23.3594 32.9406 12.5
      vertex -23.3594 32.9406 13.1
    endloop
  endfacet
  facet normal 0.751904 0.659272 0
    outer loop
      vertex -23.3594 32.9406 12.5
      vertex -22.9886 32.5177 13.1
      vertex -22.9886 32.5177 12.5
    endloop
  endfacet
  facet normal 0.659272 0.751904 -0
    outer loop
      vertex -23.3594 32.9406 12.5
      vertex -23.7823 33.3114 13.1
      vertex -23.3594 32.9406 13.1
    endloop
  endfacet
  facet normal 0.659272 0.751904 0
    outer loop
      vertex -23.7823 33.3114 13.1
      vertex -23.3594 32.9406 12.5
      vertex -23.7823 33.3114 12.5
    endloop
  endfacet
  facet normal -0.659272 0.751904 0
    outer loop
      vertex -29.0177 33.3114 12.5
      vertex -29.4406 32.9406 13.1
      vertex -29.0177 33.3114 13.1
    endloop
  endfacet
  facet normal -0.659272 0.751904 0
    outer loop
      vertex -29.4406 32.9406 13.1
      vertex -29.0177 33.3114 12.5
      vertex -29.4406 32.9406 12.5
    endloop
  endfacet
  facet normal -0.555568 0.831471 0
    outer loop
      vertex -28.8851 33.4 12.5
      vertex -29.0177 33.3114 13.1
      vertex -28.8851 33.4 13.1
    endloop
  endfacet
  facet normal -0.555568 0.831471 0
    outer loop
      vertex -29.0177 33.3114 13.1
      vertex -28.8851 33.4 12.5
      vertex -29.0177 33.3114 12.5
    endloop
  endfacet
  facet normal 0.997858 0.0654216 0
    outer loop
      vertex -22.1 29.9 13.1
      vertex -22.1368 30.4613 12.5
      vertex -22.1368 30.4613 13.1
    endloop
  endfacet
  facet normal 0.997858 0.0654216 0
    outer loop
      vertex -22.1368 30.4613 12.5
      vertex -22.1 29.9 13.1
      vertex -22.1 29.9 12.5
    endloop
  endfacet
  facet normal 0.32145 -0.946927 0
    outer loop
      vertex -25.2871 25.7465 12.5
      vertex -24.7545 25.9273 13.1
      vertex -25.2871 25.7465 13.1
    endloop
  endfacet
  facet normal 0.32145 -0.946927 0
    outer loop
      vertex -24.7545 25.9273 13.1
      vertex -25.2871 25.7465 12.5
      vertex -24.7545 25.9273 12.5
    endloop
  endfacet
  facet normal 0.659272 -0.751904 0
    outer loop
      vertex -23.7823 26.4886 12.5
      vertex -23.3594 26.8594 13.1
      vertex -23.7823 26.4886 13.1
    endloop
  endfacet
  facet normal 0.659272 -0.751904 0
    outer loop
      vertex -23.3594 26.8594 13.1
      vertex -23.7823 26.4886 12.5
      vertex -23.3594 26.8594 12.5
    endloop
  endfacet
  facet normal 0.946927 -0.32145 0
    outer loop
      vertex -22.4273 28.2545 13.1
      vertex -22.2465 28.7871 12.5
      vertex -22.2465 28.7871 13.1
    endloop
  endfacet
  facet normal 0.946927 -0.32145 0
    outer loop
      vertex -22.2465 28.7871 12.5
      vertex -22.4273 28.2545 13.1
      vertex -22.4273 28.2545 12.5
    endloop
  endfacet
  facet normal -0.195056 -0.980792 0
    outer loop
      vertex -27.5129 25.7465 12.5
      vertex -26.9613 25.6368 13.1
      vertex -27.5129 25.7465 13.1
    endloop
  endfacet
  facet normal -0.195056 -0.980792 -0
    outer loop
      vertex -26.9613 25.6368 13.1
      vertex -27.5129 25.7465 12.5
      vertex -26.9613 25.6368 12.5
    endloop
  endfacet
  facet normal -0.4423 -0.896867 0
    outer loop
      vertex -28.55 26.1761 12.5
      vertex -28.0455 25.9273 13.1
      vertex -28.55 26.1761 13.1
    endloop
  endfacet
  facet normal -0.4423 -0.896867 -0
    outer loop
      vertex -28.0455 25.9273 13.1
      vertex -28.55 26.1761 12.5
      vertex -28.0455 25.9273 12.5
    endloop
  endfacet
  facet normal -0.751904 -0.659272 0
    outer loop
      vertex -29.4406 26.8594 12.5
      vertex -29.8114 27.2823 13.1
      vertex -29.8114 27.2823 12.5
    endloop
  endfacet
  facet normal -0.751904 -0.659272 0
    outer loop
      vertex -29.8114 27.2823 13.1
      vertex -29.4406 26.8594 12.5
      vertex -29.4406 26.8594 13.1
    endloop
  endfacet
  facet normal -0.659272 -0.751904 0
    outer loop
      vertex -29.4406 26.8594 12.5
      vertex -29.0177 26.4886 13.1
      vertex -29.4406 26.8594 13.1
    endloop
  endfacet
  facet normal -0.659272 -0.751904 -0
    outer loop
      vertex -29.0177 26.4886 13.1
      vertex -29.4406 26.8594 12.5
      vertex -29.0177 26.4886 12.5
    endloop
  endfacet
  facet normal 0.751904 -0.659272 0
    outer loop
      vertex -23.3594 26.8594 13.1
      vertex -22.9886 27.2823 12.5
      vertex -22.9886 27.2823 13.1
    endloop
  endfacet
  facet normal 0.751904 -0.659272 0
    outer loop
      vertex -22.9886 27.2823 12.5
      vertex -23.3594 26.8594 13.1
      vertex -23.3594 26.8594 12.5
    endloop
  endfacet
  facet normal 0.896867 -0.4423 0
    outer loop
      vertex -22.6761 27.75 13.1
      vertex -22.4273 28.2545 12.5
      vertex -22.4273 28.2545 13.1
    endloop
  endfacet
  facet normal 0.896867 -0.4423 0
    outer loop
      vertex -22.4273 28.2545 12.5
      vertex -22.6761 27.75 13.1
      vertex -22.6761 27.75 12.5
    endloop
  endfacet
  facet normal -0.0654216 -0.997858 0
    outer loop
      vertex -26.9613 25.6368 12.5
      vertex -26.4 25.6 13.1
      vertex -26.9613 25.6368 13.1
    endloop
  endfacet
  facet normal -0.0654216 -0.997858 -0
    outer loop
      vertex -26.4 25.6 13.1
      vertex -26.9613 25.6368 12.5
      vertex -26.4 25.6 12.5
    endloop
  endfacet
  facet normal 0.831413 0.555655 0
    outer loop
      vertex 29.9 8.5851 13.1
      vertex 29.8114 8.71767 12.5
      vertex 29.8114 8.71767 13.1
    endloop
  endfacet
  facet normal 0.831413 0.555655 0
    outer loop
      vertex 29.8114 8.71767 12.5
      vertex 29.9 8.5851 13.1
      vertex 29.9 8.5851 12.5
    endloop
  endfacet
  facet normal 0.32145 0.946927 -0
    outer loop
      vertex 28.0455 10.0727 12.5
      vertex 27.5129 10.2535 13.1
      vertex 28.0455 10.0727 13.1
    endloop
  endfacet
  facet normal 0.32145 0.946927 0
    outer loop
      vertex 27.5129 10.2535 13.1
      vertex 28.0455 10.0727 12.5
      vertex 27.5129 10.2535 12.5
    endloop
  endfacet
  facet normal -0.442286 0.896874 0
    outer loop
      vertex 24.7545 10.0727 12.5
      vertex 24.25 9.82391 13.1
      vertex 24.7545 10.0727 13.1
    endloop
  endfacet
  facet normal -0.442286 0.896874 0
    outer loop
      vertex 24.25 9.82391 13.1
      vertex 24.7545 10.0727 12.5
      vertex 24.25 9.82391 12.5
    endloop
  endfacet
  facet normal -0.94693 0.321439 0
    outer loop
      vertex 22.2465 7.21292 12.5
      vertex 22.4273 7.74554 13.1
      vertex 22.4273 7.74554 12.5
    endloop
  endfacet
  facet normal -0.94693 0.321439 0
    outer loop
      vertex 22.4273 7.74554 13.1
      vertex 22.2465 7.21292 12.5
      vertex 22.2465 7.21292 13.1
    endloop
  endfacet
  facet normal 0.659332 0.751852 -0
    outer loop
      vertex 29.4406 9.14056 12.5
      vertex 29.0177 9.51142 13.1
      vertex 29.4406 9.14056 13.1
    endloop
  endfacet
  facet normal 0.659332 0.751852 0
    outer loop
      vertex 29.0177 9.51142 13.1
      vertex 29.4406 9.14056 12.5
      vertex 29.0177 9.51142 12.5
    endloop
  endfacet
  facet normal -0.0654216 0.997858 0
    outer loop
      vertex 26.4 10.4 12.5
      vertex 25.8387 10.3632 13.1
      vertex 26.4 10.4 13.1
    endloop
  endfacet
  facet normal -0.0654216 0.997858 0
    outer loop
      vertex 25.8387 10.3632 13.1
      vertex 26.4 10.4 12.5
      vertex 25.8387 10.3632 12.5
    endloop
  endfacet
  facet normal 0.555549 0.831484 -0
    outer loop
      vertex 29.0177 9.51142 12.5
      vertex 28.55 9.82391 13.1
      vertex 29.0177 9.51142 13.1
    endloop
  endfacet
  facet normal 0.555549 0.831484 0
    outer loop
      vertex 28.55 9.82391 13.1
      vertex 29.0177 9.51142 12.5
      vertex 28.55 9.82391 12.5
    endloop
  endfacet
  facet normal -0.997857 0.0654263 0
    outer loop
      vertex 22.1 6.1 12.5
      vertex 22.1368 6.66126 13.1
      vertex 22.1368 6.66126 12.5
    endloop
  endfacet
  facet normal -0.997857 0.0654263 0
    outer loop
      vertex 22.1368 6.66126 13.1
      vertex 22.1 6.1 12.5
      vertex 22.1 6.1 13.1
    endloop
  endfacet
  facet normal -0.831459 0.555586 0
    outer loop
      vertex 22.6761 8.25 12.5
      vertex 22.9886 8.71767 13.1
      vertex 22.9886 8.71767 12.5
    endloop
  endfacet
  facet normal -0.831459 0.555586 0
    outer loop
      vertex 22.9886 8.71767 13.1
      vertex 22.6761 8.25 12.5
      vertex 22.6761 8.25 13.1
    endloop
  endfacet
  facet normal -0.555549 0.831484 0
    outer loop
      vertex 24.25 9.82391 12.5
      vertex 23.7823 9.51142 13.1
      vertex 24.25 9.82391 13.1
    endloop
  endfacet
  facet normal -0.555549 0.831484 0
    outer loop
      vertex 23.7823 9.51142 13.1
      vertex 24.25 9.82391 12.5
      vertex 23.7823 9.51142 12.5
    endloop
  endfacet
  facet normal -0.195056 0.980792 0
    outer loop
      vertex 25.8387 10.3632 12.5
      vertex 25.2871 10.2535 13.1
      vertex 25.8387 10.3632 13.1
    endloop
  endfacet
  facet normal -0.195056 0.980792 0
    outer loop
      vertex 25.2871 10.2535 13.1
      vertex 25.8387 10.3632 12.5
      vertex 25.2871 10.2535 12.5
    endloop
  endfacet
  facet normal -0.659332 0.751852 0
    outer loop
      vertex 23.7823 9.51142 12.5
      vertex 23.3594 9.14056 13.1
      vertex 23.7823 9.51142 13.1
    endloop
  endfacet
  facet normal -0.659332 0.751852 0
    outer loop
      vertex 23.3594 9.14056 13.1
      vertex 23.7823 9.51142 12.5
      vertex 23.3594 9.14056 12.5
    endloop
  endfacet
  facet normal 0.751897 0.659281 0
    outer loop
      vertex 29.8114 8.71767 13.1
      vertex 29.4406 9.14056 12.5
      vertex 29.4406 9.14056 13.1
    endloop
  endfacet
  facet normal 0.751897 0.659281 0
    outer loop
      vertex 29.4406 9.14056 12.5
      vertex 29.8114 8.71767 13.1
      vertex 29.8114 8.71767 12.5
    endloop
  endfacet
  facet normal 0.195056 0.980792 -0
    outer loop
      vertex 27.5129 10.2535 12.5
      vertex 26.9613 10.3632 13.1
      vertex 27.5129 10.2535 13.1
    endloop
  endfacet
  facet normal 0.195056 0.980792 0
    outer loop
      vertex 26.9613 10.3632 13.1
      vertex 27.5129 10.2535 12.5
      vertex 26.9613 10.3632 12.5
    endloop
  endfacet
  facet normal 0.0654216 0.997858 -0
    outer loop
      vertex 26.9613 10.3632 12.5
      vertex 26.4 10.4 13.1
      vertex 26.9613 10.3632 13.1
    endloop
  endfacet
  facet normal 0.0654216 0.997858 0
    outer loop
      vertex 26.4 10.4 13.1
      vertex 26.9613 10.3632 12.5
      vertex 26.4 10.4 12.5
    endloop
  endfacet
  facet normal -0.980796 0.195036 0
    outer loop
      vertex 22.1368 6.66126 12.5
      vertex 22.2465 7.21292 13.1
      vertex 22.2465 7.21292 12.5
    endloop
  endfacet
  facet normal -0.980796 0.195036 0
    outer loop
      vertex 22.2465 7.21292 13.1
      vertex 22.1368 6.66126 12.5
      vertex 22.1368 6.66126 13.1
    endloop
  endfacet
  facet normal -0.32145 0.946927 0
    outer loop
      vertex 25.2871 10.2535 12.5
      vertex 24.7545 10.0727 13.1
      vertex 25.2871 10.2535 13.1
    endloop
  endfacet
  facet normal -0.32145 0.946927 0
    outer loop
      vertex 24.7545 10.0727 13.1
      vertex 25.2871 10.2535 12.5
      vertex 24.7545 10.0727 12.5
    endloop
  endfacet
  facet normal -0.751897 0.659281 0
    outer loop
      vertex 22.9886 8.71767 12.5
      vertex 23.3594 9.14056 13.1
      vertex 23.3594 9.14056 12.5
    endloop
  endfacet
  facet normal -0.751897 0.659281 0
    outer loop
      vertex 23.3594 9.14056 13.1
      vertex 22.9886 8.71767 12.5
      vertex 22.9886 8.71767 13.1
    endloop
  endfacet
  facet normal 0.442286 0.896874 -0
    outer loop
      vertex 28.55 9.82391 12.5
      vertex 28.0455 10.0727 13.1
      vertex 28.55 9.82391 13.1
    endloop
  endfacet
  facet normal 0.442286 0.896874 0
    outer loop
      vertex 28.0455 10.0727 13.1
      vertex 28.55 9.82391 12.5
      vertex 28.0455 10.0727 12.5
    endloop
  endfacet
  facet normal -0.896853 0.442329 0
    outer loop
      vertex 22.4273 7.74554 12.5
      vertex 22.6761 8.25 13.1
      vertex 22.6761 8.25 12.5
    endloop
  endfacet
  facet normal -0.896853 0.442329 0
    outer loop
      vertex 22.6761 8.25 13.1
      vertex 22.4273 7.74554 12.5
      vertex 22.4273 7.74554 13.1
    endloop
  endfacet
  facet normal 0.555481 -0.831529 0
    outer loop
      vertex 28.8851 2.6 12.5
      vertex 29.0177 2.68858 13.1
      vertex 28.8851 2.6 13.1
    endloop
  endfacet
  facet normal 0.555481 -0.831529 0
    outer loop
      vertex 29.0177 2.68858 13.1
      vertex 28.8851 2.6 12.5
      vertex 29.0177 2.68858 12.5
    endloop
  endfacet
  facet normal 0.751897 -0.659281 0
    outer loop
      vertex 29.4406 3.05944 13.1
      vertex 29.8114 3.48233 12.5
      vertex 29.8114 3.48233 13.1
    endloop
  endfacet
  facet normal 0.751897 -0.659281 0
    outer loop
      vertex 29.8114 3.48233 12.5
      vertex 29.4406 3.05944 13.1
      vertex 29.4406 3.05944 12.5
    endloop
  endfacet
  facet normal 0.831413 -0.555655 0
    outer loop
      vertex 29.8114 3.48233 13.1
      vertex 29.9 3.6149 12.5
      vertex 29.9 3.6149 13.1
    endloop
  endfacet
  facet normal 0.831413 -0.555655 0
    outer loop
      vertex 29.9 3.6149 12.5
      vertex 29.8114 3.48233 13.1
      vertex 29.8114 3.48233 12.5
    endloop
  endfacet
  facet normal -0.997857 -0.0654263 0
    outer loop
      vertex 22.1368 5.53874 12.5
      vertex 22.1 6.1 13.1
      vertex 22.1 6.1 12.5
    endloop
  endfacet
  facet normal -0.997857 -0.0654263 0
    outer loop
      vertex 22.1 6.1 13.1
      vertex 22.1368 5.53874 12.5
      vertex 22.1368 5.53874 13.1
    endloop
  endfacet
  facet normal -0.94693 -0.321439 0
    outer loop
      vertex 22.4273 4.45446 12.5
      vertex 22.2465 4.98708 13.1
      vertex 22.2465 4.98708 12.5
    endloop
  endfacet
  facet normal -0.94693 -0.321439 0
    outer loop
      vertex 22.2465 4.98708 13.1
      vertex 22.4273 4.45446 12.5
      vertex 22.4273 4.45446 13.1
    endloop
  endfacet
  facet normal -0.751897 -0.659281 0
    outer loop
      vertex 23.3594 3.05944 12.5
      vertex 22.9886 3.48233 13.1
      vertex 22.9886 3.48233 12.5
    endloop
  endfacet
  facet normal -0.751897 -0.659281 0
    outer loop
      vertex 22.9886 3.48233 13.1
      vertex 23.3594 3.05944 12.5
      vertex 23.3594 3.05944 13.1
    endloop
  endfacet
  facet normal 0.659332 -0.751852 0
    outer loop
      vertex 29.0177 2.68858 12.5
      vertex 29.4406 3.05944 13.1
      vertex 29.0177 2.68858 13.1
    endloop
  endfacet
  facet normal 0.659332 -0.751852 0
    outer loop
      vertex 29.4406 3.05944 13.1
      vertex 29.0177 2.68858 12.5
      vertex 29.4406 3.05944 12.5
    endloop
  endfacet
  facet normal -0.659332 -0.751852 0
    outer loop
      vertex 23.3594 3.05944 12.5
      vertex 23.7823 2.68858 13.1
      vertex 23.3594 3.05944 13.1
    endloop
  endfacet
  facet normal -0.659332 -0.751852 -0
    outer loop
      vertex 23.7823 2.68858 13.1
      vertex 23.3594 3.05944 12.5
      vertex 23.7823 2.68858 12.5
    endloop
  endfacet
  facet normal -0.555481 -0.831529 0
    outer loop
      vertex 23.7823 2.68858 12.5
      vertex 23.9149 2.6 13.1
      vertex 23.7823 2.68858 13.1
    endloop
  endfacet
  facet normal -0.555481 -0.831529 -0
    outer loop
      vertex 23.9149 2.6 13.1
      vertex 23.7823 2.68858 12.5
      vertex 23.9149 2.6 12.5
    endloop
  endfacet
  facet normal -0.980796 -0.195036 0
    outer loop
      vertex 22.2465 4.98708 12.5
      vertex 22.1368 5.53874 13.1
      vertex 22.1368 5.53874 12.5
    endloop
  endfacet
  facet normal -0.980796 -0.195036 0
    outer loop
      vertex 22.1368 5.53874 13.1
      vertex 22.2465 4.98708 12.5
      vertex 22.2465 4.98708 13.1
    endloop
  endfacet
  facet normal -0.831459 -0.555586 0
    outer loop
      vertex 22.9886 3.48233 12.5
      vertex 22.6761 3.95 13.1
      vertex 22.6761 3.95 12.5
    endloop
  endfacet
  facet normal -0.831459 -0.555586 0
    outer loop
      vertex 22.6761 3.95 13.1
      vertex 22.9886 3.48233 12.5
      vertex 22.9886 3.48233 13.1
    endloop
  endfacet
  facet normal -0.896853 -0.442329 0
    outer loop
      vertex 22.6761 3.95 12.5
      vertex 22.4273 4.45446 13.1
      vertex 22.4273 4.45446 12.5
    endloop
  endfacet
  facet normal -0.896853 -0.442329 0
    outer loop
      vertex 22.4273 4.45446 13.1
      vertex 22.6761 3.95 12.5
      vertex 22.6761 3.95 13.1
    endloop
  endfacet
  facet normal 0.555568 0.831471 -0
    outer loop
      vertex 29.0177 33.3114 12.5
      vertex 28.8851 33.4 13.1
      vertex 29.0177 33.3114 13.1
    endloop
  endfacet
  facet normal 0.555568 0.831471 0
    outer loop
      vertex 28.8851 33.4 13.1
      vertex 29.0177 33.3114 12.5
      vertex 28.8851 33.4 12.5
    endloop
  endfacet
  facet normal -0.195056 -0.980792 0
    outer loop
      vertex 25.2871 25.7465 12.5
      vertex 25.8387 25.6368 13.1
      vertex 25.2871 25.7465 13.1
    endloop
  endfacet
  facet normal -0.195056 -0.980792 -0
    outer loop
      vertex 25.8387 25.6368 13.1
      vertex 25.2871 25.7465 12.5
      vertex 25.8387 25.6368 12.5
    endloop
  endfacet
  facet normal -0.946927 0.32145 0
    outer loop
      vertex 22.2465 31.0129 12.5
      vertex 22.4273 31.5455 13.1
      vertex 22.4273 31.5455 12.5
    endloop
  endfacet
  facet normal -0.946927 0.32145 0
    outer loop
      vertex 22.4273 31.5455 13.1
      vertex 22.2465 31.0129 12.5
      vertex 22.2465 31.0129 13.1
    endloop
  endfacet
  facet normal -0.896867 -0.4423 0
    outer loop
      vertex 22.6761 27.75 12.5
      vertex 22.4273 28.2545 13.1
      vertex 22.4273 28.2545 12.5
    endloop
  endfacet
  facet normal -0.896867 -0.4423 0
    outer loop
      vertex 22.4273 28.2545 13.1
      vertex 22.6761 27.75 12.5
      vertex 22.6761 27.75 13.1
    endloop
  endfacet
  facet normal 0.831471 0.555568 0
    outer loop
      vertex 29.9 32.3851 13.1
      vertex 29.8114 32.5177 12.5
      vertex 29.8114 32.5177 13.1
    endloop
  endfacet
  facet normal 0.831471 0.555568 0
    outer loop
      vertex 29.8114 32.5177 12.5
      vertex 29.9 32.3851 13.1
      vertex 29.9 32.3851 12.5
    endloop
  endfacet
  facet normal 0.659272 0.751904 -0
    outer loop
      vertex 29.4406 32.9406 12.5
      vertex 29.0177 33.3114 13.1
      vertex 29.4406 32.9406 13.1
    endloop
  endfacet
  facet normal 0.659272 0.751904 0
    outer loop
      vertex 29.0177 33.3114 13.1
      vertex 29.4406 32.9406 12.5
      vertex 29.0177 33.3114 12.5
    endloop
  endfacet
  facet normal -0.997858 -0.0654216 0
    outer loop
      vertex 22.1368 29.3387 12.5
      vertex 22.1 29.9 13.1
      vertex 22.1 29.9 12.5
    endloop
  endfacet
  facet normal -0.997858 -0.0654216 0
    outer loop
      vertex 22.1 29.9 13.1
      vertex 22.1368 29.3387 12.5
      vertex 22.1368 29.3387 13.1
    endloop
  endfacet
  facet normal -0.831475 0.555561 0
    outer loop
      vertex 22.6761 32.05 12.5
      vertex 22.9886 32.5177 13.1
      vertex 22.9886 32.5177 12.5
    endloop
  endfacet
  facet normal -0.831475 0.555561 0
    outer loop
      vertex 22.9886 32.5177 13.1
      vertex 22.6761 32.05 12.5
      vertex 22.6761 32.05 13.1
    endloop
  endfacet
  facet normal -0.555568 0.831471 0
    outer loop
      vertex 23.9149 33.4 12.5
      vertex 23.7823 33.3114 13.1
      vertex 23.9149 33.4 13.1
    endloop
  endfacet
  facet normal -0.555568 0.831471 0
    outer loop
      vertex 23.7823 33.3114 13.1
      vertex 23.9149 33.4 12.5
      vertex 23.7823 33.3114 12.5
    endloop
  endfacet
  facet normal 0.195056 -0.980792 0
    outer loop
      vertex 26.9613 25.6368 12.5
      vertex 27.5129 25.7465 13.1
      vertex 26.9613 25.6368 13.1
    endloop
  endfacet
  facet normal 0.195056 -0.980792 0
    outer loop
      vertex 27.5129 25.7465 13.1
      vertex 26.9613 25.6368 12.5
      vertex 27.5129 25.7465 12.5
    endloop
  endfacet
  facet normal 0.831471 -0.555568 0
    outer loop
      vertex 29.8114 27.2823 13.1
      vertex 29.9 27.4149 12.5
      vertex 29.9 27.4149 13.1
    endloop
  endfacet
  facet normal 0.831471 -0.555568 0
    outer loop
      vertex 29.9 27.4149 12.5
      vertex 29.8114 27.2823 13.1
      vertex 29.8114 27.2823 12.5
    endloop
  endfacet
  facet normal 0.4423 -0.896867 0
    outer loop
      vertex 28.0455 25.9273 12.5
      vertex 28.55 26.1761 13.1
      vertex 28.0455 25.9273 13.1
    endloop
  endfacet
  facet normal 0.4423 -0.896867 0
    outer loop
      vertex 28.55 26.1761 13.1
      vertex 28.0455 25.9273 12.5
      vertex 28.55 26.1761 12.5
    endloop
  endfacet
  facet normal 0.555561 -0.831475 0
    outer loop
      vertex 28.55 26.1761 12.5
      vertex 29.0177 26.4886 13.1
      vertex 28.55 26.1761 13.1
    endloop
  endfacet
  facet normal 0.555561 -0.831475 0
    outer loop
      vertex 29.0177 26.4886 13.1
      vertex 28.55 26.1761 12.5
      vertex 29.0177 26.4886 12.5
    endloop
  endfacet
  facet normal -0.0654216 -0.997858 0
    outer loop
      vertex 25.8387 25.6368 12.5
      vertex 26.4 25.6 13.1
      vertex 25.8387 25.6368 13.1
    endloop
  endfacet
  facet normal -0.0654216 -0.997858 -0
    outer loop
      vertex 26.4 25.6 13.1
      vertex 25.8387 25.6368 12.5
      vertex 26.4 25.6 12.5
    endloop
  endfacet
  facet normal -0.555561 -0.831475 0
    outer loop
      vertex 23.7823 26.4886 12.5
      vertex 24.25 26.1761 13.1
      vertex 23.7823 26.4886 13.1
    endloop
  endfacet
  facet normal -0.555561 -0.831475 -0
    outer loop
      vertex 24.25 26.1761 13.1
      vertex 23.7823 26.4886 12.5
      vertex 24.25 26.1761 12.5
    endloop
  endfacet
  facet normal -0.831475 -0.555561 0
    outer loop
      vertex 22.9886 27.2823 12.5
      vertex 22.6761 27.75 13.1
      vertex 22.6761 27.75 12.5
    endloop
  endfacet
  facet normal -0.831475 -0.555561 0
    outer loop
      vertex 22.6761 27.75 13.1
      vertex 22.9886 27.2823 12.5
      vertex 22.9886 27.2823 13.1
    endloop
  endfacet
  facet normal -0.980792 -0.195056 0
    outer loop
      vertex 22.2465 28.7871 12.5
      vertex 22.1368 29.3387 13.1
      vertex 22.1368 29.3387 12.5
    endloop
  endfacet
  facet normal -0.980792 -0.195056 0
    outer loop
      vertex 22.1368 29.3387 13.1
      vertex 22.2465 28.7871 12.5
      vertex 22.2465 28.7871 13.1
    endloop
  endfacet
  facet normal 0.751904 0.659272 0
    outer loop
      vertex 29.8114 32.5177 13.1
      vertex 29.4406 32.9406 12.5
      vertex 29.4406 32.9406 13.1
    endloop
  endfacet
  facet normal 0.751904 0.659272 0
    outer loop
      vertex 29.4406 32.9406 12.5
      vertex 29.8114 32.5177 13.1
      vertex 29.8114 32.5177 12.5
    endloop
  endfacet
  facet normal -0.980792 0.195056 0
    outer loop
      vertex 22.1368 30.4613 12.5
      vertex 22.2465 31.0129 13.1
      vertex 22.2465 31.0129 12.5
    endloop
  endfacet
  facet normal -0.980792 0.195056 0
    outer loop
      vertex 22.2465 31.0129 13.1
      vertex 22.1368 30.4613 12.5
      vertex 22.1368 30.4613 13.1
    endloop
  endfacet
  facet normal -0.997858 0.0654216 0
    outer loop
      vertex 22.1 29.9 12.5
      vertex 22.1368 30.4613 13.1
      vertex 22.1368 30.4613 12.5
    endloop
  endfacet
  facet normal -0.997858 0.0654216 0
    outer loop
      vertex 22.1368 30.4613 13.1
      vertex 22.1 29.9 12.5
      vertex 22.1 29.9 13.1
    endloop
  endfacet
  facet normal -0.896867 0.4423 0
    outer loop
      vertex 22.4273 31.5455 12.5
      vertex 22.6761 32.05 13.1
      vertex 22.6761 32.05 12.5
    endloop
  endfacet
  facet normal -0.896867 0.4423 0
    outer loop
      vertex 22.6761 32.05 13.1
      vertex 22.4273 31.5455 12.5
      vertex 22.4273 31.5455 13.1
    endloop
  endfacet
  facet normal -0.659272 0.751904 0
    outer loop
      vertex 23.7823 33.3114 12.5
      vertex 23.3594 32.9406 13.1
      vertex 23.7823 33.3114 13.1
    endloop
  endfacet
  facet normal -0.659272 0.751904 0
    outer loop
      vertex 23.3594 32.9406 13.1
      vertex 23.7823 33.3114 12.5
      vertex 23.3594 32.9406 12.5
    endloop
  endfacet
  facet normal -0.751904 0.659272 0
    outer loop
      vertex 22.9886 32.5177 12.5
      vertex 23.3594 32.9406 13.1
      vertex 23.3594 32.9406 12.5
    endloop
  endfacet
  facet normal -0.751904 0.659272 0
    outer loop
      vertex 23.3594 32.9406 13.1
      vertex 22.9886 32.5177 12.5
      vertex 22.9886 32.5177 13.1
    endloop
  endfacet
  facet normal 0.32145 -0.946927 0
    outer loop
      vertex 27.5129 25.7465 12.5
      vertex 28.0455 25.9273 13.1
      vertex 27.5129 25.7465 13.1
    endloop
  endfacet
  facet normal 0.32145 -0.946927 0
    outer loop
      vertex 28.0455 25.9273 13.1
      vertex 27.5129 25.7465 12.5
      vertex 28.0455 25.9273 12.5
    endloop
  endfacet
  facet normal 0.659272 -0.751904 0
    outer loop
      vertex 29.0177 26.4886 12.5
      vertex 29.4406 26.8594 13.1
      vertex 29.0177 26.4886 13.1
    endloop
  endfacet
  facet normal 0.659272 -0.751904 0
    outer loop
      vertex 29.4406 26.8594 13.1
      vertex 29.0177 26.4886 12.5
      vertex 29.4406 26.8594 12.5
    endloop
  endfacet
  facet normal -0.32145 -0.946927 0
    outer loop
      vertex 24.7545 25.9273 12.5
      vertex 25.2871 25.7465 13.1
      vertex 24.7545 25.9273 13.1
    endloop
  endfacet
  facet normal -0.32145 -0.946927 -0
    outer loop
      vertex 25.2871 25.7465 13.1
      vertex 24.7545 25.9273 12.5
      vertex 25.2871 25.7465 12.5
    endloop
  endfacet
  facet normal -0.946927 -0.32145 0
    outer loop
      vertex 22.4273 28.2545 12.5
      vertex 22.2465 28.7871 13.1
      vertex 22.2465 28.7871 12.5
    endloop
  endfacet
  facet normal -0.946927 -0.32145 0
    outer loop
      vertex 22.2465 28.7871 13.1
      vertex 22.4273 28.2545 12.5
      vertex 22.4273 28.2545 13.1
    endloop
  endfacet
  facet normal -0.751904 -0.659272 0
    outer loop
      vertex 23.3594 26.8594 12.5
      vertex 22.9886 27.2823 13.1
      vertex 22.9886 27.2823 12.5
    endloop
  endfacet
  facet normal -0.751904 -0.659272 0
    outer loop
      vertex 22.9886 27.2823 13.1
      vertex 23.3594 26.8594 12.5
      vertex 23.3594 26.8594 13.1
    endloop
  endfacet
  facet normal 0.751904 -0.659272 0
    outer loop
      vertex 29.4406 26.8594 13.1
      vertex 29.8114 27.2823 12.5
      vertex 29.8114 27.2823 13.1
    endloop
  endfacet
  facet normal 0.751904 -0.659272 0
    outer loop
      vertex 29.8114 27.2823 12.5
      vertex 29.4406 26.8594 13.1
      vertex 29.4406 26.8594 12.5
    endloop
  endfacet
  facet normal 0.0654216 -0.997858 0
    outer loop
      vertex 26.4 25.6 12.5
      vertex 26.9613 25.6368 13.1
      vertex 26.4 25.6 13.1
    endloop
  endfacet
  facet normal 0.0654216 -0.997858 0
    outer loop
      vertex 26.9613 25.6368 13.1
      vertex 26.4 25.6 12.5
      vertex 26.9613 25.6368 12.5
    endloop
  endfacet
  facet normal -0.4423 -0.896867 0
    outer loop
      vertex 24.25 26.1761 12.5
      vertex 24.7545 25.9273 13.1
      vertex 24.25 26.1761 13.1
    endloop
  endfacet
  facet normal -0.4423 -0.896867 -0
    outer loop
      vertex 24.7545 25.9273 13.1
      vertex 24.25 26.1761 12.5
      vertex 24.7545 25.9273 12.5
    endloop
  endfacet
  facet normal -0.659272 -0.751904 0
    outer loop
      vertex 23.3594 26.8594 12.5
      vertex 23.7823 26.4886 13.1
      vertex 23.3594 26.8594 13.1
    endloop
  endfacet
  facet normal -0.659272 -0.751904 -0
    outer loop
      vertex 23.7823 26.4886 13.1
      vertex 23.3594 26.8594 12.5
      vertex 23.7823 26.4886 12.5
    endloop
  endfacet
  facet normal -1 0 0
    outer loop
      vertex -29.9 3.6149 12.5
      vertex -29.9 8.5851 13.1
      vertex -29.9 8.5851 12.5
    endloop
  endfacet
  facet normal -1 -0 0
    outer loop
      vertex -29.9 8.5851 13.1
      vertex -29.9 3.6149 12.5
      vertex -29.9 3.6149 13.1
    endloop
  endfacet
  facet normal -1 0 0
    outer loop
      vertex -29.9 27.4149 12.5
      vertex -29.9 32.3851 13.1
      vertex -29.9 32.3851 12.5
    endloop
  endfacet
  facet normal -1 -0 0
    outer loop
      vertex -29.9 32.3851 13.1
      vertex -29.9 27.4149 12.5
      vertex -29.9 27.4149 13.1
    endloop
  endfacet
  facet normal 1 -0 0
    outer loop
      vertex 29.9 3.6149 13.1
      vertex 29.9 8.5851 12.5
      vertex 29.9 8.5851 13.1
    endloop
  endfacet
  facet normal 1 0 0
    outer loop
      vertex 29.9 8.5851 12.5
      vertex 29.9 3.6149 13.1
      vertex 29.9 3.6149 12.5
    endloop
  endfacet
  facet normal 1 -0 0
    outer loop
      vertex 29.9 27.4149 13.1
      vertex 29.9 32.3851 12.5
      vertex 29.9 32.3851 13.1
    endloop
  endfacet
  facet normal 1 0 0
    outer loop
      vertex 29.9 32.3851 12.5
      vertex 29.9 27.4149 13.1
      vertex 29.9 27.4149 12.5
    endloop
  endfacet
  facet normal 0 1 -0
    outer loop
      vertex -23.9149 33.4 12.5
      vertex -28.8851 33.4 13.1
      vertex -23.9149 33.4 13.1
    endloop
  endfacet
  facet normal 0 1 0
    outer loop
      vertex -28.8851 33.4 13.1
      vertex -23.9149 33.4 12.5
      vertex -28.8851 33.4 12.5
    endloop
  endfacet
  facet normal 0 1 -0
    outer loop
      vertex 28.8851 33.4 12.5
      vertex 23.9149 33.4 13.1
      vertex 28.8851 33.4 13.1
    endloop
  endfacet
  facet normal 0 1 0
    outer loop
      vertex 23.9149 33.4 13.1
      vertex 28.8851 33.4 12.5
      vertex 23.9149 33.4 12.5
    endloop
  endfacet
  facet normal 0 -1 0
    outer loop
      vertex -28.8851 2.6 12.5
      vertex -23.9149 2.6 13.1
      vertex -28.8851 2.6 13.1
    endloop
  endfacet
  facet normal 0 -1 -0
    outer loop
      vertex -23.9149 2.6 13.1
      vertex -28.8851 2.6 12.5
      vertex -23.9149 2.6 12.5
    endloop
  endfacet
  facet normal 0 -1 0
    outer loop
      vertex 23.9149 2.6 12.5
      vertex 28.8851 2.6 13.1
      vertex 23.9149 2.6 13.1
    endloop
  endfacet
  facet normal 0 -1 -0
    outer loop
      vertex 28.8851 2.6 13.1
      vertex 23.9149 2.6 12.5
      vertex 28.8851 2.6 12.5
    endloop
  endfacet
  facet normal -1 0 0
    outer loop
      vertex -21.1 2.6 12.5
      vertex -21.1 3.8 14.49
      vertex -21.1 3.8 12.5
    endloop
  endfacet
  facet normal -1 -0 0
    outer loop
      vertex -21.1 3.8 14.49
      vertex -21.1 2.6 12.5
      vertex -21.1 2.6 14.49
    endloop
  endfacet
  facet normal 0 -1 0
    outer loop
      vertex -29.9 11.4 12.5
      vertex -28.7 11.4 14.49
      vertex -29.9 11.4 14.49
    endloop
  endfacet
  facet normal 0 -1 -0
    outer loop
      vertex -28.7 11.4 14.49
      vertex -29.9 11.4 12.5
      vertex -28.7 11.4 12.5
    endloop
  endfacet
  facet normal -1 0 0
    outer loop
      vertex -21.1 32.2 12.5
      vertex -21.1 33.4 14.49
      vertex -21.1 33.4 12.5
    endloop
  endfacet
  facet normal -1 -0 0
    outer loop
      vertex -21.1 33.4 14.49
      vertex -21.1 32.2 12.5
      vertex -21.1 32.2 14.49
    endloop
  endfacet
  facet normal 0 1 -0
    outer loop
      vertex -28.7 24.6 12.5
      vertex -29.9 24.6 14.49
      vertex -28.7 24.6 14.49
    endloop
  endfacet
  facet normal 0 1 0
    outer loop
      vertex -29.9 24.6 14.49
      vertex -28.7 24.6 12.5
      vertex -29.9 24.6 12.5
    endloop
  endfacet
  facet normal 1 -0 0
    outer loop
      vertex 21.1 2.6 14.49
      vertex 21.1 3.8 12.5
      vertex 21.1 3.8 14.49
    endloop
  endfacet
  facet normal 1 0 0
    outer loop
      vertex 21.1 3.8 12.5
      vertex 21.1 2.6 14.49
      vertex 21.1 2.6 12.5
    endloop
  endfacet
  facet normal 0 -1 0
    outer loop
      vertex 28.7 11.4 12.5
      vertex 29.9 11.4 14.49
      vertex 28.7 11.4 14.49
    endloop
  endfacet
  facet normal 0 -1 -0
    outer loop
      vertex 29.9 11.4 14.49
      vertex 28.7 11.4 12.5
      vertex 29.9 11.4 12.5
    endloop
  endfacet
  facet normal 0 1 -0
    outer loop
      vertex 29.9 24.6 12.5
      vertex 28.7 24.6 14.49
      vertex 29.9 24.6 14.49
    endloop
  endfacet
  facet normal 0 1 0
    outer loop
      vertex 28.7 24.6 14.49
      vertex 29.9 24.6 12.5
      vertex 28.7 24.6 12.5
    endloop
  endfacet
  facet normal 1 -0 0
    outer loop
      vertex -11.1 32.2 14.49
      vertex -11.1 33.4 12.5
      vertex -11.1 33.4 14.49
    endloop
  endfacet
  facet normal 1 0 0
    outer loop
      vertex -11.1 33.4 12.5
      vertex -11.1 32.2 14.49
      vertex -11.1 32.2 12.5
    endloop
  endfacet
  facet normal -1 0 0
    outer loop
      vertex -29.9 11.4 12.5
      vertex -29.9 24.6 14.49
      vertex -29.9 24.6 12.5
    endloop
  endfacet
  facet normal -1 -0 0
    outer loop
      vertex -29.9 24.6 14.49
      vertex -29.9 11.4 12.5
      vertex -29.9 11.4 14.49
    endloop
  endfacet
  facet normal -0 0 1
    outer loop
      vertex -29.9 24.6 14.49
      vertex -28.7 11.4 14.49
      vertex -28.7 24.6 14.49
    endloop
  endfacet
  facet normal 0 0 1
    outer loop
      vertex -28.7 11.4 14.49
      vertex -29.9 24.6 14.49
      vertex -29.9 11.4 14.49
    endloop
  endfacet
  facet normal -0 0 1
    outer loop
      vertex -21.1 3.8 14.49
      vertex -18.5 2.6 14.49
      vertex -18.5 3.8 14.49
    endloop
  endfacet
  facet normal 0 0 1
    outer loop
      vertex -18.5 2.6 14.49
      vertex -21.1 3.8 14.49
      vertex -21.1 2.6 14.49
    endloop
  endfacet
  facet normal -0 0 1
    outer loop
      vertex 18.5 3.8 14.49
      vertex 21.1 2.6 14.49
      vertex 21.1 3.8 14.49
    endloop
  endfacet
  facet normal 0 0 1
    outer loop
      vertex 21.1 2.6 14.49
      vertex 18.5 3.8 14.49
      vertex 18.5 2.6 14.49
    endloop
  endfacet
  facet normal -0 0 1
    outer loop
      vertex -21.1 33.4 14.49
      vertex -11.1 32.2 14.49
      vertex -11.1 33.4 14.49
    endloop
  endfacet
  facet normal 0 0 1
    outer loop
      vertex -11.1 32.2 14.49
      vertex -21.1 33.4 14.49
      vertex -21.1 32.2 14.49
    endloop
  endfacet
  facet normal -0 0 1
    outer loop
      vertex 28.7 24.6 14.49
      vertex 29.9 11.4 14.49
      vertex 29.9 24.6 14.49
    endloop
  endfacet
  facet normal 0 0 1
    outer loop
      vertex 29.9 11.4 14.49
      vertex 28.7 24.6 14.49
      vertex 28.7 11.4 14.49
    endloop
  endfacet
  facet normal 1 -0 0
    outer loop
      vertex 29.9 11.4 14.49
      vertex 29.9 24.6 12.5
      vertex 29.9 24.6 14.49
    endloop
  endfacet
  facet normal 1 0 0
    outer loop
      vertex 29.9 24.6 12.5
      vertex 29.9 11.4 14.49
      vertex 29.9 11.4 12.5
    endloop
  endfacet
  facet normal 0 1 -0
    outer loop
      vertex -11.1 33.4 12.5
      vertex -21.1 33.4 14.49
      vertex -11.1 33.4 14.49
    endloop
  endfacet
  facet normal 0 1 0
    outer loop
      vertex -21.1 33.4 14.49
      vertex -11.1 33.4 12.5
      vertex -21.1 33.4 12.5
    endloop
  endfacet
  facet normal 0 -1 0
    outer loop
      vertex -21.1 2.6 12.5
      vertex -18.5 2.6 14.49
      vertex -21.1 2.6 14.49
    endloop
  endfacet
  facet normal 0 -1 -0
    outer loop
      vertex -18.5 2.6 14.49
      vertex -21.1 2.6 12.5
      vertex -18.5 2.6 12.5
    endloop
  endfacet
  facet normal 0 -1 0
    outer loop
      vertex 18.5 2.6 12.5
      vertex 21.1 2.6 14.49
      vertex 18.5 2.6 14.49
    endloop
  endfacet
  facet normal 0 -1 -0
    outer loop
      vertex 21.1 2.6 14.49
      vertex 18.5 2.6 12.5
      vertex 21.1 2.6 12.5
    endloop
  endfacet
  facet normal 1 -0 0
    outer loop
      vertex -28.7 11.4 14.49
      vertex -28.7 24.6 12.5
      vertex -28.7 24.6 14.49
    endloop
  endfacet
  facet normal 1 0 0
    outer loop
      vertex -28.7 24.6 12.5
      vertex -28.7 11.4 14.49
      vertex -28.7 11.4 12.5
    endloop
  endfacet
  facet normal -1 0 0
    outer loop
      vertex 28.7 11.4 12.5
      vertex 28.7 24.6 14.49
      vertex 28.7 24.6 12.5
    endloop
  endfacet
  facet normal -1 -0 0
    outer loop
      vertex 28.7 24.6 14.49
      vertex 28.7 11.4 12.5
      vertex 28.7 11.4 14.49
    endloop
  endfacet
  facet normal 0 1 -0
    outer loop
      vertex -18.5 3.8 12.5
      vertex -21.1 3.8 14.49
      vertex -18.5 3.8 14.49
    endloop
  endfacet
  facet normal 0 1 0
    outer loop
      vertex -21.1 3.8 14.49
      vertex -18.5 3.8 12.5
      vertex -21.1 3.8 12.5
    endloop
  endfacet
  facet normal 0 1 -0
    outer loop
      vertex 21.1 3.8 12.5
      vertex 18.5 3.8 14.49
      vertex 21.1 3.8 14.49
    endloop
  endfacet
  facet normal 0 1 0
    outer loop
      vertex 18.5 3.8 14.49
      vertex 21.1 3.8 12.5
      vertex 18.5 3.8 12.5
    endloop
  endfacet
  facet normal 0 -1 0
    outer loop
      vertex -21.1 32.2 12.5
      vertex -11.1 32.2 14.49
      vertex -21.1 32.2 14.49
    endloop
  endfacet
  facet normal 0 -1 -0
    outer loop
      vertex -11.1 32.2 14.49
      vertex -21.1 32.2 12.5
      vertex -11.1 32.2 12.5
    endloop
  endfacet
  facet normal 1 -0 0
    outer loop
      vertex -18.5 2.6 14.49
      vertex -18.5 3.8 12.5
      vertex -18.5 3.8 14.49
    endloop
  endfacet
  facet normal 1 0 0
    outer loop
      vertex -18.5 3.8 12.5
      vertex -18.5 2.6 14.49
      vertex -18.5 2.6 12.5
    endloop
  endfacet
  facet normal -1 0 0
    outer loop
      vertex 18.5 2.6 12.5
      vertex 18.5 3.8 14.49
      vertex 18.5 3.8 12.5
    endloop
  endfacet
  facet normal -1 -0 0
    outer loop
      vertex 18.5 3.8 14.49
      vertex 18.5 2.6 12.5
      vertex 18.5 2.6 14.49
    endloop
  endfacet
  facet normal -1 0 0
    outer loop
      vertex -18 8.7 12.5
      vertex -18 9.9 22.49
      vertex -18 9.9 12.5
    endloop
  endfacet
  facet normal -1 -0 0
    outer loop
      vertex -18 9.9 22.49
      vertex -18 8.7 12.5
      vertex -18 8.7 22.49
    endloop
  endfacet
  facet normal -0 0 1
    outer loop
      vertex -18 9.9 22.49
      vertex 18 8.7 22.49
      vertex 18 9.9 22.49
    endloop
  endfacet
  facet normal 0 0 1
    outer loop
      vertex 18 8.7 22.49
      vertex -18 9.9 22.49
      vertex -18 8.7 22.49
    endloop
  endfacet
  facet normal 1 -0 0
    outer loop
      vertex 18 8.7 22.49
      vertex 18 9.9 12.5
      vertex 18 9.9 22.49
    endloop
  endfacet
  facet normal 1 0 0
    outer loop
      vertex 18 9.9 12.5
      vertex 18 8.7 22.49
      vertex 18 8.7 12.5
    endloop
  endfacet
  facet normal 0 1 -0
    outer loop
      vertex 18 9.9 12.5
      vertex -18 9.9 22.49
      vertex 18 9.9 22.49
    endloop
  endfacet
  facet normal 0 1 0
    outer loop
      vertex -18 9.9 22.49
      vertex 18 9.9 12.5
      vertex -18 9.9 12.5
    endloop
  endfacet
  facet normal 0 -1 0
    outer loop
      vertex -18 8.7 12.5
      vertex 18 8.7 22.49
      vertex -18 8.7 22.49
    endloop
  endfacet
  facet normal 0 -1 -0
    outer loop
      vertex 18 8.7 22.49
      vertex -18 8.7 12.5
      vertex 18 8.7 12.5
    endloop
  endfacet
  facet normal -0.997862 -0.0653519 0
    outer loop
      vertex -23.3 6.1 11.1
      vertex -23.3265 6.50463 13.1
      vertex -23.3265 6.50463 11.1
    endloop
  endfacet
  facet normal -0.997862 -0.0653519 0
    outer loop
      vertex -23.3265 6.50463 13.1
      vertex -23.3 6.1 11.1
      vertex -23.3 6.1 13.1
    endloop
  endfacet
  facet normal 0.997862 -0.0653519 0
    outer loop
      vertex -29.5 6.1 13.1
      vertex -29.4735 6.50463 11.1
      vertex -29.4735 6.50463 13.1
    endloop
  endfacet
  facet normal 0.997862 -0.0653519 0
    outer loop
      vertex -29.4735 6.50463 11.1
      vertex -29.5 6.1 13.1
      vertex -29.5 6.1 11.1
    endloop
  endfacet
  facet normal -0.0654059 -0.997859 0
    outer loop
      vertex -26.4 9.2 11.1
      vertex -25.9954 9.17348 13.1
      vertex -26.4 9.2 13.1
    endloop
  endfacet
  facet normal -0.0654059 -0.997859 -0
    outer loop
      vertex -25.9954 9.17348 13.1
      vertex -26.4 9.2 11.1
      vertex -25.9954 9.17348 11.1
    endloop
  endfacet
  facet normal -0.659426 -0.751769 0
    outer loop
      vertex -24.5128 8.55939 11.1
      vertex -24.208 8.29203 13.1
      vertex -24.5128 8.55939 13.1
    endloop
  endfacet
  facet normal -0.659426 -0.751769 -0
    outer loop
      vertex -24.208 8.29203 13.1
      vertex -24.5128 8.55939 11.1
      vertex -24.208 8.29203 11.1
    endloop
  endfacet
  facet normal 0.659426 -0.751769 0
    outer loop
      vertex -28.592 8.29203 11.1
      vertex -28.2872 8.55939 13.1
      vertex -28.592 8.29203 13.1
    endloop
  endfacet
  facet normal 0.659426 -0.751769 0
    outer loop
      vertex -28.2872 8.55939 13.1
      vertex -28.592 8.29203 11.1
      vertex -28.2872 8.55939 11.1
    endloop
  endfacet
  facet normal 0.321416 -0.946938 0
    outer loop
      vertex -27.5863 8.96403 11.1
      vertex -27.2023 9.09437 13.1
      vertex -27.5863 8.96403 13.1
    endloop
  endfacet
  facet normal 0.321416 -0.946938 0
    outer loop
      vertex -27.2023 9.09437 13.1
      vertex -27.5863 8.96403 11.1
      vertex -27.2023 9.09437 11.1
    endloop
  endfacet
  facet normal -0.751796 0.659396 0
    outer loop
      vertex -24.208 3.90797 11.1
      vertex -23.9406 4.21284 13.1
      vertex -23.9406 4.21284 11.1
    endloop
  endfacet
  facet normal -0.751796 0.659396 0
    outer loop
      vertex -23.9406 4.21284 13.1
      vertex -24.208 3.90797 11.1
      vertex -24.208 3.90797 13.1
    endloop
  endfacet
  facet normal -0.83145 0.555599 0
    outer loop
      vertex -23.9406 4.21284 11.1
      vertex -23.7153 4.55 13.1
      vertex -23.7153 4.55 11.1
    endloop
  endfacet
  facet normal -0.83145 0.555599 0
    outer loop
      vertex -23.7153 4.55 13.1
      vertex -23.9406 4.21284 11.1
      vertex -23.9406 4.21284 13.1
    endloop
  endfacet
  facet normal 0.83145 0.555599 0
    outer loop
      vertex -28.8594 4.21284 13.1
      vertex -29.0847 4.55 11.1
      vertex -29.0847 4.55 13.1
    endloop
  endfacet
  facet normal 0.83145 0.555599 0
    outer loop
      vertex -29.0847 4.55 11.1
      vertex -28.8594 4.21284 13.1
      vertex -28.8594 4.21284 11.1
    endloop
  endfacet
  facet normal -0.946888 -0.321564 0
    outer loop
      vertex -23.4056 6.90234 11.1
      vertex -23.536 7.28632 13.1
      vertex -23.536 7.28632 11.1
    endloop
  endfacet
  facet normal -0.946888 -0.321564 0
    outer loop
      vertex -23.536 7.28632 13.1
      vertex -23.4056 6.90234 11.1
      vertex -23.4056 6.90234 13.1
    endloop
  endfacet
  facet normal -0.98079 -0.195068 0
    outer loop
      vertex -23.3265 6.50463 11.1
      vertex -23.4056 6.90234 13.1
      vertex -23.4056 6.90234 11.1
    endloop
  endfacet
  facet normal -0.98079 -0.195068 0
    outer loop
      vertex -23.4056 6.90234 13.1
      vertex -23.3265 6.50463 11.1
      vertex -23.3265 6.50463 13.1
    endloop
  endfacet
  facet normal -0.321416 -0.946938 0
    outer loop
      vertex -25.5977 9.09437 11.1
      vertex -25.2137 8.96403 13.1
      vertex -25.5977 9.09437 13.1
    endloop
  endfacet
  facet normal -0.321416 -0.946938 -0
    outer loop
      vertex -25.2137 8.96403 13.1
      vertex -25.5977 9.09437 11.1
      vertex -25.2137 8.96403 11.1
    endloop
  endfacet
  facet normal -0.195096 -0.980784 0
    outer loop
      vertex -25.9954 9.17348 11.1
      vertex -25.5977 9.09437 13.1
      vertex -25.9954 9.17348 13.1
    endloop
  endfacet
  facet normal -0.195096 -0.980784 -0
    outer loop
      vertex -25.5977 9.09437 13.1
      vertex -25.9954 9.17348 11.1
      vertex -25.5977 9.09437 11.1
    endloop
  endfacet
  facet normal -0.555536 -0.831492 0
    outer loop
      vertex -24.85 8.78468 11.1
      vertex -24.5128 8.55939 13.1
      vertex -24.85 8.78468 13.1
    endloop
  endfacet
  facet normal -0.555536 -0.831492 -0
    outer loop
      vertex -24.5128 8.55939 13.1
      vertex -24.85 8.78468 11.1
      vertex -24.5128 8.55939 11.1
    endloop
  endfacet
  facet normal 0.896919 -0.442195 0
    outer loop
      vertex -29.264 7.28632 13.1
      vertex -29.0847 7.65 11.1
      vertex -29.0847 7.65 13.1
    endloop
  endfacet
  facet normal 0.896919 -0.442195 0
    outer loop
      vertex -29.0847 7.65 11.1
      vertex -29.264 7.28632 13.1
      vertex -29.264 7.28632 11.1
    endloop
  endfacet
  facet normal 0.83145 -0.555599 0
    outer loop
      vertex -29.0847 7.65 13.1
      vertex -28.8594 7.98716 11.1
      vertex -28.8594 7.98716 13.1
    endloop
  endfacet
  facet normal 0.83145 -0.555599 0
    outer loop
      vertex -28.8594 7.98716 11.1
      vertex -29.0847 7.65 13.1
      vertex -29.0847 7.65 11.1
    endloop
  endfacet
  facet normal 0.946888 -0.321564 0
    outer loop
      vertex -29.3944 6.90234 13.1
      vertex -29.264 7.28632 11.1
      vertex -29.264 7.28632 13.1
    endloop
  endfacet
  facet normal 0.946888 -0.321564 0
    outer loop
      vertex -29.264 7.28632 11.1
      vertex -29.3944 6.90234 13.1
      vertex -29.3944 6.90234 11.1
    endloop
  endfacet
  facet normal 0.442275 -0.89688 0
    outer loop
      vertex -27.95 8.78468 11.1
      vertex -27.5863 8.96403 13.1
      vertex -27.95 8.78468 13.1
    endloop
  endfacet
  facet normal 0.442275 -0.89688 0
    outer loop
      vertex -27.5863 8.96403 13.1
      vertex -27.95 8.78468 11.1
      vertex -27.5863 8.96403 11.1
    endloop
  endfacet
  facet normal 0.0654059 -0.997859 0
    outer loop
      vertex -26.8046 9.17348 11.1
      vertex -26.4 9.2 13.1
      vertex -26.8046 9.17348 13.1
    endloop
  endfacet
  facet normal 0.0654059 -0.997859 0
    outer loop
      vertex -26.4 9.2 13.1
      vertex -26.8046 9.17348 11.1
      vertex -26.4 9.2 11.1
    endloop
  endfacet
  facet normal -0.321416 0.946938 0
    outer loop
      vertex -25.2137 3.23597 11.1
      vertex -25.5977 3.10563 13.1
      vertex -25.2137 3.23597 13.1
    endloop
  endfacet
  facet normal -0.321416 0.946938 0
    outer loop
      vertex -25.5977 3.10563 13.1
      vertex -25.2137 3.23597 11.1
      vertex -25.5977 3.10563 11.1
    endloop
  endfacet
  facet normal -0.997862 0.0653519 0
    outer loop
      vertex -23.3265 5.69537 11.1
      vertex -23.3 6.1 13.1
      vertex -23.3 6.1 11.1
    endloop
  endfacet
  facet normal -0.997862 0.0653519 0
    outer loop
      vertex -23.3 6.1 13.1
      vertex -23.3265 5.69537 11.1
      vertex -23.3265 5.69537 13.1
    endloop
  endfacet
  facet normal 0.321416 0.946938 -0
    outer loop
      vertex -27.2023 3.10563 11.1
      vertex -27.5863 3.23597 13.1
      vertex -27.2023 3.10563 13.1
    endloop
  endfacet
  facet normal 0.321416 0.946938 0
    outer loop
      vertex -27.5863 3.23597 13.1
      vertex -27.2023 3.10563 11.1
      vertex -27.5863 3.23597 11.1
    endloop
  endfacet
  facet normal 0.98079 0.195068 0
    outer loop
      vertex -29.3944 5.29766 13.1
      vertex -29.4735 5.69537 11.1
      vertex -29.4735 5.69537 13.1
    endloop
  endfacet
  facet normal 0.98079 0.195068 0
    outer loop
      vertex -29.4735 5.69537 11.1
      vertex -29.3944 5.29766 13.1
      vertex -29.3944 5.29766 11.1
    endloop
  endfacet
  facet normal 0.896919 0.442195 0
    outer loop
      vertex -29.0847 4.55 13.1
      vertex -29.264 4.91368 11.1
      vertex -29.264 4.91368 13.1
    endloop
  endfacet
  facet normal 0.896919 0.442195 0
    outer loop
      vertex -29.264 4.91368 11.1
      vertex -29.0847 4.55 13.1
      vertex -29.0847 4.55 11.1
    endloop
  endfacet
  facet normal 0 0 1
    outer loop
      vertex -23.3265 6.50463 11.1
      vertex -23.3265 5.69537 11.1
      vertex -23.3 6.1 11.1
    endloop
  endfacet
  facet normal 0 0 1
    outer loop
      vertex -23.4056 6.90234 11.1
      vertex -23.3265 5.69537 11.1
      vertex -23.3265 6.50463 11.1
    endloop
  endfacet
  facet normal 0 0 1
    outer loop
      vertex -23.4056 6.90234 11.1
      vertex -23.4056 5.29766 11.1
      vertex -23.3265 5.69537 11.1
    endloop
  endfacet
  facet normal 0 0 1
    outer loop
      vertex -23.536 7.28632 11.1
      vertex -23.4056 5.29766 11.1
      vertex -23.4056 6.90234 11.1
    endloop
  endfacet
  facet normal 0 0 1
    outer loop
      vertex -23.536 7.28632 11.1
      vertex -23.536 4.91368 11.1
      vertex -23.4056 5.29766 11.1
    endloop
  endfacet
  facet normal 0 0 1
    outer loop
      vertex -23.7153 7.65 11.1
      vertex -23.536 4.91368 11.1
      vertex -23.536 7.28632 11.1
    endloop
  endfacet
  facet normal 0 0 1
    outer loop
      vertex -23.7153 7.65 11.1
      vertex -23.7153 4.55 11.1
      vertex -23.536 4.91368 11.1
    endloop
  endfacet
  facet normal 0 0 1
    outer loop
      vertex -23.9406 7.98716 11.1
      vertex -23.7153 4.55 11.1
      vertex -23.7153 7.65 11.1
    endloop
  endfacet
  facet normal 0 0 1
    outer loop
      vertex -23.9406 7.98716 11.1
      vertex -23.9406 4.21284 11.1
      vertex -23.7153 4.55 11.1
    endloop
  endfacet
  facet normal 0 0 1
    outer loop
      vertex -24.208 8.29203 11.1
      vertex -23.9406 4.21284 11.1
      vertex -23.9406 7.98716 11.1
    endloop
  endfacet
  facet normal 0 0 1
    outer loop
      vertex -24.208 8.29203 11.1
      vertex -24.208 3.90797 11.1
      vertex -23.9406 4.21284 11.1
    endloop
  endfacet
  facet normal 0 0 1
    outer loop
      vertex -24.5128 8.55939 11.1
      vertex -24.208 3.90797 11.1
      vertex -24.208 8.29203 11.1
    endloop
  endfacet
  facet normal 0 0 1
    outer loop
      vertex -24.5128 8.55939 11.1
      vertex -24.5128 3.6406 11.1
      vertex -24.208 3.90797 11.1
    endloop
  endfacet
  facet normal 0 0 1
    outer loop
      vertex -24.85 8.78468 11.1
      vertex -24.5128 3.6406 11.1
      vertex -24.5128 8.55939 11.1
    endloop
  endfacet
  facet normal 0 0 1
    outer loop
      vertex -24.85 8.78468 11.1
      vertex -24.85 3.41532 11.1
      vertex -24.5128 3.6406 11.1
    endloop
  endfacet
  facet normal 0 0 1
    outer loop
      vertex -25.2137 8.96403 11.1
      vertex -24.85 3.41532 11.1
      vertex -24.85 8.78468 11.1
    endloop
  endfacet
  facet normal 0 0 1
    outer loop
      vertex -25.2137 8.96403 11.1
      vertex -25.2137 3.23597 11.1
      vertex -24.85 3.41532 11.1
    endloop
  endfacet
  facet normal 0 0 1
    outer loop
      vertex -25.5977 9.09437 11.1
      vertex -25.2137 3.23597 11.1
      vertex -25.2137 8.96403 11.1
    endloop
  endfacet
  facet normal 0 0 1
    outer loop
      vertex -25.5977 9.09437 11.1
      vertex -25.5977 3.10563 11.1
      vertex -25.2137 3.23597 11.1
    endloop
  endfacet
  facet normal 0 0 1
    outer loop
      vertex -25.9954 9.17348 11.1
      vertex -25.5977 3.10563 11.1
      vertex -25.5977 9.09437 11.1
    endloop
  endfacet
  facet normal 0 0 1
    outer loop
      vertex -25.9954 9.17348 11.1
      vertex -25.9954 3.02652 11.1
      vertex -25.5977 3.10563 11.1
    endloop
  endfacet
  facet normal 0 0 1
    outer loop
      vertex -26.4 9.2 11.1
      vertex -25.9954 3.02652 11.1
      vertex -25.9954 9.17348 11.1
    endloop
  endfacet
  facet normal 0 0 1
    outer loop
      vertex -26.4 9.2 11.1
      vertex -26.4 3 11.1
      vertex -25.9954 3.02652 11.1
    endloop
  endfacet
  facet normal -0 0 1
    outer loop
      vertex -26.8046 9.17348 11.1
      vertex -26.4 3 11.1
      vertex -26.4 9.2 11.1
    endloop
  endfacet
  facet normal 0 0 1
    outer loop
      vertex -26.8046 9.17348 11.1
      vertex -26.8046 3.02652 11.1
      vertex -26.4 3 11.1
    endloop
  endfacet
  facet normal -0 0 1
    outer loop
      vertex -27.2023 9.09437 11.1
      vertex -26.8046 3.02652 11.1
      vertex -26.8046 9.17348 11.1
    endloop
  endfacet
  facet normal 0 0 1
    outer loop
      vertex -27.2023 9.09437 11.1
      vertex -27.2023 3.10563 11.1
      vertex -26.8046 3.02652 11.1
    endloop
  endfacet
  facet normal -0 0 1
    outer loop
      vertex -27.5863 8.96403 11.1
      vertex -27.2023 3.10563 11.1
      vertex -27.2023 9.09437 11.1
    endloop
  endfacet
  facet normal 0 0 1
    outer loop
      vertex -27.5863 8.96403 11.1
      vertex -27.5863 3.23597 11.1
      vertex -27.2023 3.10563 11.1
    endloop
  endfacet
  facet normal -0 0 1
    outer loop
      vertex -27.95 8.78468 11.1
      vertex -27.5863 3.23597 11.1
      vertex -27.5863 8.96403 11.1
    endloop
  endfacet
  facet normal 0 0 1
    outer loop
      vertex -27.95 8.78468 11.1
      vertex -27.95 3.41532 11.1
      vertex -27.5863 3.23597 11.1
    endloop
  endfacet
  facet normal -0 0 1
    outer loop
      vertex -28.2872 8.55939 11.1
      vertex -27.95 3.41532 11.1
      vertex -27.95 8.78468 11.1
    endloop
  endfacet
  facet normal 0 0 1
    outer loop
      vertex -28.2872 8.55939 11.1
      vertex -28.2872 3.6406 11.1
      vertex -27.95 3.41532 11.1
    endloop
  endfacet
  facet normal -0 0 1
    outer loop
      vertex -28.592 8.29203 11.1
      vertex -28.2872 3.6406 11.1
      vertex -28.2872 8.55939 11.1
    endloop
  endfacet
  facet normal 0 0 1
    outer loop
      vertex -28.592 8.29203 11.1
      vertex -28.592 3.90797 11.1
      vertex -28.2872 3.6406 11.1
    endloop
  endfacet
  facet normal -0 0 1
    outer loop
      vertex -28.8594 7.98716 11.1
      vertex -28.592 3.90797 11.1
      vertex -28.592 8.29203 11.1
    endloop
  endfacet
  facet normal 0 0 1
    outer loop
      vertex -28.8594 7.98716 11.1
      vertex -28.8594 4.21284 11.1
      vertex -28.592 3.90797 11.1
    endloop
  endfacet
  facet normal -0 0 1
    outer loop
      vertex -29.0847 7.65 11.1
      vertex -28.8594 4.21284 11.1
      vertex -28.8594 7.98716 11.1
    endloop
  endfacet
  facet normal 0 0 1
    outer loop
      vertex -29.0847 7.65 11.1
      vertex -29.0847 4.55 11.1
      vertex -28.8594 4.21284 11.1
    endloop
  endfacet
  facet normal -0 0 1
    outer loop
      vertex -29.264 7.28632 11.1
      vertex -29.0847 4.55 11.1
      vertex -29.0847 7.65 11.1
    endloop
  endfacet
  facet normal 0 0 1
    outer loop
      vertex -29.264 7.28632 11.1
      vertex -29.264 4.91368 11.1
      vertex -29.0847 4.55 11.1
    endloop
  endfacet
  facet normal -0 0 1
    outer loop
      vertex -29.3944 6.90234 11.1
      vertex -29.264 4.91368 11.1
      vertex -29.264 7.28632 11.1
    endloop
  endfacet
  facet normal 0 0 1
    outer loop
      vertex -29.3944 6.90234 11.1
      vertex -29.3944 5.29766 11.1
      vertex -29.264 4.91368 11.1
    endloop
  endfacet
  facet normal -0 0 1
    outer loop
      vertex -29.4735 6.50463 11.1
      vertex -29.3944 5.29766 11.1
      vertex -29.3944 6.90234 11.1
    endloop
  endfacet
  facet normal 0 0 1
    outer loop
      vertex -29.4735 6.50463 11.1
      vertex -29.4735 5.69537 11.1
      vertex -29.3944 5.29766 11.1
    endloop
  endfacet
  facet normal 0 -0 1
    outer loop
      vertex -29.4735 5.69537 11.1
      vertex -29.4735 6.50463 11.1
      vertex -29.5 6.1 11.1
    endloop
  endfacet
  facet normal 0.946888 0.321564 0
    outer loop
      vertex -29.264 4.91368 13.1
      vertex -29.3944 5.29766 11.1
      vertex -29.3944 5.29766 13.1
    endloop
  endfacet
  facet normal 0.946888 0.321564 0
    outer loop
      vertex -29.3944 5.29766 11.1
      vertex -29.264 4.91368 13.1
      vertex -29.264 4.91368 11.1
    endloop
  endfacet
  facet normal -0.896919 -0.442195 0
    outer loop
      vertex -23.536 7.28632 11.1
      vertex -23.7153 7.65 13.1
      vertex -23.7153 7.65 11.1
    endloop
  endfacet
  facet normal -0.896919 -0.442195 0
    outer loop
      vertex -23.7153 7.65 13.1
      vertex -23.536 7.28632 11.1
      vertex -23.536 7.28632 13.1
    endloop
  endfacet
  facet normal -0.83145 -0.555599 0
    outer loop
      vertex -23.7153 7.65 11.1
      vertex -23.9406 7.98716 13.1
      vertex -23.9406 7.98716 11.1
    endloop
  endfacet
  facet normal -0.83145 -0.555599 0
    outer loop
      vertex -23.9406 7.98716 13.1
      vertex -23.7153 7.65 11.1
      vertex -23.7153 7.65 13.1
    endloop
  endfacet
  facet normal -0.751796 -0.659396 0
    outer loop
      vertex -23.9406 7.98716 11.1
      vertex -24.208 8.29203 13.1
      vertex -24.208 8.29203 11.1
    endloop
  endfacet
  facet normal -0.751796 -0.659396 0
    outer loop
      vertex -24.208 8.29203 13.1
      vertex -23.9406 7.98716 11.1
      vertex -23.9406 7.98716 13.1
    endloop
  endfacet
  facet normal 0.195096 -0.980784 0
    outer loop
      vertex -27.2023 9.09437 11.1
      vertex -26.8046 9.17348 13.1
      vertex -27.2023 9.09437 13.1
    endloop
  endfacet
  facet normal 0.195096 -0.980784 0
    outer loop
      vertex -26.8046 9.17348 13.1
      vertex -27.2023 9.09437 11.1
      vertex -26.8046 9.17348 11.1
    endloop
  endfacet
  facet normal -0.0654059 0.997859 0
    outer loop
      vertex -25.9954 3.02652 11.1
      vertex -26.4 3 13.1
      vertex -25.9954 3.02652 13.1
    endloop
  endfacet
  facet normal -0.0654059 0.997859 0
    outer loop
      vertex -26.4 3 13.1
      vertex -25.9954 3.02652 11.1
      vertex -26.4 3 11.1
    endloop
  endfacet
  facet normal -0.195096 0.980784 0
    outer loop
      vertex -25.5977 3.10563 11.1
      vertex -25.9954 3.02652 13.1
      vertex -25.5977 3.10563 13.1
    endloop
  endfacet
  facet normal -0.195096 0.980784 0
    outer loop
      vertex -25.9954 3.02652 13.1
      vertex -25.5977 3.10563 11.1
      vertex -25.9954 3.02652 11.1
    endloop
  endfacet
  facet normal -0.555519 0.831504 0
    outer loop
      vertex -24.5128 3.6406 11.1
      vertex -24.85 3.41532 13.1
      vertex -24.5128 3.6406 13.1
    endloop
  endfacet
  facet normal -0.555519 0.831504 0
    outer loop
      vertex -24.85 3.41532 13.1
      vertex -24.5128 3.6406 11.1
      vertex -24.85 3.41532 11.1
    endloop
  endfacet
  facet normal -0.98079 0.195068 0
    outer loop
      vertex -23.4056 5.29766 11.1
      vertex -23.3265 5.69537 13.1
      vertex -23.3265 5.69537 11.1
    endloop
  endfacet
  facet normal -0.98079 0.195068 0
    outer loop
      vertex -23.3265 5.69537 13.1
      vertex -23.4056 5.29766 11.1
      vertex -23.4056 5.29766 13.1
    endloop
  endfacet
  facet normal 0.195096 0.980784 -0
    outer loop
      vertex -26.8046 3.02652 11.1
      vertex -27.2023 3.10563 13.1
      vertex -26.8046 3.02652 13.1
    endloop
  endfacet
  facet normal 0.195096 0.980784 0
    outer loop
      vertex -27.2023 3.10563 13.1
      vertex -26.8046 3.02652 11.1
      vertex -27.2023 3.10563 11.1
    endloop
  endfacet
  facet normal 0.555519 0.831504 -0
    outer loop
      vertex -27.95 3.41532 11.1
      vertex -28.2872 3.6406 13.1
      vertex -27.95 3.41532 13.1
    endloop
  endfacet
  facet normal 0.555519 0.831504 0
    outer loop
      vertex -28.2872 3.6406 13.1
      vertex -27.95 3.41532 11.1
      vertex -28.2872 3.6406 11.1
    endloop
  endfacet
  facet normal 0.65944 0.751757 -0
    outer loop
      vertex -28.2872 3.6406 11.1
      vertex -28.592 3.90797 13.1
      vertex -28.2872 3.6406 13.1
    endloop
  endfacet
  facet normal 0.65944 0.751757 0
    outer loop
      vertex -28.592 3.90797 13.1
      vertex -28.2872 3.6406 11.1
      vertex -28.592 3.90797 11.1
    endloop
  endfacet
  facet normal 0.442275 0.89688 -0
    outer loop
      vertex -27.5863 3.23597 11.1
      vertex -27.95 3.41532 13.1
      vertex -27.5863 3.23597 13.1
    endloop
  endfacet
  facet normal 0.442275 0.89688 0
    outer loop
      vertex -27.95 3.41532 13.1
      vertex -27.5863 3.23597 11.1
      vertex -27.95 3.41532 11.1
    endloop
  endfacet
  facet normal 0.0654059 0.997859 -0
    outer loop
      vertex -26.4 3 11.1
      vertex -26.8046 3.02652 13.1
      vertex -26.4 3 13.1
    endloop
  endfacet
  facet normal 0.0654059 0.997859 0
    outer loop
      vertex -26.8046 3.02652 13.1
      vertex -26.4 3 11.1
      vertex -26.8046 3.02652 11.1
    endloop
  endfacet
  facet normal 0.751796 0.659396 0
    outer loop
      vertex -28.592 3.90797 13.1
      vertex -28.8594 4.21284 11.1
      vertex -28.8594 4.21284 13.1
    endloop
  endfacet
  facet normal 0.751796 0.659396 0
    outer loop
      vertex -28.8594 4.21284 11.1
      vertex -28.592 3.90797 13.1
      vertex -28.592 3.90797 11.1
    endloop
  endfacet
  facet normal 0.997862 0.0653519 0
    outer loop
      vertex -29.4735 5.69537 13.1
      vertex -29.5 6.1 11.1
      vertex -29.5 6.1 13.1
    endloop
  endfacet
  facet normal 0.997862 0.0653519 0
    outer loop
      vertex -29.5 6.1 11.1
      vertex -29.4735 5.69537 13.1
      vertex -29.4735 5.69537 11.1
    endloop
  endfacet
  facet normal -0.442275 -0.89688 0
    outer loop
      vertex -25.2137 8.96403 11.1
      vertex -24.85 8.78468 13.1
      vertex -25.2137 8.96403 13.1
    endloop
  endfacet
  facet normal -0.442275 -0.89688 -0
    outer loop
      vertex -24.85 8.78468 13.1
      vertex -25.2137 8.96403 11.1
      vertex -24.85 8.78468 11.1
    endloop
  endfacet
  facet normal 0.751796 -0.659396 0
    outer loop
      vertex -28.8594 7.98716 13.1
      vertex -28.592 8.29203 11.1
      vertex -28.592 8.29203 13.1
    endloop
  endfacet
  facet normal 0.751796 -0.659396 0
    outer loop
      vertex -28.592 8.29203 11.1
      vertex -28.8594 7.98716 13.1
      vertex -28.8594 7.98716 11.1
    endloop
  endfacet
  facet normal 0.98079 -0.195068 0
    outer loop
      vertex -29.4735 6.50463 13.1
      vertex -29.3944 6.90234 11.1
      vertex -29.3944 6.90234 13.1
    endloop
  endfacet
  facet normal 0.98079 -0.195068 0
    outer loop
      vertex -29.3944 6.90234 11.1
      vertex -29.4735 6.50463 13.1
      vertex -29.4735 6.50463 11.1
    endloop
  endfacet
  facet normal 0.555536 -0.831492 0
    outer loop
      vertex -28.2872 8.55939 11.1
      vertex -27.95 8.78468 13.1
      vertex -28.2872 8.55939 13.1
    endloop
  endfacet
  facet normal 0.555536 -0.831492 0
    outer loop
      vertex -27.95 8.78468 13.1
      vertex -28.2872 8.55939 11.1
      vertex -27.95 8.78468 11.1
    endloop
  endfacet
  facet normal -0.442275 0.89688 0
    outer loop
      vertex -24.85 3.41532 11.1
      vertex -25.2137 3.23597 13.1
      vertex -24.85 3.41532 13.1
    endloop
  endfacet
  facet normal -0.442275 0.89688 0
    outer loop
      vertex -25.2137 3.23597 13.1
      vertex -24.85 3.41532 11.1
      vertex -25.2137 3.23597 11.1
    endloop
  endfacet
  facet normal -0.65944 0.751757 0
    outer loop
      vertex -24.208 3.90797 11.1
      vertex -24.5128 3.6406 13.1
      vertex -24.208 3.90797 13.1
    endloop
  endfacet
  facet normal -0.65944 0.751757 0
    outer loop
      vertex -24.5128 3.6406 13.1
      vertex -24.208 3.90797 11.1
      vertex -24.5128 3.6406 11.1
    endloop
  endfacet
  facet normal -0.896919 0.442195 0
    outer loop
      vertex -23.7153 4.55 11.1
      vertex -23.536 4.91368 13.1
      vertex -23.536 4.91368 11.1
    endloop
  endfacet
  facet normal -0.896919 0.442195 0
    outer loop
      vertex -23.536 4.91368 13.1
      vertex -23.7153 4.55 11.1
      vertex -23.7153 4.55 13.1
    endloop
  endfacet
  facet normal -0.946888 0.321564 0
    outer loop
      vertex -23.536 4.91368 11.1
      vertex -23.4056 5.29766 13.1
      vertex -23.4056 5.29766 11.1
    endloop
  endfacet
  facet normal -0.946888 0.321564 0
    outer loop
      vertex -23.4056 5.29766 13.1
      vertex -23.536 4.91368 11.1
      vertex -23.536 4.91368 13.1
    endloop
  endfacet
  facet normal -0.997862 -0.0653568 0
    outer loop
      vertex -23.3 29.9 11.1
      vertex -23.3265 30.3046 13.1
      vertex -23.3265 30.3046 11.1
    endloop
  endfacet
  facet normal -0.997862 -0.0653568 0
    outer loop
      vertex -23.3265 30.3046 13.1
      vertex -23.3 29.9 11.1
      vertex -23.3 29.9 13.1
    endloop
  endfacet
  facet normal 0.0653568 -0.997862 0
    outer loop
      vertex -26.8046 32.9735 11.1
      vertex -26.4 33 13.1
      vertex -26.8046 32.9735 13.1
    endloop
  endfacet
  facet normal 0.0653568 -0.997862 0
    outer loop
      vertex -26.4 33 13.1
      vertex -26.8046 32.9735 11.1
      vertex -26.4 33 11.1
    endloop
  endfacet
  facet normal -0.659482 -0.751721 0
    outer loop
      vertex -24.5128 32.3594 11.1
      vertex -24.208 32.092 13.1
      vertex -24.5128 32.3594 13.1
    endloop
  endfacet
  facet normal -0.659482 -0.751721 -0
    outer loop
      vertex -24.208 32.092 13.1
      vertex -24.5128 32.3594 11.1
      vertex -24.208 32.092 11.1
    endloop
  endfacet
  facet normal 0.751721 -0.659482 0
    outer loop
      vertex -28.8594 31.7872 13.1
      vertex -28.592 32.092 11.1
      vertex -28.592 32.092 13.1
    endloop
  endfacet
  facet normal 0.751721 -0.659482 0
    outer loop
      vertex -28.592 32.092 11.1
      vertex -28.8594 31.7872 13.1
      vertex -28.8594 31.7872 11.1
    endloop
  endfacet
  facet normal 0.442176 -0.896928 0
    outer loop
      vertex -27.95 32.5847 11.1
      vertex -27.5863 32.764 13.1
      vertex -27.95 32.5847 13.1
    endloop
  endfacet
  facet normal 0.442176 -0.896928 0
    outer loop
      vertex -27.5863 32.764 13.1
      vertex -27.95 32.5847 11.1
      vertex -27.5863 32.764 11.1
    endloop
  endfacet
  facet normal -0.896928 -0.442176 0
    outer loop
      vertex -23.536 31.0863 11.1
      vertex -23.7153 31.45 13.1
      vertex -23.7153 31.45 11.1
    endloop
  endfacet
  facet normal -0.896928 -0.442176 0
    outer loop
      vertex -23.7153 31.45 13.1
      vertex -23.536 31.0863 11.1
      vertex -23.536 31.0863 13.1
    endloop
  endfacet
  facet normal -0.980789 -0.195073 0
    outer loop
      vertex -23.3265 30.3046 11.1
      vertex -23.4056 30.7023 13.1
      vertex -23.4056 30.7023 11.1
    endloop
  endfacet
  facet normal -0.980789 -0.195073 0
    outer loop
      vertex -23.4056 30.7023 13.1
      vertex -23.3265 30.3046 11.1
      vertex -23.3265 30.3046 13.1
    endloop
  endfacet
  facet normal -0.321549 -0.946893 0
    outer loop
      vertex -25.5977 32.8944 11.1
      vertex -25.2137 32.764 13.1
      vertex -25.5977 32.8944 13.1
    endloop
  endfacet
  facet normal -0.321549 -0.946893 -0
    outer loop
      vertex -25.2137 32.764 13.1
      vertex -25.5977 32.8944 11.1
      vertex -25.2137 32.764 11.1
    endloop
  endfacet
  facet normal -0.555553 -0.831481 0
    outer loop
      vertex -24.85 32.5847 11.1
      vertex -24.5128 32.3594 13.1
      vertex -24.85 32.5847 13.1
    endloop
  endfacet
  facet normal -0.555553 -0.831481 -0
    outer loop
      vertex -24.5128 32.3594 13.1
      vertex -24.85 32.5847 11.1
      vertex -24.5128 32.3594 11.1
    endloop
  endfacet
  facet normal 0.896928 -0.442176 0
    outer loop
      vertex -29.264 31.0863 13.1
      vertex -29.0847 31.45 11.1
      vertex -29.0847 31.45 13.1
    endloop
  endfacet
  facet normal 0.896928 -0.442176 0
    outer loop
      vertex -29.0847 31.45 11.1
      vertex -29.264 31.0863 13.1
      vertex -29.264 31.0863 11.1
    endloop
  endfacet
  facet normal 0 0 1
    outer loop
      vertex -23.3265 30.3046 11.1
      vertex -23.3265 29.4954 11.1
      vertex -23.3 29.9 11.1
    endloop
  endfacet
  facet normal 0 0 1
    outer loop
      vertex -23.4056 30.7023 11.1
      vertex -23.3265 29.4954 11.1
      vertex -23.3265 30.3046 11.1
    endloop
  endfacet
  facet normal 0 0 1
    outer loop
      vertex -23.4056 30.7023 11.1
      vertex -23.4056 29.0977 11.1
      vertex -23.3265 29.4954 11.1
    endloop
  endfacet
  facet normal 0 0 1
    outer loop
      vertex -23.536 31.0863 11.1
      vertex -23.4056 29.0977 11.1
      vertex -23.4056 30.7023 11.1
    endloop
  endfacet
  facet normal 0 0 1
    outer loop
      vertex -23.536 31.0863 11.1
      vertex -23.536 28.7137 11.1
      vertex -23.4056 29.0977 11.1
    endloop
  endfacet
  facet normal 0 0 1
    outer loop
      vertex -23.7153 31.45 11.1
      vertex -23.536 28.7137 11.1
      vertex -23.536 31.0863 11.1
    endloop
  endfacet
  facet normal 0 0 1
    outer loop
      vertex -23.7153 31.45 11.1
      vertex -23.7153 28.35 11.1
      vertex -23.536 28.7137 11.1
    endloop
  endfacet
  facet normal 0 0 1
    outer loop
      vertex -23.9406 31.7872 11.1
      vertex -23.7153 28.35 11.1
      vertex -23.7153 31.45 11.1
    endloop
  endfacet
  facet normal 0 0 1
    outer loop
      vertex -23.9406 31.7872 11.1
      vertex -23.9406 28.0128 11.1
      vertex -23.7153 28.35 11.1
    endloop
  endfacet
  facet normal 0 0 1
    outer loop
      vertex -24.208 32.092 11.1
      vertex -23.9406 28.0128 11.1
      vertex -23.9406 31.7872 11.1
    endloop
  endfacet
  facet normal 0 0 1
    outer loop
      vertex -24.208 32.092 11.1
      vertex -24.208 27.708 11.1
      vertex -23.9406 28.0128 11.1
    endloop
  endfacet
  facet normal 0 0 1
    outer loop
      vertex -24.5128 32.3594 11.1
      vertex -24.208 27.708 11.1
      vertex -24.208 32.092 11.1
    endloop
  endfacet
  facet normal 0 0 1
    outer loop
      vertex -24.5128 32.3594 11.1
      vertex -24.5128 27.4406 11.1
      vertex -24.208 27.708 11.1
    endloop
  endfacet
  facet normal 0 0 1
    outer loop
      vertex -24.85 32.5847 11.1
      vertex -24.5128 27.4406 11.1
      vertex -24.5128 32.3594 11.1
    endloop
  endfacet
  facet normal 0 0 1
    outer loop
      vertex -24.85 32.5847 11.1
      vertex -24.85 27.2153 11.1
      vertex -24.5128 27.4406 11.1
    endloop
  endfacet
  facet normal 0 0 1
    outer loop
      vertex -25.2137 32.764 11.1
      vertex -24.85 27.2153 11.1
      vertex -24.85 32.5847 11.1
    endloop
  endfacet
  facet normal 0 0 1
    outer loop
      vertex -25.2137 32.764 11.1
      vertex -25.2137 27.036 11.1
      vertex -24.85 27.2153 11.1
    endloop
  endfacet
  facet normal 0 0 1
    outer loop
      vertex -25.5977 32.8944 11.1
      vertex -25.2137 27.036 11.1
      vertex -25.2137 32.764 11.1
    endloop
  endfacet
  facet normal 0 0 1
    outer loop
      vertex -25.5977 32.8944 11.1
      vertex -25.5977 26.9056 11.1
      vertex -25.2137 27.036 11.1
    endloop
  endfacet
  facet normal 0 0 1
    outer loop
      vertex -25.9954 32.9735 11.1
      vertex -25.5977 26.9056 11.1
      vertex -25.5977 32.8944 11.1
    endloop
  endfacet
  facet normal 0 0 1
    outer loop
      vertex -25.9954 32.9735 11.1
      vertex -25.9954 26.8265 11.1
      vertex -25.5977 26.9056 11.1
    endloop
  endfacet
  facet normal 0 0 1
    outer loop
      vertex -26.4 33 11.1
      vertex -25.9954 26.8265 11.1
      vertex -25.9954 32.9735 11.1
    endloop
  endfacet
  facet normal 0 0 1
    outer loop
      vertex -26.4 33 11.1
      vertex -26.4 26.8 11.1
      vertex -25.9954 26.8265 11.1
    endloop
  endfacet
  facet normal -0 0 1
    outer loop
      vertex -26.8046 32.9735 11.1
      vertex -26.4 26.8 11.1
      vertex -26.4 33 11.1
    endloop
  endfacet
  facet normal 0 0 1
    outer loop
      vertex -26.8046 32.9735 11.1
      vertex -26.8046 26.8265 11.1
      vertex -26.4 26.8 11.1
    endloop
  endfacet
  facet normal -0 0 1
    outer loop
      vertex -27.2023 32.8944 11.1
      vertex -26.8046 26.8265 11.1
      vertex -26.8046 32.9735 11.1
    endloop
  endfacet
  facet normal 0 0 1
    outer loop
      vertex -27.2023 32.8944 11.1
      vertex -27.2023 26.9056 11.1
      vertex -26.8046 26.8265 11.1
    endloop
  endfacet
  facet normal -0 0 1
    outer loop
      vertex -27.5863 32.764 11.1
      vertex -27.2023 26.9056 11.1
      vertex -27.2023 32.8944 11.1
    endloop
  endfacet
  facet normal 0 0 1
    outer loop
      vertex -27.5863 32.764 11.1
      vertex -27.5863 27.036 11.1
      vertex -27.2023 26.9056 11.1
    endloop
  endfacet
  facet normal -0 0 1
    outer loop
      vertex -27.95 32.5847 11.1
      vertex -27.5863 27.036 11.1
      vertex -27.5863 32.764 11.1
    endloop
  endfacet
  facet normal 0 0 1
    outer loop
      vertex -27.95 32.5847 11.1
      vertex -27.95 27.2153 11.1
      vertex -27.5863 27.036 11.1
    endloop
  endfacet
  facet normal -0 0 1
    outer loop
      vertex -28.2872 32.3594 11.1
      vertex -27.95 27.2153 11.1
      vertex -27.95 32.5847 11.1
    endloop
  endfacet
  facet normal 0 0 1
    outer loop
      vertex -28.2872 32.3594 11.1
      vertex -28.2872 27.4406 11.1
      vertex -27.95 27.2153 11.1
    endloop
  endfacet
  facet normal -0 0 1
    outer loop
      vertex -28.592 32.092 11.1
      vertex -28.2872 27.4406 11.1
      vertex -28.2872 32.3594 11.1
    endloop
  endfacet
  facet normal 0 0 1
    outer loop
      vertex -28.592 32.092 11.1
      vertex -28.592 27.708 11.1
      vertex -28.2872 27.4406 11.1
    endloop
  endfacet
  facet normal -0 0 1
    outer loop
      vertex -28.8594 31.7872 11.1
      vertex -28.592 27.708 11.1
      vertex -28.592 32.092 11.1
    endloop
  endfacet
  facet normal 0 0 1
    outer loop
      vertex -28.8594 31.7872 11.1
      vertex -28.8594 28.0128 11.1
      vertex -28.592 27.708 11.1
    endloop
  endfacet
  facet normal -0 0 1
    outer loop
      vertex -29.0847 31.45 11.1
      vertex -28.8594 28.0128 11.1
      vertex -28.8594 31.7872 11.1
    endloop
  endfacet
  facet normal 0 0 1
    outer loop
      vertex -29.0847 31.45 11.1
      vertex -29.0847 28.35 11.1
      vertex -28.8594 28.0128 11.1
    endloop
  endfacet
  facet normal -0 0 1
    outer loop
      vertex -29.264 31.0863 11.1
      vertex -29.0847 28.35 11.1
      vertex -29.0847 31.45 11.1
    endloop
  endfacet
  facet normal 0 0 1
    outer loop
      vertex -29.264 31.0863 11.1
      vertex -29.264 28.7137 11.1
      vertex -29.0847 28.35 11.1
    endloop
  endfacet
  facet normal -0 0 1
    outer loop
      vertex -29.3944 30.7023 11.1
      vertex -29.264 28.7137 11.1
      vertex -29.264 31.0863 11.1
    endloop
  endfacet
  facet normal 0 0 1
    outer loop
      vertex -29.3944 30.7023 11.1
      vertex -29.3944 29.0977 11.1
      vertex -29.264 28.7137 11.1
    endloop
  endfacet
  facet normal -0 0 1
    outer loop
      vertex -29.4735 30.3046 11.1
      vertex -29.3944 29.0977 11.1
      vertex -29.3944 30.7023 11.1
    endloop
  endfacet
  facet normal 0 0 1
    outer loop
      vertex -29.4735 30.3046 11.1
      vertex -29.4735 29.4954 11.1
      vertex -29.3944 29.0977 11.1
    endloop
  endfacet
  facet normal 0 -0 1
    outer loop
      vertex -29.4735 29.4954 11.1
      vertex -29.4735 30.3046 11.1
      vertex -29.5 29.9 11.1
    endloop
  endfacet
  facet normal 0.831481 -0.555553 0
    outer loop
      vertex -29.0847 31.45 13.1
      vertex -28.8594 31.7872 11.1
      vertex -28.8594 31.7872 13.1
    endloop
  endfacet
  facet normal 0.831481 -0.555553 0
    outer loop
      vertex -28.8594 31.7872 11.1
      vertex -29.0847 31.45 13.1
      vertex -29.0847 31.45 11.1
    endloop
  endfacet
  facet normal 0.997862 -0.0653568 0
    outer loop
      vertex -29.5 29.9 13.1
      vertex -29.4735 30.3046 11.1
      vertex -29.4735 30.3046 13.1
    endloop
  endfacet
  facet normal 0.997862 -0.0653568 0
    outer loop
      vertex -29.4735 30.3046 11.1
      vertex -29.5 29.9 13.1
      vertex -29.5 29.9 11.1
    endloop
  endfacet
  facet normal 0.659482 -0.751721 0
    outer loop
      vertex -28.592 32.092 11.1
      vertex -28.2872 32.3594 13.1
      vertex -28.592 32.092 13.1
    endloop
  endfacet
  facet normal 0.659482 -0.751721 0
    outer loop
      vertex -28.2872 32.3594 13.1
      vertex -28.592 32.092 11.1
      vertex -28.2872 32.3594 11.1
    endloop
  endfacet
  facet normal 0.195073 -0.980789 0
    outer loop
      vertex -27.2023 32.8944 11.1
      vertex -26.8046 32.9735 13.1
      vertex -27.2023 32.8944 13.1
    endloop
  endfacet
  facet normal 0.195073 -0.980789 0
    outer loop
      vertex -26.8046 32.9735 13.1
      vertex -27.2023 32.8944 11.1
      vertex -26.8046 32.9735 11.1
    endloop
  endfacet
  facet normal -0.831481 0.555553 0
    outer loop
      vertex -23.9406 28.0128 11.1
      vertex -23.7153 28.35 13.1
      vertex -23.7153 28.35 11.1
    endloop
  endfacet
  facet normal -0.831481 0.555553 0
    outer loop
      vertex -23.7153 28.35 13.1
      vertex -23.9406 28.0128 11.1
      vertex -23.9406 28.0128 13.1
    endloop
  endfacet
  facet normal -0.997862 0.0653568 0
    outer loop
      vertex -23.3265 29.4954 11.1
      vertex -23.3 29.9 13.1
      vertex -23.3 29.9 11.1
    endloop
  endfacet
  facet normal -0.997862 0.0653568 0
    outer loop
      vertex -23.3 29.9 13.1
      vertex -23.3265 29.4954 11.1
      vertex -23.3265 29.4954 13.1
    endloop
  endfacet
  facet normal 0.195073 0.980789 -0
    outer loop
      vertex -26.8046 26.8265 11.1
      vertex -27.2023 26.9056 13.1
      vertex -26.8046 26.8265 13.1
    endloop
  endfacet
  facet normal 0.195073 0.980789 0
    outer loop
      vertex -27.2023 26.9056 13.1
      vertex -26.8046 26.8265 11.1
      vertex -27.2023 26.9056 11.1
    endloop
  endfacet
  facet normal -0.195073 0.980789 0
    outer loop
      vertex -25.5977 26.9056 11.1
      vertex -25.9954 26.8265 13.1
      vertex -25.5977 26.9056 13.1
    endloop
  endfacet
  facet normal -0.195073 0.980789 0
    outer loop
      vertex -25.9954 26.8265 13.1
      vertex -25.5977 26.9056 11.1
      vertex -25.9954 26.8265 11.1
    endloop
  endfacet
  facet normal -0.946893 -0.321549 0
    outer loop
      vertex -23.4056 30.7023 11.1
      vertex -23.536 31.0863 13.1
      vertex -23.536 31.0863 11.1
    endloop
  endfacet
  facet normal -0.946893 -0.321549 0
    outer loop
      vertex -23.536 31.0863 13.1
      vertex -23.4056 30.7023 11.1
      vertex -23.4056 30.7023 13.1
    endloop
  endfacet
  facet normal -0.751721 -0.659482 0
    outer loop
      vertex -23.9406 31.7872 11.1
      vertex -24.208 32.092 13.1
      vertex -24.208 32.092 11.1
    endloop
  endfacet
  facet normal -0.751721 -0.659482 0
    outer loop
      vertex -24.208 32.092 13.1
      vertex -23.9406 31.7872 11.1
      vertex -23.9406 31.7872 13.1
    endloop
  endfacet
  facet normal -0.831481 -0.555553 0
    outer loop
      vertex -23.7153 31.45 11.1
      vertex -23.9406 31.7872 13.1
      vertex -23.9406 31.7872 11.1
    endloop
  endfacet
  facet normal -0.831481 -0.555553 0
    outer loop
      vertex -23.9406 31.7872 13.1
      vertex -23.7153 31.45 11.1
      vertex -23.7153 31.45 13.1
    endloop
  endfacet
  facet normal -0.195073 -0.980789 0
    outer loop
      vertex -25.9954 32.9735 11.1
      vertex -25.5977 32.8944 13.1
      vertex -25.9954 32.9735 13.1
    endloop
  endfacet
  facet normal -0.195073 -0.980789 -0
    outer loop
      vertex -25.5977 32.8944 13.1
      vertex -25.9954 32.9735 11.1
      vertex -25.5977 32.8944 11.1
    endloop
  endfacet
  facet normal -0.0653568 -0.997862 0
    outer loop
      vertex -26.4 33 11.1
      vertex -25.9954 32.9735 13.1
      vertex -26.4 33 13.1
    endloop
  endfacet
  facet normal -0.0653568 -0.997862 -0
    outer loop
      vertex -25.9954 32.9735 13.1
      vertex -26.4 33 11.1
      vertex -25.9954 32.9735 11.1
    endloop
  endfacet
  facet normal -0.442176 -0.896928 0
    outer loop
      vertex -25.2137 32.764 11.1
      vertex -24.85 32.5847 13.1
      vertex -25.2137 32.764 13.1
    endloop
  endfacet
  facet normal -0.442176 -0.896928 -0
    outer loop
      vertex -24.85 32.5847 13.1
      vertex -25.2137 32.764 11.1
      vertex -24.85 32.5847 11.1
    endloop
  endfacet
  facet normal 0.946893 -0.321549 0
    outer loop
      vertex -29.3944 30.7023 13.1
      vertex -29.264 31.0863 11.1
      vertex -29.264 31.0863 13.1
    endloop
  endfacet
  facet normal 0.946893 -0.321549 0
    outer loop
      vertex -29.264 31.0863 11.1
      vertex -29.3944 30.7023 13.1
      vertex -29.3944 30.7023 11.1
    endloop
  endfacet
  facet normal 0.997862 0.0653568 0
    outer loop
      vertex -29.4735 29.4954 13.1
      vertex -29.5 29.9 11.1
      vertex -29.5 29.9 13.1
    endloop
  endfacet
  facet normal 0.997862 0.0653568 0
    outer loop
      vertex -29.5 29.9 11.1
      vertex -29.4735 29.4954 13.1
      vertex -29.4735 29.4954 11.1
    endloop
  endfacet
  facet normal 0.980789 -0.195073 0
    outer loop
      vertex -29.4735 30.3046 13.1
      vertex -29.3944 30.7023 11.1
      vertex -29.3944 30.7023 13.1
    endloop
  endfacet
  facet normal 0.980789 -0.195073 0
    outer loop
      vertex -29.3944 30.7023 11.1
      vertex -29.4735 30.3046 13.1
      vertex -29.4735 30.3046 11.1
    endloop
  endfacet
  facet normal 0.555553 -0.831481 0
    outer loop
      vertex -28.2872 32.3594 11.1
      vertex -27.95 32.5847 13.1
      vertex -28.2872 32.3594 13.1
    endloop
  endfacet
  facet normal 0.555553 -0.831481 0
    outer loop
      vertex -27.95 32.5847 13.1
      vertex -28.2872 32.3594 11.1
      vertex -27.95 32.5847 11.1
    endloop
  endfacet
  facet normal 0.321549 -0.946893 0
    outer loop
      vertex -27.5863 32.764 11.1
      vertex -27.2023 32.8944 13.1
      vertex -27.5863 32.764 13.1
    endloop
  endfacet
  facet normal 0.321549 -0.946893 0
    outer loop
      vertex -27.2023 32.8944 13.1
      vertex -27.5863 32.764 11.1
      vertex -27.2023 32.8944 11.1
    endloop
  endfacet
  facet normal -0.980789 0.195073 0
    outer loop
      vertex -23.4056 29.0977 11.1
      vertex -23.3265 29.4954 13.1
      vertex -23.3265 29.4954 11.1
    endloop
  endfacet
  facet normal -0.980789 0.195073 0
    outer loop
      vertex -23.3265 29.4954 13.1
      vertex -23.4056 29.0977 11.1
      vertex -23.4056 29.0977 13.1
    endloop
  endfacet
  facet normal 0.980789 0.195073 0
    outer loop
      vertex -29.3944 29.0977 13.1
      vertex -29.4735 29.4954 11.1
      vertex -29.4735 29.4954 13.1
    endloop
  endfacet
  facet normal 0.980789 0.195073 0
    outer loop
      vertex -29.4735 29.4954 11.1
      vertex -29.3944 29.0977 13.1
      vertex -29.3944 29.0977 11.1
    endloop
  endfacet
  facet normal 0.896928 0.442176 0
    outer loop
      vertex -29.0847 28.35 13.1
      vertex -29.264 28.7137 11.1
      vertex -29.264 28.7137 13.1
    endloop
  endfacet
  facet normal 0.896928 0.442176 0
    outer loop
      vertex -29.264 28.7137 11.1
      vertex -29.0847 28.35 13.1
      vertex -29.0847 28.35 11.1
    endloop
  endfacet
  facet normal -0.442176 0.896928 0
    outer loop
      vertex -24.85 27.2153 11.1
      vertex -25.2137 27.036 13.1
      vertex -24.85 27.2153 13.1
    endloop
  endfacet
  facet normal -0.442176 0.896928 0
    outer loop
      vertex -25.2137 27.036 13.1
      vertex -24.85 27.2153 11.1
      vertex -25.2137 27.036 11.1
    endloop
  endfacet
  facet normal -0.321549 0.946893 0
    outer loop
      vertex -25.2137 27.036 11.1
      vertex -25.5977 26.9056 13.1
      vertex -25.2137 27.036 13.1
    endloop
  endfacet
  facet normal -0.321549 0.946893 0
    outer loop
      vertex -25.5977 26.9056 13.1
      vertex -25.2137 27.036 11.1
      vertex -25.5977 26.9056 11.1
    endloop
  endfacet
  facet normal -0.946893 0.321549 0
    outer loop
      vertex -23.536 28.7137 11.1
      vertex -23.4056 29.0977 13.1
      vertex -23.4056 29.0977 11.1
    endloop
  endfacet
  facet normal -0.946893 0.321549 0
    outer loop
      vertex -23.4056 29.0977 13.1
      vertex -23.536 28.7137 11.1
      vertex -23.536 28.7137 13.1
    endloop
  endfacet
  facet normal -0.896928 0.442176 0
    outer loop
      vertex -23.7153 28.35 11.1
      vertex -23.536 28.7137 13.1
      vertex -23.536 28.7137 11.1
    endloop
  endfacet
  facet normal -0.896928 0.442176 0
    outer loop
      vertex -23.536 28.7137 13.1
      vertex -23.7153 28.35 11.1
      vertex -23.7153 28.35 13.1
    endloop
  endfacet
  facet normal -0.0653568 0.997862 0
    outer loop
      vertex -25.9954 26.8265 11.1
      vertex -26.4 26.8 13.1
      vertex -25.9954 26.8265 13.1
    endloop
  endfacet
  facet normal -0.0653568 0.997862 0
    outer loop
      vertex -26.4 26.8 13.1
      vertex -25.9954 26.8265 11.1
      vertex -26.4 26.8 11.1
    endloop
  endfacet
  facet normal 0.321549 0.946893 -0
    outer loop
      vertex -27.2023 26.9056 11.1
      vertex -27.5863 27.036 13.1
      vertex -27.2023 26.9056 13.1
    endloop
  endfacet
  facet normal 0.321549 0.946893 0
    outer loop
      vertex -27.5863 27.036 13.1
      vertex -27.2023 26.9056 11.1
      vertex -27.5863 27.036 11.1
    endloop
  endfacet
  facet normal 0.659482 0.751721 -0
    outer loop
      vertex -28.2872 27.4406 11.1
      vertex -28.592 27.708 13.1
      vertex -28.2872 27.4406 13.1
    endloop
  endfacet
  facet normal 0.659482 0.751721 0
    outer loop
      vertex -28.592 27.708 13.1
      vertex -28.2872 27.4406 11.1
      vertex -28.592 27.708 11.1
    endloop
  endfacet
  facet normal 0.831481 0.555553 0
    outer loop
      vertex -28.8594 28.0128 13.1
      vertex -29.0847 28.35 11.1
      vertex -29.0847 28.35 13.1
    endloop
  endfacet
  facet normal 0.831481 0.555553 0
    outer loop
      vertex -29.0847 28.35 11.1
      vertex -28.8594 28.0128 13.1
      vertex -28.8594 28.0128 11.1
    endloop
  endfacet
  facet normal 0.946893 0.321549 0
    outer loop
      vertex -29.264 28.7137 13.1
      vertex -29.3944 29.0977 11.1
      vertex -29.3944 29.0977 13.1
    endloop
  endfacet
  facet normal 0.946893 0.321549 0
    outer loop
      vertex -29.3944 29.0977 11.1
      vertex -29.264 28.7137 13.1
      vertex -29.264 28.7137 11.1
    endloop
  endfacet
  facet normal -0.751721 0.659482 0
    outer loop
      vertex -24.208 27.708 11.1
      vertex -23.9406 28.0128 13.1
      vertex -23.9406 28.0128 11.1
    endloop
  endfacet
  facet normal -0.751721 0.659482 0
    outer loop
      vertex -23.9406 28.0128 13.1
      vertex -24.208 27.708 11.1
      vertex -24.208 27.708 13.1
    endloop
  endfacet
  facet normal -0.555553 0.831481 0
    outer loop
      vertex -24.5128 27.4406 11.1
      vertex -24.85 27.2153 13.1
      vertex -24.5128 27.4406 13.1
    endloop
  endfacet
  facet normal -0.555553 0.831481 0
    outer loop
      vertex -24.85 27.2153 13.1
      vertex -24.5128 27.4406 11.1
      vertex -24.85 27.2153 11.1
    endloop
  endfacet
  facet normal 0.0653568 0.997862 -0
    outer loop
      vertex -26.4 26.8 11.1
      vertex -26.8046 26.8265 13.1
      vertex -26.4 26.8 13.1
    endloop
  endfacet
  facet normal 0.0653568 0.997862 0
    outer loop
      vertex -26.8046 26.8265 13.1
      vertex -26.4 26.8 11.1
      vertex -26.8046 26.8265 11.1
    endloop
  endfacet
  facet normal 0.555553 0.831481 -0
    outer loop
      vertex -27.95 27.2153 11.1
      vertex -28.2872 27.4406 13.1
      vertex -27.95 27.2153 13.1
    endloop
  endfacet
  facet normal 0.555553 0.831481 0
    outer loop
      vertex -28.2872 27.4406 13.1
      vertex -27.95 27.2153 11.1
      vertex -28.2872 27.4406 11.1
    endloop
  endfacet
  facet normal 0.442176 0.896928 -0
    outer loop
      vertex -27.5863 27.036 11.1
      vertex -27.95 27.2153 13.1
      vertex -27.5863 27.036 13.1
    endloop
  endfacet
  facet normal 0.442176 0.896928 0
    outer loop
      vertex -27.95 27.2153 13.1
      vertex -27.5863 27.036 11.1
      vertex -27.95 27.2153 11.1
    endloop
  endfacet
  facet normal 0.751721 0.659482 0
    outer loop
      vertex -28.592 27.708 13.1
      vertex -28.8594 28.0128 11.1
      vertex -28.8594 28.0128 13.1
    endloop
  endfacet
  facet normal 0.751721 0.659482 0
    outer loop
      vertex -28.8594 28.0128 11.1
      vertex -28.592 27.708 13.1
      vertex -28.592 27.708 11.1
    endloop
  endfacet
  facet normal -0.659482 0.751721 0
    outer loop
      vertex -24.208 27.708 11.1
      vertex -24.5128 27.4406 13.1
      vertex -24.208 27.708 13.1
    endloop
  endfacet
  facet normal -0.659482 0.751721 0
    outer loop
      vertex -24.5128 27.4406 13.1
      vertex -24.208 27.708 11.1
      vertex -24.5128 27.4406 11.1
    endloop
  endfacet
  facet normal -0.997862 -0.0653519 0
    outer loop
      vertex 29.5 6.1 11.1
      vertex 29.4735 6.50463 13.1
      vertex 29.4735 6.50463 11.1
    endloop
  endfacet
  facet normal -0.997862 -0.0653519 0
    outer loop
      vertex 29.4735 6.50463 13.1
      vertex 29.5 6.1 11.1
      vertex 29.5 6.1 13.1
    endloop
  endfacet
  facet normal 0.997862 -0.0653519 0
    outer loop
      vertex 23.3 6.1 13.1
      vertex 23.3265 6.50463 11.1
      vertex 23.3265 6.50463 13.1
    endloop
  endfacet
  facet normal 0.997862 -0.0653519 0
    outer loop
      vertex 23.3265 6.50463 11.1
      vertex 23.3 6.1 13.1
      vertex 23.3 6.1 11.1
    endloop
  endfacet
  facet normal -0.0654059 -0.997859 0
    outer loop
      vertex 26.4 9.2 11.1
      vertex 26.8046 9.17348 13.1
      vertex 26.4 9.2 13.1
    endloop
  endfacet
  facet normal -0.0654059 -0.997859 -0
    outer loop
      vertex 26.8046 9.17348 13.1
      vertex 26.4 9.2 11.1
      vertex 26.8046 9.17348 11.1
    endloop
  endfacet
  facet normal -0.659426 -0.751769 0
    outer loop
      vertex 28.2872 8.55939 11.1
      vertex 28.592 8.29203 13.1
      vertex 28.2872 8.55939 13.1
    endloop
  endfacet
  facet normal -0.659426 -0.751769 -0
    outer loop
      vertex 28.592 8.29203 13.1
      vertex 28.2872 8.55939 11.1
      vertex 28.592 8.29203 11.1
    endloop
  endfacet
  facet normal 0.659426 -0.751769 0
    outer loop
      vertex 24.208 8.29203 11.1
      vertex 24.5128 8.55939 13.1
      vertex 24.208 8.29203 13.1
    endloop
  endfacet
  facet normal 0.659426 -0.751769 0
    outer loop
      vertex 24.5128 8.55939 13.1
      vertex 24.208 8.29203 11.1
      vertex 24.5128 8.55939 11.1
    endloop
  endfacet
  facet normal 0.321416 -0.946938 0
    outer loop
      vertex 25.2137 8.96403 11.1
      vertex 25.5977 9.09437 13.1
      vertex 25.2137 8.96403 13.1
    endloop
  endfacet
  facet normal 0.321416 -0.946938 0
    outer loop
      vertex 25.5977 9.09437 13.1
      vertex 25.2137 8.96403 11.1
      vertex 25.5977 9.09437 11.1
    endloop
  endfacet
  facet normal -0.751796 0.659396 0
    outer loop
      vertex 28.592 3.90797 11.1
      vertex 28.8594 4.21284 13.1
      vertex 28.8594 4.21284 11.1
    endloop
  endfacet
  facet normal -0.751796 0.659396 0
    outer loop
      vertex 28.8594 4.21284 13.1
      vertex 28.592 3.90797 11.1
      vertex 28.592 3.90797 13.1
    endloop
  endfacet
  facet normal 0.83145 0.555599 0
    outer loop
      vertex 23.9406 4.21284 13.1
      vertex 23.7153 4.55 11.1
      vertex 23.7153 4.55 13.1
    endloop
  endfacet
  facet normal 0.83145 0.555599 0
    outer loop
      vertex 23.7153 4.55 11.1
      vertex 23.9406 4.21284 13.1
      vertex 23.9406 4.21284 11.1
    endloop
  endfacet
  facet normal -0.946888 -0.321564 0
    outer loop
      vertex 29.3944 6.90234 11.1
      vertex 29.264 7.28632 13.1
      vertex 29.264 7.28632 11.1
    endloop
  endfacet
  facet normal -0.946888 -0.321564 0
    outer loop
      vertex 29.264 7.28632 13.1
      vertex 29.3944 6.90234 11.1
      vertex 29.3944 6.90234 13.1
    endloop
  endfacet
  facet normal -0.98079 -0.195068 0
    outer loop
      vertex 29.4735 6.50463 11.1
      vertex 29.3944 6.90234 13.1
      vertex 29.3944 6.90234 11.1
    endloop
  endfacet
  facet normal -0.98079 -0.195068 0
    outer loop
      vertex 29.3944 6.90234 13.1
      vertex 29.4735 6.50463 11.1
      vertex 29.4735 6.50463 13.1
    endloop
  endfacet
  facet normal -0.442275 -0.89688 0
    outer loop
      vertex 27.5863 8.96403 11.1
      vertex 27.95 8.78468 13.1
      vertex 27.5863 8.96403 13.1
    endloop
  endfacet
  facet normal -0.442275 -0.89688 -0
    outer loop
      vertex 27.95 8.78468 13.1
      vertex 27.5863 8.96403 11.1
      vertex 27.95 8.78468 11.1
    endloop
  endfacet
  facet normal -0.321416 -0.946938 0
    outer loop
      vertex 27.2023 9.09437 11.1
      vertex 27.5863 8.96403 13.1
      vertex 27.2023 9.09437 13.1
    endloop
  endfacet
  facet normal -0.321416 -0.946938 -0
    outer loop
      vertex 27.5863 8.96403 13.1
      vertex 27.2023 9.09437 11.1
      vertex 27.5863 8.96403 11.1
    endloop
  endfacet
  facet normal -0.555536 -0.831492 0
    outer loop
      vertex 27.95 8.78468 11.1
      vertex 28.2872 8.55939 13.1
      vertex 27.95 8.78468 13.1
    endloop
  endfacet
  facet normal -0.555536 -0.831492 -0
    outer loop
      vertex 28.2872 8.55939 13.1
      vertex 27.95 8.78468 11.1
      vertex 28.2872 8.55939 11.1
    endloop
  endfacet
  facet normal 0.896919 -0.442195 0
    outer loop
      vertex 23.536 7.28632 13.1
      vertex 23.7153 7.65 11.1
      vertex 23.7153 7.65 13.1
    endloop
  endfacet
  facet normal 0.896919 -0.442195 0
    outer loop
      vertex 23.7153 7.65 11.1
      vertex 23.536 7.28632 13.1
      vertex 23.536 7.28632 11.1
    endloop
  endfacet
  facet normal 0.83145 -0.555599 0
    outer loop
      vertex 23.7153 7.65 13.1
      vertex 23.9406 7.98716 11.1
      vertex 23.9406 7.98716 13.1
    endloop
  endfacet
  facet normal 0.83145 -0.555599 0
    outer loop
      vertex 23.9406 7.98716 11.1
      vertex 23.7153 7.65 13.1
      vertex 23.7153 7.65 11.1
    endloop
  endfacet
  facet normal 0.946888 -0.321564 0
    outer loop
      vertex 23.4056 6.90234 13.1
      vertex 23.536 7.28632 11.1
      vertex 23.536 7.28632 13.1
    endloop
  endfacet
  facet normal 0.946888 -0.321564 0
    outer loop
      vertex 23.536 7.28632 11.1
      vertex 23.4056 6.90234 13.1
      vertex 23.4056 6.90234 11.1
    endloop
  endfacet
  facet normal 0.442275 -0.89688 0
    outer loop
      vertex 24.85 8.78468 11.1
      vertex 25.2137 8.96403 13.1
      vertex 24.85 8.78468 13.1
    endloop
  endfacet
  facet normal 0.442275 -0.89688 0
    outer loop
      vertex 25.2137 8.96403 13.1
      vertex 24.85 8.78468 11.1
      vertex 25.2137 8.96403 11.1
    endloop
  endfacet
  facet normal 0.0654059 -0.997859 0
    outer loop
      vertex 25.9954 9.17348 11.1
      vertex 26.4 9.2 13.1
      vertex 25.9954 9.17348 13.1
    endloop
  endfacet
  facet normal 0.0654059 -0.997859 0
    outer loop
      vertex 26.4 9.2 13.1
      vertex 25.9954 9.17348 11.1
      vertex 26.4 9.2 11.1
    endloop
  endfacet
  facet normal -0.321416 0.946938 0
    outer loop
      vertex 27.5863 3.23597 11.1
      vertex 27.2023 3.10563 13.1
      vertex 27.5863 3.23597 13.1
    endloop
  endfacet
  facet normal -0.321416 0.946938 0
    outer loop
      vertex 27.2023 3.10563 13.1
      vertex 27.5863 3.23597 11.1
      vertex 27.2023 3.10563 11.1
    endloop
  endfacet
  facet normal -0.997862 0.0653519 0
    outer loop
      vertex 29.4735 5.69537 11.1
      vertex 29.5 6.1 13.1
      vertex 29.5 6.1 11.1
    endloop
  endfacet
  facet normal -0.997862 0.0653519 0
    outer loop
      vertex 29.5 6.1 13.1
      vertex 29.4735 5.69537 11.1
      vertex 29.4735 5.69537 13.1
    endloop
  endfacet
  facet normal 0.321416 0.946938 -0
    outer loop
      vertex 25.5977 3.10563 11.1
      vertex 25.2137 3.23597 13.1
      vertex 25.5977 3.10563 13.1
    endloop
  endfacet
  facet normal 0.321416 0.946938 0
    outer loop
      vertex 25.2137 3.23597 13.1
      vertex 25.5977 3.10563 11.1
      vertex 25.2137 3.23597 11.1
    endloop
  endfacet
  facet normal 0.896919 0.442195 0
    outer loop
      vertex 23.7153 4.55 13.1
      vertex 23.536 4.91368 11.1
      vertex 23.536 4.91368 13.1
    endloop
  endfacet
  facet normal 0.896919 0.442195 0
    outer loop
      vertex 23.536 4.91368 11.1
      vertex 23.7153 4.55 13.1
      vertex 23.7153 4.55 11.1
    endloop
  endfacet
  facet normal 0 0 1
    outer loop
      vertex 29.4735 6.50463 11.1
      vertex 29.4735 5.69537 11.1
      vertex 29.5 6.1 11.1
    endloop
  endfacet
  facet normal 0 0 1
    outer loop
      vertex 29.3944 6.90234 11.1
      vertex 29.4735 5.69537 11.1
      vertex 29.4735 6.50463 11.1
    endloop
  endfacet
  facet normal 0 0 1
    outer loop
      vertex 29.3944 6.90234 11.1
      vertex 29.3944 5.29766 11.1
      vertex 29.4735 5.69537 11.1
    endloop
  endfacet
  facet normal 0 0 1
    outer loop
      vertex 29.264 7.28632 11.1
      vertex 29.3944 5.29766 11.1
      vertex 29.3944 6.90234 11.1
    endloop
  endfacet
  facet normal 0 0 1
    outer loop
      vertex 29.264 7.28632 11.1
      vertex 29.264 4.91368 11.1
      vertex 29.3944 5.29766 11.1
    endloop
  endfacet
  facet normal 0 0 1
    outer loop
      vertex 29.0847 7.65 11.1
      vertex 29.264 4.91368 11.1
      vertex 29.264 7.28632 11.1
    endloop
  endfacet
  facet normal 0 0 1
    outer loop
      vertex 29.0847 7.65 11.1
      vertex 29.0847 4.55 11.1
      vertex 29.264 4.91368 11.1
    endloop
  endfacet
  facet normal 0 0 1
    outer loop
      vertex 28.8594 7.98716 11.1
      vertex 29.0847 4.55 11.1
      vertex 29.0847 7.65 11.1
    endloop
  endfacet
  facet normal 0 0 1
    outer loop
      vertex 28.8594 7.98716 11.1
      vertex 28.8594 4.21284 11.1
      vertex 29.0847 4.55 11.1
    endloop
  endfacet
  facet normal 0 0 1
    outer loop
      vertex 28.592 8.29203 11.1
      vertex 28.8594 4.21284 11.1
      vertex 28.8594 7.98716 11.1
    endloop
  endfacet
  facet normal 0 0 1
    outer loop
      vertex 28.592 8.29203 11.1
      vertex 28.592 3.90797 11.1
      vertex 28.8594 4.21284 11.1
    endloop
  endfacet
  facet normal 0 0 1
    outer loop
      vertex 28.2872 8.55939 11.1
      vertex 28.592 3.90797 11.1
      vertex 28.592 8.29203 11.1
    endloop
  endfacet
  facet normal 0 0 1
    outer loop
      vertex 28.2872 8.55939 11.1
      vertex 28.2872 3.6406 11.1
      vertex 28.592 3.90797 11.1
    endloop
  endfacet
  facet normal 0 0 1
    outer loop
      vertex 27.95 8.78468 11.1
      vertex 28.2872 3.6406 11.1
      vertex 28.2872 8.55939 11.1
    endloop
  endfacet
  facet normal 0 0 1
    outer loop
      vertex 27.95 8.78468 11.1
      vertex 27.95 3.41532 11.1
      vertex 28.2872 3.6406 11.1
    endloop
  endfacet
  facet normal 0 0 1
    outer loop
      vertex 27.5863 8.96403 11.1
      vertex 27.95 3.41532 11.1
      vertex 27.95 8.78468 11.1
    endloop
  endfacet
  facet normal 0 0 1
    outer loop
      vertex 27.5863 8.96403 11.1
      vertex 27.5863 3.23597 11.1
      vertex 27.95 3.41532 11.1
    endloop
  endfacet
  facet normal 0 0 1
    outer loop
      vertex 27.2023 9.09437 11.1
      vertex 27.5863 3.23597 11.1
      vertex 27.5863 8.96403 11.1
    endloop
  endfacet
  facet normal 0 0 1
    outer loop
      vertex 27.2023 9.09437 11.1
      vertex 27.2023 3.10563 11.1
      vertex 27.5863 3.23597 11.1
    endloop
  endfacet
  facet normal 0 0 1
    outer loop
      vertex 26.8046 9.17348 11.1
      vertex 27.2023 3.10563 11.1
      vertex 27.2023 9.09437 11.1
    endloop
  endfacet
  facet normal 0 0 1
    outer loop
      vertex 26.8046 9.17348 11.1
      vertex 26.8046 3.02652 11.1
      vertex 27.2023 3.10563 11.1
    endloop
  endfacet
  facet normal 0 0 1
    outer loop
      vertex 26.4 9.2 11.1
      vertex 26.8046 3.02652 11.1
      vertex 26.8046 9.17348 11.1
    endloop
  endfacet
  facet normal 0 0 1
    outer loop
      vertex 26.4 9.2 11.1
      vertex 26.4 3 11.1
      vertex 26.8046 3.02652 11.1
    endloop
  endfacet
  facet normal -0 0 1
    outer loop
      vertex 25.9954 9.17348 11.1
      vertex 26.4 3 11.1
      vertex 26.4 9.2 11.1
    endloop
  endfacet
  facet normal 0 0 1
    outer loop
      vertex 25.9954 9.17348 11.1
      vertex 25.9954 3.02652 11.1
      vertex 26.4 3 11.1
    endloop
  endfacet
  facet normal -0 0 1
    outer loop
      vertex 25.5977 9.09437 11.1
      vertex 25.9954 3.02652 11.1
      vertex 25.9954 9.17348 11.1
    endloop
  endfacet
  facet normal 0 0 1
    outer loop
      vertex 25.5977 9.09437 11.1
      vertex 25.5977 3.10563 11.1
      vertex 25.9954 3.02652 11.1
    endloop
  endfacet
  facet normal -0 0 1
    outer loop
      vertex 25.2137 8.96403 11.1
      vertex 25.5977 3.10563 11.1
      vertex 25.5977 9.09437 11.1
    endloop
  endfacet
  facet normal 0 0 1
    outer loop
      vertex 25.2137 8.96403 11.1
      vertex 25.2137 3.23597 11.1
      vertex 25.5977 3.10563 11.1
    endloop
  endfacet
  facet normal -0 0 1
    outer loop
      vertex 24.85 8.78468 11.1
      vertex 25.2137 3.23597 11.1
      vertex 25.2137 8.96403 11.1
    endloop
  endfacet
  facet normal 0 0 1
    outer loop
      vertex 24.85 8.78468 11.1
      vertex 24.85 3.41532 11.1
      vertex 25.2137 3.23597 11.1
    endloop
  endfacet
  facet normal -0 0 1
    outer loop
      vertex 24.5128 8.55939 11.1
      vertex 24.85 3.41532 11.1
      vertex 24.85 8.78468 11.1
    endloop
  endfacet
  facet normal 0 0 1
    outer loop
      vertex 24.5128 8.55939 11.1
      vertex 24.5128 3.6406 11.1
      vertex 24.85 3.41532 11.1
    endloop
  endfacet
  facet normal -0 0 1
    outer loop
      vertex 24.208 8.29203 11.1
      vertex 24.5128 3.6406 11.1
      vertex 24.5128 8.55939 11.1
    endloop
  endfacet
  facet normal 0 0 1
    outer loop
      vertex 24.208 8.29203 11.1
      vertex 24.208 3.90797 11.1
      vertex 24.5128 3.6406 11.1
    endloop
  endfacet
  facet normal -0 0 1
    outer loop
      vertex 23.9406 7.98716 11.1
      vertex 24.208 3.90797 11.1
      vertex 24.208 8.29203 11.1
    endloop
  endfacet
  facet normal 0 0 1
    outer loop
      vertex 23.9406 7.98716 11.1
      vertex 23.9406 4.21284 11.1
      vertex 24.208 3.90797 11.1
    endloop
  endfacet
  facet normal -0 0 1
    outer loop
      vertex 23.7153 7.65 11.1
      vertex 23.9406 4.21284 11.1
      vertex 23.9406 7.98716 11.1
    endloop
  endfacet
  facet normal 0 0 1
    outer loop
      vertex 23.7153 7.65 11.1
      vertex 23.7153 4.55 11.1
      vertex 23.9406 4.21284 11.1
    endloop
  endfacet
  facet normal -0 0 1
    outer loop
      vertex 23.536 7.28632 11.1
      vertex 23.7153 4.55 11.1
      vertex 23.7153 7.65 11.1
    endloop
  endfacet
  facet normal 0 0 1
    outer loop
      vertex 23.536 7.28632 11.1
      vertex 23.536 4.91368 11.1
      vertex 23.7153 4.55 11.1
    endloop
  endfacet
  facet normal -0 0 1
    outer loop
      vertex 23.4056 6.90234 11.1
      vertex 23.536 4.91368 11.1
      vertex 23.536 7.28632 11.1
    endloop
  endfacet
  facet normal 0 0 1
    outer loop
      vertex 23.4056 6.90234 11.1
      vertex 23.4056 5.29766 11.1
      vertex 23.536 4.91368 11.1
    endloop
  endfacet
  facet normal -0 0 1
    outer loop
      vertex 23.3265 6.50463 11.1
      vertex 23.4056 5.29766 11.1
      vertex 23.4056 6.90234 11.1
    endloop
  endfacet
  facet normal 0 0 1
    outer loop
      vertex 23.3265 6.50463 11.1
      vertex 23.3265 5.69537 11.1
      vertex 23.4056 5.29766 11.1
    endloop
  endfacet
  facet normal 0 -0 1
    outer loop
      vertex 23.3265 5.69537 11.1
      vertex 23.3265 6.50463 11.1
      vertex 23.3 6.1 11.1
    endloop
  endfacet
  facet normal -0.896919 -0.442195 0
    outer loop
      vertex 29.264 7.28632 11.1
      vertex 29.0847 7.65 13.1
      vertex 29.0847 7.65 11.1
    endloop
  endfacet
  facet normal -0.896919 -0.442195 0
    outer loop
      vertex 29.0847 7.65 13.1
      vertex 29.264 7.28632 11.1
      vertex 29.264 7.28632 13.1
    endloop
  endfacet
  facet normal -0.83145 -0.555599 0
    outer loop
      vertex 29.0847 7.65 11.1
      vertex 28.8594 7.98716 13.1
      vertex 28.8594 7.98716 11.1
    endloop
  endfacet
  facet normal -0.83145 -0.555599 0
    outer loop
      vertex 28.8594 7.98716 13.1
      vertex 29.0847 7.65 11.1
      vertex 29.0847 7.65 13.1
    endloop
  endfacet
  facet normal -0.751796 -0.659396 0
    outer loop
      vertex 28.8594 7.98716 11.1
      vertex 28.592 8.29203 13.1
      vertex 28.592 8.29203 11.1
    endloop
  endfacet
  facet normal -0.751796 -0.659396 0
    outer loop
      vertex 28.592 8.29203 13.1
      vertex 28.8594 7.98716 11.1
      vertex 28.8594 7.98716 13.1
    endloop
  endfacet
  facet normal 0.195096 -0.980784 0
    outer loop
      vertex 25.5977 9.09437 11.1
      vertex 25.9954 9.17348 13.1
      vertex 25.5977 9.09437 13.1
    endloop
  endfacet
  facet normal 0.195096 -0.980784 0
    outer loop
      vertex 25.9954 9.17348 13.1
      vertex 25.5977 9.09437 11.1
      vertex 25.9954 9.17348 11.1
    endloop
  endfacet
  facet normal -0.0654059 0.997859 0
    outer loop
      vertex 26.8046 3.02652 11.1
      vertex 26.4 3 13.1
      vertex 26.8046 3.02652 13.1
    endloop
  endfacet
  facet normal -0.0654059 0.997859 0
    outer loop
      vertex 26.4 3 13.1
      vertex 26.8046 3.02652 11.1
      vertex 26.4 3 11.1
    endloop
  endfacet
  facet normal -0.195096 0.980784 0
    outer loop
      vertex 27.2023 3.10563 11.1
      vertex 26.8046 3.02652 13.1
      vertex 27.2023 3.10563 13.1
    endloop
  endfacet
  facet normal -0.195096 0.980784 0
    outer loop
      vertex 26.8046 3.02652 13.1
      vertex 27.2023 3.10563 11.1
      vertex 26.8046 3.02652 11.1
    endloop
  endfacet
  facet normal -0.555519 0.831504 0
    outer loop
      vertex 28.2872 3.6406 11.1
      vertex 27.95 3.41532 13.1
      vertex 28.2872 3.6406 13.1
    endloop
  endfacet
  facet normal -0.555519 0.831504 0
    outer loop
      vertex 27.95 3.41532 13.1
      vertex 28.2872 3.6406 11.1
      vertex 27.95 3.41532 11.1
    endloop
  endfacet
  facet normal -0.65944 0.751757 0
    outer loop
      vertex 28.592 3.90797 11.1
      vertex 28.2872 3.6406 13.1
      vertex 28.592 3.90797 13.1
    endloop
  endfacet
  facet normal -0.65944 0.751757 0
    outer loop
      vertex 28.2872 3.6406 13.1
      vertex 28.592 3.90797 11.1
      vertex 28.2872 3.6406 11.1
    endloop
  endfacet
  facet normal -0.83145 0.555599 0
    outer loop
      vertex 28.8594 4.21284 11.1
      vertex 29.0847 4.55 13.1
      vertex 29.0847 4.55 11.1
    endloop
  endfacet
  facet normal -0.83145 0.555599 0
    outer loop
      vertex 29.0847 4.55 13.1
      vertex 28.8594 4.21284 11.1
      vertex 28.8594 4.21284 13.1
    endloop
  endfacet
  facet normal -0.946888 0.321564 0
    outer loop
      vertex 29.264 4.91368 11.1
      vertex 29.3944 5.29766 13.1
      vertex 29.3944 5.29766 11.1
    endloop
  endfacet
  facet normal -0.946888 0.321564 0
    outer loop
      vertex 29.3944 5.29766 13.1
      vertex 29.264 4.91368 11.1
      vertex 29.264 4.91368 13.1
    endloop
  endfacet
  facet normal -0.98079 0.195068 0
    outer loop
      vertex 29.3944 5.29766 11.1
      vertex 29.4735 5.69537 13.1
      vertex 29.4735 5.69537 11.1
    endloop
  endfacet
  facet normal -0.98079 0.195068 0
    outer loop
      vertex 29.4735 5.69537 13.1
      vertex 29.3944 5.29766 11.1
      vertex 29.3944 5.29766 13.1
    endloop
  endfacet
  facet normal 0.195096 0.980784 -0
    outer loop
      vertex 25.9954 3.02652 11.1
      vertex 25.5977 3.10563 13.1
      vertex 25.9954 3.02652 13.1
    endloop
  endfacet
  facet normal 0.195096 0.980784 0
    outer loop
      vertex 25.5977 3.10563 13.1
      vertex 25.9954 3.02652 11.1
      vertex 25.5977 3.10563 11.1
    endloop
  endfacet
  facet normal 0.555519 0.831504 -0
    outer loop
      vertex 24.85 3.41532 11.1
      vertex 24.5128 3.6406 13.1
      vertex 24.85 3.41532 13.1
    endloop
  endfacet
  facet normal 0.555519 0.831504 0
    outer loop
      vertex 24.5128 3.6406 13.1
      vertex 24.85 3.41532 11.1
      vertex 24.5128 3.6406 11.1
    endloop
  endfacet
  facet normal 0.65944 0.751757 -0
    outer loop
      vertex 24.5128 3.6406 11.1
      vertex 24.208 3.90797 13.1
      vertex 24.5128 3.6406 13.1
    endloop
  endfacet
  facet normal 0.65944 0.751757 0
    outer loop
      vertex 24.208 3.90797 13.1
      vertex 24.5128 3.6406 11.1
      vertex 24.208 3.90797 11.1
    endloop
  endfacet
  facet normal 0.442275 0.89688 -0
    outer loop
      vertex 25.2137 3.23597 11.1
      vertex 24.85 3.41532 13.1
      vertex 25.2137 3.23597 13.1
    endloop
  endfacet
  facet normal 0.442275 0.89688 0
    outer loop
      vertex 24.85 3.41532 13.1
      vertex 25.2137 3.23597 11.1
      vertex 24.85 3.41532 11.1
    endloop
  endfacet
  facet normal 0.0654059 0.997859 -0
    outer loop
      vertex 26.4 3 11.1
      vertex 25.9954 3.02652 13.1
      vertex 26.4 3 13.1
    endloop
  endfacet
  facet normal 0.0654059 0.997859 0
    outer loop
      vertex 25.9954 3.02652 13.1
      vertex 26.4 3 11.1
      vertex 25.9954 3.02652 11.1
    endloop
  endfacet
  facet normal 0.751796 0.659396 0
    outer loop
      vertex 24.208 3.90797 13.1
      vertex 23.9406 4.21284 11.1
      vertex 23.9406 4.21284 13.1
    endloop
  endfacet
  facet normal 0.751796 0.659396 0
    outer loop
      vertex 23.9406 4.21284 11.1
      vertex 24.208 3.90797 13.1
      vertex 24.208 3.90797 11.1
    endloop
  endfacet
  facet normal 0.946888 0.321564 0
    outer loop
      vertex 23.536 4.91368 13.1
      vertex 23.4056 5.29766 11.1
      vertex 23.4056 5.29766 13.1
    endloop
  endfacet
  facet normal 0.946888 0.321564 0
    outer loop
      vertex 23.4056 5.29766 11.1
      vertex 23.536 4.91368 13.1
      vertex 23.536 4.91368 11.1
    endloop
  endfacet
  facet normal 0.997862 0.0653519 0
    outer loop
      vertex 23.3265 5.69537 13.1
      vertex 23.3 6.1 11.1
      vertex 23.3 6.1 13.1
    endloop
  endfacet
  facet normal 0.997862 0.0653519 0
    outer loop
      vertex 23.3 6.1 11.1
      vertex 23.3265 5.69537 13.1
      vertex 23.3265 5.69537 11.1
    endloop
  endfacet
  facet normal -0.195096 -0.980784 0
    outer loop
      vertex 26.8046 9.17348 11.1
      vertex 27.2023 9.09437 13.1
      vertex 26.8046 9.17348 13.1
    endloop
  endfacet
  facet normal -0.195096 -0.980784 -0
    outer loop
      vertex 27.2023 9.09437 13.1
      vertex 26.8046 9.17348 11.1
      vertex 27.2023 9.09437 11.1
    endloop
  endfacet
  facet normal 0.751796 -0.659396 0
    outer loop
      vertex 23.9406 7.98716 13.1
      vertex 24.208 8.29203 11.1
      vertex 24.208 8.29203 13.1
    endloop
  endfacet
  facet normal 0.751796 -0.659396 0
    outer loop
      vertex 24.208 8.29203 11.1
      vertex 23.9406 7.98716 13.1
      vertex 23.9406 7.98716 11.1
    endloop
  endfacet
  facet normal 0.98079 -0.195068 0
    outer loop
      vertex 23.3265 6.50463 13.1
      vertex 23.4056 6.90234 11.1
      vertex 23.4056 6.90234 13.1
    endloop
  endfacet
  facet normal 0.98079 -0.195068 0
    outer loop
      vertex 23.4056 6.90234 11.1
      vertex 23.3265 6.50463 13.1
      vertex 23.3265 6.50463 11.1
    endloop
  endfacet
  facet normal 0.555536 -0.831492 0
    outer loop
      vertex 24.5128 8.55939 11.1
      vertex 24.85 8.78468 13.1
      vertex 24.5128 8.55939 13.1
    endloop
  endfacet
  facet normal 0.555536 -0.831492 0
    outer loop
      vertex 24.85 8.78468 13.1
      vertex 24.5128 8.55939 11.1
      vertex 24.85 8.78468 11.1
    endloop
  endfacet
  facet normal -0.442275 0.89688 0
    outer loop
      vertex 27.95 3.41532 11.1
      vertex 27.5863 3.23597 13.1
      vertex 27.95 3.41532 13.1
    endloop
  endfacet
  facet normal -0.442275 0.89688 0
    outer loop
      vertex 27.5863 3.23597 13.1
      vertex 27.95 3.41532 11.1
      vertex 27.5863 3.23597 11.1
    endloop
  endfacet
  facet normal -0.896919 0.442195 0
    outer loop
      vertex 29.0847 4.55 11.1
      vertex 29.264 4.91368 13.1
      vertex 29.264 4.91368 11.1
    endloop
  endfacet
  facet normal -0.896919 0.442195 0
    outer loop
      vertex 29.264 4.91368 13.1
      vertex 29.0847 4.55 11.1
      vertex 29.0847 4.55 13.1
    endloop
  endfacet
  facet normal 0.98079 0.195068 0
    outer loop
      vertex 23.4056 5.29766 13.1
      vertex 23.3265 5.69537 11.1
      vertex 23.3265 5.69537 13.1
    endloop
  endfacet
  facet normal 0.98079 0.195068 0
    outer loop
      vertex 23.3265 5.69537 11.1
      vertex 23.4056 5.29766 13.1
      vertex 23.4056 5.29766 11.1
    endloop
  endfacet
  facet normal -0.997862 -0.0653568 0
    outer loop
      vertex 29.5 29.9 11.1
      vertex 29.4735 30.3046 13.1
      vertex 29.4735 30.3046 11.1
    endloop
  endfacet
  facet normal -0.997862 -0.0653568 0
    outer loop
      vertex 29.4735 30.3046 13.1
      vertex 29.5 29.9 11.1
      vertex 29.5 29.9 13.1
    endloop
  endfacet
  facet normal 0.0653568 -0.997862 0
    outer loop
      vertex 25.9954 32.9735 11.1
      vertex 26.4 33 13.1
      vertex 25.9954 32.9735 13.1
    endloop
  endfacet
  facet normal 0.0653568 -0.997862 0
    outer loop
      vertex 26.4 33 13.1
      vertex 25.9954 32.9735 11.1
      vertex 26.4 33 11.1
    endloop
  endfacet
  facet normal -0.0653568 0.997862 0
    outer loop
      vertex 26.8046 26.8265 11.1
      vertex 26.4 26.8 13.1
      vertex 26.8046 26.8265 13.1
    endloop
  endfacet
  facet normal -0.0653568 0.997862 0
    outer loop
      vertex 26.4 26.8 13.1
      vertex 26.8046 26.8265 11.1
      vertex 26.4 26.8 11.1
    endloop
  endfacet
  facet normal -0.659482 -0.751721 0
    outer loop
      vertex 28.2872 32.3594 11.1
      vertex 28.592 32.092 13.1
      vertex 28.2872 32.3594 13.1
    endloop
  endfacet
  facet normal -0.659482 -0.751721 -0
    outer loop
      vertex 28.592 32.092 13.1
      vertex 28.2872 32.3594 11.1
      vertex 28.592 32.092 11.1
    endloop
  endfacet
  facet normal 0.751721 -0.659482 0
    outer loop
      vertex 23.9406 31.7872 13.1
      vertex 24.208 32.092 11.1
      vertex 24.208 32.092 13.1
    endloop
  endfacet
  facet normal 0.751721 -0.659482 0
    outer loop
      vertex 24.208 32.092 11.1
      vertex 23.9406 31.7872 13.1
      vertex 23.9406 31.7872 11.1
    endloop
  endfacet
  facet normal 0.442176 -0.896928 0
    outer loop
      vertex 24.85 32.5847 11.1
      vertex 25.2137 32.764 13.1
      vertex 24.85 32.5847 13.1
    endloop
  endfacet
  facet normal 0.442176 -0.896928 0
    outer loop
      vertex 25.2137 32.764 13.1
      vertex 24.85 32.5847 11.1
      vertex 25.2137 32.764 11.1
    endloop
  endfacet
  facet normal -0.946893 0.321549 0
    outer loop
      vertex 29.264 28.7137 11.1
      vertex 29.3944 29.0977 13.1
      vertex 29.3944 29.0977 11.1
    endloop
  endfacet
  facet normal -0.946893 0.321549 0
    outer loop
      vertex 29.3944 29.0977 13.1
      vertex 29.264 28.7137 11.1
      vertex 29.264 28.7137 13.1
    endloop
  endfacet
  facet normal -0.896928 -0.442176 0
    outer loop
      vertex 29.264 31.0863 11.1
      vertex 29.0847 31.45 13.1
      vertex 29.0847 31.45 11.1
    endloop
  endfacet
  facet normal -0.896928 -0.442176 0
    outer loop
      vertex 29.0847 31.45 13.1
      vertex 29.264 31.0863 11.1
      vertex 29.264 31.0863 13.1
    endloop
  endfacet
  facet normal -0.980789 -0.195073 0
    outer loop
      vertex 29.4735 30.3046 11.1
      vertex 29.3944 30.7023 13.1
      vertex 29.3944 30.7023 11.1
    endloop
  endfacet
  facet normal -0.980789 -0.195073 0
    outer loop
      vertex 29.3944 30.7023 13.1
      vertex 29.4735 30.3046 11.1
      vertex 29.4735 30.3046 13.1
    endloop
  endfacet
  facet normal -0.321549 -0.946893 0
    outer loop
      vertex 27.2023 32.8944 11.1
      vertex 27.5863 32.764 13.1
      vertex 27.2023 32.8944 13.1
    endloop
  endfacet
  facet normal -0.321549 -0.946893 -0
    outer loop
      vertex 27.5863 32.764 13.1
      vertex 27.2023 32.8944 11.1
      vertex 27.5863 32.764 11.1
    endloop
  endfacet
  facet normal -0.555553 -0.831481 0
    outer loop
      vertex 27.95 32.5847 11.1
      vertex 28.2872 32.3594 13.1
      vertex 27.95 32.5847 13.1
    endloop
  endfacet
  facet normal -0.555553 -0.831481 -0
    outer loop
      vertex 28.2872 32.3594 13.1
      vertex 27.95 32.5847 11.1
      vertex 28.2872 32.3594 11.1
    endloop
  endfacet
  facet normal 0.946893 -0.321549 0
    outer loop
      vertex 23.4056 30.7023 13.1
      vertex 23.536 31.0863 11.1
      vertex 23.536 31.0863 13.1
    endloop
  endfacet
  facet normal 0.946893 -0.321549 0
    outer loop
      vertex 23.536 31.0863 11.1
      vertex 23.4056 30.7023 13.1
      vertex 23.4056 30.7023 11.1
    endloop
  endfacet
  facet normal 0 0 1
    outer loop
      vertex 29.4735 30.3046 11.1
      vertex 29.4735 29.4954 11.1
      vertex 29.5 29.9 11.1
    endloop
  endfacet
  facet normal 0 0 1
    outer loop
      vertex 29.3944 30.7023 11.1
      vertex 29.4735 29.4954 11.1
      vertex 29.4735 30.3046 11.1
    endloop
  endfacet
  facet normal 0 0 1
    outer loop
      vertex 29.3944 30.7023 11.1
      vertex 29.3944 29.0977 11.1
      vertex 29.4735 29.4954 11.1
    endloop
  endfacet
  facet normal 0 0 1
    outer loop
      vertex 29.264 31.0863 11.1
      vertex 29.3944 29.0977 11.1
      vertex 29.3944 30.7023 11.1
    endloop
  endfacet
  facet normal 0 0 1
    outer loop
      vertex 29.264 31.0863 11.1
      vertex 29.264 28.7137 11.1
      vertex 29.3944 29.0977 11.1
    endloop
  endfacet
  facet normal 0 0 1
    outer loop
      vertex 29.0847 31.45 11.1
      vertex 29.264 28.7137 11.1
      vertex 29.264 31.0863 11.1
    endloop
  endfacet
  facet normal 0 0 1
    outer loop
      vertex 29.0847 31.45 11.1
      vertex 29.0847 28.35 11.1
      vertex 29.264 28.7137 11.1
    endloop
  endfacet
  facet normal 0 0 1
    outer loop
      vertex 28.8594 31.7872 11.1
      vertex 29.0847 28.35 11.1
      vertex 29.0847 31.45 11.1
    endloop
  endfacet
  facet normal 0 0 1
    outer loop
      vertex 28.8594 31.7872 11.1
      vertex 28.8594 28.0128 11.1
      vertex 29.0847 28.35 11.1
    endloop
  endfacet
  facet normal 0 0 1
    outer loop
      vertex 28.592 32.092 11.1
      vertex 28.8594 28.0128 11.1
      vertex 28.8594 31.7872 11.1
    endloop
  endfacet
  facet normal 0 0 1
    outer loop
      vertex 28.592 32.092 11.1
      vertex 28.592 27.708 11.1
      vertex 28.8594 28.0128 11.1
    endloop
  endfacet
  facet normal 0 0 1
    outer loop
      vertex 28.2872 32.3594 11.1
      vertex 28.592 27.708 11.1
      vertex 28.592 32.092 11.1
    endloop
  endfacet
  facet normal 0 0 1
    outer loop
      vertex 28.2872 32.3594 11.1
      vertex 28.2872 27.4406 11.1
      vertex 28.592 27.708 11.1
    endloop
  endfacet
  facet normal 0 0 1
    outer loop
      vertex 27.95 32.5847 11.1
      vertex 28.2872 27.4406 11.1
      vertex 28.2872 32.3594 11.1
    endloop
  endfacet
  facet normal 0 0 1
    outer loop
      vertex 27.95 32.5847 11.1
      vertex 27.95 27.2153 11.1
      vertex 28.2872 27.4406 11.1
    endloop
  endfacet
  facet normal 0 0 1
    outer loop
      vertex 27.5863 32.764 11.1
      vertex 27.95 27.2153 11.1
      vertex 27.95 32.5847 11.1
    endloop
  endfacet
  facet normal 0 0 1
    outer loop
      vertex 27.5863 32.764 11.1
      vertex 27.5863 27.036 11.1
      vertex 27.95 27.2153 11.1
    endloop
  endfacet
  facet normal 0 0 1
    outer loop
      vertex 27.2023 32.8944 11.1
      vertex 27.5863 27.036 11.1
      vertex 27.5863 32.764 11.1
    endloop
  endfacet
  facet normal 0 0 1
    outer loop
      vertex 27.2023 32.8944 11.1
      vertex 27.2023 26.9056 11.1
      vertex 27.5863 27.036 11.1
    endloop
  endfacet
  facet normal 0 0 1
    outer loop
      vertex 26.8046 32.9735 11.1
      vertex 27.2023 26.9056 11.1
      vertex 27.2023 32.8944 11.1
    endloop
  endfacet
  facet normal 0 0 1
    outer loop
      vertex 26.8046 32.9735 11.1
      vertex 26.8046 26.8265 11.1
      vertex 27.2023 26.9056 11.1
    endloop
  endfacet
  facet normal 0 0 1
    outer loop
      vertex 26.4 33 11.1
      vertex 26.8046 26.8265 11.1
      vertex 26.8046 32.9735 11.1
    endloop
  endfacet
  facet normal 0 0 1
    outer loop
      vertex 26.4 33 11.1
      vertex 26.4 26.8 11.1
      vertex 26.8046 26.8265 11.1
    endloop
  endfacet
  facet normal -0 0 1
    outer loop
      vertex 25.9954 32.9735 11.1
      vertex 26.4 26.8 11.1
      vertex 26.4 33 11.1
    endloop
  endfacet
  facet normal 0 0 1
    outer loop
      vertex 25.9954 32.9735 11.1
      vertex 25.9954 26.8265 11.1
      vertex 26.4 26.8 11.1
    endloop
  endfacet
  facet normal -0 0 1
    outer loop
      vertex 25.5977 32.8944 11.1
      vertex 25.9954 26.8265 11.1
      vertex 25.9954 32.9735 11.1
    endloop
  endfacet
  facet normal 0 0 1
    outer loop
      vertex 25.5977 32.8944 11.1
      vertex 25.5977 26.9056 11.1
      vertex 25.9954 26.8265 11.1
    endloop
  endfacet
  facet normal -0 0 1
    outer loop
      vertex 25.2137 32.764 11.1
      vertex 25.5977 26.9056 11.1
      vertex 25.5977 32.8944 11.1
    endloop
  endfacet
  facet normal 0 0 1
    outer loop
      vertex 25.2137 32.764 11.1
      vertex 25.2137 27.036 11.1
      vertex 25.5977 26.9056 11.1
    endloop
  endfacet
  facet normal -0 0 1
    outer loop
      vertex 24.85 32.5847 11.1
      vertex 25.2137 27.036 11.1
      vertex 25.2137 32.764 11.1
    endloop
  endfacet
  facet normal 0 0 1
    outer loop
      vertex 24.85 32.5847 11.1
      vertex 24.85 27.2153 11.1
      vertex 25.2137 27.036 11.1
    endloop
  endfacet
  facet normal -0 0 1
    outer loop
      vertex 24.5128 32.3594 11.1
      vertex 24.85 27.2153 11.1
      vertex 24.85 32.5847 11.1
    endloop
  endfacet
  facet normal 0 0 1
    outer loop
      vertex 24.5128 32.3594 11.1
      vertex 24.5128 27.4406 11.1
      vertex 24.85 27.2153 11.1
    endloop
  endfacet
  facet normal -0 0 1
    outer loop
      vertex 24.208 32.092 11.1
      vertex 24.5128 27.4406 11.1
      vertex 24.5128 32.3594 11.1
    endloop
  endfacet
  facet normal 0 0 1
    outer loop
      vertex 24.208 32.092 11.1
      vertex 24.208 27.708 11.1
      vertex 24.5128 27.4406 11.1
    endloop
  endfacet
  facet normal -0 0 1
    outer loop
      vertex 23.9406 31.7872 11.1
      vertex 24.208 27.708 11.1
      vertex 24.208 32.092 11.1
    endloop
  endfacet
  facet normal 0 0 1
    outer loop
      vertex 23.9406 31.7872 11.1
      vertex 23.9406 28.0128 11.1
      vertex 24.208 27.708 11.1
    endloop
  endfacet
  facet normal -0 0 1
    outer loop
      vertex 23.7153 31.45 11.1
      vertex 23.9406 28.0128 11.1
      vertex 23.9406 31.7872 11.1
    endloop
  endfacet
  facet normal 0 0 1
    outer loop
      vertex 23.7153 31.45 11.1
      vertex 23.7153 28.35 11.1
      vertex 23.9406 28.0128 11.1
    endloop
  endfacet
  facet normal -0 0 1
    outer loop
      vertex 23.536 31.0863 11.1
      vertex 23.7153 28.35 11.1
      vertex 23.7153 31.45 11.1
    endloop
  endfacet
  facet normal 0 0 1
    outer loop
      vertex 23.536 31.0863 11.1
      vertex 23.536 28.7137 11.1
      vertex 23.7153 28.35 11.1
    endloop
  endfacet
  facet normal -0 0 1
    outer loop
      vertex 23.4056 30.7023 11.1
      vertex 23.536 28.7137 11.1
      vertex 23.536 31.0863 11.1
    endloop
  endfacet
  facet normal 0 0 1
    outer loop
      vertex 23.4056 30.7023 11.1
      vertex 23.4056 29.0977 11.1
      vertex 23.536 28.7137 11.1
    endloop
  endfacet
  facet normal -0 0 1
    outer loop
      vertex 23.3265 30.3046 11.1
      vertex 23.4056 29.0977 11.1
      vertex 23.4056 30.7023 11.1
    endloop
  endfacet
  facet normal 0 0 1
    outer loop
      vertex 23.3265 30.3046 11.1
      vertex 23.3265 29.4954 11.1
      vertex 23.4056 29.0977 11.1
    endloop
  endfacet
  facet normal 0 -0 1
    outer loop
      vertex 23.3265 29.4954 11.1
      vertex 23.3265 30.3046 11.1
      vertex 23.3 29.9 11.1
    endloop
  endfacet
  facet normal 0.831481 -0.555553 0
    outer loop
      vertex 23.7153 31.45 13.1
      vertex 23.9406 31.7872 11.1
      vertex 23.9406 31.7872 13.1
    endloop
  endfacet
  facet normal 0.831481 -0.555553 0
    outer loop
      vertex 23.9406 31.7872 11.1
      vertex 23.7153 31.45 13.1
      vertex 23.7153 31.45 11.1
    endloop
  endfacet
  facet normal 0.195073 -0.980789 0
    outer loop
      vertex 25.5977 32.8944 11.1
      vertex 25.9954 32.9735 13.1
      vertex 25.5977 32.8944 13.1
    endloop
  endfacet
  facet normal 0.195073 -0.980789 0
    outer loop
      vertex 25.9954 32.9735 13.1
      vertex 25.5977 32.8944 11.1
      vertex 25.9954 32.9735 11.1
    endloop
  endfacet
  facet normal -0.195073 0.980789 0
    outer loop
      vertex 27.2023 26.9056 11.1
      vertex 26.8046 26.8265 13.1
      vertex 27.2023 26.9056 13.1
    endloop
  endfacet
  facet normal -0.195073 0.980789 0
    outer loop
      vertex 26.8046 26.8265 13.1
      vertex 27.2023 26.9056 11.1
      vertex 26.8046 26.8265 11.1
    endloop
  endfacet
  facet normal -0.946893 -0.321549 0
    outer loop
      vertex 29.3944 30.7023 11.1
      vertex 29.264 31.0863 13.1
      vertex 29.264 31.0863 11.1
    endloop
  endfacet
  facet normal -0.946893 -0.321549 0
    outer loop
      vertex 29.264 31.0863 13.1
      vertex 29.3944 30.7023 11.1
      vertex 29.3944 30.7023 13.1
    endloop
  endfacet
  facet normal -0.751721 -0.659482 0
    outer loop
      vertex 28.8594 31.7872 11.1
      vertex 28.592 32.092 13.1
      vertex 28.592 32.092 11.1
    endloop
  endfacet
  facet normal -0.751721 -0.659482 0
    outer loop
      vertex 28.592 32.092 13.1
      vertex 28.8594 31.7872 11.1
      vertex 28.8594 31.7872 13.1
    endloop
  endfacet
  facet normal -0.831481 -0.555553 0
    outer loop
      vertex 29.0847 31.45 11.1
      vertex 28.8594 31.7872 13.1
      vertex 28.8594 31.7872 11.1
    endloop
  endfacet
  facet normal -0.831481 -0.555553 0
    outer loop
      vertex 28.8594 31.7872 13.1
      vertex 29.0847 31.45 11.1
      vertex 29.0847 31.45 13.1
    endloop
  endfacet
  facet normal -0.195073 -0.980789 0
    outer loop
      vertex 26.8046 32.9735 11.1
      vertex 27.2023 32.8944 13.1
      vertex 26.8046 32.9735 13.1
    endloop
  endfacet
  facet normal -0.195073 -0.980789 -0
    outer loop
      vertex 27.2023 32.8944 13.1
      vertex 26.8046 32.9735 11.1
      vertex 27.2023 32.8944 11.1
    endloop
  endfacet
  facet normal -0.0653568 -0.997862 0
    outer loop
      vertex 26.4 33 11.1
      vertex 26.8046 32.9735 13.1
      vertex 26.4 33 13.1
    endloop
  endfacet
  facet normal -0.0653568 -0.997862 -0
    outer loop
      vertex 26.8046 32.9735 13.1
      vertex 26.4 33 11.1
      vertex 26.8046 32.9735 11.1
    endloop
  endfacet
  facet normal -0.442176 -0.896928 0
    outer loop
      vertex 27.5863 32.764 11.1
      vertex 27.95 32.5847 13.1
      vertex 27.5863 32.764 13.1
    endloop
  endfacet
  facet normal -0.442176 -0.896928 -0
    outer loop
      vertex 27.95 32.5847 13.1
      vertex 27.5863 32.764 11.1
      vertex 27.95 32.5847 11.1
    endloop
  endfacet
  facet normal 0.896928 -0.442176 0
    outer loop
      vertex 23.536 31.0863 13.1
      vertex 23.7153 31.45 11.1
      vertex 23.7153 31.45 13.1
    endloop
  endfacet
  facet normal 0.896928 -0.442176 0
    outer loop
      vertex 23.7153 31.45 11.1
      vertex 23.536 31.0863 13.1
      vertex 23.536 31.0863 11.1
    endloop
  endfacet
  facet normal 0.980789 -0.195073 0
    outer loop
      vertex 23.3265 30.3046 13.1
      vertex 23.4056 30.7023 11.1
      vertex 23.4056 30.7023 13.1
    endloop
  endfacet
  facet normal 0.980789 -0.195073 0
    outer loop
      vertex 23.4056 30.7023 11.1
      vertex 23.3265 30.3046 13.1
      vertex 23.3265 30.3046 11.1
    endloop
  endfacet
  facet normal 0.997862 -0.0653568 0
    outer loop
      vertex 23.3 29.9 13.1
      vertex 23.3265 30.3046 11.1
      vertex 23.3265 30.3046 13.1
    endloop
  endfacet
  facet normal 0.997862 -0.0653568 0
    outer loop
      vertex 23.3265 30.3046 11.1
      vertex 23.3 29.9 13.1
      vertex 23.3 29.9 11.1
    endloop
  endfacet
  facet normal 0.997862 0.0653568 0
    outer loop
      vertex 23.3265 29.4954 13.1
      vertex 23.3 29.9 11.1
      vertex 23.3 29.9 13.1
    endloop
  endfacet
  facet normal 0.997862 0.0653568 0
    outer loop
      vertex 23.3 29.9 11.1
      vertex 23.3265 29.4954 13.1
      vertex 23.3265 29.4954 11.1
    endloop
  endfacet
  facet normal 0.555553 -0.831481 0
    outer loop
      vertex 24.5128 32.3594 11.1
      vertex 24.85 32.5847 13.1
      vertex 24.5128 32.3594 13.1
    endloop
  endfacet
  facet normal 0.555553 -0.831481 0
    outer loop
      vertex 24.85 32.5847 13.1
      vertex 24.5128 32.3594 11.1
      vertex 24.85 32.5847 11.1
    endloop
  endfacet
  facet normal 0.659482 -0.751721 0
    outer loop
      vertex 24.208 32.092 11.1
      vertex 24.5128 32.3594 13.1
      vertex 24.208 32.092 13.1
    endloop
  endfacet
  facet normal 0.659482 -0.751721 0
    outer loop
      vertex 24.5128 32.3594 13.1
      vertex 24.208 32.092 11.1
      vertex 24.5128 32.3594 11.1
    endloop
  endfacet
  facet normal 0.321549 -0.946893 0
    outer loop
      vertex 25.2137 32.764 11.1
      vertex 25.5977 32.8944 13.1
      vertex 25.2137 32.764 13.1
    endloop
  endfacet
  facet normal 0.321549 -0.946893 0
    outer loop
      vertex 25.5977 32.8944 13.1
      vertex 25.2137 32.764 11.1
      vertex 25.5977 32.8944 11.1
    endloop
  endfacet
  facet normal -0.997862 0.0653568 0
    outer loop
      vertex 29.4735 29.4954 11.1
      vertex 29.5 29.9 13.1
      vertex 29.5 29.9 11.1
    endloop
  endfacet
  facet normal -0.997862 0.0653568 0
    outer loop
      vertex 29.5 29.9 13.1
      vertex 29.4735 29.4954 11.1
      vertex 29.4735 29.4954 13.1
    endloop
  endfacet
  facet normal -0.831481 0.555553 0
    outer loop
      vertex 28.8594 28.0128 11.1
      vertex 29.0847 28.35 13.1
      vertex 29.0847 28.35 11.1
    endloop
  endfacet
  facet normal -0.831481 0.555553 0
    outer loop
      vertex 29.0847 28.35 13.1
      vertex 28.8594 28.0128 11.1
      vertex 28.8594 28.0128 13.1
    endloop
  endfacet
  facet normal -0.980789 0.195073 0
    outer loop
      vertex 29.3944 29.0977 11.1
      vertex 29.4735 29.4954 13.1
      vertex 29.4735 29.4954 11.1
    endloop
  endfacet
  facet normal -0.980789 0.195073 0
    outer loop
      vertex 29.4735 29.4954 13.1
      vertex 29.3944 29.0977 11.1
      vertex 29.3944 29.0977 13.1
    endloop
  endfacet
  facet normal 0.555553 0.831481 -0
    outer loop
      vertex 24.85 27.2153 11.1
      vertex 24.5128 27.4406 13.1
      vertex 24.85 27.2153 13.1
    endloop
  endfacet
  facet normal 0.555553 0.831481 0
    outer loop
      vertex 24.5128 27.4406 13.1
      vertex 24.85 27.2153 11.1
      vertex 24.5128 27.4406 11.1
    endloop
  endfacet
  facet normal 0.831481 0.555553 0
    outer loop
      vertex 23.9406 28.0128 13.1
      vertex 23.7153 28.35 11.1
      vertex 23.7153 28.35 13.1
    endloop
  endfacet
  facet normal 0.831481 0.555553 0
    outer loop
      vertex 23.7153 28.35 11.1
      vertex 23.9406 28.0128 13.1
      vertex 23.9406 28.0128 11.1
    endloop
  endfacet
  facet normal 0.659482 0.751721 -0
    outer loop
      vertex 24.5128 27.4406 11.1
      vertex 24.208 27.708 13.1
      vertex 24.5128 27.4406 13.1
    endloop
  endfacet
  facet normal 0.659482 0.751721 0
    outer loop
      vertex 24.208 27.708 13.1
      vertex 24.5128 27.4406 11.1
      vertex 24.208 27.708 11.1
    endloop
  endfacet
  facet normal -0.555553 0.831481 0
    outer loop
      vertex 28.2872 27.4406 11.1
      vertex 27.95 27.2153 13.1
      vertex 28.2872 27.4406 13.1
    endloop
  endfacet
  facet normal -0.555553 0.831481 0
    outer loop
      vertex 27.95 27.2153 13.1
      vertex 28.2872 27.4406 11.1
      vertex 27.95 27.2153 11.1
    endloop
  endfacet
  facet normal -0.896928 0.442176 0
    outer loop
      vertex 29.0847 28.35 11.1
      vertex 29.264 28.7137 13.1
      vertex 29.264 28.7137 11.1
    endloop
  endfacet
  facet normal -0.896928 0.442176 0
    outer loop
      vertex 29.264 28.7137 13.1
      vertex 29.0847 28.35 11.1
      vertex 29.0847 28.35 13.1
    endloop
  endfacet
  facet normal 0.195073 0.980789 -0
    outer loop
      vertex 25.9954 26.8265 11.1
      vertex 25.5977 26.9056 13.1
      vertex 25.9954 26.8265 13.1
    endloop
  endfacet
  facet normal 0.195073 0.980789 0
    outer loop
      vertex 25.5977 26.9056 13.1
      vertex 25.9954 26.8265 11.1
      vertex 25.5977 26.9056 11.1
    endloop
  endfacet
  facet normal 0.946893 0.321549 0
    outer loop
      vertex 23.536 28.7137 13.1
      vertex 23.4056 29.0977 11.1
      vertex 23.4056 29.0977 13.1
    endloop
  endfacet
  facet normal 0.946893 0.321549 0
    outer loop
      vertex 23.4056 29.0977 11.1
      vertex 23.536 28.7137 13.1
      vertex 23.536 28.7137 11.1
    endloop
  endfacet
  facet normal 0.980789 0.195073 0
    outer loop
      vertex 23.4056 29.0977 13.1
      vertex 23.3265 29.4954 11.1
      vertex 23.3265 29.4954 13.1
    endloop
  endfacet
  facet normal 0.980789 0.195073 0
    outer loop
      vertex 23.3265 29.4954 11.1
      vertex 23.4056 29.0977 13.1
      vertex 23.4056 29.0977 11.1
    endloop
  endfacet
  facet normal 0.896928 0.442176 0
    outer loop
      vertex 23.7153 28.35 13.1
      vertex 23.536 28.7137 11.1
      vertex 23.536 28.7137 13.1
    endloop
  endfacet
  facet normal 0.896928 0.442176 0
    outer loop
      vertex 23.536 28.7137 11.1
      vertex 23.7153 28.35 13.1
      vertex 23.7153 28.35 11.1
    endloop
  endfacet
  facet normal -0.751721 0.659482 0
    outer loop
      vertex 28.592 27.708 11.1
      vertex 28.8594 28.0128 13.1
      vertex 28.8594 28.0128 11.1
    endloop
  endfacet
  facet normal -0.751721 0.659482 0
    outer loop
      vertex 28.8594 28.0128 13.1
      vertex 28.592 27.708 11.1
      vertex 28.592 27.708 13.1
    endloop
  endfacet
  facet normal -0.442176 0.896928 0
    outer loop
      vertex 27.95 27.2153 11.1
      vertex 27.5863 27.036 13.1
      vertex 27.95 27.2153 13.1
    endloop
  endfacet
  facet normal -0.442176 0.896928 0
    outer loop
      vertex 27.5863 27.036 13.1
      vertex 27.95 27.2153 11.1
      vertex 27.5863 27.036 11.1
    endloop
  endfacet
  facet normal -0.321549 0.946893 0
    outer loop
      vertex 27.5863 27.036 11.1
      vertex 27.2023 26.9056 13.1
      vertex 27.5863 27.036 13.1
    endloop
  endfacet
  facet normal -0.321549 0.946893 0
    outer loop
      vertex 27.2023 26.9056 13.1
      vertex 27.5863 27.036 11.1
      vertex 27.2023 26.9056 11.1
    endloop
  endfacet
  facet normal 0.0653568 0.997862 -0
    outer loop
      vertex 26.4 26.8 11.1
      vertex 25.9954 26.8265 13.1
      vertex 26.4 26.8 13.1
    endloop
  endfacet
  facet normal 0.0653568 0.997862 0
    outer loop
      vertex 25.9954 26.8265 13.1
      vertex 26.4 26.8 11.1
      vertex 25.9954 26.8265 11.1
    endloop
  endfacet
  facet normal 0.442176 0.896928 -0
    outer loop
      vertex 25.2137 27.036 11.1
      vertex 24.85 27.2153 13.1
      vertex 25.2137 27.036 13.1
    endloop
  endfacet
  facet normal 0.442176 0.896928 0
    outer loop
      vertex 24.85 27.2153 13.1
      vertex 25.2137 27.036 11.1
      vertex 24.85 27.2153 11.1
    endloop
  endfacet
  facet normal 0.751721 0.659482 0
    outer loop
      vertex 24.208 27.708 13.1
      vertex 23.9406 28.0128 11.1
      vertex 23.9406 28.0128 13.1
    endloop
  endfacet
  facet normal 0.751721 0.659482 0
    outer loop
      vertex 23.9406 28.0128 11.1
      vertex 24.208 27.708 13.1
      vertex 24.208 27.708 11.1
    endloop
  endfacet
  facet normal -0.659482 0.751721 0
    outer loop
      vertex 28.592 27.708 11.1
      vertex 28.2872 27.4406 13.1
      vertex 28.592 27.708 13.1
    endloop
  endfacet
  facet normal -0.659482 0.751721 0
    outer loop
      vertex 28.2872 27.4406 13.1
      vertex 28.592 27.708 11.1
      vertex 28.2872 27.4406 11.1
    endloop
  endfacet
  facet normal 0.321549 0.946893 -0
    outer loop
      vertex 25.5977 26.9056 11.1
      vertex 25.2137 27.036 13.1
      vertex 25.5977 26.9056 13.1
    endloop
  endfacet
  facet normal 0.321549 0.946893 0
    outer loop
      vertex 25.2137 27.036 13.1
      vertex 25.5977 26.9056 11.1
      vertex 25.2137 27.036 11.1
    endloop
  endfacet
endsolid OpenSCAD_Model
